"7_Studios_5645.html_0.csv","VideoGame","http://dbpedia.org/ontology/VideoGame"
"13th_Lok_Sabha_2973.html_3.csv","OfficeHolder","http://dbpedia.org/ontology/OfficeHolder"
"14th_Lok_Sabha_994e.html_14.csv","PoliticalParty","http://dbpedia.org/ontology/PoliticalParty"
"Aeropuertos_y_Servicios_Auxiliares_a1ee.html_0.csv","Airport","http://dbpedia.org/ontology/Airport"
"Alphabetical_list_of_municipalities_and_communities_in_Greece_8069.html_5.csv","AdministrativeRegion","http://dbpedia.org/ontology/AdministrativeRegion"
"Atlanta_Hawks_3a1a.html_0.csv","BasketballPlayer","http://dbpedia.org/ontology/BasketballPlayer"
"Aviation_in_Singapore_b8f5.html_0.csv","Country","http://dbpedia.org/ontology/Country"
"Belgian_Ebony_Shoe_b217.html_0.csv","SoccerPlayer","http://dbpedia.org/ontology/SoccerPlayer"
"Beresford_County,_New_South_Wales_9641.html_0.csv","Region","http://dbpedia.org/ontology/Region"
"Best_of_Eurovision_be62.html_0.csv","MusicalArtist","http://dbpedia.org/ontology/MusicalArtist"
"Bishop_of_Tonbridge_e12a.html_0.csv","ChristianBishop","http://dbpedia.org/ontology/ChristianBishop"
"Brisbane_Broncos_2007_f85a.html_3.csv","RugbyPlayer","http://dbpedia.org/ontology/RugbyPlayer"
"Canadian_veteran_licence_plates.html_0.csv","PopulatedPlace","http://dbpedia.org/ontology/PopulatedPlace"
"Canton_of_Le_Catelet_05f6.html_0.csv","PopulatedPlace","http://dbpedia.org/ontology/PopulatedPlace"
"Canton_of_Marquion_e508.html_0.csv","PopulatedPlace","http://dbpedia.org/ontology/PopulatedPlace"
"Carrera_Panamericana_4c5a.html_0.csv","RacingDriver","http://dbpedia.org/ontology/RacingDriver"
"Central_Greece_9697.html_1.csv","Lake","http://dbpedia.org/ontology/Lake"
"Central_Highlands_Province_f6e0.html_0.csv","Politician","http://dbpedia.org/ontology/Politician"
"Chicago_Cubs_team_records_b45c.html_12.csv","BaseballPlayer","http://dbpedia.org/ontology/BaseballPlayer"
"Chief_Minister_of_the_Northern_Territory_be79.html_0.csv","Office Holder","http://dbpedia.org/ontology/OfficeHolder"
"Chinese_swords.html_0.csv","weapon","http://dbpedia.org/ontology/Weapon"
"Chris_Alajajian_2b21.html_1.csv","place","http://dbpedia.org/ontology/Place"
"CMX_discography_7efa.html_0.csv","album","http://dbpedia.org/ontology/Album"
"Comarques_of_Catalonia_a70c.html_1.csv","PopulatedPlace","http://dbpedia.org/ontology/PopulatedPlace"
"Commedia_all'italiana.html_0.csv","Film","http://dbpedia.org/ontology/Film"
"Communes_of_the_Essonne_department_7d4a.html_1.csv","PopulatedPlace","http://dbpedia.org/ontology/PopulatedPlace"
"Communes_of_the_Var_department_e37f.html_1.csv","PopulatedPlace","http://dbpedia.org/ontology/PopulatedPlace"
"Comuni_of_the_Province_of_Naples_92ce.html_0.csv","PopulatedPlace","http://dbpedia.org/ontology/PopulatedPlace"
"County_of_Nares,_Queensland_eccc.html_0.csv","PopulatedPlace","http://dbpedia.org/ontology/PopulatedPlace"
"County_statistics_of_the_United_States_66c4.html_4.csv","Region","http://dbpedia.org/ontology/Region"
"Danish_Superliga_1995-96_829e.html_1.csv","SoccerPlayer","http://dbpedia.org/ontology/SoccerPlayer"
"Danny_DeVito_filmography_9079.html_0.csv","Film","http://dbpedia.org/ontology/Film"
"Demographics_of_the_Swiss_Federal_Council_130f.html_6.csv","OfficeHolder","http://dbpedia.org/ontology/OfficeHolder"
"Diet_Pepsi_NFL_Rookie_of_the_Week_1657.html_1.csv","AmericanFootballPlayer","http://dbpedia.org/ontology/AmericanFootballPlayer"
"Division_I_94db.html_0.csv","Organisation","http://dbpedia.org/ontology/Organisation"
"Eddie_Robinson_Coach_of_the_Year_cc5c.html_0.csv","CollegeCoach","http://dbpedia.org/ontology/CollegeCoach"
"El_Paso,_Texas_243a.html_3.csv","SportsTeam","http://dbpedia.org/ontology/SportsTeam"
"Electoral_district_of_Newland_39c6.html_0.csv","Politician","http://dbpedia.org/ontology/Politician"
"ESPN_NFL_2K_966d.html_0.csv","VideoGame","http://dbpedia.org/ontology/VideoGame"
"Estonia.html_2.csv","Country","http://dbpedia.org/ontology/Country"
"EuroBasket_2007_squads_8fed.html_13.csv","BasketballPlayer","http://dbpedia.org/ontology/BasketballPlayer"
"Fast_bowling.html_1.csv","Cricketer","http://dbpedia.org/ontology/Cricketer"
"FIFA_100_44ce.html_7.csv","SoccerPlayer","http://dbpedia.org/ontology/SoccerPlayer"
"Fifth_dynasty_of_Egypt_687d.html_0.csv","Person","http://dbpedia.org/ontology/Person"
"file398415_0_cols1_rows58.csv","Place","http://dbpedia.org/ontology/Place"
"file404761_0_cols1_rows11.csv","Place","http://dbpedia.org/ontology/Place"
"file405599_0_cols1_rows23.csv","Book","http://dbpedia.org/ontology/Book"
"file440470_0_cols1_rows26.csv","University","http://dbpedia.org/ontology/University"
"file526591_0_cols1_rows20.csv","Organisation","http://dbpedia.org/ontology/Organisation"
"Final_24.html_0.csv","Person","http://dbpedia.org/ontology/Person"
"Fixed_dose_combination_(antiretroviral).html_0.csv","Drug","http://dbpedia.org/ontology/Drug"
"Former_municipalities_of_Norway_c4a3.html_8.csv","PopulatedPlace","http://dbpedia.org/ontology/PopulatedPlace"
"Former_Southern_Conference_members_0958.html_0.csv","University","http://dbpedia.org/ontology/University"
"Generation_Adidas_28bc.html_4.csv","SoccerPlayer","http://dbpedia.org/ontology/SoccerPlayer"
"Gowen_County,_New_South_Wales_ef76.html_0.csv","PopulatedPlace","http://dbpedia.org/ontology/PopulatedPlace"
"Highest-income_counties_in_the_United_States_631d.html_2.csv","AdministrativeRegion","http://dbpedia.org/ontology/AdministrativeRegion"
"Hladno_pivo.html_0.csv","album","http://dbpedia.org/ontology/Album"
"House_(TV_series)_e301.html_0.csv","Fictional Character","http://dbpedia.org/ontology/FictionalCharacter"
"Houston_Texans_draft_history_2b62.html_6.csv","AmericanFootballPlayer","http://dbpedia.org/ontology/AmericanFootballPlayer"
"Iowa.html_4.csv","City","http://dbpedia.org/ontology/City"
"Italian_Canadians_93aa.html_0.csv","PopulatedPlace","http://dbpedia.org/ontology/PopulatedPlace"
"Jeff_Tweedy_ce20.html_1.csv","album","http://dbpedia.org/ontology/Album"
"Juventus_F.C._statistics_and_records_26e0.html_0.csv","SoccerPlayer","http://dbpedia.org/ontology/SoccerPlayer"
"Lee_County,_Florida_fdc0.html_0.csv","SportsTeam","http://dbpedia.org/ontology/SportsTeam"
"List_of_African_countries_by_GDP_per_capita_b8bb.html_0.csv","Country","http://dbpedia.org/ontology/Country"
"List_of_airports_in_the_United_Kingdom_16d1.html_1.csv","PopulatedPlace","http://dbpedia.org/ontology/PopulatedPlace"
"List_of_Athabasca_University_people_bac1.html_0.csv","Person","http://dbpedia.org/ontology/Person"
"List_of_Australian_game_shows_0fc4.html_1.csv","TelevisionShow","http://dbpedia.org/ontology/TelevisionShow"
"List_of_Australian_Prime_Ministers_by_time_in_office_1a2f.html_0.csv","PrimeMinister","http://dbpedia.org/ontology/PrimeMinister"
"List_of_Avengers_members_8400.html_11.csv","ComicsCharacter","http://dbpedia.org/ontology/ComicsCharacter"
"List_of_birds_of_Thailand_4230.html_47.csv","Bird","http://dbpedia.org/ontology/Bird"
"List_of_Canadian_airports_by_location_indicator~_CJ_27f2.html_0.csv","Airport","http://dbpedia.org/ontology/Airport"
"List_of_Canadian_airports_by_location_indicator~_CV_5365.html_0.csv","Airport","http://dbpedia.org/ontology/Airport"
"List_of_cast_members_of_The_Simpsons_878d.html_2.csv","Actor","http://dbpedia.org/ontology/Actor"
"List_of_Catalan_language_television_channels_169d.html_14.csv","TelevisionStation","http://dbpedia.org/ontology/TelevisionStation"
"List_of_champagne_producers.html_0.csv","Company","http://dbpedia.org/ontology/Company"
"List_of_cities_in_Norway_c220.html_0.csv","City","http://dbpedia.org/ontology/City"
"List_of_Disney_theatrical_animated_features_b17e.html_0.csv","Film","http://dbpedia.org/ontology/Film"
"List_of_Doctor_Who_serials_d22a.html_4.csv","TelevisionEpisode","http://dbpedia.org/ontology/TelevisionEpisode"
"List_of_expressways_and_highways_in_Malaysia_fd41.html_2.csv","Road","http://dbpedia.org/ontology/Road"
"List_of_Finnish_composers_0e0c.html_1.csv","Artist","http://dbpedia.org/ontology/Artist"
"List_of_foreign_ministers_in_1990.html_2.csv","Country","http://dbpedia.org/ontology/Country"
"List_of_game_show_hosts.html_4.csv","Person","http://dbpedia.org/ontology/Person"
"List_of_Governors_of_Kansas_38ec.html_3.csv","OfficeHolder","http://dbpedia.org/ontology/OfficeHolder"
"List_of_Governors_of_Louisiana_70f6.html_7.csv","OfficeHolder","http://dbpedia.org/ontology/OfficeHolder"
"List_of_high_schools_in_Indiana_c5c1.html_3.csv","School","http://dbpedia.org/ontology/School"
"List_of_high_schools_in_Indiana_c5c1.html_31.csv","School","http://dbpedia.org/ontology/School"
"List_of_ice_hockey_teams_in_Quebec_09ec.html_10.csv","HockeyTeam","http://dbpedia.org/ontology/HockeyTeam"
"List_of_Kappa_Alpha_Psi_brothers_18d0.html_10.csv","Athlete","http://dbpedia.org/ontology/Athlete"
"List_of_Members_of_the_European_Parliament_2004-2009_541b.html_13.csv","OfficeHolder","http://dbpedia.org/ontology/OfficeHolder"
"List_of_metropolitan_areas_in_Taiwan_f4ef.html_0.csv","Region","http://dbpedia.org/ontology/Region"
"List_of_minimum_wages_in_Canada_9ce7.html_0.csv","Region","http>://dbpedia.org/ontology/Region"
"List_of_Nintendo_GameCube_games_37a3.html_11.csv","VideoGame","http://dbpedia.org/ontology/VideoGame"
"List_of_number-one_singles_in_Australia_during_the_1980s_cf98.html_8.csv","Single","http://dbpedia.org/ontology/Single"
"List_of_peaks_named_Bear_Mountain_0474.html_0.csv","Mountain","http://dbpedia.org/ontology/Mountain"
"List_of_people_from_Savannah,_Georgia_da72.html_0.csv","Person","http://dbpedia.org/ontology/Person"
"List_of_people_with_epilepsy.html_11.csv","Person","http://dbpedia.org/ontology/Person"
"List_of_Philippine_provinces_by_population_9d11.html_0.csv","PopulatedPlace","http://dbpedia.org/ontology/PopulatedPlace"
"List_of_poliomyelitis_survivors.html_9.csv","Writer","http://dbpedia.org/ontology/Writer"
"List_of_Presidents_of_the_French_Republic_0bfc.html_0.csv","OfficeHolder","http://dbpedia.org/ontology/OfficeHolder"
"List_of_Puerto_Rican_Academy_Award_winners_and_nominees_c63a.html_0.csv","Film","http://dbpedia.org/ontology/Film"
"List_of_Puisne_Justices_of_the_Supreme_Court_of_Canada_4ebb.html_0.csv","OfficeHolder","http://dbpedia.org/ontology/OfficeHolder"
"List_of_rivers_of_the_United_Kingdom_1a51.html_0.csv","River","http://dbpedia.org/ontology/River"
"List_of_Seinfeld_minor_characters_0df6.html_5.csv","Actor","http://dbpedia.org/ontology/Actor"
"List_of_settlements_in_Hertfordshire_by_population_65f9.html_0.csv","Settlement","http://dbpedia.org/ontology/Settlement"
"List_of_Shopping_Centres_in_Australia_by_size_c80f.html_0.csv","ShoppingMall","http://dbpedia.org/ontology/ShoppingMall"
"List_of_Star_Trek_characters_4bf8.html_1.csv","FictionalCharacter","http://dbpedia.org/ontology/FictionalCharacter"
"List_of_Star_Trek_characters_4bf8.html_6.csv","FictionalCharacter","http://dbpedia.org/ontology/FictionalCharacter"
"List_of_Test_cricket_grounds_ad94.html_9.csv","Country","http://dbpedia.org/ontology/Country"
"List_of_The_Daily_Show_guests_(1998)_c8e2.html_0.csv","Person","http://dbpedia.org/ontology/Person"
"List_of_The_Daily_Show_guests_(2006)_270c.html_11.csv","Person","http://dbpedia.org/ontology/Person"
"List_of_trolleybus_systems_in_the_United_Kingdom_e871.html_8.csv","PopulatedPlace","http://dbpedia.org/ontology/PopulatedPlace"
"List_of_victims_of_Nazism_be15.html_5.csv","Scientist","http://dbpedia.org/ontology/Scientist"
"Longitude_prize.html_0.csv","Scientist","http://dbpedia.org/ontology/Scientist"
"Miami_Heat_all-time_roster_6676.html_1.csv","BasketballPlayer","http://dbpedia.org/ontology/BasketballPlayer"
"Michael_Tuck_Medal_ce06.html_0.csv","AustralianRulesFootballPlayer","http://dbpedia.org/ontology/AustralianRulesFootballPlayer"
"Ministry_for_the_Environment_(New_Zealand)_8425.html_0.csv","MemberOfParliament","http://dbpedia.org/ontology/MemberOfParliament"
"Moorish_Revival_2c45.html_0.csv","City","http://dbpedia.org/ontology/City"
"Municipality_numbers_of_Norway_c032.html_14.csv","Region","http://dbpedia.org/ontology/Region"
"N_(Poland)_5014.html_2.csv","TelevisionStation","http://dbpedia.org/ontology/TelevisionStation"
"Nashville,_Tennessee_0fa5.html_2.csv","SportsTeam","http://dbpedia.org/ontology/SportsTeam"
"Norm_Smith_Medal_7f49.html_0.csv","AustralianRulesFootballPlayer","http://dbpedia.org/ontology/AustralianRulesFootballPlayer"
"North_Cascades_720f.html_1.csv","Mountain","http://dbpedia.org/ontology/Mountain"
"Orlando_Magic_all-time_roster_a0ec.html_2.csv","BasketballPlayer","http://dbpedia.org/ontology/BasketballPlayer"
"Padma_Bhushan_89ce.html_5.csv","Person","http://dbpedia.org/org/ontology/Person"
"Panasonic_Open_12e3.html_7.csv","Person","http://dbpedia.org/org/ontology/Person"
"Portal~Government_of_India_Selected_lists_January,_2007_ca64.html_0.csv","PoliticalParty","http://dbpedia.org/ontology/PoliticalParty"
"Praetorian_prefect.html_1.csv","Person","http://dbpedia.org/ontology/Person"
"Prime_Minister_of_Lithuania_77b7.html_0.csv","PrimeMinister","http:/dbpedia.org/ontology/PrimeMinister"
"Prime_Minister_of_Serbia_and_Montenegro_49ee.html_0.csv","PrimeMinister","http:/dbpedia.org/ontology/PrimeMinister"
"Progressive_Conservative_Party_of_Manitoba_fc22.html_0.csv","OfficeHolder","http://dbpedia.org/ontology/OfficeHolder"
"Providence_County,_Rhode_Island_schools_9f43.html_1.csv","School","http://dbpedia.org/ontology/School"
"Raymond_Kurzweil_cb80.html_0.csv","University","http://dbpedia.org/ontology/University"
"Reel_Fishing_41d8.html_0.csv","VideoGame","http://dbpedia.org/ontology/VideoGame"
"Religious_rejection_of_politics.html_0.csv","Thing","http://dbpedia.org/ontology/Thing"
"Republican_Conference_Chairman_of_the_United_States_Senate_7b0c.html_0.csv","Senator","http://dbpedia.org/ontology/Senator"
"Rookie_Challenge_4618.html_0.csv","BasketballPlayer","http://dbpedia.org/ontology/BasketballPlayer"
"Rum_Patrol_00dd.html_0.csv","Ship","http://dbpedia.org/ontology/Ship"
"San_Jose,_California_e18c.html_1.csv","SportsTeam","http://dbpedia.org/ontology/SportsTeam"
"Saracens_F.C._e62c.html_1.csv","RugbyPlayer","http://dbpedia.org/ontology/RugbyPlayer"
"Saturn_Award_for_Best_Actress_on_Television_93d9.html_0.csv","Actor","http://dbpedia.org/ontology/Actor"
"Schmeisser_Award_5609.html_1.csv","University","http://dbpedia.org/ontology/University"
"Selwyn_County,_New_South_Wales_a9b2.html_0.csv","PopulatedPlace","http://dbpedia.org/ontology/PopulatedPlace"
"Shooting_at_the_2006_Asian_Games_b90e.html_15.csv","Country","http://dbpedia.org/ontology/Country"
"SK_Brann_2007_a99d.html_5.csv","SoccerPlayer","http://dbpedia.org/ontology/SoccerPlayer"
"Southern_Connecticut_Conference_7bce.html_1.csv","School","http://dbpedia.org/ontology/School"
"Southwest_Division_(NBA)_a04f.html_0.csv","BasketballTeam","http://dbpedia.org/ontology/BasketballTeam"
"Space_Shuttle_Atlantis_0a51.html_0.csv","Satellite","http://dbpedia.org/ontology/Satellite"
"Space_Shuttle_Columbia_ffaa.html_0.csv","Satellite","http://dbpedia.org/ontology/Satellite"
"Star_Screen_Award_for_Best_Supporting_Actress_4a19.html_0.csv","Actor","http://dbpedia.org/ontology/Actor"
"State_of_the_Union_(film)_2b85.html_0.csv","Actor","http://dbpedia.org/ontology/Actor"
"Sten_Stensen_2a1f.html_1.csv","Venue","http://dbpedia.org/ontology/Venue"
"Sydney_Airport_05b8.html_1.csv","City","http://dbpedia.org/ontology/City"
"Tennis_statistics.html_5.csv","TennisPlayer","http://dbpedia.org/ontology/TennisPlayer"
"The_Get_Up_Kids_b93f.html_0.csv","Album","http://dbpedia.org/ontology/Album"
"UEFA_Euro_1996_squads_be67.html_2.csv","SoccerPlayer","http://dbpedia.org/ontology/SoccerPlayer"
"UEFA_Euro_2004_squads_d586.html_7.csv","SoccerPlayer","http://dbpedia.org/ontology/SoccerPlayer"
"United_States_House_of_Representatives_elections,_1904_5307.html_1.csv","PopulatedPlace","http://dbpedia.org/ontology/PopulatedPlace"
"United_States_House_of_Representatives_elections,_1910_d7d7.html_1.csv","PopulatedPlace","http://dbpedia.org/ontology/PopulatedPlace"
"United_States_House_of_Representatives_elections,_1956_d204.html_1.csv","PopulatedPlace","http://dbpedia.org/ontology/PopulatedPlace"
"United_States_House_of_Representatives_elections,_1994_4425.html_30.csv","PopulatedPlace","http://dbpedia.org/ontology/PopulatedPlace"
"United_States_House_of_Representatives_elections,_1994_4425.html_42.csv","PopulatedPlace","http://dbpedia.org/ontology/PopulatedPlace"
"United_States_House_of_Representatives_elections,_2000_ddc3.html_2.csv","PopulatedPlace","http://dbpedia.org/ontology/PopulatedPlace"
"United_States_House_of_Representatives_elections,_2002_02b9.html_4.csv","PopulatedPlace","http://dbpedia.org/ontology/PopulatedPlace"
"United_States_House_of_Representatives_elections,_2006_-_complete_list_c80b.html_1.csv","PopulatedPlace","http://dbpedia.org/ontology/PopulatedPlace"
"United_States_House_of_Representatives_elections,_2008_-_complete_list_f1be.html_44.csv","PoliticalParty","http://dbpedia.org/ontology/PoliticalParty"
"United_States_Senate_elections,_2008_9587.html_1.csv","Senator","http://dbpedia.org/ontology/Senator"
"United_States_Senate_elections,_2010_535c.html_0.csv","Senator","http://dbpedia.org/ontology/Senator"
"Vehicle_registration_plates_of_Macedonia_8570.html_1.csv","PopulatedPlace","http://dbpedia.org/ontology/PopulatedPlace"
"Vernon_County,_New_South_Wales_dedd.html_0.csv","PopulatedPlace","http://dbpedia.org/ontology/PopulatedPlace"
"Wasseramt.html_0.csv","PopulatedPlace","http://dbpedia.org/ontology/PopulatedPlace"
"Wisconsin_Intercollegiate_Athletic_Conference_a2ff.html_0.csv","University","http://dbpedia.org/ontology/University"
"Wisden_100.html_0.csv","Cricketer","http://dbpedia.org/ontology/Cricketer"
"Wisden_100.html_3.csv","Cricketer","http://dbpedia.org/ontology/Cricketer"
"WNBA_Expansion_Draft_History_0a5f.html_4.csv","BasketballPlayer","http://dbpedia.org/ontology/BasketballPlayer"
"X_the_album.html_2.csv","Song","http://dbpedia.org/ontology/Song"
"X_the_album.html_11.csv","Song","http://dbpedia.org/ontology/Song"
"Zee_Cine_Award_for_Best_Actor_-_Male_2c86.html_0.csv","Film","http://dbpedia.org/ontology/Film"