"Constituency","Name","Party"
"Bagaha","Mahendra Baitha","Janata Dal (United)"
"Bettiah","Dr. Madan Prasad Jaiswal","Bharatiya Janata Party"
"Motihari","Radha Mohan Singh","Bharatiya Janata Party"
"Gopalganj","Raghunath Jha","Janata Dal (United)"
"Siwan","Mohammad Shahabuddin","Rashtriya Janata Dal"
"Maharajganj","Prabhunath Singh","Janata Dal (United)"
"Chapra","Rajiv Pratap Rudi","Bharatiya Janata Party"
"Hajipur","Ram Vilas Paswan","Janata Dal (United)"
"Vaishali","Raghubansh Prasad Singh","Rashtriya Janata Dal"
"Muzaffarpur","Captain Jai Narayan Prasad Nishad","Janata Dal (United)"
"Sitamarhi","Nawal Kishore Rai","Janata Dal (United)"
"Sheohar","Md. Anwarul Haque","Rashtriya Janata Dal"
"Madhubani","Hukumdeo Narayan Yadav","Bharatiya Janata Party"
"Jhanjharpur","Devendra Prasad Yadav","Janata Dal (United)"
"Darbhanga","Kirti Azad","Bharatiya Janata Party"
"Rosera","Ram Chandra Paswan","Janata Dal (United)"
"Samastipur","Manjay Lal","Janata Dal (United)"
"Barh","Nitish Kumar","Janata Dal (United)"
"Balia","Ramjivan Singh","Janata Dal (United)"
"Saharsa","Dinesh Chandra Yadav","Janata Dal (United)"
"Madhepura","Sharad Yadav","Janata Dal (United)"
"Araria","Sukdeo Paswan","Rashtriya Janata Dal"
"Kishanganj","Syed Shahnawaz Hussain","Bharatiya Janata Party"
"Purnea","Rajesh Ranjan","Independent"
"Katihar","Nikhil Kumar Choudhary","Bharatiya Janata Party"
"Rajmahal","Thomas Hansda","Indian National Congress"
"Dumka","Babulal Marandi","Bharatiya Janata Party"
"Godda","Jagdambi Prasad Yadav","Bharatiya Janata Party"
"Banka","Digvijay Singh","Janata Dal (United)"
"Bhagalpur","Subodh Ray","Communist Party of India (Marxist)"
"Khagaria","Renu Kumari","Janata Dal (United)"
"Monghyr","Brahma Nand Mandal","Janata Dal (United)"
"Begusarai","Rajo Singh","Indian National Congress"
"Nalanda","George Fernandes","Janata Dal (United)"
"Patna","C P Thakur","Bharatiya Janata Party"
"Arrah","Ram Prasad Singh","Rashtriya Janata Dal"
"Buxar","Lalmuni Chaubey","Bharatiya Janata Party"
"Sasaram","Muni Lall","Bharatiya Janata Party"
"Bikramganj","Kanti Singh","Rashtriya Janata Dal"
"Aurangabad","Shyama Singh","Indian National Congress"
"Jahanabad","Arun Kumar","Janata Dal (United)"
"Nawada","Sanjay Paswan","Bharatiya Janata Party"
"Gaya","Ramji Manjhi","Bharatiya Janata Party"
"Chatra","Nagmani","Rashtriya Janata Dal"
"Kodaram","Tilakdhari Singh","Indian National Congress"
"Giridh","Ravindra Kumar Pandey","Bharatiya Janata Party"
"Dhanbad","Rita Verma","Bharatiya Janata Party"
"Hazaribagh","Yashwant Sinha","Bharatiya Janata Party"
"Ranchi","Ram Tahal Choudhary","Bharatiya Janata Party"
"Jamshedpur","Abha Mahato","Bharatiya Janata Party"
"Singbhum","Laxman Gilua","Bharatiya Janata Party"
"Khunti","Kariya Munda","Bharatiya Janata Party"
"Lohardagav","Dukha Bhagat","Bharatiya Janata Party"
"Palamau","Braj Mohan Ram","Bharatiya Janata Party"
