"S.No.","Party Name","Party flag","Number of MPs"
"1","Indian National Congress","","141"
"2","Bharatiya Janata Party","","137"
"3","Communist Party of India (Marxist)","","42"
"4","Samajwadi Party","","36"
"5","Rashtriya Janata Dal","","24"
"6","Bahujan Samaj Party","","17"
"7","Dravida Munnetra Kazhagam","","16"
"8","Shiv Sena","","12"
"9","Biju Janata Dal","","11"
"10","Nationalist Congress Party","","11"
"11","Communist Party of India","","10"
"12","Shiromani Akali Dal","","8"
"13","Independent (Ind.)","","6"
"14","Pattali Makkal Katchi","","6"
"15","Jharkhand Mukti Morcha","","5"
"16","Telugu Desam Party","","5"
"17","Telangana Rashtra Samithi","","5"
"18","Lok Jan Shakti Party","","4"
"19","Marumalarchi Dravida Munnetra Kazhagam","","4"
"20","All India Forward Bloc","","3"
"21","Janata Dal (Secular)","","3"
"22","Rashtriya Lok Dal","","3"
"23","Revolutionary Socialist Party (India)","","3"
"24","Telangana Rashtra Samithi","","3"
"25","Asom Gana Parishad","","2"
"26","Jammu and Kashmir National Conference","","2"
"27","Kerala Congress","","2"
"28","All India Majlis-e-Ittehadul Muslimeen","","1"
"29","All India Trinamool Congress","","1"
"30","Bharatiya Navshakti Party","","1"
"31","Jammu &amp; Kashmir Peoples Democratic Party","","1"
"32","Mizo National Front","","1"
"33","Muslim League Kerala State Committee","","1"
"34","Nagaland Peoples Front","","1"
"35","National Loktantrik Party","","1"
"36","Republican Party of India","","1"
"37","Sikkim Democratic Front","","1"
