"Year","Title","Genres","Platforms","Publisher"
"2002","Legion: Legend of Excalibur","Action","PS2","Midway Games"
"2002","Defender","Shooter","PS2 , XBOX , GameCube","Midway Games"
"2003","Charlie's Angels: Angel X","Action","PC","Sony Online Entertainment"
"2005","Fantastic Four","Action","PS2 , XBOX , GameCube","Activision"
"2006","Pirates of the Caribbean: The Legend of Jack Sparrow","Action","PS2 , PC","Bethesda Softworks"
"2006","The Sopranos: Road to Respect","Action","PS2","THQ"
"2007","Shrek the Third","Action","XBOX 360 , PC","Activision"
"2007","Fantastic Four: Rise of the Silver Surfer","Action","Wii , PS2 , DS","2K Games"
"2007","Napoleon Dynamite: The Game","Action","PSP , DS","Crave Entertainment"
"2008","George of the Jungle and the Search for the Secret","Action/Platformer","DS","Crave Entertainment"
