"Airport","City","State","ICAO","IATA"
"Ing. Alberto Acu&ntilde;a Ongay International Airport","Campeche","Campeche","MMCP","CPE"
"Chetumal International Airport","Chetumal","Quintana Roo","MMCM","CTM"
"Ciudad del Carmen International Airport","Ciudad del Carmen","Campeche","MMCE","CME"
"Ciudad Obreg&oacute;n International Airport","Ciudad Obreg&oacute;n","Sonora","MMCN","CEN"
"General Pedro J. M&eacute;ndez International Airport","Ciudad Victoria","Tamaulipas","MMCV","CVM"
"Lic. Miguel de la Madrid Airport","Colima","Colima","MMIA","CLQ"
"General Jos&eacute; Mar&iacute;a Y&aacute;&ntilde;ez International Airport","Guaymas","Sonora","MMGM","GYM"
"Loreto International Airport","Loreto","Baja California Sur","MMLT","LTO"
"General Servando Canales International Airport","Matamoros","Tamaulipas","MMMA","MAM"
"Nogales International Airport","Nogales","Sonora","MMNG","NOG"
"Quetzalc&oacute;atl International Airport","Nuevo Laredo","Tamaulipas","MMNL","NLD"
"Palenque International Airport","Palenque","Chiapas","MMPQ","PQM"
"El Taj&iacute;n National Airport","Poza Rica","Veracruz","MMPA","PAZ"
"Hermanos Serd&aacute;n International Airport","Puebla","Puebla","MMPB","PBC"
"Puerto Escondido International Airport","Puerto Escondido","Oaxaca","MMPS","PXM"
"Tamu&iacute;n National Airport","Tamu&iacute;n","San Luis Potos&iacute;","MMTN","TSL"
"Tehuac&aacute;n Airport","Tehuac&aacute;n","Puebla","MMHC","TCN"
"Amado Nervo International Airport","Tepic","Nayarit","MMEP","TPQ"
"Lic. y Gen. Ignacio L&oacute;pez Ray&oacute;n International Airport","Uruapan","Michoac&aacute;n","MMPN","UPN"
