"Name","Greek name","Prefecture","Alternative names"
"Galatsi","&Gamma;&alpha;&lambda;?&tau;&sigma;&iota;","Athens","Galatsion"
"Galaxidi","&Gamma;&alpha;&lambda;&alpha;&xi;?&delta;&iota;","Phocis",""
"Gallikos","","Kilkis",""
"Gargalianoi","&Gamma;&alpha;&rho;&gamma;&alpha;&lambda;&iota;?&nu;&omicron;&iota;","Messenia",""
"Gastouni","&Gamma;&alpha;&sigma;&tau;&omicron;?&nu;&eta;","Elis",""
"Gavdos","&Gamma;&alpha;?&delta;&omicron;&sigmaf;","Chania","Gavda"
"Gazi","&Gamma;?&zeta;&iota;","Heraklion",""
"Georgios Kara&iuml;skakis","","Arta",""
"Georgioupoli","","Chania",""
"Gera","","Lesbos","Yera"
"Gerakas","&Gamma;?&rho;&alpha;&kappa;&alpha;&sigmaf;","East Attica",""
"Geronthres","","Laconia",""
"Geropotamos","","Rethymno",""
"Giannitsa","&Gamma;&iota;&alpha;&nu;&nu;&iota;&tau;&sigma;?","Pella","Yenice-Vardar"
"Giannouli","","Larissa",""
"Glyfada","&Gamma;&lambda;&upsilon;&phi;?&delta;&alpha;","Athens",""
"Glyka Nera","","East Attica",""
"Gomfoi","","Trikala",""
"Gonnoi","&Gamma;?&nu;&nu;&omicron;&iota;","Larissa",""
"Gorgiani","","Grevena",""
"Gorgolainis","","Heraklion",""
"Gorgopotamos","&Gamma;&omicron;&rho;&gamma;&omicron;&pi;?&tau;&alpha;&mu;&omicron;&sigmaf;","Phthiotis",""
"Gortyna","&Gamma;&omicron;&rho;&tau;&upsilon;&nu;?&alpha;","Arcadia",""
"Gortyna","&Gamma;?&rho;&tau;&upsilon;&nu;&omicron;&sigmaf;","Heraklion",""
"Goumenissa","","Kilkis",""
"Gouves","&Gamma;&omicron;?&beta;&epsilon;&sigmaf;","Heraklion",""
"Grammatiko","&Gamma;&rho;&alpha;&mu;&mu;&alpha;&tau;&iota;&kappa;?","East Attica",""
"Gramos","","Kastoria",""
"Gravia","&Gamma;&rho;&alpha;&beta;&iota;?","Phocis",""
"Grevena","&Gamma;&rho;&epsilon;&beta;&epsilon;&nu;?","Grevena","Greben, Girebena"
"Gytheio","&Gamma;?&theta;&epsilon;&iota;&omicron;","Laconia",""
"Goudi","&Gamma;&omicron;&upsilon;&delta;?","Athens",""
