"Pos.","#","Name","Height","Weight","DOB (YYYY&ndash;MM&ndash;DD)","From"
"F/C","6","Antic, Pero","6 ft 11 in (2.11 m)","260 lb (118 kg)","1982-07-29","Macedonia"
"F/C","14","Ay&oacute;n, Gustavo","6 ft 10 in (2.08 m)","250 lb (113 kg)","1985-04-01","UPAEP (MEX)"
"F/C","42","Brand, Elton","6 ft 9 in (2.06 m)","254 lb (115 kg)","1979-03-11","Duke"
"F","5","Carroll, DeMarre","6 ft 8 in (2.03 m)","212 lb (96 kg)","1986-07-27","Missouri"
"F/C","15","Horford, Al","6 ft 10 in (2.08 m)","250 lb (113 kg)","1986-06-03","Florida"
"G","12","Jenkins, John","6 ft 4 in (1.93 m)","215 lb (98 kg)","1991-03-06","Vanderbilt"
"G/F","26","Korver, Kyle","6 ft 7 in (2.01 m)","212 lb (96 kg)","1981-03-17","Creighton"
"G","8","Mack, Shelvin","6 ft 3 in (1.91 m)","207 lb (94 kg)","1990-04-22","Butler"
"G/F","20","Martin, Cartier","6 ft 7 in (2.01 m)","220 lb (100 kg)","1984-11-20","Kansas State"
"F","4","Millsap, Paul","6 ft 8 in (2.03 m)","253 lb (115 kg)","1985-02-10","Louisiana Tech"
"F/C","31","Muscala, Mike","6 ft 11 in (2.11 m)","239 lb (108 kg)","1991-07-01","Bucknell"
"G","17","Schr&ouml;der, Dennis","6 ft 1 in (1.85 m)","168 lb (76 kg)","1993-09-15","Germany"
"F","32","Scott, Mike","6 ft 8 in (2.03 m)","237 lb (108 kg)","1988-07-16","Virginia"
"G","0","Teague, Jeff","6 ft 2 in (1.88 m)","181 lb (82 kg)","1988-06-10","Wake Forest"
"G","3","Williams, Louis","6 ft 1 in (1.85 m)","175 lb (79 kg)","1986-10-27","South Gwinnett HS (GA)"
