"Country","Concluded","Effective","Rights","Source"
"Austria","","","",""
"Bahrain","7 April 2005","","freedom",""
"Barbados","17 July 2013","","",""
"Belgium","","","",""
"Brunei Darussalam","1 May 2001, , 27 December 2004","21 December 2001","freedom",""
"Bulgaria","22 October 2009","","freedom",""
"Chile","1 May 2001","9 April 2002","freedom",""
"Cook Islands","","23 July 2006","freedom",""
"Czech Republic","19 January 2009","","freedom",""
"Denmark","29 January 2008","","freedom",""
"Finland","","","",""
"Germany","","","",""
"Iceland","23 January 2009","","freedom",""
"Ireland","13 December 2006","","freedom",""
"Kuwait","4 November 2008","","freedom",""
"Lithuania","20 October 2009","","freedoms",""
"Luxembourg","","","",""
"Malta","8 August 2008","1 December 2010","freedom",""
"New Zealand","1 May 2001","21 December 2001","freedom",""
"Norway","29 January 2008","","freedom",""
"Oman","20 January 2009","","freedom",""
"Peru","27 August 2009","","freedom",""
"Portugal","27 February 2008","2010","freedom",""
"Qatar","1988","","",""
"Romania","27 November 2008","","freedom",""
"Samoa","","9 November 2002","freedom",""
"Slovakia","22 November 2007","22 November 2007","freedom",""
"Slovenia","","","",""
"Spain","","","",""
"Sri Lanka","1 October 2003, , 4 August 2005","","freedoms",""
"Sweden","29 January 2008","","freedom",""
"Thailand","27 December 2004","","freedoms",""
"Tonga","","20 January 2004","freedom",""
"United Arab Emirates","26 February 2004","","freedoms",""
"United Kingdom","2 October 2007","March 2008","freedoms",""
"United States","1 May 2001","21 December 2001","freedom",""
"Zambia","27 November 2008","","freedom",""
