"Date","Opponent","Home/Away","Result [7]"
"March 15","Erie RiverRats","Home","Won 60-32"
"March 22","Reading Express","Home","Won 59-44"
"March 28","Harrisburg Stampede","Away","Lost 37-43"
"April 4","Columbus Lions","Away","Lost 82-19"
"April 18","Reading Express","Away","Won 40-36"
"April 24","Florence Phantoms","Home","Lost 52-58"
"May 2","Harrisburg Stampede","Away","Won 37-27"
"May 10","Erie RiverRats","Away","Lost 50-53"
"May 23","Columbus Lions","Home","Won 52-32"
"May 30","D.C. Armor","Home","Won 57-24"
"June 6","D.C. Armor","Away","Won 57-28"
"June 14","Harrisburg Stampede","Home","Won 58-55"
"June 20","South Carolina Force","Away","Loss 62-38"
"June 27","D.C. Armor","Home","Won 70-22"
"July 2^","Reading Express","Away","Lost 50-20"
