"Year","Winner","Club(s)","Second","Club(s)","Third","Club(s)"
"1993","Victor Ikpeba","RFC Li&egrave;ge","Chidi Nwanu","Beveren","Daniel Amokachi","Club Brugge"
"1994","Daniel Amokachi","Club Brugge","Jean-Jacques Miss&eacute;-Miss&eacute;","Charleroi","Roger Lukaku","Seraing"
"1995","Godwin Okpara","Eendracht Aalst","Celestine Babayaro","Anderlecht","Yaw Preko","Anderlecht"
"1996","Celestine Babayaro","Anderlecht","Michel Ngonge","Harelbeke","Jean-Claude Mukanya","Lommel"
"1997","&Eacute;mile Mpenza","Mouscron","Mbo Mpenza","Mouscron","Khalilou Fadiga","Lommel"
"1998","Eric Addo","Club Brugge","Souleymane Oulare","Genk","Khalilou Fadiga","Club Brugge"
"2000","Herv&eacute; Nzelo-Lembi","Club Brugge","Elos Elonga-Ekakia","Anderlecht","Souleymane Youla","Lokeren"
"2001","Mido","Gent","Herv&eacute; Nzelo-Lembi","Club Brugge","Ad&eacute;kambi Olufad&eacute;","Lokeren"
"2002","Moumouni Dagano","Genk","Samb&eacute;gou Bangoura","Lokeren","Ibrahim Kargbo","RWDM"
"2003","Aruna Dindane","Anderlecht","Samb&eacute;gou Bangoura","Lokeren","Paul Kpaka","Germinal Beerschot"
"2004","Vincent Kompany","Anderlecht","Aruna Dindane","Anderlecht","Mbo Mpenza","Mouscron"
"2005","Vincent Kompany","Anderlecht","Samb&eacute;gou Bangoura","Standard Li&egrave;ge","Aruna Dindane","Anderlecht"
"2006","Mbark Boussoufa","Gent","Ibrahim Salou","Zulte Waregem","Mohammed Tchit&eacute;","Standard Li&egrave;ge"
"2007","Mohammed Tchit&eacute;","Anderlecht","Ahmed Hassan","Anderlecht","Ad&eacute;kambi Olufad&eacute;","Gent"
"2008","Marouane Fellaini","Standard Li&egrave;ge","Mbark Boussoufa","Anderlecht","Mohamed Sarr","Standard Li&egrave;ge"
"2009","Mbark Boussoufa","Anderlecht","Copa","Lokeren","Nana Asare","Mechelen"
"2010","Mbark Boussoufa","Anderlecht","Romelu Lukaku","Anderlecht","Dorge Kouemaha","Club Brugge"
"2011","Romelu Lukaku","Anderlecht","Mohammed Tchit&eacute;","Standard Li&egrave;ge","Mehdi Carcela-Gonz&aacute;lez","Standard Li&egrave;ge"
"2012","Dieumerci Mbokani","Anderlecht","Cheikhou Kouyat&eacute;","Anderlecht","Mohammed Tchit&eacute;","Standard Li&egrave;ge"
"2013","Mbaye Leye","Zulte Waregem","Cheikhou Kouyat&eacute;","Anderlecht","Dieumerci Mbokani","Anderlecht"
