"Parish","LGA","Coordinates"
"Abercrombie","Cooma-Monaro Shire","36&deg;01&prime;54&Prime;S 149&deg;15&prime;04&Prime;E? / ?36.03167&deg;S 149.25111&deg;E? / -36.03167; 149.25111? (Abercrombie Parish)"
"Big Badja","Cooma-Monaro Shire","36&deg;02&prime;54&Prime;S 149&deg;32&prime;04&Prime;E? / ?36.04833&deg;S 149.53444&deg;E? / -36.04833; 149.53444? (Big Badja Parish)"
"Billilingra","Cooma-Monaro Shire","36&deg;00&prime;54&Prime;S 149&deg;09&prime;04&Prime;E? / ?36.01500&deg;S 149.15111&deg;E? / -36.01500; 149.15111? (Billilingra Parish)"
"Binjura","Cooma-Monaro Shire","36&deg;11&prime;54&Prime;S 149&deg;06&prime;04&Prime;E? / ?36.19833&deg;S 149.10111&deg;E? / -36.19833; 149.10111? (Binjura Parish)"
"Bransby","Cooma-Monaro Shire","35&deg;55&prime;54&Prime;S 149&deg;09&prime;04&Prime;E? / ?35.93167&deg;S 149.15111&deg;E? / -35.93167; 149.15111? (Bransby Parish)"
"Bredbo","Cooma-Monaro Shire","35&deg;59&prime;54&Prime;S 149&deg;00&prime;04&Prime;E? / ?35.99833&deg;S 149.00111&deg;E? / -35.99833; 149.00111? (Bredbo Parish)"
"Brest","Cooma-Monaro Shire","35&deg;57&prime;54&Prime;S 148&deg;56&prime;04&Prime;E? / ?35.96500&deg;S 148.93444&deg;E? / -35.96500; 148.93444? (Brest Parish)"
"Bulgundramine","Cooma-Monaro Shire","36&deg;25&prime;54&Prime;S 149&deg;16&prime;04&Prime;E? / ?36.43167&deg;S 149.26778&deg;E? / -36.43167; 149.26778? (Bulgundramine Parish)"
"Bullanamang","Cooma-Monaro Shire","35&deg;56&prime;54&Prime;S 149&deg;05&prime;04&Prime;E? / ?35.94833&deg;S 149.08444&deg;E? / -35.94833; 149.08444? (Bullanamang Parish)"
"Bunyan","Cooma-Monaro Shire","36&deg;16&prime;54&Prime;S 149&deg;11&prime;04&Prime;E? / ?36.28167&deg;S 149.18444&deg;E? / -36.28167; 149.18444? (Bunyan Parish)"
"Callaghan","Cooma-Monaro Shire","36&deg;03&prime;54&Prime;S 149&deg;12&prime;04&Prime;E? / ?36.06500&deg;S 149.20111&deg;E? / -36.06500; 149.20111? (Callaghan Parish)"
"Clifford","Cooma-Monaro Shire","36&deg;05&prime;54&Prime;S 149&deg;14&prime;04&Prime;E? / ?36.09833&deg;S 149.23444&deg;E? / -36.09833; 149.23444? (Clifford Parish)"
"Colinton","Cooma-Monaro Shire","35&deg;50&prime;54&Prime;S 149&deg;12&prime;04&Prime;E? / ?35.84833&deg;S 149.20111&deg;E? / -35.84833; 149.20111? (Colinton Parish)"
"Coolringdon","Snowy River Shire","36&deg;13&prime;54&Prime;S 148&deg;58&prime;04&Prime;E? / ?36.23167&deg;S 148.96778&deg;E? / -36.23167; 148.96778? (Coolringdon Parish)"
"Cooma","Snowy River Shire","36&deg;14&prime;54&Prime;S 149&deg;07&prime;04&Prime;E? / ?36.24833&deg;S 149.11778&deg;E? / -36.24833; 149.11778? (Cooma Parish)"
"Cosgrove","Cooma-Monaro Shire","35&deg;59&prime;54&Prime;S 149&deg;00&prime;04&Prime;E? / ?35.99833&deg;S 149.00111&deg;E? / -35.99833; 149.00111? (Cosgrove Parish)"
"Dangelong","Cooma-Monaro Shire","36&deg;17&prime;54&Prime;S 149&deg;16&prime;04&Prime;E? / ?36.29833&deg;S 149.26778&deg;E? / -36.29833; 149.26778? (Dangelong Parish)"
"Duncan","Cooma-Monaro Shire","35&deg;54&prime;54&Prime;S 148&deg;50&prime;04&Prime;E? / ?35.91500&deg;S 148.83444&deg;E? / -35.91500; 148.83444? (Duncan Parish)"
"Flinders","Cooma-Monaro Shire","35&deg;56&prime;54&Prime;S 149&deg;00&prime;04&Prime;E? / ?35.94833&deg;S 149.00111&deg;E? / -35.94833; 149.00111? (Flinders Parish)"
"Gladstone","Cooma-Monaro Shire","36&deg;19&prime;54&Prime;S 149&deg;10&prime;04&Prime;E? / ?36.33167&deg;S 149.16778&deg;E? / -36.33167; 149.16778? (Gladstone Parish)"
"Good Good","Cooma-Monaro Shire","36&deg;02&prime;54&Prime;S 149&deg;27&prime;04&Prime;E? / ?36.04833&deg;S 149.45111&deg;E? / -36.04833; 149.45111? (Good Good Parish)"
"Gungoandra","Cooma-Monaro Shire","35&deg;53&prime;54&Prime;S 149&deg;11&prime;04&Prime;E? / ?35.89833&deg;S 149.18444&deg;E? / -35.89833; 149.18444? (Gungoandra Parish)"
"Hill","Cooma-Monaro Shire","35&deg;55&prime;54&Prime;S 149&deg;28&prime;04&Prime;E? / ?35.93167&deg;S 149.46778&deg;E? / -35.93167; 149.46778? (Hill Parish)"
"Holland","Cooma-Monaro Shire","35&deg;46&prime;54&Prime;S 149&deg;22&prime;04&Prime;E? / ?35.78167&deg;S 149.36778&deg;E? / -35.78167; 149.36778? (Holland Parish)"
"Jillimatong","Snowy River Shire","36&deg;17&prime;54&Prime;S 148&deg;59&prime;04&Prime;E? / ?36.29833&deg;S 148.98444&deg;E? / -36.29833; 148.98444? (Jillimatong Parish)"
"Kybeyan","Cooma-Monaro Shire","36&deg;22&prime;54&Prime;S 149&deg;27&prime;04&Prime;E? / ?36.38167&deg;S 149.45111&deg;E? / -36.38167; 149.45111? (Kybeyan Parish)"
"Kydra","Cooma-Monaro Shire","36&deg;27&prime;54&Prime;S 149&deg;25&prime;04&Prime;E? / ?36.46500&deg;S 149.41778&deg;E? / -36.46500; 149.41778? (Kydra Parish)"
"Lucas","Cooma-Monaro Shire","36&deg;15&prime;54&Prime;S 149&deg;24&prime;04&Prime;E? / ?36.26500&deg;S 149.40111&deg;E? / -36.26500; 149.40111? (Lucas Parish)"
"Michelago","Cooma-Monaro Shire","35&deg;47&prime;54&Prime;S 149&deg;10&prime;04&Prime;E? / ?35.79833&deg;S 149.16778&deg;E? / -35.79833; 149.16778? (Michelago Parish)"
"Milford","Cooma-Monaro Shire","35&deg;49&prime;54&Prime;S 149&deg;22&prime;04&Prime;E? / ?35.83167&deg;S 149.36778&deg;E? / -35.83167; 149.36778? (Milford Parish)"
"Montagu","Cooma-Monaro Shire","36&deg;15&prime;54&Prime;S 149&deg;16&prime;04&Prime;E? / ?36.26500&deg;S 149.26778&deg;E? / -36.26500; 149.26778? (Montagu Parish)"
"Murrumbucca","Snowy River Shire","36&deg;03&prime;54&Prime;S 148&deg;59&prime;04&Prime;E? / ?36.06500&deg;S 148.98444&deg;E? / -36.06500; 148.98444? (Murrumbucca Parish)"
"Numeralla","Cooma-Monaro Shire","36&deg;10&prime;54&Prime;S 149&deg;16&prime;04&Prime;E? / ?36.18167&deg;S 149.26778&deg;E? / -36.18167; 149.26778? (Numeralla Parish)"
"Onslow","Cooma-Monaro Shire","35&deg;48&prime;54&Prime;S 149&deg;17&prime;04&Prime;E? / ?35.81500&deg;S 149.28444&deg;E? / -35.81500; 149.28444? (Onslow Parish)"
"Palmerston","Cooma-Monaro Shire","36&deg;22&prime;54&Prime;S 149&deg;27&prime;04&Prime;E? / ?36.38167&deg;S 149.45111&deg;E? / -36.38167; 149.45111? (Palmerston Parish)"
"Rivers","Cooma-Monaro Shire","36&deg;17&prime;54&Prime;S 149&deg;21&prime;04&Prime;E? / ?36.29833&deg;S 149.35111&deg;E? / -36.29833; 149.35111? (Rivers Parish)"
"Rose Valley","Cooma-Monaro Shire","36&deg;07&prime;54&Prime;S 149&deg;23&prime;04&Prime;E? / ?36.13167&deg;S 149.38444&deg;E? / -36.13167; 149.38444? (Rose Valley Parish)"
"Rowland","Cooma-Monaro Shire","35&deg;55&prime;54&Prime;S 149&deg;23&prime;04&Prime;E? / ?35.93167&deg;S 149.38444&deg;E? / -35.93167; 149.38444? (Rowland Parish)"
"Sherlock","Cooma-Monaro Shire","35&deg;49&prime;54&Prime;S 149&deg;27&prime;04&Prime;E? / ?35.83167&deg;S 149.45111&deg;E? / -35.83167; 149.45111? (Sherlock Parish)"
"Stannard","Cooma-Monaro Shire","36&deg;00&prime;54&Prime;S 149&deg;21&prime;04&Prime;E? / ?36.01500&deg;S 149.35111&deg;E? / -36.01500; 149.35111? (Stannard Parish)"
"The Brothers","Snowy River Shire","36&deg;19&prime;54&Prime;S 149&deg;07&prime;04&Prime;E? / ?36.33167&deg;S 149.11778&deg;E? / -36.33167; 149.11778? (The Brothers Parish)"
"Throsby","Cooma-Monaro Shire","36&deg;23&prime;54&Prime;S 149&deg;21&prime;04&Prime;E? / ?36.39833&deg;S 149.35111&deg;E? / -36.39833; 149.35111? (Throsby Parish)"
"Tinderry","Cooma-Monaro Shire","35&deg;45&prime;54&Prime;S 149&deg;15&prime;04&Prime;E? / ?35.76500&deg;S 149.25111&deg;E? / -35.76500; 149.25111? (Tinderry Parish)"
"Undoo","Cooma-Monaro Shire","36&deg;09&prime;54&Prime;S 149&deg;28&prime;04&Prime;E? / ?36.16500&deg;S 149.46778&deg;E? / -36.16500; 149.46778? (Undoo Parish)"
"Wangrah","Cooma-Monaro Shire","35&deg;52&prime;54&Prime;S 149&deg;19&prime;04&Prime;E? / ?35.88167&deg;S 149.31778&deg;E? / -35.88167; 149.31778? (Wangrah Parish)"
"Winifred","Cooma-Monaro Shire","36&deg;30&prime;54&Prime;S 149&deg;24&prime;04&Prime;E? / ?36.51500&deg;S 149.40111&deg;E? / -36.51500; 149.40111? (Winifred Parish)"
"Wise","Cooma-Monaro Shire","35&deg;40&prime;54&Prime;S 149&deg;20&prime;04&Prime;E? / ?35.68167&deg;S 149.33444&deg;E? / -35.68167; 149.33444? (Wise Parish)"
"Woolumla","Cooma-Monaro Shire","36&deg;05&prime;54&Prime;S 149&deg;09&prime;04&Prime;E? / ?36.09833&deg;S 149.15111&deg;E? / -36.09833; 149.15111? (Woolumla Parish)"
"York","Cooma-Monaro Shire","36&deg;02&prime;10&Prime;S 149&deg;05&prime;29&Prime;E? / ?36.03611&deg;S 149.09139&deg;E? / -36.03611; 149.09139? (York Parish)"
