"Artist","Song","Contest","Best-of Place","Votes","Own-year Place","Country"
"Ruslana","Wild Dances","2004","1","71209","1","Ukraine"
"Sertab Erener","Every Way That I Can","2003","2","63958","1","Turkey"
"Vicky Leandros","Apr&egrave;s Toi","1972","3","57514","1","Luxembourg"
"Helena Paparizou","My Number One","2005","4","51960","1","Greece"
"Max","Can't Wait Until Tonight","2004","5","24084","8","Germany"
"ABBA","Waterloo","1974","6","21659","1","Sweden"
"Gracia","Run &amp; Hide","2005","7","19157","24","Germany"
"Bucks Fizz","Making Your Mind Up","1981","8","15011","1","United Kingdom"
"Lena Valaitis","Johnny Blue","1981","9","13506","2","Germany"
"M&uuml;nchner Freiheit","Viel Zu Weit","1993","10","10225","18","Germany"
"Mary Roos","Nur Die Liebe L&auml;&szlig;t Uns Leben","1972","11","8423","3","Germany"
"Nicole","Ein bi&szlig;chen Frieden","1982","12","8092","1","Germany"
"Wind","F&uuml;r Alle","1985","13","7821","2","Germany"
"Bobbysocks","La Det Swinge","1985","14","7420","1","Norway"
"Dschinghis Khan","Dschinghis Khan","1979","15","7321","4","Germany"
"Marie Myriam","L'oiseau et l'enfant","1977","16","6287","1","France"
"Anne-Marie David","Tu Te Reconna&icirc;tras","1973","17","6278","1","Luxembourg"
"Sandra Kim","J'aime La Vie","1986","18","6227","1","Belgium"
"Jacqueline Boyer","Tom Pillibi","1960","19","6208","1","France"
