"Name","Club Coming From","Contract Details"
"Peter Wallace","Penrith Panthers","Contract until the end of 2009, will come in 2008."
"Joel Clinton","Penrith Panthers","Contract until the end of 2010, will come in 2008."
"Ashton Sims","St. George Illawarra Dragons","Contract until the end of 2010, will come in 2008."
"Tom Hewitt","St. George Illawarra Dragons","Contract until the end of , unknown, , will come in 2008."
"PJ Marsh","Parramatta Eels","Contract until the end of 2010, will come in 2008."
