"Province/Territory","Date of Introduction","Cost"
"Alberta","February 15, 2005","$5.00"
"British Columbia","June 4, 2004","$5.00"
"Manitoba","November 5, 2004","$5.00"
"Newfoundland and Labrador","September 2, 2003","$5.00"
"New Brunswick","November 1, 2003","$5.00"
"Northwest Territories","June 2004","$5.00"
"Nova Scotia","November 7, 2002","$5.00"
"Ontario","November 9, 2003","$5.00"
"Prince Edward Island","2003","$5.00"
"Quebec","January 1, 2006","$5.00"
"Saskatchewan","November 10, 2004","$5.00"
"Yukon","November 10, 2004","$5.00"
