"Commune","Population","Post Code","INSEE Code"
"Baralle","487","62860","62081"
"Bourlon","1 246","62860","62164"
"Buissy","229","62860","62184"
"&Eacute;court-Saint-Quentin","1 731","62860","62284"
"&Eacute;pinoy","498","62860","62298"
"Graincourt-l&egrave;s-Havrincourt","617","62147","62384"
"Inchy-en-Artois","556","62860","62469"
"Lagnicourt-Marcel","295","62159","62484"
"Marquion","1008","62860","62559"
"Oisy-le-Verger","1260","62860","62638"
"Palluel","520","62860","62646"
"Pronville","272","62860","62671"
"Qu&eacute;ant","549","62860","62673"
"Rumaucourt","724","62860","62728"
"Sains-l&egrave;s-Marquion","300","62860","62739"
"Sauchy-Cauchy","411","62860","62780"
"Sauchy-Lestr&eacute;e","446","62860","62781"
