"Property","Location","Area (in square feet)","Major Tenants"
"Serramonte Center","Daly City, California","845,000","Macy's , Target , Mervyn's , Elephant Bar , Hollister Co. , New York &amp; Company"
"Willows Shopping Center","Concord, California","253,000","Claim Jumper , REI , Old Navy , Cost Plus , Pier 1"
"Plaza Escuela","Walnut Creek, California","154,000","Ruth's Chris Steakhouse , Men's Wearhouse , Ann Taylor Loft , Container Store , Title Nine"
"Marketplace Shopping Center","Davis, California","113,000","Safeway , Longs Drugs , Big 5 Sporting Goods , Petco"
"Ghirardelli Square sold","San Francisco, California","176,000","Ghirardelli Chocolate Company , McKormick &amp; Kuleto , Sharper Image , Ana Mandara"
"Parkway Square sold","Tukwila, Washington","98,000","Toys R Us , Magnolia Hi-Fi"
"Jackson Square sold","Hayward, California","113,000","Safeway , Longs Drugs , 24 Hour Fitness , Starbucks , Taco Bell"
"222 Sutter Street","San Francisco, California","127,000","Loehmann's , Mother Jones , Monster Worldwide"
"Pacific Financial Center","Los Angeles, California","213,000","Cathay Bank , Charles Dunn Company"
"595 Colorado","Pasadena, California","98,000","Bank of the West"
"The Senator Office Building","Sacramento, California","171,000","California Housing Finance Agency , Advocation Inc. , Los Angeles Times , San Francisco Chronicle , Heim, Noack, Kelly &amp; Spahnn"
