"Year","Nation","Winning Drivers/Co-Drivers","Car Used","Nation"
"1950","../../../../images/shared/thumb/a/a4/Flag_of_the_United_States.svg/22px-Flag_of_the_United_States.svg.png USA","Hershel McGriff / Ray Elliott","Oldsmobile","../../../../images/shared/thumb/a/a4/Flag_of_the_United_States.svg/22px-Flag_of_the_United_States.svg.png USA"
"1951","../../../../images/shared/thumb/0/03/Flag_of_Italy.svg/22px-Flag_of_Italy.svg.png Italy","Piero Taruffi / Luigi Chinetti","Ferrari","../../../../images/shared/thumb/0/03/Flag_of_Italy.svg/22px-Flag_of_Italy.svg.png Italy"
"1952","../../../../images/shared/thumb/b/ba/Flag_of_Germany.svg/22px-Flag_of_Germany.svg.png Germany","Karl Kling / Hans Klenk","Mercedes-Benz","../../../../images/shared/thumb/b/ba/Flag_of_Germany.svg/22px-Flag_of_Germany.svg.png Germany"
"1953","../../../../images/shared/thumb/1/1a/Flag_of_Argentina.svg/22px-Flag_of_Argentina.svg.png Argentina","Juan Manuel Fangio","Lancia","../../../../images/shared/thumb/0/03/Flag_of_Italy.svg/22px-Flag_of_Italy.svg.png Italy"
"1954","../../../../images/shared/thumb/0/03/Flag_of_Italy.svg/22px-Flag_of_Italy.svg.png Italy","Umberto Maglioli","Ferrari","../../../../images/shared/thumb/0/03/Flag_of_Italy.svg/22px-Flag_of_Italy.svg.png Italy"
