"Number","Chapter","Year","Location","Status"
"1.","New York","1921","New York, New York","Active"
"2.","Atlanta","1921","Atlanta","Active"
"3.","Boston","1922","Boston, Massachusetts","Inactive"
"4.","Pittsburgh/Golden Triangle","1922","Pittsburgh, Pennsylvania","Inactive"
"5.","Los Angeles","1922","Los Angeles, California","Active"
"6.","Chicago","1924","Chicago, Illinois","Active"
"7.","Denver/Mile High","1924","Denver, Colorado","Active (rechartered Mar. 2, 2013)"
"8.","Twin Cities","1925","Minneapolis, Minnesota","Active"
"9.","Salt Lake City","1926","Salt Lake City, Utah","Inactive"
"10.","Milwaukee/City of Festivals","1928","Milwaukee, Wisconsin","Active"
"11.","Cincinnati","1929","Cincinnati, Ohio","Inactive"
"12.","Michigan","1929","Detroit, Michigan","Inactive"
"13.","Kansas City","1929","Kansas City, Missouri","Inactive"
"14.","Columbia","1932","Columbia, New York","Inactive"
"15.","Detroit","1936","Detroit, Michigan","Inactive"
"16.","Seattle","1937","Seattle, Washington","Active (Re-chartered 2010)"
"17.","Washington/Capital Area","1942","Washington, D.C.","Active"
"18.","Wayne","1946","Wayne, Michigan","Inactive"
"19.","Miami","1948","Miami, Florida","Inactive"
"20.","Buffalo-Niagara","1948","Buffalo, New York","Inactive"
"21.","St. John's","1948","Long Island, New York","Inactive"
"22.","Dallas","1949","Dallas, Texas","Inactive"
"23.","Lincoln","1950","Lincoln, Nebraska","Inactive"
"24.","Birmingham","1950","Birmingham, Alabama","Active"
"25.","Glass City","1952","Toledo, Ohio","Active"
"26.","Omaha","1952","Omaha, Nebraska","Active"
"27.","Portland","1953","Portland, Oregon","Inactive"
"28.","Tallahassee","1953","Tallahassee, Florida","Inactive"
"29.","Northern California","1955","San Francisco, California","Inactive"
"30.","Peoria","1956","Peoria, Illinois","Inactive"
"31.","Northern New Jersey","1957","Newark, New Jersey","Inactive"
"32.","Charlotte","1958","Charlotte, North Carolina","Inactive"
"33.","Motor City","1959","Detroit, Michigan","Active"
"34.","Nashville/Music City","1959","Nashville, Tennessee","Active (rechartered May 18, 2013)"
"35.","Athens","1959","Athens","Inactive"
"36.","Jacksonville","1959","Jacksonville, Florida","Inactive"
"37.","Long Beach","1961","Long Beach, California","Active"
"38.","Tampa/Tampa Bay","1962","Tampa, Florida","Active"
"39.","St. Petersburg","1962","St. Petersburg, Florida","Inactive"
"40.","Cleveland","1963","Cleveland, Ohio","Inactive"
"41.","Tacoma","1964","Tacoma, Washington","Inactive"
"42.","Dayton","1964","Dayton, Ohio","Inactive"
"43.","Central Florida","1964","Orlando, Florida","Active"
"44.","Ft. Lauderdale","1965","Ft. Lauderdale, Florida","Inactive"
"45.","Pensacola","1965","Pensacola, Florida","Inactive"
"46.","Air Capitol","1966","Wichita, Kansas","Inactive"
"47.","Tucson","1966","Tucson, Arizona","Inactive"
"48.","Gateway","1966","St. Louis, Missouri","Inactive"
"49.","Little Rock","1967","Little Rock, Arkansas","Inactive"
"50.","Hampton Roads","1967","Norfolk, Virginia","Active (Rechartered January 14, 2012)"
"51.","Hoosier","1967","Indianapolis, Indiana","Active"
"52.","Des Moines","1968","Des Moines, Iowa","Inactive"
"53.","Tulsa","1969","Tulsa, Oklahoma","Inactive"
"54.","Memphis","1970","Memphis, Tennessee","Active (Re-chartered May 15, 2010)"
"55.","Phoenix","1972","Phoenix, Arizona","Active"
"56.","Garden State","1975","East Orange, New Jersey","Active (Rechartered Oct 5, 2012)"
"57.","Texas Gulf Coast","1975","Houston, Texas","Inactive"
"58.","Tri-State","1977","Springfield, Massachusetts","Inactive"
"59.","Hawkeye State","1980","Iowa City, Iowa","Active"
"68.","Treasure Valley","1980","Boise, Idaho","Inactive"
"70.","San Diego","1981","San Diego, California","Active"
"71.","St. Louis Metro","1981","St. Louis, Missouri","Active"
"??.","Greater Piedmont","1984","Charlotte, North Carolina","Inactive"
"??.","Orange County","1984","Orange County, California","Active"
"??.","Central Ohio","1985","Columbus, Ohio","Inactive"
"76.","Bay Area","1988","San Francisco, California","Active"
"77.","Central Florida","1991","Orlando, Florida","Active"
"81.","Ohio Valley","1993","Cincinnati, Ohio","Active"
"83.","Alamo City","1994","San Antonio, Texas","Active"
"84.","Florida Gold Coast","1994","Miami, Florida","Active"
"86.","Queen City","199?","Charlotte, North Carolina","Active"
"88.","Tennessee Valley","1996","Murfreesboro, Tennessee","Active"
"90.","Upper Cumberland","1998","Cookeville, Tennessee","Active"
"100.","Kansas City Metro","2006","Kansas City, Missouri","Active"
"101.","Spindletop","2007","Beaumont, Texas","Active"
"??.","Manchester Business","????","England","Inactive"
"102.","Triangle Area","2011","Raleigh, NC","Active (Aug 11, 2011)"
"103.","Baltimore Alumni","2012","Baltimore, MD","Active (Dec 15, 2012)"
"104.","Charleston Alumni","Colony","Charleston, SC","Colony"
"105.","Panama Alumni","Colony","Panama","Colony"
