"","Chief Minister","Party","Period in office"
"","Goff Letts","Country Liberal","1974-1977"
"","Paul Everingham","Country Liberal","1977-1984"
"","Ian Tuxworth","Country Liberal","1984-1986"
"","Stephen Hatton","Country Liberal","1986-1988"
"","Marshall Perron","Country Liberal","1988-1995"
"","Shane Stone","Country Liberal","1995-1999"
"","Denis Burke","Country Liberal","1999-2001"
"","Clare Martin","Labor","2001-2007"
"","Paul Henderson","Labor","2007-2012"
"","Terry Mills","Country Liberal","2012-2013"
"","Adam Giles","Country Liberal","2013-present"
