"Image","Name","Era","Description"
"","Butterfly sword","","Traditional Chinese, Simplified Chinese"
"","Changdao","Ming Dynasty","simplified Chinese, traditional Chinese, cavalry, China, Ming Dynasty, Japanese, ?dachi"
"","Dao","","Chinese, pinyin, Wade-Giles, Chinese, swords, sabres, English, single-edged, knife, ?, ?, Chinese cuisine, polearms"
"","Dadao","","dao, hilts"
"","Guandao","","Chinese, pole weapon, Chinese martial arts, Guan Yu, fauchard"
"","Hook sword","","Northern styles of Chinese martial arts, Southern styles"
"","Iron sword","Qin Dynasty","dao"
"","Jian","","sword, China, Spring and Autumn Period, Sword of Goujian"
"","Liuyedao","","dao, infantry, Ming, Qing dynasties"
"","Miao dao","Republican","dao, Republican, hilt, zhanmadao, changdao, dadao, second Sino-Japanese War"
"","Nandao","","sword, Chinese, wushu, Beidao, butterfly sword"
"","Niuweidao","Qing Dynasty","dao"
"","Piandao","Ming Dynasty","sabre, dao, Ming Dynasty, shamshir, scimitar"
"","Pudao","","?, ?, Chinese martial arts, broadsword"
"","Wodao","Ming Dynasty","wo people, Chinese, Ming Dynasty, Tachi, Odachi"
"","Yanmaodao","Late Ming&mdash;Qing dynasties","dao, jian"
"","Zhanmadao","Song Dynasty","(???) (, zh?n m? d?o, ) (lit. chopping horse saber) was a single long broad bladed sword with a long handle suitable for two-handed use. Dating to 1072, it was used as an anti-cavalry weapon."
"","","","jian, dao"
