"Released","Chart Peak","Certification[3]","Album Title","Translation","Label"
"January, 1990","-","-","Kolmik&auml;rki","Trident","Bad Vugum"
"8 June 1991","-","-","Veljeskunta","Brotherhood","Bad Vugum"
"November, 1992","-","-","Aurinko","Sun","EMI"
"February, 1994","-","gold (1999)","Aura","Aura,  (or the noun , Plow, )","Herodes/EMI"
"March, 1995","-","gold (2001)","Rautakantele","Iron Kantele","Herodes/EMI"
"November, 1996","3","gold (1998)","Discopolis","Discopolis","Herodes/EMI"
"October, 1998","1","gold (1998)","Vainajala","Place of the Dead","Herodes/EMI"
"October, 2000","2","gold (2000)","Dinosaurus Stereophonicus","Dinosaurus Stereophonicus","Herodes/EMI"
"2 August 2002","1","gold (2002)","Isohaara","Big prong","Herodes/EMI"
"10 November 2003","1","gold (2003)","Aion","Aeon,  (or , I intend, )","Herodes/EMI"
"2 November 2005","1","gold (2005)","Pedot","Beasts","Herodes/EMI"
"5 September 2007","2","gold (2008)","Talvikuningas","The Winter King","Herodes/EMI"
"29 September 2010","1","","I&auml;ti","Forever","Herodes/EMI"
"22 February 2013","-","","Seitsentahokas","Heptagon","Ratas Music Group"
