"Municipality","Former comarca","Current comarca"
"Alfarr&agrave;s","Noguera","Segri&agrave;"
"Arbol&iacute;","Priorat","Baix Camp"
"Bonastre","Tarragon&egrave;s","Baix Pened&egrave;s"
"Caldes de Montbui","Vall&egrave;s Occidental","Vall&egrave;s Oriental"
"Castellet i la Gornal","Garraf","Alt Pened&egrave;s"
"Esplugues de Llobregat","Barcelon&egrave;s","Baix Llobregat"
"Els Garidells","Tarragon&egrave;s","Alt Camp"
"Maslloren&ccedil;","Alt Camp","Baix Pened&egrave;s"
"La Molsosa","Anoia","Solson&egrave;s"
"Montesquiu","Ripoll&egrave;s","Osona"
"Montorn&egrave;s de Segarra","Urgell","Segarra"
"Olesa de Bonesvalls","Garraf","Alt Pened&egrave;s"
"La Portella","Noguera","Segri&agrave;"
"Santa Maria de Besora","Ripoll&egrave;s","Osona"
"Sant Jaume d'Enveja","Baix Ebre","Montsi&agrave;"
"Sant Just Desvern","Barcelon&egrave;s","Baix Llobregat"
"Sant Quirze de Besora","Ripoll&egrave;s","Osona"
"Vallfogona de Riucorb","Segarra","Conca de Barber&agrave;"
"Vidr&agrave;","Ripoll&egrave;s","Osona"
