"Title","Year","Director","Notable actors"
"Big Deal on Madonna Street","1958","Mario Monicelli","Marcello Mastroianni"
"The Great War","1959","Mario Monicelli","Vittorio Gassman"
"Il vedovo","1959","Dino Risi","Alberto Sordi"
"Love and Larceny","1959","Dino Risi","Vittorio Gassman"
"Everybody Go Home","1960","Luigi Comencini","Alberto Sordi"
"Adua e le compagne","1960","Antonio Pietrangeli","Simone Signoret"
"A Difficult Life","1961","Dino Risi","Alberto Sordi"
"Audace colpo dei soliti ignoti","1961","Nanni Loy","Vittorio Gassman"
"The Fascist","1961","Luciano Salce","Ugo Tognazzi"
"Divorce, Italian Style","1962","Pietro Germi","Marcello Mastroianni"
"Boccaccio '70","1962","Mario Monicelli",""
"The Easy Life","1962","Dino Risi","Vittorio Gassman"
"The Last Judgement","1962","Vittorio De Sica","Vittorio Gassman"
"Mafioso","1962","Alberto Lattuada","Alberto Sordi"
"March on Rome","1962","Dino Risi","Vittorio Gassman"
"The Conjugal Bed","1963","Marco Ferreri","Ugo Tognazzi"
"I mostri","1963","Dino Risi","Vittorio Gassman"
"Alta Infedelt&agrave;","1965","Mario Monicelli","Ugo Tognazzi"
"Il diavolo","1963","Gian Luigi Polidoro","Alberto Sordi"
"Il Boom","1963","Vittorio De Sica","Alberto Sordi"
"Yesterday, Today and Tomorrow","1963","Vittorio De Sica","Marcello Mastroianni"
"The Reunion","1963","Damiano Damiani",""
"Seduced and Abandoned","1964","Pietro Germi","Stefania Sandrelli"
"Se permettete parliamo di donne","1965","Ettore Scola","Vittorio Gassman"
"Il successo","1965","Mauro Morassi","Vittorio Gassman"
"Le bambole","1965","Mauro Bolognini","Nino Manfredi"
"Casanova 70","1965","Mario Monicelli","Marcello Mastroianni"
"The Birds, the Bees and the Italians","1965","Pietro Germi","Virna Lisi"
"I complessi","1965","Dino Risi","Nino Manfredi"
"Il Gaucho","1965","Dino Risi","Vittorio Gassman"
"Io la conoscevo bene","1965","Antonio Pietrangeli","Stefania Sandrelli"
"The Man, the Woman and the Money","1965","Eduardo De Filippo","Marcello Mastroianni"
"Me, Me, Me... and the Others","1966","Alessandro Blasetti",""
"L'Armata Brancaleone","1966","Mario Monicelli","Vittorio Gassman"
"L'ombrellone","1966","Dino Risi","Sandra Milo"
"A Question of Honour","1966","Luigi Zampa","Ugo Tognazzi"
"The Tiger and the Pussycat","1967","Dino Risi","Vittorio Gassman"
"The Witches","1967","Luchino Visconti","Silvana Mangano"
"La ragazza con la pistola","1968","Mario Monicelli","Monica Vitti"
"Il medico della mutua","1968","Luigi Zampa","Alberto Sordi"
"Il Commissario Pepe","1969","Ettore Scola","Ugo Tognazzi"
"The Libertine","1969","Pasquale Festa Campanile","Catherine Spaak"
"Vedo nudo","1969","Dino Risi","Nino Manfredi"
"Brancaleone alle Crociate","1970","Mario Monicelli","Vittorio Gassman"
"Between Miracles","1971","Nino Manfredi","Nino Manfredi"
"In nome del popolo italiano","1971","Dino Risi","Ugo Tognazzi"
"Secret Fantasy","1971","Pasquale Festa Campanile","Laura Antonelli"
"Bello, onesto, emigrato Australia sposerebbe compaesana illibata","1971","Luigi Zampa","Alberto Sordi"
"The Seduction of Mimi","1972","Lina Wertm&uuml;ller","Giancarlo Giannini"
"Lo scopone scientifico","1972","Luigi Comencini","Alberto Sordi"
"Vogliamo i colonnelli","1973","Mario Monicelli","Ugo Tognazzi"
"Pane e cioccolata","1973","Franco Brusati","Nino Manfredi"
"C'eravamo tanto amati","1974","Ettore Scola","Vittorio Gassman"
"Swept Away by an Unusual Destiny in the Blue Sea of August","1974","Lina Wertm&uuml;ller","Giancarlo Giannini"
"Profumo di donna","1974","Dino Risi","Vittorio Gassman"
"Romanzo popolare","1974","Mario Monicelli","Ugo Tognazzi"
"Amici miei","1975","Mario Monicelli","Ugo Tognazzi"
"Brutti, sporchi e cattivi","1976","Ettore Scola","Nino Manfredi"
"The Career of a Chambermaid","1976","Dino Risi","Vittorio Gassman"
"La stanza del vescovo","1977","Dino Risi","Ugo Tognazzi"
"Un borghese piccolo piccolo","1977","Mario Monicelli","Alberto Sordi"
"Traffic Jam (film)","1977","Luigi Comencini","Alberto Sordi"
"Signore e signori, buonanotte","1980","Luigi Comencini","Vittorio Gassman"
"Caro pap&agrave;","1980","Dino Risi","Vittorio Gassman"
"Amici miei Atto II","1982","Mario Monicelli","Ugo Tognazzi"
"Caf&eacute; Express","1980","Nanni Loy","Nino Manfredi"
