"INSEE code","Postal code","Commune"
"91339","91310","Linas"
"91340","91090","Lisses"
"91345","91160","Longjumeau"
"91347","91310","Longpont-sur-Orge"
"91359","91720","Maisse"
"91363","91460","Marcoussis"
"91374","91150","Marolles-en-Beauce"
"91376","91630","Marolles-en-Hurepoix"
"91377","91300","Massy"
"91378","91730","Mauchamps"
"91386","91540","Mennecy"
"91390","91660","M&eacute;r&eacute;ville"
"91393","91780","M&eacute;robert"
"91399","91150","Mespuits"
"91405","91490","Milly-la-For&ecirc;t"
"91408","91490","Moigny-sur-&Eacute;cole"
"91411","91470","Les Moli&egrave;res"
"91412","91590","Mondeville"
"91414","91930","Monnerville"
"91421","91230","Montgeron"
"91425","91310","Montlh&eacute;ry"
"91432","91420","Morangis"
"91433","91150","Morigny-Champigny"
"91434","91390","Morsang-sur-Orge"
"91435","91250","Morsang-sur-Seine"
"91441","91750","Nainville-les-Roches"
"91457","91290","La Norville"
"91458","91620","Nozay"
"91461","91340","Ollainville"
"91463","91490","Oncy-sur-&Eacute;cole"
"91468","91540","Ormoy"
"91469","91150","Ormoy-la-Rivi&egrave;re"
"91471","91400","Orsay"
"91473","91590","Orveau"
"91477","91120","Palaiseau"
"91479","91550","Paray-Vieille-Poste"
"91482","91470","Pecqueuse"
"91494","91220","Le Plessis-P&acirc;t&eacute;"
"91495","91410","Plessis-Saint-Benoist"
"91507","91720","Prunay-sur-Essonne"
"91508","91150","Puiselet-le-Marais"
"91511","91740","Pussay"
"91514","91480","Quincy-sous-S&eacute;nart"
"91519","91410","Richarville"
"91521","91130","Ris-Orangis"
"91525","91410","Roinville"
"91526","91150","Roinvilliers"
"91533","91690","Saclas"
"91534","91400","Saclay"
"91538","91190","Saint-Aubin"
"91540","91530","Saint-Ch&eacute;ron"
"91544","91690","Saint-Cyr-la-Rivi&egrave;re"
"91546","91410","Saint-Cyr-sous-Dourdan"
"91549","91700","Sainte-Genevi&egrave;ve-des-Bois"
"91547","91410","Saint-Escobille"
"91552","91180","Saint-Germain-l&egrave;s-Arpajon"
"91553","91250","Saint-Germain-l&egrave;s-Corbeil"
"91556","91780","Saint-Hilaire"
"91560","91940","Saint-Jean-de-Beauregard"
"91568","91530","Saint-Maurice-Montcouronne"
"91570","91240","Saint-Michel-sur-Orge"
"91573","91280","Saint-Pierre-du-Perray"
"91577","91250","Saintry-sur-Seine"
"91578","91910","Saint-Sulpice-de-Favi&egrave;res"
"91579","91770","Saint-Vrain"
"91581","91650","Saint-Yon"
"91587","91160","Saulx-les-Chartreux"
"91589","91600","Savigny-sur-Orge"
"91593","91530","Sermaise"
"91599","91840","Soisy-sur-&Eacute;cole"
"91600","91450","Soisy-sur-Seine"
"91602","91580","Souzy-la-Briche"
"91617","91250","Tigery"
"91619","91730","Torfou"
"91692","91940","Les Ulis"
"91629","91720","Valpuiseaux"
"91630","91530","Le Val-Saint-Germain"
"91631","91480","Varennes-Jarcy"
"91634","91640","Vaugrigneuse"
"91635","91430","Vauhallan"
"91639","91820","Vayres-sur-Essonne"
"91645","91370","Verri&egrave;res-le-Buisson"
"91648","91810","Vert-le-Grand"
"91649","91710","Vert-le-Petit"
"91654","91890","Videlles"
"91657","91270","Vigneux-sur-Seine"
"91659","91100","Villab&eacute;"
"91661","91140","Villebon-sur-Yvette"
"91662","91580","Villeconin"
"91665","91620","La Ville-du-Bois"
"91666","91140","Villejust"
"91667","91360","Villemoisson-sur-Orge"
"91671","91580","Villeneuve-sur-Auvers"
"91679","91190","Villiers-le-B&acirc;cle"
"91685","91700","Villiers-sur-Orge"
"91687","91170","Viry-Ch&acirc;tillon"
"91689","91320","Wissous"
"91691","91330","Yerres"
