"INSEE code","Postal code","Commune"
"83077","83136","M&eacute;ounes-l&egrave;s-Montrieux"
"83078","83630","Moissac-Bellevue"
"83079","83310","La M&ocirc;le"
"83080","83440","Mons"
"83081","83440","Montauroux"
"83082","83131","Montferrat"
"83083","83570","Montfort-sur-Argens"
"83084","83670","Montmeyan"
"83085","83920","La Motte"
"83086","83490","Le Muy"
"83087","83860","Nans-les-Pins"
"83088","83136","N&eacute;oules"
"83089","83470","Olli&egrave;res"
"83090","83190","Ollioules"
"83091","83390","Pierrefeu-du-Var"
"83092","83790","Pignans"
"83093","83640","Plan-d'Aups-Sainte-Baume"
"83094","83120","Le Plan-de-la-Tour"
"83095","83670","Pontev&egrave;s"
"83096","83470","Pourcieux"
"83097","83910","Pourri&egrave;res"
"83098","83220","Le Pradet"
"83099","83480","Puget-sur-Argens"
"83100","83390","Puget-Ville"
"83101","83350","Ramatuelle"
"83152","83820","Rayol-Canadel-sur-Mer"
"83102","83630","R&eacute;gusse"
"83103","83200","Le Revest-les-Eaux"
"83104","83560","Rians"
"83105","13780","Riboux"
"83106","83136","Rocbaron"
"83107","83520","Roquebrune-sur-Argens"
"83108","83136","La Roquebrussanne"
"83109","83840","La Roque-Esclapon"
"83110","83170","Rougiers"
"83154","83510","Saint-Antonin-du-Var"
"83112","83270","Saint-Cyr-sur-Mer"
"83111","83136","Sainte-Anastasie-sur-Issole"
"83115","83120","Sainte-Maxime"
"83113","83560","Saint-Julien"
"83153","83430","Saint-Mandrier-sur-Mer"
"83114","83560","Saint-Martin-de-Palli&egrave;res"
"83116","83470","Saint-Maximin-la-Sainte-Baume"
"83117","83440","Saint-Paul-en-For&ecirc;t"
"83118","83700","Saint-Rapha&euml;l"
"83119","83990","Saint-Tropez"
"83120","83640","Saint-Zacharie"
"83121","83690","Salernes"
"83122","83630","Les Salles-sur-Verdon"
"83123","83110","Sanary-sur-Mer"
"83124","83440","Seillans"
"83125","83470","Seillons-Source-d'Argens"
"83126","83500","La Seyne-sur-Mer"
"83127","83870","Signes"
"83128","83690","Sillans-la-Cascade"
"83129","83140","Six-Fours-les-Plages"
"83130","83210","Solli&egrave;s-Pont"
"83131","83210","Solli&egrave;s-Toucas"
"83132","83210","Solli&egrave;s-Ville"
"83133","83440","Tanneron"
"83134","83460","Taradeau"
"83135","83670","Tavernes"
"83136","83340","Le Thoronet"
"83137","83000","Toulon"
"83138","83440","Tourrettes"
"83139","83690","Tourtour"
"83140","83170","Tourves"
"83141","83720","Trans-en-Provence"
"83142","83840","Trigance"
"83143","83143","Le Val"
"83144","83160","La Valette-du-Var"
"83145","83670","Varages"
"83146","83560","La Verdi&egrave;re"
"83147","83630","V&eacute;rignon"
"83148","83550","Vidauban"
"83149","83690","Villecroze"
"83150","83560","Vinon-sur-Verdon"
"83151","83170","Vins-sur-Caramy"
