"Parish","LGA","Coordinates","Towns"
"Barron","Tablelands","17&deg;15&prime;S 145&deg;29&prime;E? / ?17.250&deg;S 145.483&deg;E? / -17.250; 145.483? (Barron Parish)","Atherton"
"Bartle Frere","Tablelands","17&deg;25&prime;S 145&deg;45&prime;E? / ?17.417&deg;S 145.750&deg;E? / -17.417; 145.750? (Bartle Frere Parish)",""
"Bellenden Ker","Cairns","17&deg;20&prime;S 145&deg;53&prime;E? / ?17.333&deg;S 145.883&deg;E? / -17.333; 145.883? (Bellenden Ker Parish)","Babinda"
"Cairns","Cairns","16&deg;53&prime;S 145&deg;40&prime;E? / ?16.883&deg;S 145.667&deg;E? / -16.883; 145.667? (Cairns Parish)","Cairns"
"Danbulla","Tablelands","17&deg;07&prime;S 145&deg;36&prime;E? / ?17.117&deg;S 145.600&deg;E? / -17.117; 145.600? (Danbulla Parish)",""
"Dinden","Mareeba","17&deg;00&prime;S 145&deg;34&prime;E? / ?17.000&deg;S 145.567&deg;E? / -17.000; 145.567? (Dinden Parish)",""
"Dirran","Tablelands","17&deg;30&prime;S 145&deg;37&prime;E? / ?17.500&deg;S 145.617&deg;E? / -17.500; 145.617? (Dirran Parish)","Tarzali"
"Dulanban","Cairns","16&deg;40&prime;S 145&deg;33&prime;E? / ?16.667&deg;S 145.550&deg;E? / -16.667; 145.550? (Dulanban Parish)",""
"East Barron","Tablelands","17&deg;19&prime;S 145&deg;33&prime;E? / ?17.317&deg;S 145.550&deg;E? / -17.317; 145.550? (East Barron Parish)","Yungaburra"
"Formartine","Mareeba","16&deg;52&prime;S 145&deg;29&prime;E? / ?16.867&deg;S 145.483&deg;E? / -16.867; 145.483? (Formartine Parish)",""
"Gadgarra","Tablelands","17&deg;15&prime;S 145&deg;44&prime;E? / ?17.250&deg;S 145.733&deg;E? / -17.250; 145.733? (Gadgarra Parish)",""
"Glady","Cassowary Coast","17&deg;28&prime;S 145&deg;56&prime;E? / ?17.467&deg;S 145.933&deg;E? / -17.467; 145.933? (Glady Parish)","Flying Fish Point"
"Grafton","Cairns","17&deg;05&prime;S 145&deg;44&prime;E? / ?17.083&deg;S 145.733&deg;E? / -17.083; 145.733? (Grafton Parish)","Edmonton"
"Hull","Cassowary Coast","17&deg;47&prime;S 146&deg;00&prime;E? / ?17.783&deg;S 146.000&deg;E? / -17.783; 146.000? (Hull Parish)","Silkwood"
"Japoon","Cassowary Coast","17&deg;44&prime;S 145&deg;55&prime;E? / ?17.733&deg;S 145.917&deg;E? / -17.733; 145.917? (Japoon Parish)","Japoon"
"Johnstone","Cassowary Coast","17&deg;36&prime;S 145&deg;55&prime;E? / ?17.600&deg;S 145.917&deg;E? / -17.600; 145.917? (Johnstone Parish)","Innisfail"
"Jordan","Cassowary Coast","17&deg;39&prime;S 145&deg;45&prime;E? / ?17.650&deg;S 145.750&deg;E? / -17.650; 145.750? (Jordan Parish)",""
"Malanda","Tablelands","17&deg;22&prime;S 145&deg;37&prime;E? / ?17.367&deg;S 145.617&deg;E? / -17.367; 145.617? (Malanda Parish)","Malanda"
"Monamona","Mareeba","16&deg;46&prime;S 145&deg;30&prime;E? / ?16.767&deg;S 145.500&deg;E? / -16.767; 145.500? (Monamona Parish)",""
"Mourilyan","Cassowary Coast","17&deg;37&prime;S 146&deg;03&prime;E? / ?17.617&deg;S 146.050&deg;E? / -17.617; 146.050? (Mourilyan Parish)","Mourilyan"
"Russell","Cairns","17&deg;19&prime;S 145&deg;59&prime;E? / ?17.317&deg;S 145.983&deg;E? / -17.317; 145.983? (Russell Parish)","Bramston Beach"
"Smithfield","Tablelands","16&deg;46&prime;S 145&deg;38&prime;E? / ?16.767&deg;S 145.633&deg;E? / -16.767; 145.633? (Smithfield Parish)","Northern Beaches"
"Sophia","Cairns","17&deg;07&prime;S 145&deg;52&prime;E? / ?17.117&deg;S 145.867&deg;E? / -17.117; 145.867? (Sophia Parish)","Aloomba"
"Tinaroo","Mareeba","17&deg;04&prime;S 145&deg;25&prime;E? / ?17.067&deg;S 145.417&deg;E? / -17.067; 145.417? (Tinaroo Parish)","Mareeba"
"Trinity","Cairns","16&deg;58&prime;S 145&deg;49&prime;E? / ?16.967&deg;S 145.817&deg;E? / -16.967; 145.817? (Trinity Parish)","Yarrabah"
