"Film","Year","Role","Notes"
"Hurry Up, Or I'll Be 30","1973","Petey","Also known as 'I Am Waiting No More'"
"One Flew Over the Cuckoo's Nest","1975","Martini",""
"Going Ape!","1981","Lazlo",""
"Terms of Endearment","1983","Vernon Dahlart",""
"Romancing the Stone","1984","Ralph",""
"The Ratings Game","1984","Vic De Salvo","Showtime Directing debut"
"Johnny Dangerously","1984","Burr",""
"The Jewel of the Nile","1985","Ralph",""
"Wise Guys","1986","Harry Valentini",""
"Ruthless People","1986","Sam Stone",""
"My Little Pony: The Movie","1986","The Grundle King","Voice"
"Throw Momma from the Train","1987","Owen Lift","Director"
"Tin Men","1987","Ernest Tilley",""
"Twins","1988","Vincent Benedict",""
"The War of the Roses","1989","Gavin D'Amato","Director"
"Other People's Money","1991","Larry Garfield",""
"Batman Returns","1992","The Penguin",""
"Hoffa","1992","Bobby Ciaro","Producer, Director"
"Jack the Bear","1993","John Leary",""
"Reality Bites","1994","N/A","Producer"
"Junior","1994","Larry Arbogast",""
"Pulp Fiction","1994","N/A","Executive producer"
"Renaissance Man","1994","Bill Rago",""
"Get Shorty","1995","Martin Weir",""
"Mars Attacks!","1996","Rude Gambler",""
"Matilda","1996","Harry Wormwood (Matilda's Father)","Director, Producer"
"Space Jam","1996","Mr. Swackhammer","Voice"
"The Rainmaker","1997","Deck Shifflet",""
"Gattaca","1997","N/A","Producer"
"Hercules","1997","Philoctetes","Voice"
"L.A. Confidential","1997","Sid Hudgens",""
"Living Out Loud","1998","",""
"The Big Kahuna","1999","Phil Cooper",""
"Man On The Moon","1999","George Shapiro","Producer"
"The Virgin Suicides","1999","Dr. Hornicker",""
"Drowning Mona","2000","Wyatt Rash",""
"Erin Brockovich","2000","N/A","Producer"
"How High","2000","N/A","Producer"
"Screwed","2000","Grover Cleaver",""
"Heist","2001","Bergman",""
"What's the Worst That Could Happen?","2001","Max Fairbanks",""
"Austin Powers in Goldmember","2002","Mini-Me","Cameo"
"Death to Smoochy","2002","Burke Bennet","Director"
"Big Fish","2003","Amos Calloway",""
"Camp","2003","N/A","Producer"
"Christmas in Love","2004","Brad LaGuardia",""
"Be Cool","2005","Martin Weir",""
"Marilyn Hotchkiss' Ballroom Dancing and Charm School","2005","Booth",""
"Relative Strangers","2006","Frank Menure",""
"The OH in Ohio","2006","Wayne",""
"Deck the Halls","2006","Buddy Hall",""
"The Good Night","2007","Mel","EVEN MONEY"
"Reno 911!: Miami","2007","The Mayor",""
"Just Add Water","2007","Merl",""
"Nobel Son","2007","Gastner",""
"No Place Like Home","2008","Cathkart","post-production"
"When in Rome","2009","TBA","filming"
