"Week","Player","Team","Position","Opponent","Key statistics and notes"
"1","Patrick Willis","San Francisco 49ers","Linebacker","Arizona Cardinals","11 tackles (9 solo), forced fumble"
"2","Patrick Willis (2)","San Francisco 49ers","Linebacker","St. Louis Rams","8 tackles (5 solo)"
"3","Dwayne Bowe","Kansas City Chiefs","Wide Receiver","Minnesota Vikings","5 receptions for 71 yards and 1 Touchdown"
"4","Dwayne Bowe (2)","Kansas City Chiefs","Wide Receiver","San Diego Chargers","8 receptions for 164 yards and 1 Touchdown"
"5","Nick Folk","Dallas Cowboys","Placekicker","Buffalo Bills","4-for-4 field goals, 1 extra point, onside kick, game-winning 53-yard field goal as time expired"
"6","Adrian Peterson","Minnesota Vikings","Running Back","Chicago Bears","20 carries for 224 yards and 3 Touchdowns (67, 73 and 35 yards); 128 kickoff return yards"
"7","Marshawn Lynch","Buffalo Bills","Running Back","Baltimore Ravens","27 carries for 84 yards and 1 Touchdown; 3 receptions for 14 yards"
"8","James Jones","Green Bay Packers","Wide Receiver","Denver Broncos","3 receptions for 107 yards and 1 Touchdown"
"9","Adrian Peterson (2)","Minnesota Vikings","Running Back","San Diego Chargers","30 carries for 296 yards (breaking the single-game NFL record) and 3 Touchdowns"
"10","Marshawn Lynch (2)","Buffalo Bills","Running Back","Miami Dolphins","19 carries for 61 yards and 1 Touchdown; 3 receptions for 24 yards"
"11","Ted Ginn, Jr.","Miami Dolphins","Wide Receiver","Philadelphia Eagles","87-yard punt return Touchdown; 4 receptions for 52 yards"
"12","Patrick Willis (3)","San Francisco 49ers","Linebacker","Arizona Cardinals","18 tackles (17 solo), half-sack"
"13","Trent Edwards","Buffalo Bills","Quarterback","Washington Redskins","22 completions in 36 attempts for 257 yards; game-winning 60-yard scoring drive"
"14","Trent Edwards (2)","Buffalo Bills","Quarterback","Miami Dolphins","11 completions in 23 attempts for 165 yards, 4 Touchdowns"
"15","Mason Crosby","Green Bay Packers","Placekicker","St. Louis Rams","4-for-4 field-goals (long of 50 yards); 3 extra points"
"16","Patrick Willis (4)","San Francisco 49ers","Linebacker","Tampa Bay Buccaneers","20 tackles (12 solo), 2 sacks, 1 forced fumble, 1 pass defensed"
"17","Brandon Jackson","Green Bay Packers","Running Back","Detroit Lions","20 carries for 113 yards; 2 receptions for 22 yards"
