"Conference","Nickname","Founded","Members","Sports","Headquarters"
"American Athletic Conference","The American","1979","10 (11 by July 2014)","21","Providence, Rhode Island"
"Atlantic Coast Conference","ACC","1953","15","25","Greensboro, North Carolina"
"Big Ten Conference","Big Ten","1896","12 (14 by July 2014)","26","Rosemont, Illinois"
"Big 12 Conference","Big 12","1996","10","21","Irving, Texas"
"Conference USA","C-USA","1995","16 (14 by July 2014)","21","Irving, Texas"
"Division I FBS Independents","","","6 (4 by July 2014, 3 by July 2015)","",""
"Mid-American Conference","MAC","1946","12","23","Cleveland, Ohio"
"Mountain West Conference","MW (official), , MWC (informal)","1999","11","19","Colorado Springs, Colorado"
"Pacific-12 Conference","Pac-12","1915","12","22","Walnut Creek, California"
"Southeastern Conference","SEC","1932","14","20","Birmingham, Alabama"
"Sun Belt Conference","Sun Belt","1976","10 (11 by July 2014)","17","New Orleans, Louisiana"
