"Club","Sport","League","Venue","Capacity"
"El Paso Chihuahuas","Baseball","AAA PCL","Southwest University Park","9,500"
"El Paso Patriots","Soccer","TBD","Patriot Stadium","3,000"
"El Paso Rhinos","Ice hockey","WSHL","Sierra Providence Event Center","5,250"
"UTEP Miners football","NCAA Division I FBS","Conference USA","Sun Bowl Stadium","51,500"
"UTEP Basketball men","NCAA Division I Basketball","Conference USA","Don Haskins Center","12,000"
"UTEP Basketball women","NCAA Division I Basketball","Conference USA","Memorial Gym","5,000"
"UTEP Women's soccer","NCAA Division I soccer","Conference USA","University Field","500"
