"No","Player","Height","Position","Year born","Current Club"
"4","Sandi ?ebular","1.94","Guard","1986","Unattached"
"5","Jaka Lakovi?","1.86","Guard","1978","AXA FC Barcelona"
"6","Aleksandar ?apin","1.86","Guard","1982","Whirlpool Varese"
"7","Goran Dragi?","1.88","Guard","1986","TAU Cer&aacute;mica"
"8","Rasho Nesterovi?","2.14","Center","1976","Toronto Raptors"
"9","Matja� Smodi&scaron;","2.05","Forward","1979","CSKA Moscow"
"10","Uro&scaron; Slokar","2.09","Center","1983","Triumph Lyubertsy"
"11","Jaka Klobu?ar","1.94","Guard","1987","Geoplin Slovan"
"12","Goran Jagodnik","2.02","Forward","1974","Hemofarm"
"13","Domen Lorbek","1.96","Guard","1985","MMT Estudiantes"
"14","Ga&scaron;per Vidmar","2.08","Center","1987","Fenerbah&ccedil;e &Uuml;lker"
"15","Erazem Lorbek","2.09","Center","1984","Lottomatica Roma"
