"Player","Pos.","DoB"
"&Eacute;ric Cantona","FW","1966-05-24"
"Marcel Desailly","DF","1968-09-07"
"Didier Deschamps","MF","1968-10-15"
"Just Fontaine","FW","1933-08-18"
"Thierry Henry*","FW","1977-08-17"
"Raymond Kopa","MF","1931-10-31"
"Jean-Pierre Papin","FW","1963-11-05"
"Robert Pir&egrave;s","MF","1973-10-29"
"Michel Platini","MF","1955-06-21"
"Lilian Thuram","DF","1972-01-01"
"Marius Tr&eacute;sor","DF","1950-01-15"
"David Trezeguet*","FW","1977-10-15"
"Patrick Vieira","MF","1976-06-23"
"Zinedine Zidane","MF","1972-06-23"
