"Name of King","Horus (Throne) Name","Date","Pyramid","Queen(s)"
"Userkaf","Irimaat","2494 - 2487 BC","Pyramid, Saqqara","Khentkaus I"
"Sahure","Nebkhau","2487 - 2475 BC","Pyramid, Abusir","Neferetnebty"
"Neferirkare Kakai","Neferirkare","2475 - 2455 BC","Pyramid, Abusir","Khentkaus II"
"Shepseskare Isi","Shepseskare","2455 - 2448 BC","Abusir",""
"Neferefre","Neferkhau","2448 - 2445 BC","&quot;Unfinished Pyramid&quot;, Abusir",""
"Nyuserre Ini","Nyuserre","2445 - 2421 BC","Abusir","Reptynub"
"Menkauhor Kaiu","Menkauhor","2421 - 2414 BC","Headless Pyramid, Saqqara","Meresankh IV"
"Djedkare Isesi","Djedkare","2414 - 2375 BC","Pyramid, Saqqara",""
"Unas","Wadjtawy","2375 - 2345 BC","Pyramid, Saqqara","Nebet (queen)"
