"Organization","","","","",""
"Andean Community","","","","",""
"Asia-Pacific Economic Cooperation","","","","",""
"Association of Southeast Asian Nations","","","","",""
"ASEAN%E2%80%93China Free Trade Area","","","","",""
"Caribbean Community","","","","",""
"Central European Free Trade Agreement","","","","",""
"Closer Economic Partnership Arrangement","","","","",""
"","","","","",""
"","","","","",""
"Economic Community of West African States","","","","",""
"Eurasian Economic Community","","","","",""
"European Economic Area","","","","",""
"European Free Trade Association","","","","",""
"European Union","","","","",""
"Gulf Cooperation Council","","","","",""
"Mercado Comum del Sur","","","","",""
"","","","","",""
"North American Free Trade Agreement","","","","",""
"Union of South American Nations","","","","",""
"South Asian Association for Regional Cooperation","","","","",""
"Southern African Development Community","","","","",""