"","","",""
"Assateague State Park","","","",""
"","","","",""
"Big Run State Park","","","",""
"","","","",""
"","","","",""
"Calvert Cliffs State Park","","","",""
"Casselman Bridge, National Road","","","",""
"Bill Burton Fishing Pier State Park","","","",""
"Cunningham Falls State Park","","","",""
"Dans Mountain State Park","","","",""
"Deep Creek Lake State Park","","","",""
"","","","",""
"","","","",""
"","","","",""
"Elk Neck State Park","","","",""
"","","","",""
"Fort Frederick State Park","","","",""
"","","","",""
"Gambrill State Park","","","",""
"Gathland State Park","","","",""
"Greenbrier State Park","","","",""
"","","","",""
"Greenwell State Park","","","",""
"Gunpowder Falls State Park","","","",""
"","","","",""
"Hart-Miller Island State Park","","","",""
"Herrington Manor State Park","","","",""
"","","","",""
"","","","",""
"Janes Island State Park","","","",""
"","","","",""
"Martinak State Park","","","",""
"","","","",""
"Morgan Run Natural Environment Area","","","",""
"","","","",""
"New Germany State Park","","","",""
"Patapsco Valley State Park","","","",""
"Patuxent River State Park","","","",""
"Point Lookout State Park","","","",""
"Pocomoke River State Park","","","",""
"","","","",""
"","","","",""
"Rocks State Park","","","",""
"Rocky Gap State Park","","","",""
"St. Clement%27s Island State Park","","","",""
"St. Mary%27s River State Park","","","",""
"Sandy Point State Park","","","",""
"","","","",""
"Seneca Creek State Park","","","",""
"Smallwood State Park","","","",""
"","","","",""
"South Mountain State Park","","","",""
"Susquehanna State Park (Maryland)","","","",""
"Swallow Falls State Park","","","",""
"Tuckahoe State Park","","","",""
"Washington Monument State Park","","","",""
"Wye Oak State Park","","","",""