"#","Person","Date","Age","Cause of death"
"1","Keith Moon","7 September 1978","32","Drug overdose"
"2","Anna Nicole Smith","8 February 2007","39","Accidental drug overdose"
"3","Janis Joplin","4 October 1970","27","Drug overdose"
"4","Gianni Versace","15 July 1997","50","Andrew Cunanan"
"5","Nicole Brown Simpson","12 June 1994","35","Stabbed"
"6","Jim Morrison","3 July 1971","27","autopsy"
"7","David Koresh","19 April 1993","33","Suicide"
"8","Tupac Shakur","13 September 1996","25","Complications"
