"Brand Name","Drug Names (INN)","Date of FDA Approval","Company"
"Combivir","zidovudine","September 26, 1997","GlaxoSmithKline"
"Trizivir","abacavir","November 15, 2000","GlaxoSmithKline"
"Kaletra","lopinavir","September 15, 2000","Abbott Laboratories"
"Epzicom, Kivexa","abacavir + lamivudine","August 2, 2004","GlaxoSmithKline"
"Truvada","emtricitabine","August 8, 2006","Gilead Sciences"
"Atripla","efavirenz","July 12, 2006","Bristol-Myers Squibb"
"Complera","rilpivirine","August 10, 2011","Johnson &amp; Johnson"
"Stribild","elvitegravir, cobicistat","August 27, 2012","Gilead Sciences"
