"Former","Fate","Result","Year"
"Beitstad","Steinkjer","Steinkjer","1964"
"Egge","Steinkjer","Steinkjer","1964"
"Foldereid","Divided among several municipalities","H&oslash;ylandet, N&aelig;r&oslash;y","1964"
"Frol","Levanger","Levanger","1962"
"Gravvik","N&aelig;r&oslash;y","N&aelig;r&oslash;y","1964"
"Harran","Grong","Grong","1964"
"Hegra","Stj&oslash;rdal","Stj&oslash;rdal","1962"
"Klinga","Namsos","Namsos","1964"
"Kolvereid","N&aelig;r&oslash;y","N&aelig;r&oslash;y","1964"
"Kvam","Steinkjer","Steinkjer","1964"
"L&aring;nke","Stj&oslash;rdal","Stj&oslash;rdal","1962"
"Malm","Verran","Verran","1964"
"Mosvik og Verran","Split in two","Mosvik, Verran","1901"
"Mosvik","Inder&oslash;y","Inder&oslash;y","2012"
"Nedre Stj&oslash;rdal","Split in three","L&aring;nke, Skatval, Stj&oslash;rdal","1902"
"Nordli","S&oslash;rli","Lierne","1964"
"Ogndal","Steinkjer","Steinkjer","1964"
"Otter&oslash;y","Divided among several municipalities","Namdalseid, Namsos","1964"
"R&oslash;ra","Inder&oslash;y","Inder&oslash;y","1962"
"Sandvollan","Inder&oslash;y","Inder&oslash;y","1962"
"Skatval","Stj&oslash;rdal","Stj&oslash;rdal","1962"
"Skogn","Levanger","Levanger","1962"
"Sparbu","Steinkjer","Steinkjer","1964"
"Stj&oslash;rdalen","Split in two","Nedre Stj&oslash;rdal","1850"
"Stod","Steinkjer","Steinkjer","1964"
"S&oslash;rli","Nordli","Lierne","1964"
"Vemundvik","Namsos","Namsos","1964"
"Ytter&oslash;y","Levanger","Levanger","1964"
"&Oslash;vre Stj&oslash;rdal","Split in two","Hegra, Mer&aring;ker","1874"
"&Aring;sen","Levanger","Levanger","1962"
