"Player","Age","Pos","Home Town","College/prior","Drafting Team"
"Freddy Adu","14","M","Potomac, MD","US Under-17","D.C. United"
"Michael Bradley","16","M","Palatine, IL","US Under-17","MetroStars"
"Ryan Cochrane","20","D","Portland, OR","Santa Clara","San Jose Earthquakes"
"Steve Cronin","20","GK","Sacramento, CA","Santa Clara","San Jose Earthquakes"
"Clint Dempsey","20","M","Nacogdoches, TX","Furman","New England Revolution"
"Josh Gardner","21","M","Houston, TX","Cincinnati","Los Angeles Galaxy"
"Clarence Goodson","21","D","Springfield, VA","Maryland","Dallas Burn"
"Ned Grabavoy","20","M","New Lenox, IL","Indiana","Los Angeles Galaxy"
"Chad Marshall","19","D","Riverside, CA","Stanford","Columbus Crew"
"Danny Szetela","16","M","Clifton, NJ","US Under-17","Columbus Crew"
