"Parish","LGA","Coordinates"
"Baby","Warrumbungle Shire Council","31&deg;17&prime;54&Prime;S 149&deg;30&prime;04&Prime;E? / ?31.29833&deg;S 149.50111&deg;E? / -31.29833; 149.50111? (Baby)"
"Balumbridal","Warrumbungle Shire Council","31&deg;20&prime;54&Prime;S 149&deg;09&prime;04&Prime;E? / ?31.34833&deg;S 149.15111&deg;E? / -31.34833; 149.15111? (Balumbridal)"
"Bandulla","Warrumbungle Shire Council","31&deg;43&prime;54&Prime;S 149&deg;08&prime;04&Prime;E? / ?31.73167&deg;S 149.13444&deg;E? / -31.73167; 149.13444? (Bandulla)"
"Bearbong","Gilgandra Shire Council","31&deg;38&prime;54&Prime;S 148&deg;57&prime;04&Prime;E? / ?31.64833&deg;S 148.95111&deg;E? / -31.64833; 148.95111? (Bearbong)"
"Belar","Warrumbungle Shire Council","31&deg;29&prime;54&Prime;S 149&deg;15&prime;04&Prime;E? / ?31.49833&deg;S 149.25111&deg;E? / -31.49833; 149.25111? (Belar)"
"Biralbung","Gilgandra Shire Council","31&deg;38&prime;54&Prime;S 148&deg;48&prime;04&Prime;E? / ?31.64833&deg;S 148.80111&deg;E? / -31.64833; 148.80111? (Biralbung)"
"Bone Bone","Warrumbungle Shire Council","31&deg;35&prime;54&Prime;S 149&deg;10&prime;04&Prime;E? / ?31.59833&deg;S 149.16778&deg;E? / -31.59833; 149.16778? (Bone Bone)"
"Boyben","Gilgandra Shire Council","31&deg;46&prime;54&Prime;S 148&deg;52&prime;04&Prime;E? / ?31.78167&deg;S 148.86778&deg;E? / -31.78167; 148.86778? (Boyben)"
"Breelong","Gilgandra Shire Council","31&deg;44&prime;54&Prime;S 148&deg;48&prime;04&Prime;E? / ?31.74833&deg;S 148.80111&deg;E? / -31.74833; 148.80111? (Breelong)"
"Burrendah","Gilgandra Shire Council","31&deg;42&prime;54&Prime;S 148&deg;55&prime;04&Prime;E? / ?31.71500&deg;S 148.91778&deg;E? / -31.71500; 148.91778? (Burrendah)"
"Caigan","Warrumbungle Shire Council","31&deg;41&prime;54&Prime;S 149&deg;14&prime;04&Prime;E? / ?31.69833&deg;S 149.23444&deg;E? / -31.69833; 149.23444? (Caigan)"
"Callangoan","Gilgandra Shire Council","31&deg;29&prime;54&Prime;S 148&deg;36&prime;04&Prime;E? / ?31.49833&deg;S 148.60111&deg;E? / -31.49833; 148.60111? (Callangoan)"
"Caraghnan","Coonamble Shire Council","31&deg;17&prime;54&Prime;S 149&deg;01&prime;04&Prime;E? / ?31.29833&deg;S 149.01778&deg;E? / -31.29833; 149.01778? (Caraghnan)"
"Cobbinbil","Coonamble Shire Council","31&deg;18&prime;54&Prime;S 148&deg;39&prime;04&Prime;E? / ?31.31500&deg;S 148.65111&deg;E? / -31.31500; 148.65111? (Cobbinbil)"
"Coonabarabran","Warrumbungle Shire Council","31&deg;15&prime;54&Prime;S 149&deg;16&prime;04&Prime;E? / ?31.26500&deg;S 149.26778&deg;E? / -31.26500; 149.26778? (Coonabarabran)"
"Cuttabulloo","Warrumbungle Shire Council","31&deg;38&prime;54&Prime;S 149&deg;18&prime;04&Prime;E? / ?31.64833&deg;S 149.30111&deg;E? / -31.64833; 149.30111? (Cuttabulloo)"
"Deringulla","Warrumbungle Shire Council","31&deg;20&prime;54&Prime;S 149&deg;14&prime;04&Prime;E? / ?31.34833&deg;S 149.23444&deg;E? / -31.34833; 149.23444? (Deringulla)"
"Dilly","Gilgandra Shire Council","31&deg;31&prime;54&Prime;S 148&deg;54&prime;04&Prime;E? / ?31.53167&deg;S 148.90111&deg;E? / -31.53167; 148.90111? (Dilly)"
"Eringanerin","Gilgandra Shire Council","31&deg;41&prime;54&Prime;S 148&deg;42&prime;04&Prime;E? / ?31.69833&deg;S 148.70111&deg;E? / -31.69833; 148.70111? (Eringanerin)"
"Gowang","Warrumbungle Shire Council","31&deg;22&prime;54&Prime;S 149&deg;01&prime;04&Prime;E? / ?31.38167&deg;S 149.01778&deg;E? / -31.38167; 149.01778? (Gowang)"
"Greenbah","Warrumbungle Shire Council","31&deg;33&prime;54&Prime;S 149&deg;19&prime;04&Prime;E? / ?31.56500&deg;S 149.31778&deg;E? / -31.56500; 149.31778? (Greenbah)"
"Gulargambone","Coonamble Shire Council","31&deg;23&prime;54&Prime;S 148&deg;14&prime;04&Prime;E? / ?31.39833&deg;S 148.23444&deg;E? / -31.39833; 148.23444? (Gulargambone)"
"Gumin","Coonamble Shire Council","31&deg;17&prime;54&Prime;S 148&deg;53&prime;04&Prime;E? / ?31.29833&deg;S 148.88444&deg;E? / -31.29833; 148.88444? (Gumin)"
"Gundi","Warrumbungle Shire Council","31&deg;17&prime;54&Prime;S 149&deg;11&prime;04&Prime;E? / ?31.29833&deg;S 149.18444&deg;E? / -31.29833; 149.18444? (Gundi)"
"Kirban","Gilgandra Shire Council","31&deg;31&prime;54&Prime;S 149&deg;04&prime;04&Prime;E? / ?31.53167&deg;S 149.06778&deg;E? / -31.53167; 149.06778? (Kirban)"
"Mundar","Gilgandra Shire Council","31&deg;31&prime;54&Prime;S 148&deg;48&prime;04&Prime;E? / ?31.53167&deg;S 148.80111&deg;E? / -31.53167; 148.80111? (Mundar)"
"Naman","Coonamble Shire Council","31&deg;20&prime;54&Prime;S 149&deg;00&prime;04&Prime;E? / ?31.34833&deg;S 149.00111&deg;E? / -31.34833; 149.00111? (Naman)"
"Nandi","Warrumbungle Shire Council","31&deg;14&prime;54&Prime;S 149&deg;13&prime;04&Prime;E? / ?31.24833&deg;S 149.21778&deg;E? / -31.24833; 149.21778? (Nandi)"
"Orandelbinia","Warrumbungle Shire Council","31&deg;32&prime;54&Prime;S 149&deg;11&prime;04&Prime;E? / ?31.54833&deg;S 149.18444&deg;E? / -31.54833; 149.18444? (Orandelbinia)"
"Piangula","Gilgandra Shire Council","31&deg;38&prime;54&Prime;S 149&deg;02&prime;04&Prime;E? / ?31.64833&deg;S 149.03444&deg;E? / -31.64833; 149.03444? (Piangula)"
"Pibbon","Gilgandra Shire Council","31&deg;34&prime;54&Prime;S 149&deg;04&prime;04&Prime;E? / ?31.58167&deg;S 149.06778&deg;E? / -31.58167; 149.06778? (Pibbon)"
"Quandong","Coonamble Shire Council","31&deg;18&prime;54&Prime;S 148&deg;46&prime;04&Prime;E? / ?31.31500&deg;S 148.76778&deg;E? / -31.31500; 148.76778? (Quandong)"
"Tannabar","Warrumbungle Shire Council","31&deg;23&prime;54&Prime;S 149&deg;09&prime;04&Prime;E? / ?31.39833&deg;S 149.15111&deg;E? / -31.39833; 149.15111? (Tannabar)"
"Tarambijal","Coonamble Shire Council","31&deg;21&prime;54&Prime;S 148&deg;44&prime;04&Prime;E? / ?31.36500&deg;S 148.73444&deg;E? / -31.36500; 148.73444? (Tarambijal)"
"Terrabile","Gilgandra Shire Council","31&deg;31&prime;54&Prime;S 148&deg;42&prime;04&Prime;E? / ?31.53167&deg;S 148.70111&deg;E? / -31.53167; 148.70111? (Terrabile)"
"Timor","Warrumbungle Shire Council","31&deg;16&prime;54&Prime;S 149&deg;07&prime;04&Prime;E? / ?31.28167&deg;S 149.11778&deg;E? / -31.28167; 149.11778? (Timor)"
"Tonderburine","Coonamble Shire Council","31&deg;21&prime;54&Prime;S 148&deg;52&prime;04&Prime;E? / ?31.36500&deg;S 148.86778&deg;E? / -31.36500; 148.86778? (Tonderburine)"
"Tooraweenah","Gilgandra Shire Council","31&deg;27&prime;54&Prime;S 148&deg;54&prime;04&Prime;E? / ?31.46500&deg;S 148.90111&deg;E? / -31.46500; 148.90111? (Tooraweenah)"
"Uargon","Gilgandra Shire Council","31&deg;29&prime;54&Prime;S 149&deg;00&prime;04&Prime;E? / ?31.49833&deg;S 149.00111&deg;E? / -31.49833; 149.00111? (Uargon)"
"Ulamambri","Warrumbungle Shire Council","31&deg;14&prime;54&Prime;S 149&deg;30&prime;04&Prime;E? / ?31.24833&deg;S 149.50111&deg;E? / -31.24833; 149.50111? (Ulamambri)"
"Ulungra","Gilgandra Shire Council","31&deg;43&prime;54&Prime;S 149&deg;02&prime;04&Prime;E? / ?31.73167&deg;S 149.03444&deg;E? / -31.73167; 149.03444? (Ulungra)"
"Urabrible","Warrumbungle Shire Council","31&deg;19&prime;54&Prime;S 149&deg;17&prime;04&Prime;E? / ?31.33167&deg;S 149.28444&deg;E? / -31.33167; 149.28444? (Urabrible)"
"Wallumburrawang","Gilgandra Shire Council","31&deg;33&prime;54&Prime;S 149&deg;00&prime;04&Prime;E? / ?31.56500&deg;S 149.00111&deg;E? / -31.56500; 149.00111? (Wallumburrawang)"
"Wilber","Coonamble Shire Council","31&deg;17&prime;54&Prime;S 148&deg;33&prime;04&Prime;E? / ?31.29833&deg;S 148.55111&deg;E? / -31.29833; 148.55111? (Wilber)"
"Windurong","Gilgandra Shire Council","31&deg;27&prime;54&Prime;S 148&deg;40&prime;04&Prime;E? / ?31.46500&deg;S 148.66778&deg;E? / -31.46500; 148.66778? (Windurong)"
"Wingabutta","Warrumbungle Shire Council","31&deg;29&prime;54&Prime;S 149&deg;11&prime;04&Prime;E? / ?31.49833&deg;S 149.18444&deg;E? / -31.49833; 149.18444? (Wingabutta)"
"Woorut","Warrumbungle Shire Council","31&deg;18&prime;54&Prime;S 149&deg;04&prime;04&Prime;E? / ?31.31500&deg;S 149.06778&deg;E? / -31.31500; 149.06778? (Woorut)"
"Yalcogrin","Gilgandra Shire Council","31&deg;37&prime;54&Prime;S 148&deg;41&prime;04&Prime;E? / ?31.63167&deg;S 148.68444&deg;E? / -31.63167; 148.68444? (Yalcogrin)"
"Yarragrin","Warrumbungle Shire Council","31&deg;40&prime;54&Prime;S 149&deg;08&prime;04&Prime;E? / ?31.68167&deg;S 149.13444&deg;E? / -31.68167; 149.13444? (Yarragrin)"
"Yarrawin","Warrumbungle Shire Council","31&deg;24&prime;54&Prime;S 149&deg;15&prime;04&Prime;E? / ?31.41500&deg;S 149.25111&deg;E? / -31.41500; 149.25111? (Yarrawin)"
"Youlbung","Gilgandra Shire Council","31&deg;27&prime;54&Prime;S 148&deg;51&prime;04&Prime;E? / ?31.46500&deg;S 148.85111&deg;E? / -31.46500; 148.85111? (Youlbung)"
