"Year","Location","Links","Notes"
"1998","Moscow","website",""
"1999","Moscow","website",""
"2000","Moscow","website",""
"2001","Nizhny Novgorod","website",""
"2002","Nizhny Novgorod","website",""
"2003","Moscow","website",""
"2004","Moscow","website",""
"2005","Novosibirsk","website",""
"2006","Novosibirsk","website",""
"2007","Moscow","website",""
"2008","Moscow","website",""
"2009","Moscow","website",""
"2010","Saint-Petersburg","website",""
"2011","Moscow","website",""
"2012","Moscow","website",""
"2013","Vladivostok","website",""
