"Rank","County","MedianHouseholdIncome"
"1","Douglas County, Colorado","$82,929"
"2","Fairfax County, Virginia","$81,050"
"3","Loudoun County, Virginia","$80,648"
"4","Hunterdon County, New Jersey","$79,888"
"5","Los Alamos County, New Mexico","$78,993"
"6","Morris County, New Jersey","$77,340"
"7","Somerset County, New Jersey","$76,933"
"8","City of Falls Church, Virginia","$74,924"
"9","Santa Clara County, California","$74,335"
"10","Howard County, Maryland","$74,167"
"11","Suffolk County, New York","$73,979"
"12","Nassau County, New York","$72,030"
"13","Montgomery County, Maryland","$71,551"
"14","Marin County, California","$71,306"
"15","Fayette County, Georgia","$71,227"
"16","Hamilton County, Indiana","$71,026"
"17","Collin County, Texas","$70,835"
"18","San Mateo County, California","$70,819"
"19","Johnson County, Kansas","$69,817"
"20","Williamson County, Tennessee","$69,104"
"21","Forsyth County, Georgia","$68,890"
"22","Rockland County, New York","$67,971"
"23","DuPage County, Illinois","$67,887"
"24","City of Fairfax, Virginia","$67,642"
"25","Livingston County, Michigan","$67,400"
"26","Delaware County, Ohio","$67,258"
"27","Lake County, Illinois","$66,973"
"28","Stafford County, Virginia","$66,809"
"29","Scott County, Minnesota","$66,612"
"30","Washington County, Minnesota","$66,305"
"31","Prince William County, Virginia","$65,960"
"32","Calvert County, Maryland","$65,945"
"33","Carver County, Minnesota","$65,540"
"34","Columbia County, Georgia","$65,507"
"35","Chester County, Pennsylvania","$65,295"
"36","Putnam County, New York","$65,288"
"37","Sussex County, New Jersey","$65,266"
"38","Fairfield County, Connecticut","$65,249"
"39","Bergen County, New Jersey","$65,241"
"40","Rockwall County, Texas","$65,164"
"41","Summit County, Utah","$64,962"
"42","McHenry County, Illinois","$64,826"
"43","Kendall County, Illinois","$64,625"
"44","Monmouth County, New Jersey","$64,231"
"45","City and County of Broomfield, Colorado","$63,903"
"46","Fort Bend County, Texas","$63,831"
"47","Contra Costa County, California","$63,675"
"48","Westchester County, New York","$63,582"
"49","Norfolk County, Massachusetts","$63,432"
"50","Oldham County, Kentucky","$63,229"
"51","North Slope Borough, Alaska","$63,173"
"52","Arlington County, Virginia","$63,001"
"53","Waukesha County, Wisconsin","$62,839"
"54","Ozaukee County, Wisconsin","$62,745"
"55","Eagle County, Colorado","$62,682"
"56","Elbert County, Colorado","$62,480"
"57","Will County, Illinois","$62,238"
"58","Charles County, Maryland","$62,199"
"59","City and Borough of Juneau, Alaska","$62,034"
"60","Fauquier County, Virginia","$61,999"
"61","Oakland County, Michigan","$61,907"
"62","Orange County, California","$61,899"
"63","Dakota County, Minnesota","$61,863"
"64","Anne Arundel County, Maryland","$61,768"
"65","Middlesex County, New Jersey","$61,446"
"66","Aleutians West Census Area, Alaska","$61,406"
"67","City of Poquoson, Virginia","$60,920"
"68","Cherokee County, Georgia","$60,896"
"69","Montgomery County, Pennsylvania","$60,829"
"70","Middlesex County, Massachusetts","$60,821"
"71","City of Manassas Park, Virginia","$60,794"
"72","Williamson County, Texas","$60,642"
"73","Gwinnett County, Georgia","$60,537"
"74","City of Manassas, Virginia","$60,409"
"75","Frederick County, Maryland","$60,276"
"76","Geauga County, Ohio","$60,200"
"77","Carroll County, Maryland","$60,021"
"78","Bucks County, Pennsylvania","$59,727"
"79","Ventura County, California","$59,666"
"80","Pitkin County, Colorado","$59,375"
"81","Kane County, Illinois","$59,351"
"82","Hanover County, Virginia","$59,223"
"83","Middlesex County, Connecticut","$59,175"
"84","Tolland County, Connecticut","$59,044"
"85","Burlington County, New Jersey","$58,608"
"86","Chesterfield County, Virginia","$58,537"
"87","Cobb County, Georgia","$58,289"
"88","Denton County, Texas","$58,216"
"89","Rockingham County, New Hampshire","$58,150"
"90","York County, Virginia","$57,956"
"91","Warren County, Ohio","$57,952"
"92","Anoka County, Minnesota","$57,754"
"93","Placer County, California","$57,535"
"94","Spotsylvania County, Virginia","$57,525"
"95","San Benito County, California","$57,469"
"96","Jefferson County, Colorado","$57,339"
"97","Henry County, Georgia","$57,309"
"98","St. Charles County, Missouri","$57,258"
"99","Harford County, Maryland","$57,234"
"100","Queen Anne's County, Maryland","$57,037"
