"Character","Actor","Positions","Fields"
"Gregory House","Hugh Laurie","Head of the Department of Diagnostic Medicine","Infectious Diseases Nephrology"
"Lisa Cuddy","Lisa Edelstein","Chief Hospital Administrator Dean of Medicine Member of the Princeton-Plainsboro Hospital Board Member of the Organ Transplant Committee","Endocrinology"
"James Wilson","Robert Sean Leonard","Head of the Department of Oncology Member of the Princeton-Plainsboro Hospital Board Member of the Organ Transplant Committee","Oncology"
"Eric Foreman","Omar Epps","Physician , Department of Diagnostic Medicine (1&ndash;3, 4.04&ndash;) Head of Diagnostic Medicine at Mercy Hospital (4.01&ndash;4.03)","Neurology"
"Allison Cameron","Jennifer Morrison","Physician, Department of Diagnostic Medicine (1&ndash;3) Senior Attending Physician in the Emergency Room (4&ndash;) Member of the Budget Committee","Immunology"
"Robert Chase","Jesse Spencer","Physician, Department of Diagnostic Medicine (1&ndash;3) Surgeon (4&ndash;)","Intensive Care Medicine"
"Chris Taub","Peter Jacobson","Physician, Department of Diagnostic Medicine (4.02&ndash;)","Plastic Surgery"
"Lawrence Kutner","Kal Penn","Physician, Department of Diagnostic Medicine (4.02&ndash;)","Sports Medicine Rehabilitation Medicine"
"&quot; Thirteen &quot;","Olivia Wilde","Physician, Department of Diagnostic Medicine (4.02&ndash;)","Internal Medicine"
