"Championship","Champion(s)","Previous champion(s)","Date Won","Location","Event"
"IWF World Championship","Joe Legend","Volcano","July 28 , 2007","Moscow","Wrestliada 2007"
"IWF Championship","Anton Deryabin","Volcano","December 15 , 2007","Moscow","President's Cup 2007"
"IWF Tag Team Championship","Opposition (The Locomotive &amp; Rave)","Kazanova &amp; Ruslan Seryogin","December 15 , 2007","Moscow","President's Cup 2007"
"IWF Interregional Championship","Blue Thunder","Vladimir Kulakov","November 10 , 2007","Domodedovo","Dangerous Zone #31"
"IWF Hardcore Championship","Vladimir Kulakov","vacant","September 30 , 2007","Moscow","Dangerous Zone #29"
"IWF Women's Championship","Bonnie","Vicka Kamentsova","September 30 , 2007","Moscow","Dangerous Zone #29"
