"Rank","City","2012 city population[61]","2010 city population[62]","Change","Metropolitan Statistical Area","2012 metro population[63]","2010 metro population","2012 metro change"
"1","Des Moines","206,688","203,433","+1.60%","Des Moines-West Des Moines","588,999","569,633","+3.40%"
"2","Cedar Rapids","128,119","126,326","+1.42%","Cedar Rapids","261,761","257,940","+1.48%"
"3","Davenport","101,363","99,685","+1.68%","Quad Cities","382,630","379,690","+0.77%"
"4","Sioux City","82,719","82,684","+0.04%","Sioux City","168,921","168,825","+0.06%"
"5","Iowa City","70,133","67,862","+3.35%","Iowa City","158,231","152,586","+3.70%"
"6","Waterloo","68,297","68,406","&minus;0.16%","Waterloo-Cedar Falls","168,747","167,819","+0.55%"
"7","Council Bluffs","62,115","62,230","&minus;0.18%","Omaha-Council Bluffs","885,624","865,350","+2.34%"
"8","Ames","60,634","58,965","+2.83%","Ames","91,140","89,542","+1.78%"
"10","Dubuque","58,155","57,637","+0.90%","Dubuque","95,097","93,653","+1.54%"
