"Date","Artist","Single","Weeks at number one"
"4 January","Rick Astley","Never Gonna Give You Up","7 weeks"
"11 January","Rick Astley","&quot;Never Gonna Give You Up&quot;","7 weeks"
"18 January","George Michael","Faith","1-week"
"25 January","George Harrison","Got My Mind Set on You","1-week"
"1 February","Bill Medley, Jennifer Warnes","(I've Had) The Time of My Life","6 weeks"
"8 February","Bill Medley and Jennifer Warnes","&quot;(I've Had) The Time of My Life&quot;","6 weeks"
"15 February","Bill Medley and Jennifer Warnes","&quot;(I've Had) The Time of My Life&quot;","6 weeks"
"22 February","Bill Medley and Jennifer Warnes","&quot;(I've Had) The Time of My Life&quot;","6 weeks"
"29 February","Bill Medley and Jennifer Warnes","&quot;(I've Had) The Time of My Life&quot;","6 weeks"
"7 March","Bill Medley and Jennifer Warnes","&quot;(I've Had) The Time of My Life&quot;","6 weeks"
"14 March","Kylie Minogue","I Should Be So Lucky","6 weeks"
"21 March","Kylie Minogue","&quot;I Should Be So Lucky&quot;","6 weeks"
"28 March","Kylie Minogue","&quot;I Should Be So Lucky&quot;","6 weeks"
"4 April","Kylie Minogue","&quot;I Should Be So Lucky&quot;","6 weeks"
"11 April","Kylie Minogue","&quot;I Should Be So Lucky&quot;","6 weeks"
"18 April","Kylie Minogue","&quot;I Should Be So Lucky&quot;","6 weeks"
"25 April","Billy Ocean","Get Outta My Dreams, Get Into My Car","5 weeks"
"2 May","Billy Ocean","&quot;Get Outta My Dreams, Get Into My Car&quot;","5 weeks"
"9 May","Billy Ocean","&quot;Get Outta My Dreams, Get Into My Car&quot;","5 weeks"
"16 May","Billy Ocean","&quot;Get Outta My Dreams, Get Into My Car&quot;","5 weeks"
"23 May","Billy Ocean","&quot;Get Outta My Dreams, Get Into My Car&quot;","5 weeks"
"30 May","Cheap Trick","The Flame","3 weeks"
"6 June","Cheap Trick","&quot;The Flame&quot;","3 weeks"
"13 June","Cheap Trick","&quot;The Flame&quot;","3 weeks"
"20 June","Louis Armstrong","What a Wonderful World","2 weeks"
"27 June","Louis Armstrong","&quot;What a Wonderful World&quot;","2 weeks"
"4 July","Kylie Minogue","Got to Be Certain","4 weeks"
"11 July","Kylie Minogue","&quot;Got to Be Certain&quot;","4 weeks"
"18 July","Kylie Minogue","&quot;Got to Be Certain&quot;","4 weeks"
"25 July","Kylie Minogue","&quot;Got to Be Certain&quot;","4 weeks"
"1 August","John Farnham","Age of Reason","3 weeks"
"8 August","John Farnham","&quot;Age of Reason&quot;","3 weeks"
"15 August","John Farnham","&quot;Age of Reason&quot;","3 weeks"
"22 August","Fairground Attraction","Perfect","4 weeks"
"29 August","Fairground Attraction","&quot;Perfect&quot;","4 weeks"
"5 September","Fairground Attraction","&quot;Perfect&quot;","4 weeks"
"12 September","Fairground Attraction","&quot;Perfect&quot;","4 weeks"
"19 September","Robert Palmer","Simply Irresistible","5 weeks"
"26 September","Robert Palmer","&quot;Simply Irresistible&quot;","5 weeks"
"3 October","Robert Palmer","&quot;Simply Irresistible&quot;","5 weeks"
"10 October","Robert Palmer","&quot;Simply Irresistible&quot;","5 weeks"
"17 October","Robert Palmer","&quot;Simply Irresistible&quot;","5 weeks"
"24 October","U2","Desire","2 weeks"
"31 October","U2","&quot;Desire&quot;","2 weeks"
"7 November","Phil Collins","A Groovy Kind of Love","1-week"
"14 November","Bobby McFerrin","Don't Worry, Be Happy","6 weeks"
"21 November","Bobby McFerrin","&quot;Don't Worry, Be Happy&quot;","6 weeks"
"28 November","Bobby McFerrin","&quot;Don't Worry, Be Happy&quot;","6 weeks"
"5 December","Bobby McFerrin","&quot;Don't Worry, Be Happy&quot;","6 weeks"
"12 December","Bobby McFerrin","&quot;Don't Worry, Be Happy&quot;","6 weeks"
"19 December","Bobby McFerrin","&quot;Don't Worry, Be Happy&quot;","6 weeks"
"26 December","The Beach Boys","Kokomo","7 weeks"
