"Name","Birth","Death","Styles"
"Fredrik Pacius","1809","1891","opera"
"Jean Sibelius","1865","1957","choir, classical, vocal"
"Oskar Merikanto","1868","1924","classical"
"Armas Jarnefelt","1869","1958","classical"
"Erkki Melartin","1875","1937","classical, , opera"
"Ernst Mielck","1877","1899","classical"
"Selim Palmgren","1878","1951","impressionist"
"Toivo Kuula","1883","1918","classical"
"Armas Launis","1884","1959","opera"
"Leevi Madetoja","1887","1947","classical, , opera"
"Ernest Pingoud","1887","1942","classical, , first modernist"
"V&auml;in&ouml; Raitio","1891","1945","classical, , modernist"
"Yrj&ouml; Kilpinen","1892","1959","classical, , romantic"
"Aarre Merikanto","1893","1958","classical, , modernist"
