"Date","Guest","Promotion"
"December 4","Nathan Lane","Butley,  (Broadway Play)"
"December 5","John Danforth","Faith and Politics"
"December 6","Eve Herold","ISBN 1-4039-7499-3"
"December 7","Ed Viesturs","ISBN 0-7679-2470-3"
"December 11","Lincoln Chafee",""
"December 12","Fareed Zakaria",""
"December 13","Ricky Gervais","Night at the Museum"
"December 14","Rajiv Chandrasekaran","ISBN 1-4000-4487-1"
"December 18","Tom Vilsack",""
"December 19","Bill Kristol",""
"December 20","Ben Stiller","Night at the Museum"
