"Milestone","Date","Country","Mission"
"Earth","April 1961","USSR","Vostok 1"
"spacecraft","May 1961","USA","Freedom 7"
"First one-day flight","August 1961","USSR","Vostok 2"
"rendezvous","August 1962","USSR","Vostok 3, Vostok 4"
"First flight over three days long","August 1962","USSR","Vostok 3"
"First woman in space","June 1963","USSR","Vostok 6"
"First multi-person crew (3) on board one spacecraft","October 1964","USSR","Voskhod 1"
"EVA","March 1965","USSR","Voskhod 2"
"First crewed spacecraft to change orbit","March 1965","USA","Gemini 3"
"First crewed mission over seven days long (long enough for a mission to the Moon and back)","August 1965","USA","Gemini 5"
"rendezvous in space","December 1965","USA","Gemini 6A"
"Longest flight of the decade (13 days, 18 hours)","December 1965","USA","Gemini 7"
"First docking with another spacecraft","March 1966","USA","Gemini 8"
"First extended EVA","June 1966","USA","Gemini 9A"
"Trans-Earth injection","December 1968","USA","Apollo 8"
"First docking between two crewed spacecraft in Earth orbit, also the first crew exchange in space","January 1969","USSR","Soyuz 4, Soyuz 5"
"Apollo Lunar Module","March 1969","USA","Apollo 9"
"landing on the Moon","July 1969","USA","Apollo 11"
