"Character","Rank","Actor","Position"
"James T. Kirk","TOS : Captain; ST I-IV : Rear Admiral, Upper Class; ST V-VII : Captain","William Shatner","Commanding Officer (through VI ); Chief of Starfleet Operations before I and again before II"
"Spock","TOS, ST I : Commander (called &quot;Lt. Commander&quot; early in series); ST II-VI : Captain","Leonard Nimoy","Executive (First) Officer and Science Officer; Commanding Officer before II ; Ambassador in TNG"
"Leonard McCoy (Bones)","TOS : Lt. Commander; ST I-VI : Commander; TNG : Admiral","DeForest Kelley","Chief Medical Officer"
"Montgomery &quot;Scotty&quot; Scott","TOS : Lt. Commander; ST I-II : Commander; ST III-VII, TNG : Captain (Commander insignia in IV )","James Doohan","Chief Engineer, Second Officer (through VI )"
"Hikaru Sulu","TOS : Lieutenant; ST I : Lt. Commander; ST II-V : Commander; ST VI, VOY : Captain","George Takei","Helm Officer (originally Astrophysicist); Captain of USS Excelsior in VI"
"Uhura","TOS : Lieutenant; ST I: Lt. Commander; ST II-VI : Commander","Nichelle Nichols","Communications Officer"
"Pavel Chekov","TOS : Ensign; ST I : Lieutenant; ST II-VII : Commander","Walter Koenig","Navigator ( TOS ); Weapons Officer ( I ); First Officer, USS Reliant ( II ); Navigator, Weapons Officer, and Chief of Security ( III-VI )"
"Christine Chapel","TOS : Enlisted Nurse; ST I, IV : Commander","Majel Barrett","Nurse ( TOS ); Medical Officer ( I ); Starfleet Headquarters Emergency Officer ( IV )"
"Janice Rand","TOS : Enlisted Yeoman; ST I, (III,) IV : NCO; ST VI, VOY : Commander","Grace Lee Whitney","Yeoman ( TOS ); Transporter Chief ( I ); Starfleet Headquarters Staff ( [III,] IV ) Communications and Executive Officer, USS Excelsior ( VI, VOY )"
