"Name","Life","Comments"
"J. D. Beresford","1873-1947","science fiction"
"Benjamin C. Bradlee","born 1921","The vice president and former executive editor of , The Washington Post, . He caught polio, aged 14, and was paralysed for several months. Bradlee believes the experience made him a different person."
"Spike Breakwell","born 1968","coma"
"Joe Bob Briggs","born 1953","Film critic"
"Harold Brooks-Baker","1933-2005","financier, journalist, publisher"
"Arthur C. Clarke","1917-2008","science-fiction, inventor"
"Patrick Cockburn","born 1950","A journalist whose memoir, , The Broken Boy,  recalls his childhood in 1950s Ireland when he caught polio, aged six."
"John Creasey","1908-1973","pseudonyms"
"Richmal Crompton","1890-1969","A writer most famous for her , Just William,  humorous short stories. She caught polio in 1923 and lost the use of her right leg. When it became physically too hard to continue her teaching career she gave it up to concentrate on writing.,  Crompton believed that she had &quot;a much more interesting life because of [her polio attack]&quot;."
"J. G. Farrell","1935-1979","Brasenose College, Oxford"
"Leonard Kriegel","born 1933","An author whose work include essays and memoirs on the subject of disability. He caught polio, aged eleven, which left him without the use of his legs."
"Peter Levi","1931-2000","Oxford, Jesuit"
"Alan Marshall","1902-1984","A writer best known for his autobiography , I Can Jump Puddles, . He caught polio, aged six, and walked with crutches afterwards."
"Martha Mason","1937-2009","iron lung"
"Rosalind Miles","born 1943","An author of fiction and non-fiction books. She caught polio, aged four, and spent several months in an iron lung."
"Gary Presley","born 1942","An essayist and author who contracted polio in 1959, leaving him near quadriplegic. Presley has had essays published by several major venues, both in print and online,including the New York Times, Salon and the Washington Post. His memoir,, Seven Wheelchairs: A Life Beyond Polio, , was published in 2008 by the University of Iowa Press and received favorable reviews in the New York Times and Kirkus Magazine."
"Peter Preston","born 1938","A journalist and former editor of , The Guardian, . He caught polio shortly after his father who died in a couple of days. Preston needed an iron lung to survive and was frequently in hospital for the next 18 months. His limbs were permanently affected as a result."
"John Herbert Quick","1861-1925","A writer best known for his trilogy on Iowa pioneers: , Vandemark's Folly, , , The Hawkeye,  and , The Invisible Woman, . Childhood polio deformed his feet restricting him indoors where he developed a love of reading."
"H. Ramakrishnan","born 1941","A journalist and speaker on disabled rights. Ramakrishna was paralysed by polio, aged two, and walks with leg braces."
"Jessie Sampter","1883-1938","Zionist"
"Marc Shell","born 1947","Harvard University, paralysis, stuttering"
"Bapsi Sidhwa","born 1938","partition of India"
"E. W. Swanton","1907-2000","cricket, POW, forced labour camps, Thai-Burma railway"
"Rosemary Tonks","born 1932","Tonks, a poet, was paralysed by polio for two months."
"Donald Tyerman","1908-1981","leg callipers, walking sticks"
"Leslie Waller","1923-2007","crime novels, novelisations"
"Emmett Watson","1918-2001","columnist, Seattle, Washington, sportswriter"
"Robert Anton Wilson","1932-2007","Elizabeth Kenny, post-polio syndrome, medical use of marijuana"
