"Superlative","Actress","Record Set","Year","Notes"
"Most Awards","Katharine Hepburn","4 awards","1981","Awards resulted from 12 nominations."
"Most Nominations","Meryl Streep","15 nominations","2013","Nominations resulted in 2 awards."
"Oldest Winner","Jessica Tandy","80 years old","1989","Driving Miss Daisy"
"Oldest Nominee","Emmanuelle Riva","85 years old","2012","Amour"
"Youngest Winner","Marlee Matlin","21 years old","1986","Children of a Lesser God"
"Youngest Nominee","Quvenzhan&eacute; Wallis","9 years old","2012","Beasts of the Southern Wild"
