"Score[6]","Opposition","Venue","City","Year"
"Inns &amp; 455 runs","Hampshire","Old Trafford","Manchester","1911"
"Inns &amp; 452 runs","Somerset","County Ground","Taunton","1895"
"Inns &amp; 348 runs","Derbyshire","Park Road Ground","Buxton","1975"
"Inns &amp; 330 runs","Kent","Angel Ground","Tonbridge","1892"
"Inns &amp; 291 runs","Kent","Old Trafford","Manchester","1895"
"Inns &amp; 273 runs","Leicestershire","Old Trafford","Manchester","1912"
"Inns &amp; 271 runs","Middlesex","Old Trafford","Manchester","1882"
"Inns &amp; 248 runs","Somerset","Old Trafford","Manchester","1910"
