"Character","Real Name","Joined in","Notes"
"Yondu","Yondu Udonta","Avengers vol. 1 #168 (February 1978)","Honorary membership."
"Martinex","Martinex T'Naga","Avengers vol. 1 #168 (February 1978)","Honorary membership."
"Charlie-27","","Avengers vol. 1 #168 (February 1978)","Honorary membership."
"Nikki","Nicholette Gold","Avengers vol. 1 #168 (February 1978)","Honorary membership."
"Starhawk","Stakar","Avengers vol. 1 #168 (February 1978)","Honorary membership."
"Aleta Ogord","Aleta Ogord","Avengers vol. 1 #168 (February 1978)","Honorary membership."
"Vance Astro","Vance Astrovik","Avengers vol. 1 #168 (February 1978)","A younger, alternate version of him also later joined as the superhero Justice (AKA Marvel Boy ). Honorary membership."
