"TC LID","IATA","Airport name","Community and province"
"CJA3","","Morden Regional Aerodrome","Morden"
"CJA5","","Nestor Falls Airport","Nestor Falls"
"CJA7","","Arcola Airport","Arcola"
"CJA8","","Deer Lake Water Aerodrome","Deer Lake"
"CJA9","","Hudson Water Aerodrome","Hudson"
"CJB2","","Carman/Friendship Field Airport","Carman"
"CJB3","","Steinbach Airport","Steinbach"
"CJB5","","Moosomin Airport","Moosomin"
"CJB6","","Gods Lake Airport","Gods Lake"
"CJB7","","Buffalo Narrows Water Aerodrome","Buffalo Narrows"
"CJB8","","Kyle Airport","Kyle"
"CJC2","","Craik Airport","Craik"
"CJC3","","Davidson Municipal Airport","Davidson"
"CJC4","","Central Butte Airport","Central Butte"
"CJC5","","Shaunavon Airport","Shaunavon"
"CJC6","","Hafford Airport","Hafford"
"CJC7","","Burditt Lake Water Aerodrome","Burditt Lake"
"CJC8","","Laurie River Airport","Laurie River"
"CJD2","","Cudworth Municipal Airport","Cudworth"
"CJD3","","Birch Hills Airport","Birch Hills"
"CJD5","","Leader Airport","Leader"
"CJD6","","Sand Point Lake Water Aerodrome","Sand Point Lake"
"CJD7","","Cambridge Bay Water Aerodrome","Cambridge Bay"
"CJD8","","Dryden Water Aerodrome","Dryden"
"CJD9","","Ignace Water Aerodrome","Ignace"
"CJE2","","Dore Lake Airport","Dore Lake"
"CJE3","","Weyburn Airport","Weyburn"
"CJE4","","Snow Lake Airport","Snow Lake"
"CJE5","","Glaslyn Airport","Glaslyn"
"CJE7","","Ashern Airport","Ashern"
"CJE8","","Ear Falls Water Aerodrome","Ear Falls"
"CJF2","","Carignan/Riv&egrave;re l'Acadie Water Aerodrome","Carignan"
"CJF3","","&Icirc;le-&agrave;-la-Crosse Airport","&Icirc;le-&agrave;-la-Crosse"
"CJF5","","West Poplar Airport","West Poplar"
"CJF6","","Armstrong Water Aerodrome","Armstrong"
"CJF8","","Biggar Airport","Biggar"
"CJG2","","Eatonia (Elvie Smith) Municipal Airport","Eatonia"
"CJG4","","Wrong Lake Airport","Wrong Lake"
"CJG6","","Kenora (Lake Of The Woods District Hospital) Heliport","Kenora"
"CJH3","","Maidstone Aerodrome","Maidstone"
"CJH6","","Atikokan Water Aerodrome","Atikokan"
"CJH8","","Leask Airport","Leask"
"CJJ2","","Glenboro Airport","Glenboro"
"CJJ3","","Wildwood/Loche Mist Farms Aerodrome","Wildwood"
"CJJ4","","Deloraine Airport","Deloraine"
"CJJ5","","Cabri Airport","Cabri"
"CJJ7","","Churchill Water Aerodrome","Churchill"
"CJJ8","","Macklin Airport","Macklin"
"CJK2","","Gunisao Lake Airport","Gunisao Lake"
"CJK3","","Beauval Airport","Beauval"
"CJK4","","Esterhazy Airport","Esterhazy"
"CJK5","","Gull Lake Airport","Gull Lake"
"CJK6","","Baker Lake Water Aerodrome","Baker Lake"
"CJK8","","Flin Flon/Channing Water Aerodrome","Flin Flon"
"CJK9","","Preeceville Airport","Preeceville"
"CJL2","","Hatchet Lake Airport","Hatchet Lake"
"CJL4","","La Loche Airport","La Loche"
"CJL5","","Winnipeg/Lyncrest Airport","Lyncrest"
"CJL7","","Confederation Lake Water Aerodrome","Confederation Lake"
"CJL8","","Kasba Lake Airport","Kasba Lake Lodge"
"CJL9","","Radisson Airport","Radisson"
"CJM2","","Ituna Airport","Ituna"
"CJM4","","Gravelbourg Airport","Gravelbourg"
"CJM5","","Frontier Airport","Frontier"
"CJM6","","Arborfield Airport","Arborfield"
"CJM8","","Fort Frances Water Aerodrome","Fort Frances"
"CJM9","","Kenora Water Aerodrome","Kenora"
"CJN2","","Kamsack Airport","Kamsack"
"CJN3","","Ignace Heliport","Ignace"
"CJN4","","Assiniboia Airport","Assiniboia"
"CJN5","","Saskatoon/Corman Air Park","Saskatoon"
"CJN7","","Little Churchill River/Dunlop's Fly In Lodge Aerodrome","Little Church River"
"CJN8","","Fort Reliance Water Aerodrome","Fort Reliance"
"CJP2","","Kerrobert Airport","Kerrobert"
"CJP3","","Savant Lake (Sturgeon Lake) Water Aerodrome","Savant Lake"
"CJP5","","Kasba Lake Water Aerodrome","Kasba Lake Lodge"
"CJP6","","Camsell Portage Airport","Camsell Portage"
"CJP7","","Bird River (Lac Du Bonnet) Airport","Lac Du Bonnet"
"CJP8","","Gillam Water Aerodrome","Gillam"
"CJP9","","Charlot River Airport","Charlot River"
"CJQ2","","Lampman Airport","Lampman"
"CJQ3","","Carlyle Airport","Carlyle"
"CJQ4","","Maple Creek Airport","Maple Creek"
"CJQ6","JQ6","Tanquary Fiord Airport","Tanquary Fiord"
"CJQ9","","Big Sand Lake Airport","Big Sand Lake"
"CJR2","","Luseland Airport","Luseland"
"CJR3","","The Pas/Grace Lake Airport","The Pas"
"CJR4","","Eston Airport","Eston"
"CJR5","","Gladstone Aerodrome","Glandstone"
"CJR7","","Canora Airport","Canora"
"CJR8","","McCreary Airport","McCreary"
"CJS2","","Malcolm Island Airport","Malcolm Island"
"CJS4","","Moose Jaw Municipal Airport","Moose Jaw"
"CJS5","","Killarney Municipal Airport","Killarney"
"CJS6","","Big Hook Wilderness Camp Water Aerodrome","Big Hook Wilderness Camp"
"CJS7","","Carman (South) Airport","Carman"
"CJS9","","Lac Du Bonnet (North) Water Aerodrome","Lac Du Bonnet"
"CJT3","","Knee Lake Airport","Knee Lake"
"CJT4","","Cumberland House Airport","Cumberland House"
"CJT5","","Melita Airport","Melita"
"CJT8","","Homewood Airport","Homewood"
"CJT9","","Leoville Airport","Leoville"
"CJU3","","Macdonald Airport","MacDonald"
"CJU4","","Humboldt Airport","Humboldt"
"CJU5","","Minnedosa Airport","Minnedosa"
"CJU6","","Arborg Airport","Arborg"
"CJU7","","Edam Airport","Edam"
"CJU9","","Lac La Croix Water Aerodrome","Lac La Croix"
"CJV2","","Neilburg Airport","Neilburg"
"CJV4","","Otter Lake Airport","Missinipe"
"CJV5","","Neepawa Airport","Neepawa"
"CJV7","SUR","Summer Beaver Airport","Summer Beaver"
"CJV8","","Grand Rapids Airport","Grand Rapids"
"CJV9","","Melville Municipal Airport","Melville"
"CJW2","","Oxbow Airport","Oxbow"
"CJW3","","Loon Lake Airport","Loon Lake"
"CJW4","","Pelican Narrows Airport","Pelican Narrows"
"CJW5","","Russell Airport","Russell"
"CJW7","","Cigar Lake Airport","Cigar Lake"
"CJW8","","Gunisao Lake Water Aerodrome","Gunisao Lake"
"CJX3","","La Ronge Heliport","La Ronge"
"CJX4","","Rosetown Airport","Rosetown"
"CJX5","","Souris Glenwood Industrial Air Park","Souris"
"CJX6","","Bird River Water Aerodrome","Lac Du Bonnet"
"CJX7","JX7","Arctic Bay Airport","Arctic Bay"
"CJX8","","Hatchet Lake Water Aerodrome","Hatchet Lake"
"CJY3","YTT","Tisdale Airport","Tisdale"
"CJY4","","Sandy Bay Airport","Sandy Bay"
"CJY5","","Strathclair Airport","Strathclair"
"CJY6","","Bissett Water Aerodrome","Bissett"
"CJZ2","","Portage La Prairie (North) Airport","Portage La Prairie"
"CJZ3","","Melfort (Miller Field) Aerodrome","Melfort"
"CJZ4","","Shellbrook Airport","Shellbrook"
"CJZ6","","Black Lake Water Aerodrome","Camp Grayling"
"CJZ9","","La Ronge Water Aerodrome","La Ronge"
