"No.","Name","Province","Birth/death","Term ofactive service","Term ofserviceas Chief","Length ofactive service","Lengthin daysas Chief","Appointed onadvice of","Law school","Position prior to appointment"
"1","William Buell Richards","Ontario","1815-89","September 30, 1875 - January 10, 1879","September 30, 1875 - January 10, 1879","1,199","1,199","Mackenzie","&mdash;","Court of Common Pleas"
"2","William Johnstone Ritchie","New Brunswick","1813-92","September 30, 1875 - September 25, 1892","January 11, 1879 - September 25, 1892","6,206","5,007","Mackenzie, Macdonald","&mdash;","Chief Justice of New Brunswick"
"3","Samuel Henry Strong","Ontario","1825-1909","September 30, 1875 - November 18, 1902","December 13, 1892 - November 18, 1902","9,911","3,627","Mackenzie, Thompson","&mdash;","Ontario Court of Error &amp; Appeal"
"4","Jean-Thomas Taschereau","Quebec","1814-93","September 30, 1875 - October 6, 1878","&mdash;","1,103","&mdash;","Mackenzie","&mdash;","Court of Queen's Bench of Quebec"
"5","T&eacute;lesphore Fournier","Quebec","1823-96","September 30, 1875 - September 12, 1895","&mdash;","7,288","&mdash;","Mackenzie","&mdash;","Postmaster General"
"6","William Alexander Henry","Nova Scotia","1816-88","September 30, 1875 - May 3, 1888","&mdash;","4,600","&mdash;","Mackenzie","&mdash;","Lawyer"
"7","Henri-Elz&eacute;ar Taschereau","Quebec","1836-1911","October 7, 1878 - May 2, 1906","November 21, 1902 - May 2, 1906","10,069","1,259","Mackenzie, Laurier","&mdash;","Quebec Superior Court"
"8","John Wellington Gwynne","Ontario","1814-1902","January 14, 1879 - January 7, 1902","&mdash;","8,394","&mdash;","Macdonald","&mdash;","Ontario Court of Error &amp; Appeal"
"9","Christopher Salmon Patterson","Ontario","1823-93","October 27, 1888 - July 24, 1893","&mdash;","1,732","&mdash;","Macdonald","&mdash;","Ontario Court of Error &amp; Appeal"
"10","Robert Sedgewick","Nova Scotia","1848-1906","February 18, 1893 - August 4, 1906","&mdash;","4,915","&mdash;","Thompson","&mdash;","Deputy Minister of Justice"
"11","George Edwin King","New Brunswick","1839-1901","September 21, 1893 - May 8, 1901","&mdash;","2,786","&mdash;","Thompson","&mdash;","Supreme Court of New Brunswick"
"12","D&eacute;sir&eacute; Girouard","Quebec","1836-1911","September 28, 1895 - March 22, 1911","&mdash;","5,654","&mdash;","Bowell","&mdash;","Member of Parliament, Jacques Cartier"
"13","Louis Henry Davies","Prince Edward Island","1845-1924","September 25, 1901 - May 1, 1924","November 23, 1918 - May 1, 1924","8,255","1,987","Laurier, Borden","&mdash;","Member of Parliament, West Queen's"
"14","David Mills","Ontario","1831-1903","February 8, 1902 - May 8, 1903","&mdash;","455","&mdash;","Laurier","&mdash;","Minister of Justice, Leader of the Government in the Senate"
"15","John Douglas Armour","Ontario","1830-1903","November 21, 1902 - July 11, 1903","&mdash;","233","&mdash;","Laurier","&mdash;","Chief Justice of Ontario"
"16","Wallace Nesbitt","Ontario","1858-1930","May 16, 1903 - October 4, 1905","&mdash;","873","&mdash;","Laurier","&mdash;","Lawyer"
"17","Albert Clements Killam","Manitoba","1849-1908","August 8, 1903 - February 6, 1905","&mdash;","549","&mdash;","Laurier","&mdash;","Chief Justice of Manitoba"
"18","John Idington","Ontario","1840-1928","February 10, 1905 - March 31, 1927","&mdash;","8,085","&mdash;","Laurier","&mdash;","High Court of Justice of Ontario"
"19","James Maclennan","Ontario","1833-1915","October 5, 1905 - February 13, 1909","&mdash;","1,228","&mdash;","Laurier","&mdash;","Court of Appeal for Ontario"
"20","Charles Fitzpatrick","Quebec","1853-1942","June 4, 1906 - November 21, 1918","June 4, 1906 - November 21, 1918","4,554","4,554","Laurier","&mdash;","Minister of Justice"
"21","Lyman Poore Duff","British Columbia","1865-1955","September 27, 1906 - January 2, 1944","March 17, 1933 - January 2, 1944","13,617","3,949","Laurier, Bennett","&mdash;","Supreme Court of British Columbia"
"22","Francis Alexander Anglin","Ontario","1865-1933","February 23, 1909 - February 28, 1933","September 16, 1924 - February 28, 1933","8,772","3,088","Laurier, King","&mdash;","High Court of Justice of Ontario (Exchequer Division)"
"23","Louis-Philippe Brodeur","Quebec","1862-1924","August 11, 1911 - October 10, 1923","&mdash;","4,444","&mdash;","Laurier","&mdash;","Minister of the Naval Service"
"24","Pierre-Basile Mignault","Quebec","1854-1945","October 25, 1918 - September 30, 1929","&mdash;","3,994","&mdash;","Borden","&mdash;","International Joint Commission"
"25","Arthur Cyrille Albert Malouin","Quebec","1857-1936","January 30, 1924 - October 1, 1924","&mdash;","246","&mdash;","King","&mdash;","Quebec Superior Court"
"26","Edmund Leslie Newcombe","Nova Scotia","1859-1931","September 16, 1924 - December 9, 1931","&mdash;","2,641","&mdash;","King","&mdash;","Deputy Minister of Justice"
"27","Thibaudeau Rinfret","Quebec","1879-1962","October 1, 1924 - June 22, 1954","January 8, 1944 - June 22, 1954","10,857","3,819","King","&mdash;","Quebec Superior Court"
"28","John Henderson Lamont","Saskatchewan","1865-1936","April 2, 1927 - March 10, 1936","&mdash;","3,266","&mdash;","King","&mdash;","Court of Appeal for Saskatchewan"
"29","Robert Smith","Ontario","1858-1942","May 18, 1927 - December 7, 1933","&mdash;","2,396","&mdash;","King","&mdash;","High Court of Justice of Ontario (Appellate Division)"
"30","Lawrence Arthur Dumoulin Cannon","Quebec","1877-1939","January 14, 1930 - December 25, 1939","&mdash;","3,633","&mdash;","King","&mdash;","Court of King's Bench for Quebec"
"31","Oswald Smith Crocket","New Brunswick","1868-1945","September 21, 1932 - April 13, 1943","&mdash;","3,857","&mdash;","Bennett","&mdash;","Supreme Court of New Brunswick"
"32","Frank Joseph Hughes","Ontario","1883-1967","March 17, 1933 - February 13, 1935","&mdash;","699","&mdash;","Bennett","&mdash;","Lawyer"
"33","Henry Hague Davis","Ontario","1885-1944","January 31, 1935 - June 30, 1944","&mdash;","3,439","&mdash;","Bennett","University of Toronto","Court of Appeal for Ontario"
"34","Patrick Kerwin","Ontario","1889-1963","July 20, 1935 - February 2, 1963","July 1, 1954 - February 2, 1963","10,060","3,139","Bennett, St. Laurent","&mdash;","High Court of Justice of Ontario"
"35","Albert Blellock Hudson","Manitoba","1875-1947","March 24, 1936 - January 6, 1947","&mdash;","3,941","&mdash;","King","&mdash;","Lawyer"
"36","Robert Taschereau","Quebec","1896-1970","February 9, 1940 - September 1, 1967","April 22, 1963 - September 1, 1967","10,067","1,549","King, Diefenbaker","&mdash;","Lawyer"
"37","Ivan Cleveland Rand","New Brunswick","1884-1969","April 22, 1943 - April 27, 1959","&mdash;","5,850","&mdash;","King","&mdash;","Lawyer"
"38","Roy Lindsay Kellock","Ontario","1893-1975","October 3, 1944 - January 15, 1958","&mdash;","4,853","&mdash;","King","&mdash;","Court of Appeal for Ontario"
"39","James Wilfred Estey","Saskatchewan","1889-1956","October 6, 1944 - January 22, 1956","&mdash;","4,126","&mdash;","King","&mdash;","Attorney General of Saskatchewan"
"40","Charles Holland Locke","British Columbia","1887-1980","June 3, 1947 - September 16, 1962","&mdash;","5,585","&mdash;","King","&mdash;","Lawyer"
"41","John Robert Cartwright","Ontario","1895-1979","December 22, 1949 - March 23, 1970","September 1, 1967 - March 23, 1970","7,397","935","St. Laurent, Pearson","&mdash;","Lawyer"
"42","Joseph Honor&eacute; G&eacute;rald Fauteux","Quebec","1900-80","December 22, 1949 - December 23, 1973","March 23, 1970 - December 23, 1973","8,768","1,372","St. Laurent, Trudeau","&mdash;","Quebec Superior Court"
"43","Douglas Charles Abbott","Quebec","1899-1987","July 1, 1954 - December 23, 1973","&mdash;","7,116","&mdash;","St. Laurent","&mdash;","Minister of Finance"
"44","Henry Grattan Nolan","Alberta","1893-1957","March 1, 1956 - July 8, 1957","&mdash;","495","&mdash;","St. Laurent","&mdash;","Lawyer"
"45","Ronald Martland","Alberta","1909-97","January 15, 1958 - February 10, 1982","&mdash;","8,793","&mdash;","Diefenbaker","&mdash;","Lawyer"
"46","Wilfred Judson","Ontario","1902-80","February 5, 1958 - July 20, 1977","&mdash;","7,106","&mdash;","Diefenbaker","&mdash;","High Court of Justice of Ontario"
"47","Roland Almon Ritchie","Nova Scotia","1910-88","May 5, 1959 - October 31, 1984","&mdash;","9,312","&mdash;","Diefenbaker","&mdash;","Lawyer"
"48","Emmett Matthew Hall","Saskatchewan","1898-1995","November 23, 1962 - March 1, 1973","&mdash;","3,752","&mdash;","Diefenbaker","University of Saskatchewan","Chief Justice of Saskatchewan"
"49","Wishart Flett Spence","Ontario","1904-98","May 30, 1963 - December 29, 1978","&mdash;","5,693","&mdash;","Pearson","&mdash;","High Court of Justice of Ontario"
"50","Louis-Philippe Pigeon","Quebec","1905-86","September 21, 1967 - February 8, 1980","&mdash;","4,524","&mdash;","Pearson","&mdash;","Lawyer"
"51","Bora Laskin","Ontario","1912-84","March 19, 1970 - March 26, 1984","December 27, 1973 - March 26, 1984","5,122","3,743","Trudeau","Osgoode Hall Law School, Harvard Law School","Court of Appeal for Ontario"
"52","Robert George Brian Dickson","Manitoba","1916-98","March 26, 1973 - June 30, 1990","April 18, 1984 - June 30, 1990","6,306","2,265","Trudeau","University of Manitoba","Manitoba Court of Appeal"
"53","Jean Beetz","Quebec","1927-91","January 1, 1974 - November 10, 1988","&mdash;","5,428","&mdash;","Trudeau","Universit&eacute; de Montr&eacute;al","Quebec Court of Appeal"
"54","Louis-Philippe de Grandpr&eacute;","Quebec","1917-2008","January 1, 1974 - October 1, 1977","&mdash;","1,370","&mdash;","Trudeau","McGill University","Canadian Bar Association"
"55","Willard Zebedee Estey","Ontario","1919-2002","September 29, 1977 - April 22, 1988","&mdash;","3,859","&mdash;","Trudeau","University of Saskatchewan","Chief Justice of Ontario"
"56","Yves Pratte","Quebec","1925-88","October 1, 1977 - June 30, 1979","&mdash;","638","&mdash;","Trudeau","Universit&eacute; Laval, University of Toronto","Chairman, Air Canada"
"57","William Rogers McIntyre","British Columbia","1918-2009","January 1, 1979 - February 15, 1989","&mdash;","3,699","&mdash;","Trudeau","University of Saskatchewan","British Columbia Court of Appeal"
"58","Julien Chouinard","Quebec","1929-87","September 24, 1979 - February 6, 1987","&mdash;","2,693","&mdash;","Clark","Universit&eacute; Laval","Quebec Court of Appeal"
"59","Antonio Lamer","Quebec","1933-2007","March 28, 1980 - January 6, 2000","July 1, 1990 - January 6, 2000","7,224","3,477","Trudeau, Mulroney","Universit&eacute; de Montr&eacute;al","Quebec Court of Appeal"
"60","Bertha Wilson","Ontario","1923-2007","March 4, 1982 - January 4, 1991","&mdash;","3,229","&mdash;","Trudeau","Dalhousie University","Court of Appeal for Ontario"
"61","Gerald Eric Le Dain","Ontario","1924-2007","May 29, 1984 - November 30, 1988","&mdash;","1,647","&mdash;","Trudeau","McGill University","Federal Court of Appeal"
"62","G&eacute;rard La Forest","New Brunswick","1926 -","January 16, 1985 - September 30, 1997","&mdash;","4,641","&mdash;","Mulroney","University of New Brunswick, Yale University","New Brunswick Court of Appeal"
"63","Claire L'Heureux-Dub&eacute;","Quebec","1927 -","April 15, 1987 - July 1, 2002","&mdash;","5,557","&mdash;","Mulroney","Universit&eacute; Laval","Quebec Court of Appeal"
"64","John Sopinka","Saskatchewan","1933-97","May 24, 1988 - November 24, 1997","&mdash;","3,472","&mdash;","Mulroney","University of Toronto","Lawyer"
"65","Charles Gonthier","Quebec","1928-2009","February 1, 1989 - August 1, 2003","&mdash;","5,295","&mdash;","Mulroney","McGill University","Quebec Court of Appeal"
"66","Peter Cory","Ontario","1925 -","February 1, 1989 - June 1, 1999","&mdash;","3,773","&mdash;","Mulroney","Osgoode Hall Law School","Court of Appeal for Ontario"
"67","Beverley McLachlin","British Columbia","1943 -","March 30, 1989 - present","January 7, 2000 - present","9,120","5,185","Mulroney, Chr&eacute;tien","University of Alberta","Supreme Court of British Columbia"
"68","William Stevenson","Alberta","1934 -","September 17, 1990 - June 5, 1992","&mdash;","628","&mdash;","Mulroney","University of Alberta","Court of Appeal of Alberta"
"69","Frank Iacobucci","Ontario","1937 -","January 7, 1991 - June 30, 2004","&mdash;","4,924","&mdash;","Mulroney","University of British Columbia, University of Cambridge","Federal Court"
"70","John C. Major","Alberta","1931 -","November 13, 1992 - December 25, 2005","&mdash;","4,791","&mdash;","Mulroney","University of Toronto","Court of Appeal of Alberta"
"71","Michel Bastarache","New Brunswick","1947 -","September 30, 1997 - June 30, 2008","&mdash;","3,926","&mdash;","Chr&eacute;tien","University of Ottawa","New Brunswick Court of Appeal"
"72","William Ian Corneil Binnie","Ontario","1939 -","January 8, 1998 - October 21, 2011","&mdash;","5,034","&mdash;","Chr&eacute;tien","Cambridge University","Lawyer"
"73","Louise Arbour","Ontario","1947 -","September 15, 1999 - June 30, 2004","&mdash;","1,751","&mdash;","Chr&eacute;tien","University of Ottawa","International Criminal Tribunal for the former Yugoslavia, Rwanda"
"74","Louis LeBel","Quebec","1939 -","January 7, 2000 - present","&mdash;","5,185","&mdash;","Chr&eacute;tien","Universit&eacute; Laval","Quebec Court of Appeal"
"75","Marie Deschamps","Quebec","1952 -","August 7, 2002 - August 7, 2012","&mdash;","3,653","&mdash;","Chr&eacute;tien","Universit&eacute; de Montr&eacute;al","Quebec Court of Appeal"
"76","Morris J. Fish","Quebec","1938 -","August 5, 2003 - August 31, 2013","&mdash;","3,680","&mdash;","Chr&eacute;tien","McGill University","Quebec Court of Appeal"
"77","Rosalie Abella","Ontario","1946 -","October 4, 2004 - present","&mdash;","3,453","&mdash;","Martin","University of Toronto","Court of Appeal for Ontario"
"78","Louise Charron","Ontario","1951 -","October 4, 2004 - August 30, 2011","&mdash;","2,521","&mdash;","Martin","University of Ottawa","Court of Appeal for Ontario"
"79","Marshall Rothstein","Manitoba","1940 -","March 1, 2006 - present","&mdash;","2,940","&mdash;","Harper","University of Manitoba","Federal Court of Appeal"
"80","Thomas Cromwell","Nova Scotia","1952 -","December 22, 2008 - present","&mdash;","1,913","&mdash;","Harper","Queen's University, University of Oxford","Nova Scotia Court of Appeal"
"81","Michael J. Moldaver","Ontario","1948 -","October 21, 2011 - present","&mdash;","880","&mdash;","Harper","University of Toronto","Court of Appeal for Ontario"
"82","Andromache Karakatsanis","Ontario","1955 -","October 21, 2011 - present","&mdash;","880","&mdash;","Harper","Osgoode Hall Law School","Court of Appeal for Ontario"
"83","Richard Wagner","Quebec","1957 -","October 5, 2012 - present","&mdash;","530","&mdash;","Harper","University of Ottawa","Quebec Court of Appeal"
"84","Marc Nadon","Quebec","1949 -","October 3, 2013 - present","&mdash;","167","&mdash;","Harper","Universit&eacute; de Sherbrooke","Federal Court of Appeal"
