"House","Year founded","Place of origin","Cuv&eacute;e de prestige(Premium label)Vintage where indicated","Parent group"
"Abel&eacute;","1757","Reims","Sourire de Reims","Freixenet"
"Ayala","1860","Ay","Grande Cuv&eacute;e , (Vintage)","Soci&eacute;t&eacute; Jacques Bollinger"
"Billecart-Salmon","1818","Mareuil-sur-Ay","Brut R&eacute;serve, Clos St Hilare","Independent"
"Binet","1849","Reims","Brut Elite, , Elite Ros&eacute; , (Ros&eacute; de saign&eacute;e), , Elite Blanc de Noirs, , M&eacute;daillon Rouge , (Vintage)","Independent"
"Boizel","1834","&Eacute;pernay","Joyau de France , (Vintage)","Groupe Boizel, Chanoine, Champagne (BCC)"
"Bollinger","1829","Ay","Vieilles Vignes Fran&ccedil;aises , (Vintage), , R.D. (R&eacute;cemment D&eacute;gorg&eacute;) , (Vintage)","Soci&eacute;t&eacute; Jacques Bollinger"
"Boulard","1952","La Neuville-aux-Larris","","Independent"
"Brice","1994","Bouzy","","Independent"
"Brun","1898","Ay","","Independent"
"Bruno Paillard","1981","Reims","Nec Plus Ultra , (Vintage), , brut premi&egrave;re cuv&eacute;e , (Vintage)","Independent"
"Burtin - Besserat de Bellefon","1843","&Eacute;pernay","Cuv&eacute;e des Moines","Lanson-BCC"
"Canard-Duch&ecirc;ne","1868","Ludes","Grande Cuv&eacute;e Charles VII","Groupe Thi&eacute;not"
"Cattier","1918","Chigny-les-Roses","Clos du Moulin","Independent"
"Chanoine Fr&egrave;res","1730","Reims","Gamme Tsarine","Groupe Boizel, Chanoine, Champagne (BCC)"
"Charles Heidsieck","1851","Reims","Blanc des Mill&eacute;naires , (Vintage)","R&eacute;my-Cointreau"
"Veuve Cheurlin","1919","Celles-sur-Ource","","Independent"
"Comte de Dampierre","1880","Chenay","","Independent"
"Cuperly","1977","Verzy","","Independent"
"De Castellane","1895","&Eacute;pernay","Commodore , (Vintage)","Laurent Perrier"
"De Cazanove","1811","Reims","Stradivarius","Groupe Rapeneau"
"De Telmont","1912","&Eacute;pernay","Commodore , (Vintage)","Laurent Perrier"
"De Venoge","1837","&Eacute;pernay","Grand Vin des Princes , (Vintage)","Groupe Boizel, Chanoine, Champagne"
"Delamotte","1760","Le Mesnil-sur-Oger","","Laurent-Perrier"
"Deregard Massing","1936","Avize","","Independent"
"Desmoulins","1908","&Eacute;pernay","","Independent"
"Deutz","1838","Ay","Amour de Deutz , (Vintage)","Louis Roederer"
"Dosnon &amp; Lepage","2007","Avirey-Lingey","","Independent"
"Duval-Leroy","1859","Vertus","Femme de Champagne , (above average years only), , Fleur de Champagne , (above average years only)","Family-owned"
"Gardet","1895","Chigny-les-Roses","","Independent"
"Henri Giraud","1975","Ay","",""
"Gosset","1584","Ay","Celebris , (Vintage), , Grand Mill&eacute;sime , (Vintage)","Renaud-Cointreau"
"Alfred Gratien","1864","&Eacute;pernay","","Henkell &amp; S&ouml;hnlein"
"Gueusquin","1994","Dizy","",""
"Heidsieck &amp; Co Monopole","1785","&Eacute;pernay","Diamant Bleu , (Vintage)","Vranken-Pommery Monopole"
"Henriot","1808","Reims","Cuv&eacute;e des Enchanteleurs , (Vintage), , brut Souverain , (Vintage)","Independent"
"Irroy","1820","Reims","",""
"Ivernel","1963","Ay","","Renaud-Cointreau"
"Jacquesson","1798","Dizy","Avize Grand Cru, (Vintage)","Independent"
"Jacquinot &amp; Fils","1947","&Eacute;pernay","",""
"Jeeper","1944","&Eacute;pernay","",""
"Joseph Perrier","1825","Ch&acirc;lons-en-Champagne","","Groupe Thi&eacute;not"
"Krug","1843","Reims","Krug , (Vintage), , Clos du Mesnil , (above average years only)","LVMH"
"Charles Lafitte","1848","&Eacute;pernay","Orgueil de France , (above average years only)","Vranken-Pommery Monopole"
"Ren&eacute;-James Lallier","1966","Ay","",""
"Lanson","1760","Reims","Noble Cuv&eacute;e , (Vintage)","Lanson-BCC"
"Laurent-Perrier","1812","Tours-sur-Marne","Grand Si&egrave;cle","Laurent Perrier"
"Lemoine","1857","Tours-sur-Marne","","Laurent Perrier"
"Lenoble","1920","Damery","",""
"Lombard &amp; Cie","1925","&Eacute;pernay","","Independent"
"Mansard Baillet","","&Eacute;pernay","","Rapeneau"
"Marie Stuart","1867","Reims","Cuv&eacute;e de la Sommeli&egrave;re, , Brut Mill&eacute;sim&eacute; , (Vintage)","Alain Thi&eacute;not"
"G.H. Martel &amp; Co.","1869","Reims","","Rapeneau"
"Mercier","1858","&Eacute;pernay","Vendange , (Vintage)","LVMH"
"Meunier &amp; Cie","1894","Ay","Cuvee du Fondateur",""
"Charles Mignon-L&eacute;on Launois","1995","&Eacute;pernay","","Stock company"
"Pierre Mignon","1970","Le Breuil","","Independent"
"Mo&euml;t &amp; Chandon","1743","&Eacute;pernay","Dom P&eacute;rignon , (Vintage)","LVMH"
"Montaudon","1891","Reims","","LVMH"
"Moutard-Diligent","1927","Buxeuil","Vieilles Vignes &quot;c&eacute;page Arbane&quot;, , Cuv&eacute;e &quot;6 C&eacute;pages&quot;","Independent"
"Mumm","1827","Reims","Mumm de Cramant","Pernod Ricard"
"Perrier-Jou&euml;t","1811","&Eacute;pernay","Belle &Eacute;poque , (Vintage)","Pernod Ricard"
"Philipponnat","1522","Mareuil-sur-Ay","Clos des Goisses , (Vintage)","Lanson-BCC"
"Piper-Heidsieck","1785","Reims","Rare","R&eacute;my-Cointreau"
"Pol Roger","1849","&Eacute;pernay","Sir Winston Churchill , (Vintage)","Independent"
"Pommery","1836","Reims","Cuv&eacute;e Louise , (Vintage)","Vranken-Pommery Monopole"
"Eug&egrave;ne Ralle","1925","Verzenay","",""
"Louis Roederer","1776","Reims","Cristal","Family-owned"
"Ruinart","1729","Reims","Dom Ruinart , (Vintage), , Ruinart blanc de blancs , (Vintage)","LVMH"
"Louis de Sacy","1967","Verzy","","Independent"
"Salon","","Le Mesnil-sur-Oger","Champagane Salon, (Vintage),","Laurent-Perrier"
"Cristian Senez","1973","Essoyes","","Independent"
"A. Soutiran","1990","Ambonnay","","Independent"
"Taittinger","1734","Reims","Comtes de Champagne , (Vintage)","Taittinger"
"Thi&eacute;not","1985","Reims","Cuv&eacute;e Alain Thi&eacute;not, (Vintage), , Cuv&eacute;e Stanislas, (Vintage), , Cuv&eacute;e Garance, (Vintage), , La vigne aux Gamins, (Vintage)","Groupe Thi&eacute;not"
"Veuve Clicquot Ponsardin","1772","Reims","La Grande Dame , (Vintage), , Carte jaune , (Vintage), , Clicquot Rich Reserve , (Vintage)","LVMH"
"Vranken","1979","&Eacute;pernay","Demoiselle , (above average years only),","Vranken-Pommery Monopole"
