"Name","Country","Region","Party","Group"
"Pasqualina Napoletano","Italy","Central","DS","PES"
"Juan Andr&eacute;s Naranjo Escobar","Spain","","PP","EPP-ED"
"Hartmut Nassauer","Germany","Hesse","CDU","EPP-ED"
"Mike Nattrass","United Kingdom","West Midlands","UKIP","IND/DEM"
"Robert Navarro","France","Sud-Ouest","PS","PES"
"C?t?lin-Ioan Nechifor from Dec 10 , 2007","Romania","","PSD","PES"
"Catherine Neris from Jul 4 , 2007","France","outre-mer","PS","PES"
"Bill Newton Dunn","United Kingdom","East Midlands","Lib Dem","ALDE"
"Annemie Neyts-Uyttebroeck","Belgium","Flemish Community","VLD / Vivant","ALDE"
"Emma Nicholson","United Kingdom","South East England","Lib Dem","ALDE"
"Jim Nicholson","United Kingdom","Northern Ireland","UUP","EPP-ED"
"Rare?-Lucian Niculescu from Dec 10 , 2007","Romania","","PSD","EPP-ED"
"Angelika Niebler","Germany","Bavaria","CSU","EPP-ED"
"Ljudmila Novak","Slovenia","","Nsi","EPP-ED"
