"Rank","Prime Minister","Length in days","Notes"
"1","Robert Menzies","6,740","Australia's longest serving Prime Minister had two non-consecutive terms in office. His second term, from 1949 to 1966, lasted a record 5883 days."
"2","John Howard","4,284","Australia's second longest serving Prime Minister."
"3","Bob Hawke","3,207","Australia's third longest serving Prime Minister. Longest serving Labor Prime Minister."
"4","Malcolm Fraser","2,678",""
"5","Billy Hughes","2,663","Hughes served as Prime Minister for three parties; Labor, National Labor, and Nationalist."
"6","Joseph Lyons","2,649","Died in office."
"7","Stanley Bruce","2,448",""
"8","Alfred Deakin","1,777","Served three non-consecutive terms, of 217 days, 1228 days, and 322 days, respectively."
"9","Andrew Fisher","1,761","Served three non-consecutive terms, of 202 days, 1156 days, and 406 days, respectively."
"10","Ben Chifley","1,621",""
"11","Paul Keating","1,544",""
"12","John Curtin","1,368","Died in office."
"13","John Gorton","1,156",""
"14","Gough Whitlam","1,072","Australia's only Prime Minister to have been sacked by the then Governor-General Sir John Kerr ."
"15","Edmund Barton","997","Australia's first Prime Minister."
"16","James Scullin","807",""
"17","Harold Holt","693","Died in office. Presumed to have drowned whilst swimming."
"18","William McMahon","637",""
"19","Joseph Cook","451",""
"20","George Reid","322",""
"21","Kevin Rudd","191","As at 11 June 2008. Sworn in on December 3."
"22","Chris Watson","113",""
"23","Arthur Fadden","40",""
"24","John McEwen","23","Served in the interim between the disappearance of Harold Holt and the election to the Liberal leadership of John Gorton ."
"25","Earle Page","20","Served in the interim between the death of Joseph Lyons and the election to the United Australia Party leadership of Robert Menzies ."
"26","Frank Forde","8","Served in the interim between the death of John Curtin and the election to the Labor leadership of Ben Chifley ."
