"Character name","Book","Author","Details","Reference"
"Denise Lambert","The Corrections","Jonathan Franzen","Lesbian",""
"Laura Landon","The Beebo Brinker Chronicles","Ann Bannon","Lesbian",""
"Renee LaRoche","Along the Journey River","Carole LaFavor","Lesbian protagonist",""
"Diana Leathaby","Tipping the Velvet","Sarah Waters","Lesbian; has a sexual relationship with the main character and other women.",""
"Nicolas de Lenfent","The Vampire Chronicles","Anne Rice","Probably gay. While human, Nicolas shares a sexual relationship with Lestat de Lioncourt.",""
"Maud Lilly","Fingersmith","Sarah Waters","Lesbian; main character who has a sexual/romantic relationship with another woman.",""
"Lestat de Lioncourt","The Vampire Chronicles","Anne Rice","Bisexual. Lestat is attracted to and has intense relationships with members of both sexes.",""
