"No","Title","Code","Episodes","Writer","Director","Original airdate"
"030","The Power of the Daleks","EE","6 episodes; (all missing)","David Whitaker (and Dennis Spooner)","Christopher Barry","5 November &ndash; 10 December 1966"
"031","The Highlanders","FF","4 episodes; (all missing)","Elwyn Jones and Gerry Davis","Hugh David","17 December 1966 &ndash; 7 January 1967"
"032","The Underwater Menace","GG","4 episodes; (1, 2 &amp; 4 missing)","Geoffrey Orme","Julia Smith","14 January &ndash; 4 February 1967"
"033","The Moonbase","HH","4 episodes; (1 &amp; 3 missing)","Kit Pedler","Morris Barry","11 February &ndash; 3 March 1967"
"034","The Macra Terror","JJ","4 episodes; (all missing)","Ian Stuart Black","John Howard Davies","11 March &ndash; 1 April 1967"
"035","The Faceless Ones","KK","6 episodes; (2, 4-6 missing)","David Ellis and Malcolm Hulke","Gerry Mill","8 April &ndash; 13 May 1967"
"036","The Evil of the Daleks","LL","7 episodes; (1, 3-7 missing)","David Whitaker","Derek Martinus","20 May &ndash; 1 July 1967"
