"#","Film","Date of original release"
"1","Snow White and the Seven Dwarfs","December 21 , 1937 (premiere) February 4 , 1938"
"2","Pinocchio","February 7 , 1940 (premiere) February 9 , 1940"
"3","Fantasia","November 13 , 1940 (premiere/ roadshow ) January 29 , 1941 (RKO roadshow) January 8 , 1942"
"4","Dumbo","October 23 , 1941"
"5","Bambi","August 13 , 1942 (limited) August 21 , 1942"
"6","Saludos Amigos","August 24 , 1942 ( Brazil ) February 6 , 1943 ( USA )"
"7","The Three Caballeros","December 21 , 1944 (premiere) February 3 , 1945"
"8","Make Mine Music","April 20 , 1946 (premiere) August 15 , 1946"
"9","Fun and Fancy Free","September 27 , 1947"
"10","Melody Time","May 27 , 1948"
"11","The Adventures of Ichabod and Mr. Toad","October 5 , 1949"
"12","Cinderella","February 15 , 1950"
"13","Alice in Wonderland","July 26 , 1951 (limited) July 28 , 1951"
"14","Peter Pan","February 5 , 1953"
"15","Lady and the Tramp","June 16 , 1955 (premiere) June 22 , 1955"
"16","Sleeping Beauty","January 29 , 1959"
"17","One Hundred and One Dalmatians","January 25 , 1961"
"18","The Sword in the Stone","December 25 , 1963"
"19","The Jungle Book","October 18 , 1967"
"20","The Aristocats","December 11 , 1970 (premiere) December 24 , 1970"
"21","Robin Hood","November 8 , 1973"
"22","The Many Adventures of Winnie the Pooh","March 11 , 1977"
"23","The Rescuers","June 22 , 1977"
"24","The Fox and the Hound","July 10 , 1981"
"25","The Black Cauldron","July 24 , 1985"
"26","The Great Mouse Detective","July 2 , 1986"
"27","Oliver &amp; Company","November 13 , 1988 (premiere) November 18 , 1988"
"28","The Little Mermaid","November 15 , 1989 (premiere) November 17 , 1989"
"29","The Rescuers Down Under","November 16 , 1990"
"30","Beauty and the Beast","November 13 , 1991 (limited) November 27 , 1991"
"31","Aladdin","November 11 , 1992 (limited) November 25 , 1992"
"32","The Lion King","June 15 , 1994 (limited) June 24 , 1994"
"33","Pocahontas","June 16 , 1995 (premiere) June 23 , 1995"
"34","The Hunchback of Notre Dame","(premiere) June 21 , 1996"
"35","Hercules","June 14 , 1997 (premiere) June 27 , 1997"
"36","Mulan","June 5 , 1998 (premiere) June 19 , 1998"
"37","Tarzan","June 18 , 1999"
"38","Fantasia 2000","December 17 , 1999 (premiere) December 31 , 1999 ( IMAX ) June 16 , 2000 (regular)"
"39","The Emperor's New Groove","December 10 , 2000 (premiere) December 15 , 2000"
"40","Atlantis: The Lost Empire","June 3 , 2001 (premiere) June 8 , 2001 (limited) June 15 , 2001"
"41","Lilo &amp; Stitch","June 16 , 2002 (premiere) June 21 , 2002"
"42","Treasure Planet","November 17 , 2002 (premiere) November 27 , 2002"
"43","Brother Bear","October 20 , 2003 (premiere) October 24 , 2003 (limited) November 1 , 2003"
"44","Home on the Range","March 21 , 2004 (premiere) April 2 , 2004"
"45","Chicken Little","October 30 , 2005 (premiere) November 4 , 2005"
"46","Meet the Robinsons","March 30 , 2007"
"47","Bolt","November 26 , 2008 10"
"48","The Princess and the Frog","December 25 , 2009 10"
"49","Rapunzel","Christmas 2010 10"
"50","King of the Elves","Christmas 2012 10"