"Host","Country","Game show(s) hosted"
"Robert Earle","United States","College Bowl,  (1962-70)"
"Noel Edmonds","United Kingdom","Come Dancing, , , Juke Box Jury,  (1979), , Telly Addicts,  (1985-98), , Deal or No Deal,  (2005-present), , Are You Smarter Than A 10 Year Old?,  (2007-10)"
"Geoff Edwards","United States","Hollywood's Talking,  (1973), , The New Treasure Hunt,  (1973-77/1981-82), , Jackpot,  (1974-75 &amp; 1989-90), , Shoot for the Stars,  (1977), , Play the Percentages,  (1980), , Starcade,  (1983), , Chain Reaction,  (1985-91)"
"Ralph Edwards","United States","Truth or Consequences,  (1941 &amp; 1950-52)"
"Billy Eichner","United States","Funny or Die's Billy on the Street,  (2011-present)"
"Bob Elliott","United States","The Name's the Same,  (1955)"
"Gordon Elliott","United States","To Tell the Truth,  (1990) , It's Your Chance of a Lifetime,  (2000)"
"Rob Elliott","Australia","Wheel of Fortune"
"Frank Elstner","Germany","Wetten, dass..?, , , Jeopardy!,  (1994-98)"
"Graham Elwood","United States","Cram,  (2003-04)"
"Ron Ely","United States","Face the Music,  (1980-82)"
"Larry Emdur","Australia","The Price Is Right, , , Cash Bonanza, , , Family Double Dare, , , The Main Event, , , Wheel of Fortune"
"Blake Emmons","Canada","The New Chain Reaction,  (1986)"
"Dick Enberg","United States","The Perfect Match,  (1967), , Sports Challenge,  (1971-79), , Baffle/All-Star Baffle,  (1973-74), , Three for the Money,  (1975)"
"Bill Engvall","United States","Lingo,  (2011)"
"Bob Eubanks","United States","The Newlywed Game,  (1966-74, 1977-80, 1985-89 &amp; 1998-2000), , The Diamond Head Game,  (1975), , Rhyme and Reason,  (1975-76), , All Star Secrets,  (1979), , Dream House,  (1983-84), , Trivia Trap,  (1984-85), , Card Sharks,  (1986-89), , Family Secrets,  (1993)"
"Wesley Eure","United States","Finders Keepers,  (1987-88)"
"Greg Evans","Australia","Perfect Match, , , Crossfire"
"Huw Evans","Australia","(UK)"
