"Name","Notability","References"
"Charles Coburn","Academy Award",""
"Dianna Agron","Quinn Fabray, Glee",""
"Desmond Harrington","2004 M&aacute;laga International Week of Fantastic Cinema Award winning actor, (Best Actor for Love Object)",""
"J. G. Hertzler","actor from , Star Trek Deep Space Nine,  series",""
"Miriam Hopkins","Golden Globe, Academy Award",""
"James Keach","actor and Producers Guild Awards nominated producer (2006: Motion Picture Producer of the Year Award Theatrical Motion Pictures for , Walk the Line, )",""
"Stacy Keach","Academy Award, Golden Globe",""
"Isabel Keating","Tony Award",""
"Mammy Lou","world's oldest actress",""
"Alicia Rhett","actress in the film , Gone with the Wind",""
"Diana Scarwid","Academy, Emmy Award",""
"Fredi Washington","1930's film actress who appeared in , The Emperor Jones,  and , Imitation of Life",""
