"Common name","Binomial","Status"
"Crested Finchbill","Spizixos canifrons",""
"Straw-headed Bulbul","Pycnonotus zeylanicus","Rare and globally vulnerable"
"Striated Bulbul","Pycnonotus striatus",""
"Black-and-white Bulbul","Pycnonotus melanoleucus","Rare"
"Black-headed Bulbul","Pycnonotus atriceps",""
"Black-crested Bulbul","Pycnonotus melanicterus",""
"Scaly-breasted Bulbul","Pycnonotus squamatus",""
"Grey-bellied Bulbul","Pycnonotus cyaniventris",""
"Red-whiskered Bulbul","Pycnonotus jocosus",""
"Brown-breasted Bulbul","Pycnonotus xanthorrhous",""
"Light-vented Bulbul","Pycnonotus sinensis",""
"Sooty-headed Bulbul","Pycnonotus aurigaster",""
"Puff-backed Bulbul","Pycnonotus eutilotus",""
"Stripe-throated Bulbul","Pycnonotus finlaysoni",""
"Flavescent Bulbul","Pycnonotus flavescens",""
"Yellow-vented Bulbul","Pycnonotus goiavier",""
"Olive-winged Bulbul","Pycnonotus plumosus",""
"Streak-eared Bulbul","Pycnonotus blanfordi",""
"Cream-vented Bulbul","Pycnonotus simplex",""
"Red-eyed Bulbul","Pycnonotus brunneus",""
"Spectacled Bulbul","Pycnonotus erythropthalmos",""
"Finsch's Bulbul","Alophoixus finschii",""
"White-throated Bulbul","Alophoixus flaveolus",""
"Puff-throated Bulbul","Alophoixus pallidus",""
"Ochraceous Bulbul","Alophoixus ochraceus",""
"Grey-cheeked Bulbul","Alophoixus bres",""
"Yellow-bellied Bulbul","Alophoixus phaeocephalus",""
"Hairy-backed Bulbul","Tricholestes criniger",""
"Olive Bulbul","Iole virescens",""
"Grey-eyed Bulbul","Iole propinqua",""
"Buff-vented Bulbul","Iole olivacea",""
"Streaked Bulbul","Ixos malaccensis",""
"Ashy Bulbul","Hemixos flavala",""
"Mountain Bulbul","Ixos mcclellandii",""
"Black Bulbul","Hypsipetes leucocephalus","Resident and winter visitor"
"White-headed Bulbul","Hypsipetes thompsoni",""
