"","River","Length (miles)","(km)"
"1","River Severn","220","354"
"2","River Thames","215","346"
"3","River Trent","185","297"
"4","River Great Ouse","143","230"
"5","River Wye","135","215"
"6","River Tay","117","188"
"7","River Spey","107","172"
"8","River Clyde","106","172"
"9","River Tweed","96","155"
"10","River Nene","91","148"
"11","River Eden, Cumbria","90","145"
"12","River Dee, Aberdeenshire","85","137"
"13","River Avon, Warwickshire","84","136"
"14","River Teme","81","130"
"15","River Don, Aberdeenshire","80","129"
"16","River Bann","76","122"
"17","River Ribble","75","120"
"18","River Tyne","73","118"
"=19","River Tees","70","113"
"=19","River Medway","70","113"
"20=","River Dee, Wales","70","112"
"20=","River Don, South Yorkshire","70","112"
"22","River Mersey","69","110"
