"Name","Original chapter","Notability","Reference"
"Name","Original chapter","Notability","Reference"
"Bernie Bickerstaff","Delta Epsilon","Cleveland Cavaliers, NBA",""
"Rolando Blackman","Beta Psi","Turkey national basketball team",""
"Bob Boozer","Beta Psi","1960 Summer Olympics",""
"Jason Capel","Theta Omicron","Appalachian State University, North Carolina Tar Heels",""
"Wilt Chamberlain","Mu","Basketball Hall of Fame, College Basketball Hall of Fame",""
"John Chaney","Gamma Theta","Cheyney University of Pennsylvania, Temple University, Basketball Hall of Fame",""
"Erick Dampier","Eta Upsilon","Former NBA Center.",""
"Alex English","Zeta Epsilon","Basketball Hall of Fame",""
"Mike Evans","Beta Psi","Moncton Miracles, NBL Canada",""
"James Green","Lambda Pi","Jacksonville State University",""
"Penny Hardaway","Kappa Beta","1996 Summer Olympics",""
"Leonard Hamilton","Zeta Kappa","Florida State University, Oklahoma State University, University of Miami",""
"Walt Hazzard","Upsilon","UCLA, UCLA, NCAA Championship, 1964 Summer Olympics",""
"Alan Henderson","Alpha","Former NBA Forward",""
"Allan Houston","Mu Rho","New York Knicks, Erie BayHawks, 2000 Summer Olympics",""
"Phil Hubbard","Sigma","1976 Summer Olympics",""
"Ben Jobe","Alpha Delta","Southern University",""
"K. C. Jones","Gamma Alpha","1956 Summer Olympics, Basketball Hall of Fame",""
"Sam Jones","Alpha Kappa","Basketball Hall of Fame",""
"Kerry Kittles","Delta Eta","Former NBA Guard",""
"Willie Naulls","Upsilon","Former NBA Forward. First African-American player to be named captain of a major professional sports team.",""
"Johnny Newman","Eta Xi","Former NBA Forward",""
"David Noel","Theta Omicron","Philippine Basketball Association, French LNB Pro A",""
"Sam Perkins","Fort Worth (TX) Alumni","1984 Summer Olympics",""
"Elliot Perry","Kappa Beta","Memphis Grizzlies",""
"Oscar Robertson","Beta Eta","Basketball Hall of Fame, College Basketball Hall of Fame, FIBA Hall of Fame, 1960 Summer Olympics, Oscar Robertson Trophy",""
"Bill Russell","Gamma Alpha","NBA Hall of Fame, Basketball Hall of Fame, College Basketball Hall of Fame, FIBA Hall of Fame, 1956 Summer Olympics, Presidential Medal of Freedom, NBA Finals Most Valuable Player Award",""
"Cazzie Russell","Sigma","CBA, College Basketball Hall of Fame",""
"Mark Tatum","Iota Phi","NBA, Commissioner, Chief Operating Officer",""
"Darrell Walker","Iota Tau","New York Knicks",""
"Lorenzen Wright","Kappa Beta","Former NBA Forward",""
