"Language Group name","Alternative names and/or component (sub-)groups","Geographical location","AIATSIS region"
"Ualarai","Yualarai, Yualloroi, Yowaleri, Uollaroi, Youallerie, Yualari, Yualai, Yerraleroi, Yowalri, Euahlayi, Juwaljai, Yuwalyai, Wallarai, Wolleroi, Walleri, Wollaroi, Noongahburrahs, Yuwaalaraay Yuwaaliyaay","New South Wales",""
"Ualayai","","New South Wales","Riverine"
"Umbindhamu","Barungguan","Queensland","East"
"Umede","Umida","Western Australia","Kimberley"
"Umpila","Ombila","Queensland","East"
"Undanbi","","Queensland",""
"Unjadi","","Queensland",""
"Uutaalnganu","","Queensland","East"
