"Name","Lifespan","Nationality","Achievements","Cause of Death"
"Georg Alexander Pick","1859-1943","Austrian","Pick's theorem","Theresienstadt"
"Otto Blumenthal","1876-1944","German","number theory, Mathematische Annalen","Theresienstadt"
"Felix Hausdorff","1868-1942","German","topology","Bonn"
"Friedrich Hartogs","1874-1943","German","several complex variables","Gro&szlig;hesselohe"
"Robert Remak","1888-1942","German","group theory, number theory, mathematical economics","Auschwitz"
"Adolf Lindenbaum","1904-1941","Polish","set theory","Vilnius"
"Antoni ?omnicki","1881-1941","Polish","Polish mathematician","Massacre of Lw&oacute;w"
"Stanis?aw Ruziewicz","1889-1941","Polish","Ruziewicz problem","Massacre of Lw&oacute;w"
"Stanis?aw Saks","1897-1942","Polish","measure theory","Warsaw"
"Juliusz Schauder","1899-1943","Polish","Schauder fixed point theorem","Lviv"
"W?odzimierz Sto?ek","1883-1941","Polish","Polish mathematician","Massacre of Lw&oacute;w"
"Alfred Tauber","1866-1942","Slovak","Tauberian theorems","Theresienstadt"
