"Jurisdiction","Wage (C$/h)","Effective date","Comments"
"Alberta","9.95","1 September 2013","Consumer Price Index"
"British Columbia","10.25","1 May 2012","$9.00 for liquor servers."
"Manitoba","10.45","1 October 2013","Workers involved in construction have a higher starting minimum wage."
"New Brunswick","10.00","1 April 2012",""
"Newfoundland and Labrador","10.00","1 July 2010",""
"Northwest Territories","10.00","1 April 2011",""
"Nova Scotia","10.30","1 April 2013","$9.80 for inexperienced workers (less than three months employed in the type of work they are hired to do).,  On 1 April of each year, this rate is to increase to reflect changes in Statistics Canada&rsquo;s Low Income Cut-Off figures for the previous year. In 2014 the increase will be at $10.40 ($9.90 for inexperienced workers)."
"Nunavut","11.00","1 January 2011","Currently the highest in Canada."
"Ontario","10.25","31 March 2010","Students (under age 18, working 28 hours or under per week while school is in session or work when there is a school break): $9.60; $10.30 effective June 1, 2014.Liquor servers: $8.90; $9.55 effective June 1, 2014.Homeworkers (includes students and overrides the student wage): $11.28; $12.10 effective June 1, 2014., The Ontario government's former custom was that, in any year when the minimum wage changes, the change takes effect on 31 March of that year.[14] However, the government decided to have the next minimum wage increase effective on June 1, 2014 instead to $11/hr.[15], Additional minimum wage increases would be announced on 1 April of that year, pending on the Consumer Price Index, with the change taking into effect on 1 October of that same year (legislation pending).[16]"
"Prince Edward Island","10.00","1 April 2012",""
"Qu&eacute;bec","10.15","1 May 2013","gratuities"
"Saskatchewan","10.00","1 December 2012",""
"Yukon","10.54","1 April 2013","Consumer Price Index"
