"Settlement","District","Population"
"Hemel Hempstead","Dacorum","82,074"
"Stevenage","Stevenage","80,973"
"Watford","Watford","79,726"
"St Albans","St Albans","64,038"
"Welwyn Garden City","Welwyn Hatfield","43,252"
"Cheshunt","Broxbourne","38,726"
"Bishop's Stortford","East Hertfordshire","34,929"
"Letchworth","North Hertfordshire","32,746"
"Borehamwood","Hertsmere","31,616"
"Hitchin","North Hertfordshire","30,769"
"Harpenden","St Albans","27,959"
"Hatfield","Welwyn Hatfield","27,883"
"Hertford","East Hertfordshire","24,180"
"Potters Bar","Hertsmere","21,639"
"Hoddesdon","Broxbourne","20,250"
"Ware","East Hertfordshire","17,133"
"Berkhamsted","Dacorum","16,243"
"Bushey","Hertsmere","14,488"
"Rickmansworth","Three Rivers","14,571"
"Royston","North Hertfordshire","14,366"
"Broxbourne","Broxbourne","13,298"
"South Oxhey","Three Rivers","11,983"
"Tring","Dacorum","11,635"
"Croxley Green","Three Rivers","11,520"
"Abbots Langley","Three Rivers","10,472"
"Baldock","North Hertfordshire","9,867"
"Waltham Cross","Broxbourne","9,539"
"Sawbridgeworth","East Hertfordshire","7,666"
"London Colney","St Albans","7,518"
"Chorleywood","Three Rivers","6,814"
