"Flag","Country","Foreign minister","Term"
"","Australia","Gareth Evans","1988-1996"
"","Fiji","Ratu Sir Kamisese Mara","1988-1992"
"","Kiribati","Ieremia Tabai","1983-1991"
"","Marshall Islands","Charles Dominick","1989-1992"
"","Micronesia","Andon Amaraich","1979-1991"
"","Nauru","Bernard Dowiyogo","1989-1995"
"","Cook Islands","Russell Marshall, Mike Moore, Don McKinnon, Inatio Akaruru","1987-1990, , 1990, , 1990-1999, , , 1989-1999"
"","Papua New Guinea","Sir Michael Somare","1988-1992"
"","Solomon Islands","Sir Baddeley Devesi","1989-1990, , 1990-1993"
"","Tonga","Prince Tupouto'a Tungi","1979-1998"
"","Tuvalu","Bikenibeu Paeniu","1989-1993"
"","Vanuatu","Donald Kalpokas","1987-1991"
"","Western Samoa","Tofilau Eti Alesana","1988-1998"
