"School","City / Town","Website","Size","Principal","Grades","IDOE Profile"
"Alexandria Monroe High School","Alexandria","Website","532","Mr Jim Regenold","09-12","Snapshot"
"Anderson High School","Anderson","Website","1560","Mr Philip W Nikirk","09-12","Snapshot"
"Anderson Preparatory Academy","Anderson","Website","","Mr Steve White","K-12",""
"Elwood Community High School","Elwood","Website","594","Mr. Chris Walker","09-12","Snapshot"
"Frankton Junior-Senior High School","Frankton","Website","667","Mr Jerry G Hoss","07-12","Snapshot"
"Highland High School","Anderson","Website","1485","Mrs Lucinda McCord","09-12","Snapshot"
"Lapel Junior-Senior High School","Lapel","Website","459","Mr Jerry Kemerly","07-12","Snapshot"
"Liberty Christian School","Anderson","Website","","","PK-12",""
"Pendleton Heights High School","Pendleton","Website","1117","Mr Glen Nelson","09-12","Snapshot"
