"Actor","Known from","Character","Episode"
"Michael Chiklis","The Shield","Steve",""The Stranded""
"Melinda Clarke","The OC","Alex",""The Muffin Tops""
"Courteney Cox","Friends","Meryl",""The Wife""
"Marcia Cross","Desperate Housewives","Dr. Sara Sitarides ("Pimple Popper M.D.")",""The Slicer""
"Suzanne Cryer","Two Guys and a Girl","Marcy, George's girlfriend who was big on the phrase"Yada Yada"",""The Yada Yada""
"Kristin Davis","Sex and the City","Jenna",""The Pothole","The Butter Shave""
"Bruce Davison","numerous TV and film roles","Wyck Fayer",""The Foundation","The Soul Mate","The Van Buren Boys""
"Brian Doyle-Murray","Saturday Night Live , Yes, Dear","Mel Sanger, the Bubble Boy's father",""The Bubble Boy""
"Lisa Edelstein","House M.D.","Karen",""The Mango"and"The Masseuse""
"David James Elliott","JAG","Carl, a pro-life furniture mover who dates Elaine",""The Couch""
"Cary Elwes","The Princess Bride","David",""The Wait Out""
"Jon Favreau","Swingers","Eric the Clown",""The Fire""
"Janeane Garofalo","comedian, political activist","Jeannie Steinman, the woman Jerry is briefly engaged to.",""The Invitations","The Foundation""
"Brad Garrett","Everybody Loves Raymond","Tony the mechanic",""The Bottle Deposit, Part 1"and"Part 2""
"Jami Gertz","Twister","Jane",""The Stall""
"Lauren Graham","Gilmore Girls","Valerie",""The Millennium""
"Teri Hatcher","Desperate Housewives","Sidra",""The Implant","The Pilot, Part 1"and"Part 2","The Finale""
"Mariska Hargitay","Law &amp; Order: Special Victims Unit","Melissa Shannon",""The Pilot, Part 1"and"The Pilot, Part 2""
"Carol Kane","Taxi , Hester Street","Corinne (the woman hit on the head with Elaine's organizer)",""The Marine Biologist""
"Catherine Keener","Capote , Being John Malkovich , The 40 Year Old Virgin","Nina",""The Letter""
"Daniel Dae Kim","Lost (TV series)","Student #1",""The Burning""
"Peter Krause","Six Feet Under","Tim",""The Limo""
"Jon Lovitz","Saturday Night Live","Gary Fogel",""The Scofflaw""
"Wendie Malick","Just Shoot Me","Wendy",""The Kiss Hello""
"Marlee Matlin","Children of a Lesser God","Laura",""The Lip Reader""
"Debra Messing","Will &amp; Grace","Beth",""The Wait Out","The Yada Yada""
"Christa Miller","The Drew Carey Show , Scrubs","Ellen, Paula",""The Sniffing Accountant"(Ellen),"The Doodle"(Paula )"
"Megan Mullally","Will &amp; Grace","Betsy",""The Implant""
"Patton Oswalt","The King of Queens","Barry, a video store clerk",""The Couch""
"Chris Parnell","Saturday Night Live","Jay Crespi",""The Butter Shave""
"Amanda Peet","The Whole Nine Yards","Linette",""The Summer of George""
"Jeremy Piven","Entourage","Michael Barth, playing George",""The Pilot, Part 1"and"Part 2""
"Brian Posehn","Just Shoot Me , The Sarah Silverman Program","Artie, a medical student",""The Burning""
"Judge Reinhold","Fast Times at Ridgemont High , Beverly Hills Cop","Aaron, the close-talker",""The Raincoats, Part 1"and"Part 2""
"Denise Richards","Wild Things","Molly",""The Shoes""
"Stephen Root","Office Space , Newsradio","a bank manager",""The Invitations""
"Debra Jo Rupp","That 70's Show","Katie",""The Diplomat's Club"and"The Abstinence""
"Rob Schneider","Saturday Night Live , Deuce Bigalow: Male Gigolo","Bob Grossberg from J. Peterman's business affairs department",""The Friars Club""
"Molly Shannon","Saturday Night Live","Sam",""The Summer of George""
"Armin Shimerman","Star Trek: Deep Space 9","Kramer's caddy",""The Caddy""
"Sarah Silverman","The Sarah Silverman Program","Emily",""The Money""
"Helen Slater","Supergirl","Becky Gelke",""The Good Samaritan""
"Jill St. John","Diamonds Are Forever","Mickey's mother, Mrs. Abbott",""The Yada Yada""
"Ben Stein","Win Ben Stein's Money","lawyer Shellbach",""The Comeback""
"French Stewart","3rd Rock From the Sun","Manager (at movie theater)",""The Opposite""
"Peter Stormare","Prison Break , Fargo , Armageddon","Slippery Pete",""The Frogger""
"Christine Taylor","Hey Dude , The Wedding Singer","Ellen",""The Van Buren Boys""
"Robert Wagner","Hart To Hart","Mickey's father, Dr. Abbott",""The Yada Yada""
"Maggie Wheeler","Friends , Ellen","Cynthia",""The Fix-Up""