"Highwayshield","Name","Length (Km)","Connects","Clients"
"","Penang Middle Ring Road","","Jalan Utama - Gelugor",", Malaysian Public Works Department (JKR)"
"","Batu Gajah Bypass","","Jalan Changkat - Kampung Batu Dua",", Malaysian Public Works Department (JKR)"
"","Jalan Uniten-Dengkil","","Uniten - Dengkil",", Malaysian Public Works Department (JKR)"
"","Kepong-Selayang Highway","","Kepong - Selayang",", Malaysian Public Works Department (JKR)"
"","Shah Alam-Batu Arang Highway, , (Puncak Alam Highway)","16.6","Shah Alam - Puncak Alam",", Malaysian Public Works Department (JKR)"
"","Jalan Datuk Wira Poh Ah Tiam, , (Klebang Highway)","","Kesidang - Klebang",", Malaysian Public Works Department (JKR)"
"","Jasin-NSE Highway","","Jasin interchange - Jalan Merlimau-Jasin",", PLUS Malaysia Berhad,  with its subsidiary , Projek Lebuhraya Usahasama Berhad, , , Malaysian Public Works Department (JKR)"
"","Iskandar Coastal Highway","","Danga Bay - Johor Bahru","Iskandar Region Development Authority (IRDA), , , Malaysian Public Works Department (JKR), , , Majlis Bandaraya Johor Bahru (MBJB)"
"","Kempas Highway","4","Jalan Kempas Lama - Jalan Tampoi",", PLUS Malaysia Berhad,  with its subsidiary , Projek Lebuhraya Usahasama Berhad, , , Malaysian Public Works Department (JKR)"
"","Kota Bharu-Kuala Krai Expressway","73","Kota Bharu - Kuala Krai",", Malaysian Public Works Department (JKR)"
"","Penang Undersea Tunnel, , (including , Teluk Bahang-Tanjung Bungah Pair Road, ,, , Air Itam Bypass,  and , George Town Outer Ring Road, )","7.2","Bagan Ajam - George Town",", Consortium Zenith BUCG Sdn Bhd"
