"Character","Rank","Actor","Position"
"Jonathan Archer","Captain","Scott Bakula","Captain and commanding officer of the Starship Enterprise."
"T'Pol","Subcommander (Vulcan High Command), later Commander (Starfleet)","Jolene Blalock","Second-in-command and Chief Science Officer; sole Vulcan regular crew member."
"Charles Tucker III","Commander","Connor Trinneer","Chief engineer."
"Malcolm Reed","Lieutenant","Dominic Keating","Tactical officer."
"Hoshi Sato","Ensign","Linda Park","Communications officer."
"Travis Mayweather","Ensign","Anthony Montgomery","Helm officer."
"Phlox","Chief Medical Officer","John Billingsley","The ship's Denobulan physician."
