"TC LID","IATA","Airport name","Community and province"
"CVB2","","Voisey's Bay Aerodrome","Voisey's Bay Mine"
"CVB6","","Val-d'Or (Huard) Water Aerodrome","Val-d'Or"
"CVF2","","Fergus (Vodarek Field) Aerodrome","Fergus"
"CVG8","","Vegerville (St. Joseph's Genereal Hospital) Heliport","Vegreville"
"CVH2","","Vermilion Health Centre Heliport","Vermilion"
"CVH7","","Vulcan (Hospital) Heliport","Vulcan"
"CVK2","","Viking Health Centre Heliport","Viking"
"CVL2","","Vulcan/Kirkcaldy Aerodrome","Vulcan"
"CVM2","","Victor Mine Aerodrome","Victor Mine"
"CVP2","","Montr&eacute;al/&Icirc;le Sainte-H&eacute;l&egrave;ne Water Airport","Saint Helen's Island, Quebec"
"CVS2","","Viking (South) Aerodrome","Viking"
"CVV2","","Valleyview (Health Centre)Heliport","Valleyview"
"CVW2","","Vernon/Wildlife Water Aerodrome","Vernon"
