"Rank","Centre","Location","Number of Stores"
"1","Chadstone Shopping Centre","Malvern East, Victoria","~530"
"2","Westfield Bondi Junction","Bondi Junction, New South Wales","522"
"3","Highpoint Shopping Centre","Maribyrnong, Victoria","500"
"4","Westfield Parramatta","Parramatta, New South Wales","498"
"5","Westfield Fountain Gate","Narre Warren, Victoria","440"
"6","Westfield Doncaster","Doncaster, Victoria","437"
"7","Westfield Carindale","Carindale, Queensland","419"
"8","Westfield Southland","Cheltenham, Victoria","416"
"9","Westfield Chermside","Chermside, Queensland","406"
"10","Westfield Miranda","Miranda, New South Wales","395"
"11","Melbourne Central Shopping Centre","Melbourne, Victoria","390"
"12","Robina Town Centre","Robina, Queensland","352"
"13","Westfield Knox","Wantirna South, Victoria","350"
"14","Westfield Penrith","Penrith, New South Wales","346"
"15","Westfield Liverpool","Liverpool, New South Wales","337"
"16","Westfield Hornsby","Hornsby, New South Wales","333"
"17","Westfield Marion","Marion, South Australia","332"
"18","Erina Fair","Erina, New South Wales","~330"
"19","Warringah Mall","Brookvale, New South Wales","329"
"20","Centro Bankstown","Bankstown, New South Wales","~320"
"21","Pacific Fair","Broadbeach, Queensland","314"
"22","Westfield Garden City","Mount Gravatt, Queensland","311"
"23","Castle Towers","Castle Hill, New South Wales","~310"
"24","Lakeside Joondalup Shopping City","Joondalup, Western Australia","301+"
"=25","Macarthur Square","Campbelltown, New South Wales","~300+"
"=25","Canberra Centre","City, Australian Capital Territory","300"
"26","Indooroopilly Shopping Centre","Indooroopilly, Queensland","~297"
"27","Westfield Eastgardens","Pagewood, New South Wales","294"
"28","Westfield Chatswood","Chatswood, New South Wales","293"
"29","Westpoint Blacktown","Blacktown, New South Wales","~290"
"30","Westfield Carousel","Cannington, Western Australia","282"
"31","Top Ryde City","Ryde, New South Wales","280,"
"32","Garden City, Booragoon","Booragoon, Western Australia","279"
"33","Macquarie Centre","North Ryde, New South Wales","274"
"34","Westfield Tuggerah","Tuggerah, New South Wales","273"
"35","Westfield Woden","Phillip, Australian Capital Territory","267"
"36","Bayside Shopping Centre","Frankston, Victoria","~260"
"37","Westfield Hurstville","Hurstville, New South Wales","257"
"=37","Westfield Whitford City","Hillarys, Western Australia","257"
"38","Westfield Tea Tree Plaza","Modbury, South Australia","254"
"39","Sunshine Plaza","Maroochydore, Queensland","~250+"
"40","Westfield Kotara","Kotara, New South Wales","238"
