"School","City / Town","Website","Size","Principal","Grades","IDOE Profile"
"Benjamin Bosse High School","Evansville","Website","855","Mr Robert W Adams","09-12","Snapshot"
"Evansville Central High School","Evansville","Website","1467","Mr John Russell","09-12","Snapshot"
"Christa McAuliffe Alternative Middle School","Evansville","","36","Mr Jay Hille","05-12","Snapshot"
"Evansville Day School","Evansville","Website","257","Mr Benjamin Hebebrand","PK-12","Snapshot"
"EVSC Juvenile Correctional Facility","Evansville","","","Dr Susan McDowell-Riley","09-12","Snapshot"
"Faith Heritage Christian School","Evansville","Website","63","Dr Greg Pounders","PK-12","Snapshot"
"Francis Joseph Reitz High School","Evansville","Website","1352","Ms Christine Settle","09-12","Snapshot"
"Henry Reis Educational Center","Evansville","Website","113","Mr Matory Bailey","09-12","Snapshot"
"Evansville Lutheran School","Evansville","Website","64","Tony Schull","K-12",""
"Mater Dei High School","Evansville","Website","591","Dr Anne Marie Williams","09-12","Snapshot"
"North High School","Evansville","Website","1506","Ms Brenda Weber","09-12","Snapshot"
"Reitz Memorial High School","Evansville","Website","840","Gwen Godsey","09-12","Snapshot"
"Evansville Signature School","Evansville","Website","277","Ms Vicki Snyder","09-12","Snapshot"
"Stanley Hall Enrichment Center","Evansville","Website","74","Ms Elizabeth McGovern","09-12","Snapshot"
"The Learning Center","Evansville","","84","Ms Gail Stewart","KG-12","Snapshot"
"William Henry Harrison High School","Evansville","Website","1427","Ms Janet Leistner","09-12","Snapshot"
