"Title","Year","Developer","Publisher","Regions released"
"James Bond 007: Agent Under Fire","2002","Electronic Arts","Electronic Arts","../../../../images/local/thumb/0/05/Invis_flag.png/22px-Invis_flag.png ../../../../images/shared/thumb/a/a4/Flag_of_the_United_States.svg/22px-Flag_of_the_United_States.svg.png ../../../../images/shared/thumb/b/b7/Flag_of_Europe.svg/22px-Flag_of_Europe.svg.png"
"James Bond 007: Everything or Nothing","2004","Electronic Arts","Electronic Arts","../../../../images/shared/thumb/9/9e/Flag_of_Japan.svg/22px-Flag_of_Japan.svg.png ../../../../images/shared/thumb/a/a4/Flag_of_the_United_States.svg/22px-Flag_of_the_United_States.svg.png ../../../../images/shared/thumb/b/b7/Flag_of_Europe.svg/22px-Flag_of_Europe.svg.png"
"James Bond 007: From Russia with Love","2005","Electronic Arts","Electronic Arts","../../../../images/local/thumb/0/05/Invis_flag.png/22px-Invis_flag.png ../../../../images/shared/thumb/a/a4/Flag_of_the_United_States.svg/22px-Flag_of_the_United_States.svg.png ../../../../images/shared/thumb/b/b7/Flag_of_Europe.svg/22px-Flag_of_Europe.svg.png"
"James Bond 007: Nightfire","2002","Eurocom","Electronic Arts","../../../../images/local/thumb/0/05/Invis_flag.png/22px-Invis_flag.png ../../../../images/shared/thumb/a/a4/Flag_of_the_United_States.svg/22px-Flag_of_the_United_States.svg.png ../../../../images/shared/thumb/b/b7/Flag_of_Europe.svg/22px-Flag_of_Europe.svg.png"
"Jeremy McGrath Supercross World","2002","Acclaim Entertainment","Acclaim Entertainment","../../../../images/local/thumb/0/05/Invis_flag.png/22px-Invis_flag.png ../../../../images/shared/thumb/a/a4/Flag_of_the_United_States.svg/22px-Flag_of_the_United_States.svg.png ../../../../images/shared/thumb/b/b7/Flag_of_Europe.svg/22px-Flag_of_Europe.svg.png"
"Jimmy Neutron: Boy Genius","2002","Big Sky Software","THQ","../../../../images/local/thumb/0/05/Invis_flag.png/22px-Invis_flag.png ../../../../images/shared/thumb/a/a4/Flag_of_the_United_States.svg/22px-Flag_of_the_United_States.svg.png ../../../../images/shared/thumb/b/b7/Flag_of_Europe.svg/22px-Flag_of_Europe.svg.png"
"Judge Dredd: Dredd Vs. Death","2003","Rebellion Developments","Evolved Games / Vivendi Games","../../../../images/local/thumb/0/05/Invis_flag.png/22px-Invis_flag.png ../../../../images/shared/thumb/a/a4/Flag_of_the_United_States.svg/22px-Flag_of_the_United_States.svg.png ../../../../images/shared/thumb/b/b7/Flag_of_Europe.svg/22px-Flag_of_Europe.svg.png"
