"Actor","Character(s)","Notes"
"Doris Grau","Lunchlady Doris","Grau was a member of the show's supporting cast and also worked as a script supervisor on the series.,  Grau appeared from 1991 until 1997, with her final appearances airing after her death in 1995."
"Phil Hartman","Troy McClure, Lionel Hutz","Hartman made the most guest appearances on the show, voicing characters between 1991 and 1998. Following Hartman's death, McClure and Hutz were retired from the show."
"Frank Welker","Santa's Little Helper, Snowball II","throat"
"Marcia Mitzman Gaven","Maude Flanders, Helen Lovejoy, Elizabeth Hoover","season 14"
"Jo Ann Harris","Various","Voiced various additional parts as part of the supporting cast between 1989 and 1992, but has not appeared since."
"Christopher Collins","Moe Syszlak, Mr. Burns, the presenter of , America's Most Armed and Dangerous","Some Enchanted Evening"
"Marcia Wallace","Mrs. Krabappel","Wallace appeared regularly on the show as Krabappel between 1990 and her death in 2013. She was always billed as a guest star despite appearing in 177 episodes at the time of her death.,  The character will be retired."
