"Name","Programming","Coverage","Signal","Web"
"Canal 24 Horas","News","Catalonia","DVB-T","http://www.rtve.es/"
"Cartoon Network","Infantil","Catalan Countries, Europe","DVB-C","http://www.cartoonnetwork.es/"
"Cartoon Network +1","Children","Catalan Countries, Spain","DVB-C","http://www.cartoonnetwork.es/"
"France 3","General","Catalan Countries, Europe","DVB-T","http://www.france3.fr/"
"La 1","General","Catalonia","DVB-T","http://www.rtve.es/"
"La 2","Cultural","Catalonia","DVB-T","http://www.rtve.es/"
"Tequilla","Sports","Catalan Countries, Europe","DVB-S","http://www.plus.es/taquilla/"
