"Name","USGS link","State","County","Coordinates"
"Bear Mountain","[1]","Alabama","St. Clair","33&deg;46&prime;05&Prime;N 086&deg;31&prime;34&Prime;W? / ?33.76806&deg;N 86.52611&deg;W? / 33.76806; -86.52611"
"Bear Mountain","[2]","Arkansas","Cleburne","35&deg;37&prime;23&Prime;N 092&deg;04&prime;03&Prime;W? / ?35.62306&deg;N 92.06750&deg;W? / 35.62306; -92.06750"
"Bear Mountain","[3]","Arkansas","Logan","35&deg;13&prime;45&Prime;N 093&deg;20&prime;50&Prime;W? / ?35.22917&deg;N 93.34722&deg;W? / 35.22917; -93.34722"
"Bear Mountain","[4]","Arkansas","Montgomery","34&deg;29&prime;00&Prime;N 093&deg;37&prime;22&Prime;W? / ?34.48333&deg;N 93.62278&deg;W? / 34.48333; -93.62278"
"Bear Mountain","[5]","Arkansas","Polk","34&deg;28&prime;48&Prime;N 094&deg;06&prime;39&Prime;W? / ?34.48000&deg;N 94.11083&deg;W? / 34.48000; -94.11083"
"Bear Mountain","[6]","Arkansas","Searcy","35&deg;45&prime;32&Prime;N 092&deg;48&prime;06&Prime;W? / ?35.75889&deg;N 92.80167&deg;W? / 35.75889; -92.80167"
"Bear Mountain","[7]","Arizona","Gila","33&deg;56&prime;07&Prime;N 110&deg;32&prime;05&Prime;W? / ?33.93528&deg;N 110.53472&deg;W? / 33.93528; -110.53472"
"Bear Mountain","[8]","Arizona","Greenlee","33&deg;32&prime;00&Prime;N 109&deg;08&prime;38&Prime;W? / ?33.53333&deg;N 109.14389&deg;W? / 33.53333; -109.14389"
"Bear Mountain","[9]","Arizona","Yavapai","34&deg;54&prime;50&Prime;N 112&deg;58&prime;34&Prime;W? / ?34.91389&deg;N 112.97611&deg;W? / 34.91389; -112.97611"
"Bear Mountain","[10]","Arizona","Yavapai","34&deg;55&prime;07&Prime;N 111&deg;53&prime;01&Prime;W? / ?34.91861&deg;N 111.88361&deg;W? / 34.91861; -111.88361"
"Bear Mountain","[11]","Connecticut","Fairfield","41&deg;26&prime;57&Prime;N 073&deg;27&prime;26&Prime;W? / ?41.44917&deg;N 73.45722&deg;W? / 41.44917; -73.45722"
"Bear Mountain","[12]","Connecticut","Litchfield","42&deg;02&prime;41&Prime;N 073&deg;27&prime;19&Prime;W? / ?42.04472&deg;N 73.45528&deg;W? / 42.04472; -73.45528"
"Bear Mountain","[13]","Georgia","Cherokee","34&deg;18&prime;48&Prime;N 084&deg;38&prime;53&Prime;W? / ?34.31333&deg;N 84.64806&deg;W? / 34.31333; -84.64806"
"Bear Mountain","[14]","Idaho","Bonner","48&deg;18&prime;31&Prime;N 116&deg;04&prime;02&Prime;W? / ?48.30861&deg;N 116.06722&deg;W? / 48.30861; -116.06722"
"Bear Mountain","[15]","Idaho","Custer","44&deg;21&prime;27&Prime;N 113&deg;27&prime;06&Prime;W? / ?44.35750&deg;N 113.45167&deg;W? / 44.35750; -113.45167"
"Bear Mountain","[16]","Idaho","Idaho","46&deg;25&prime;53&Prime;N 114&deg;55&prime;28&Prime;W? / ?46.43139&deg;N 114.92444&deg;W? / 46.43139; -114.92444"
"Bear Mountain","[17]","Kentucky","Madison","37&deg;32&prime;10&Prime;N 084&deg;15&prime;29&Prime;W? / ?37.53611&deg;N 84.25806&deg;W? / 37.53611; -84.25806"
"Bear Mountain","[18]","Massachusetts","Franklin","42&deg;29&prime;10&Prime;N 072&deg;51&prime;08&Prime;W? / ?42.48611&deg;N 72.85222&deg;W? / 42.48611; -72.85222"
"Bear Mountain","[19]","Massachusetts","Franklin","42&deg;35&prime;10&Prime;N 072&deg;23&prime;40&Prime;W? / ?42.58611&deg;N 72.39444&deg;W? / 42.58611; -72.39444"
"Bear Mountain","[20]","Michigan","Menominee","45&deg;21&prime;15&Prime;N 087&deg;51&prime;14&Prime;W? / ?45.35417&deg;N 87.85389&deg;W? / 45.35417; -87.85389"
"Bear Mountain","[21]","Missouri","Douglas","36&deg;51&prime;38&Prime;N 092&deg;13&prime;40&Prime;W? / ?36.86056&deg;N 92.22778&deg;W? / 36.86056; -92.22778"
"Bear Mountain","[22]","Missouri","Reynolds","37&deg;03&prime;17&Prime;N 090&deg;47&prime;22&Prime;W? / ?37.05472&deg;N 90.78944&deg;W? / 37.05472; -90.78944"
"Bear Mountain","[23]","Montana","Deer Lodge","45&deg;54&prime;38&Prime;N 113&deg;00&prime;27&Prime;W? / ?45.91056&deg;N 113.00750&deg;W? / 45.91056; -113.00750"
"Bear Mountain","[24]","Montana","Glacier","48&deg;57&prime;23&Prime;N 113&deg;45&prime;24&Prime;W? / ?48.95639&deg;N 113.75667&deg;W? / 48.95639; -113.75667"
"Bear Mountain","[25]","Montana","Jefferson","46&deg;13&prime;21&Prime;N 112&deg;19&prime;44&Prime;W? / ?46.22250&deg;N 112.32889&deg;W? / 46.22250; -112.32889"
"Bear Mountain","[26]","Montana","Meagher","46&deg;13&prime;01&Prime;N 110&deg;33&prime;43&Prime;W? / ?46.21694&deg;N 110.56194&deg;W? / 46.21694; -110.56194"
"Bear Mountain","[27]","Montana","Phillips","47&deg;56&prime;05&Prime;N 108&deg;28&prime;14&Prime;W? / ?47.93472&deg;N 108.47056&deg;W? / 47.93472; -108.47056"
"Bear Mountain","[28]","North Carolina","Jackson","35&deg;09&prime;53&Prime;N 083&deg;04&prime;53&Prime;W? / ?35.16472&deg;N 83.08139&deg;W? / 35.16472; -83.08139"
"Bear Mountain","[29]","North Carolina","Wilkes","36&deg;06&prime;57&Prime;N 080&deg;59&prime;55&Prime;W? / ?36.11583&deg;N 80.99861&deg;W? / 36.11583; -80.99861"
"Bear Mountain","[30]","New Hampshire","Carroll","44&deg;01&prime;49&Prime;N 071&deg;18&prime;09&Prime;W? / ?44.03028&deg;N 71.30250&deg;W? / 44.03028; -71.30250"
"Bear Mountain","[31]","New Hampshire","Cheshire","42&deg;49&prime;34&Prime;N 072&deg;29&prime;32&Prime;W? / ?42.82611&deg;N 72.49222&deg;W? / 42.82611; -72.49222"
"Bear Mountain","[32]","New Hampshire","Grafton","43&deg;39&prime;49&Prime;N 071&deg;48&prime;37&Prime;W? / ?43.66361&deg;N 71.81028&deg;W? / 43.66361; -71.81028"
"Bear Mountain","[33]","New Mexico","Catron","33&deg;37&prime;32&Prime;N 107&deg;45&prime;20&Prime;W? / ?33.62556&deg;N 107.75556&deg;W? / 33.62556; -107.75556"
"Bear Mountain","[34]","New Mexico","Colfax","36&deg;27&prime;51&Prime;N 105&deg;05&prime;41&Prime;W? / ?36.46417&deg;N 105.09472&deg;W? / 36.46417; -105.09472"
"Bear Mountain","[35]","New Mexico","Grant","32&deg;50&prime;09&Prime;N 108&deg;21&prime;29&Prime;W? / ?32.83583&deg;N 108.35806&deg;W? / 32.83583; -108.35806"
"Bear Mountain","[36]","New Mexico","Grant","33&deg;01&prime;21&Prime;N 108&deg;49&prime;45&Prime;W? / ?33.02250&deg;N 108.82917&deg;W? / 33.02250; -108.82917"
"Bear Mountain","[37]","New Mexico","San Miguel","35&deg;40&prime;09&Prime;N 105&deg;29&prime;04&Prime;W? / ?35.66917&deg;N 105.48444&deg;W? / 35.66917; -105.48444"
"Bear Mountain","[38]","New Mexico","Taos","36&deg;06&prime;15&Prime;N 105&deg;36&prime;22&Prime;W? / ?36.10417&deg;N 105.60611&deg;W? / 36.10417; -105.60611"
"Bear Mountain","[39]","Nevada","Elko","41&deg;55&prime;21&Prime;N 114&deg;54&prime;20&Prime;W? / ?41.92250&deg;N 114.90556&deg;W? / 41.92250; -114.90556"
"Bear Mountain","[40]","Oklahoma","Latimer","34&deg;49&prime;06&Prime;N 095&deg;06&prime;56&Prime;W? / ?34.81833&deg;N 95.11556&deg;W? / 34.81833; -95.11556"
"Bear Mountain","[41]","Oklahoma","McCurtain","34&deg;09&prime;23&Prime;N 094&deg;55&prime;32&Prime;W? / ?34.15639&deg;N 94.92556&deg;W? / 34.15639; -94.92556"
"Bear Mountain","[42]","Oregon","Douglas","43&deg;11&prime;20&Prime;N 123&deg;39&prime;07&Prime;W? / ?43.18889&deg;N 123.65194&deg;W? / 43.18889; -123.65194"
"Bear Mountain","[43]","Oregon","Jackson","42&deg;39&prime;06&Prime;N 122&deg;45&prime;29&Prime;W? / ?42.65167&deg;N 122.75806&deg;W? / 42.65167; -122.75806"
"Bear Mountain","[44]","Oregon","Lane","43&deg;30&prime;54&Prime;N 122&deg;14&prime;08&Prime;W? / ?43.51500&deg;N 122.23556&deg;W? / 43.51500; -122.23556"
"Bear Mountain","[45]","Oregon","Lane","43&deg;50&prime;35&Prime;N 122&deg;53&prime;25&Prime;W? / ?43.84306&deg;N 122.89028&deg;W? / 43.84306; -122.89028"
"Bear Mountain","[46]","Oregon","Lane","43&deg;56&prime;11&Prime;N 122&deg;38&prime;05&Prime;W? / ?43.93639&deg;N 122.63472&deg;W? / 43.93639; -122.63472"
"Bear Mountain","[47]","Oregon","Wallowa","45&deg;21&prime;51&Prime;N 116&deg;41&prime;51&Prime;W? / ?45.36417&deg;N 116.69750&deg;W? / 45.36417; -116.69750"
"Bear Mountain","[48]","Oregon","Wheeler","44&deg;21&prime;33&Prime;N 119&deg;49&prime;59&Prime;W? / ?44.35917&deg;N 119.83306&deg;W? / 44.35917; -119.83306"
"Bear Mountain","[49]","Pennsylvania","Adams","39&deg;57&prime;55&Prime;N 077&deg;17&prime;58&Prime;W? / ?39.96528&deg;N 77.29944&deg;W? / 39.96528; -77.29944"
"Bear Mountain","[50]","Pennsylvania","Carbon","40&deg;52&prime;25&Prime;N 075&deg;41&prime;59&Prime;W? / ?40.87361&deg;N 75.69972&deg;W? / 40.87361; -75.69972"
"Bear Mountain","[51]","Pennsylvania","Centre","40&deg;53&prime;54&Prime;N 077&deg;17&prime;50&Prime;W? / ?40.89833&deg;N 77.29722&deg;W? / 40.89833; -77.29722"
"Bear Mountain","[52]","Pennsylvania","Monroe","41&deg;05&prime;15&Prime;N 075&deg;22&prime;58&Prime;W? / ?41.08750&deg;N 75.38278&deg;W? / 41.08750; -75.38278"
"Bear Mountain","[53]","Pennsylvania","Schuylkill","40&deg;36&prime;45&Prime;N 076&deg;36&prime;48&Prime;W? / ?40.61250&deg;N 76.61333&deg;W? / 40.61250; -76.61333"
"Bear Mountain","[54]","Pennsylvania","Sullivan","41&deg;29&prime;19&Prime;N 076&deg;40&prime;34&Prime;W? / ?41.48861&deg;N 76.67611&deg;W? / 41.48861; -76.67611"
"Bear Mountain","[55]","South Dakota","Pennington","43&deg;52&prime;12&Prime;N 103&deg;44&prime;37&Prime;W? / ?43.87000&deg;N 103.74361&deg;W? / 43.87000; -103.74361"
"Bear Mountain","[56]","Texas","Eastland","32&deg;29&prime;00&Prime;N 098&deg;30&prime;43&Prime;W? / ?32.48333&deg;N 98.51194&deg;W? / 32.48333; -98.51194"
"Bear Mountain","[57]","Texas","Gillespie","30&deg;19&prime;34&Prime;N 098&deg;51&prime;27&Prime;W? / ?30.32611&deg;N 98.85750&deg;W? / 30.32611; -98.85750"
"Bear Mountain","[58]","Texas","Jack","33&deg;02&prime;37&Prime;N 098&deg;25&prime;08&Prime;W? / ?33.04361&deg;N 98.41889&deg;W? / 33.04361; -98.41889"
"Bear Mountain","[59]","Texas","Jack","33&deg;23&prime;40&Prime;N 098&deg;12&prime;13&Prime;W? / ?33.39444&deg;N 98.20361&deg;W? / 33.39444; -98.20361"
"Bear Mountain","[60]","Texas","Jeff Davis","30&deg;40&prime;30&Prime;N 104&deg;15&prime;04&Prime;W? / ?30.67500&deg;N 104.25111&deg;W? / 30.67500; -104.25111"
"Bear Mountain","[61]","Texas","Jeff Davis","30&deg;47&prime;59&Prime;N 103&deg;59&prime;42&Prime;W? / ?30.79972&deg;N 103.99500&deg;W? / 30.79972; -103.99500"
"Bear Mountain","[62]","Texas","Llano","30&deg;40&prime;03&Prime;N 098&deg;45&prime;10&Prime;W? / ?30.66750&deg;N 98.75278&deg;W? / 30.66750; -98.75278"
"Bear Mountain","[63]","Virginia","Amherst","37&deg;34&prime;56&Prime;N 079&deg;08&prime;13&Prime;W? / ?37.58222&deg;N 79.13694&deg;W? / 37.58222; -79.13694"
"Bear Mountain","[64]","Virginia","Highland","38&deg;20&prime;12&Prime;N 079&deg;32&prime;55&Prime;W? / ?38.33667&deg;N 79.54861&deg;W? / 38.33667; -79.54861"
"Bear Mountain","[65]","Virginia","Highland","38&deg;26&prime;48&Prime;N 079&deg;41&prime;27&Prime;W? / ?38.44667&deg;N 79.69083&deg;W? / 38.44667; -79.69083"
"Bear Mountain","[66]","Vermont","Bennington","43&deg;12&prime;03&Prime;N 073&deg;10&prime;02&Prime;W? / ?43.20083&deg;N 73.16722&deg;W? / 43.20083; -73.16722"
"Bear Mountain","[67]","Vermont","Essex","44&deg;38&prime;01&Prime;N 071&deg;34&prime;45&Prime;W? / ?44.63361&deg;N 71.57917&deg;W? / 44.63361; -71.57917"
"Bear Mountain","[68]","Vermont","Rutland","43&deg;28&prime;13&Prime;N 072&deg;56&prime;21&Prime;W? / ?43.47028&deg;N 72.93917&deg;W? / 43.47028; -72.93917"
"Bear Mountain","[69]","Vermont","Rutland","43&deg;36&prime;27&Prime;N 072&deg;48&prime;18&Prime;W? / ?43.60750&deg;N 72.80500&deg;W? / 43.60750; -72.80500"
"Bear Mountain","[70]","Vermont","Windsor","43&deg;30&prime;36&Prime;N 072&deg;46&prime;22&Prime;W? / ?43.51000&deg;N 72.77278&deg;W? / 43.51000; -72.77278"
"Bear Mountain","[71]","Vermont","Windsor","43&deg;52&prime;13&Prime;N 072&deg;57&prime;20&Prime;W? / ?43.87028&deg;N 72.95556&deg;W? / 43.87028; -72.95556"
"Bear Mountain","[72]","West Virginia","Pocahontas","38&deg;26&prime;49&Prime;N 079&deg;41&prime;30&Prime;W? / ?38.44694&deg;N 79.69167&deg;W? / 38.44694; -79.69167"
"Bear Mountain","[73]","Wyoming","Big Horn","44&deg;22&prime;17&Prime;N 107&deg;25&prime;57&Prime;W? / ?44.37139&deg;N 107.43250&deg;W? / 44.37139; -107.43250"
"Bear Mountain","[74]","Wyoming","Carbon","41&deg;04&prime;30&Prime;N 106&deg;37&prime;09&Prime;W? / ?41.07500&deg;N 106.61917&deg;W? / 41.07500; -106.61917"
"Bear Mountain","[75]","Wyoming","Carbon","42&deg;14&prime;19&Prime;N 107&deg;05&prime;37&Prime;W? / ?42.23861&deg;N 107.09361&deg;W? / 42.23861; -107.09361"
"Bear Mountain","[76]","Wyoming","Goshen","41&deg;40&prime;34&Prime;N 104&deg;16&prime;57&Prime;W? / ?41.67611&deg;N 104.28250&deg;W? / 41.67611; -104.28250"
"Bear Mountain","[77]","Wyoming","Natrona","42&deg;26&prime;10&Prime;N 106&deg;32&prime;28&Prime;W? / ?42.43611&deg;N 106.54111&deg;W? / 42.43611; -106.54111"
