"City/town","Municipality","County","City/town status","Population"
"Arendal","Arendal","Aust-Agder","1723","39,826"
"Bergen","Bergen","Hordaland","1070","270,900"
"Bod&oslash;","Bod&oslash;","Nordland","1816","46,049"
"Drammen","Drammen","Buskerud","1811","64,597"
"Egersund","Eigersund","Rogaland","1798","13,418"
"Farsund","Farsund","Vest-Agder","1795","9,392"
"Flekkefjord","Flekkefjord","Vest-Agder","1842","8,918"
"Flor&oslash;","Flora","Sogn og Fjordane","1860","8,296"
"Fredrikstad","Fredrikstad","&Oslash;stfold","1567","75,583"
"Gj&oslash;vik","Gj&oslash;vik","Oppland","1861","27,500"
"Grimstad","Grimstad","Aust-Agder","1816","19,809"
"Halden","Halden","&Oslash;stfold","1665","28,063"
"Hamar","Hamar","Hedmark","1248","31,593"
"Hammerfest","Hammerfest","Finnmark","1789","9,261"
"Harstad","Harstad","Troms","1904","23,242"
"Haugesund","Haugesund","Rogaland","1854","31,738"
"Holmestrand","Holmestrand","Vestfold","1752","9,515"
"Horten","Horten","Vestfold","1858","24,671"
"H&oslash;nefoss","Ringerike","Buskerud","1852","13,930"
"Kongsberg","Kongsberg","Buskerud","1624","23,997"
"Kongsvinger","Kongsvinger","Hedmark","1854","17,380"
"Kristiansand","Kristiansand","Vest-Agder","1641","90,562"
"Kristiansund","Kristiansund","M&oslash;re og Romsdal","1742","22,661"
"Larvik","Larvik","Vestfold","1671","41,221"
"Lillehammer","Lillehammer","Oppland","1842","25,070"
"Mandal","Mandal","Vest-Agder","1921","13,840"
"Molde","Molde","M&oslash;re og Romsdal","1742","24,421"
"Moss","Moss","&Oslash;stfold","1720","28,800"
"Namsos","Namsos","Nord-Tr&oslash;ndelag","1845","12,426"
"Narvik","Narvik","Nordland","1902","18,512"
"Notodden","Notodden","Telemark","1913","12,359"
"Oslo","Oslo","Oslo","1000","613,285"
"Porsgrunn","Porsgrunn","Telemark","1842","33,550"
"Ris&oslash;r","Ris&oslash;r","Aust-Agder","1630","6,938"
"Sandefjord","Sandefjord","Vestfold","1845","42,333"
"Sandnes","Sandnes","Rogaland","1860","63,032"
"Sarpsborg","Sarpsborg","&Oslash;stfold","1016","50,115"
"Skien","Skien","Telemark","1000","72,537"
"Stavanger","Stavanger","Rogaland","1125","127,506"
"Steinkjer","Steinkjer","Nord-Tr&oslash;ndelag","1857","20,672"
"S&oslash;gne","S&oslash;gne","Vest-Agder","1913","12,509"
"Troms&oslash;","Troms&oslash;","Troms","1794","64,782"
"Trondheim","Trondheim","S&oslash;r-Tr&oslash;ndelag","997","176,348"
"T&oslash;nsberg","T&oslash;nsberg","Vestfold","871","38,914"
"Vads&oslash;","Vads&oslash;","Finnmark","1833","6,187"
"Vard&oslash;","Vard&oslash;","Finnmark","1789","2,396"
"Vennesla","Vennesla","Vest-Agder","1964","13,116"
"&Aring;lesund","&Aring;lesund","M&oslash;re og Romsdal","1848","41,385"
