"Location","County","ICAO","IATA","Airport name","Usage","Rwy (ft)","Surface"
"Aldergrove","County Antrim","EGAA","BFS","Belfast International Airport","Public","9,121","Asphalt"
"Belfast","County Down","EGAC","BHD","George Best Belfast City Airport","Public","6,001","Asphalt"
"Eglinton","County Londonderry","EGAE","LDY","City of Derry Airport","Public","6,453","Asphalt"
"Enniskillen","County Fermanagh","EGAB","ENK","Enniskillen/St Angelo Airport","Private","4,350","Asphalt"
"Newtownards","County Down","EGAD","","Newtownards Airport","Public","2,605","Asphalt"
