"Name","Life","Comments","Reference"
"Alexander the Great","356-323 BC","Collapsed after taking strong medicine for pneumonia.",""
"Charles the Fat","c.839-888","Commonly regarded as a sickly king, with epilepsy, who had a &quot;fit&quot; in Frankfurt in 873. One author's recent detailed investigations cast doubt on the accuracy of certain reports, or their common interpretation. Instead, headache, malaria and a stroke are suggested.",""
"Alfred the Great","849-899","pain",""
"Leonardo da Vinci","1452-1519","Nervous shaking and spasms when furious.",""
"Michelangelo","1475-1564","faint",""
"Martin Luther","1483-1546","John Osborne, M&eacute;ni&egrave;re&rsquo;s disease",""
"Cardinal Richelieu","1585-1642","Bouts of tears.",""
"Louis XIII of France","1601-1643","Episodes of violence, moodiness and fearfulness.",""
"Moli&egrave;re","1622-1673","A coughing fit.",""
"Blaise Pascal","1623-1662","Breath-holding spells",""
"William III of England","1650-1702","Fainting and coughing fits.",""
"Jonathan Swift","1667-1745","Severe fits of giddiness due to M&eacute;ni&egrave;re&rsquo;s disease.",""
"George Frideric Handel","1685-1759","stroke",""
"William Pitt the Elder","1708-1778","gout",""
"Samuel Johnson","1709-1784","Tourette syndrome",""
"Jean-Jacques Rousseau","1712-1778","Dizzy",""
"James Madison","1751-1836","Psychogenic non-epileptic seizures.",""
"Walter Scott","1771-1832","cramp, kidney stones",""
"Niccol&ograve; Paganini","1784-1840","Repeated collapsing due to weakness.",""
"Lord Byron","1788-1824","Psychogenic non-epileptic seizures",""
"Percy Bysshe Shelley","1792-1822","Fits of pain and nervous attacks.",""
"Hector Berlioz","1803-1869","&quot;Fits of spleen&quot;.",""
"Robert Schumann","1810-1856","Depression",""
"Charles Dickens","1812-1870","Renal colic",""
"S&oslash;ren Kierkegaard","1813-1855","Collapsing due to weakness.",""
"Gustave Flaubert","1821-1880","Henri Gastaut",""
"Guy de Maupassant","1850-1893","ether",""
"Vincent van Gogh","1853-1890","van Gogh's illness, Henri Gastaut, potassium bromide, Geschwind syndrome",""
"Graham Greene","1904-1991","Greene was diagnosed with epilepsy as a young man, after several episodes of loss of consciousness. His impending marriage was at risk and he considered suicide. Treatment consisted of good walks and Kepler's Malt Extract. Greene eventually distrusted the diagnosis and it is now considered likely that the episodes were fainting spells.",""
"John Berryman","1914-1972","Diagnosed with , petit mal,  epilepsy, now reckoned to have been nervous exhaustion. Berryman suffered from depression and alcoholism.",""
