"Picture","Name","Term start","Term end","Political Party"
"../../../../images/shared/thumb/c/c3/Thiers2.jpg/80px-Thiers2.jpg","Adolphe Thiers","17 February 1871","24 May 1873 (resigned)","Monarchist"
"../../../../images/shared/thumb/b/bc/Patrice_de_Mac_Mahon.jpg/80px-Patrice_de_Mac_Mahon.jpg","Patrice de Mac-Mahon","24 May 1873","30 January 1879 (resigned)","Military"
"../../../../images/shared/thumb/c/ca/Bonnat_Portrait_of_Jules_Grevy.jpg/80px-Bonnat_Portrait_of_Jules_Grevy.jpg","Jules Gr&eacute;vy","30 January 1879","2 December 1887 (resigned)","Opportunist Republican"
"../../../../images/shared/thumb/0/02/Sadi_Carnot_-_Th&eacute;obald_Chartran.jpg/80px-Sadi_Carnot_-_Th&eacute;obald_Chartran.jpg","Marie Fran&ccedil;ois Sadi Carnot","3 December 1887","25 June 1894 (assassinated)","Opportunist Republican"
"../../../../images/shared/thumb/a/a1/Jean_Casimir-Perier.jpg/80px-Jean_Casimir-Perier.jpg","Jean Casimir-Perier","27 June 1894","16 January 1895 (resigned)","Left Republican"
"../../../../images/shared/thumb/d/d0/Ffaure.jpg/80px-Ffaure.jpg","F&eacute;lix Faure","17 January 1895","16 February 1899 (died in office)","Opportunist Republican"
"../../../../images/shared/thumb/1/1b/Emile_Loubet.jpg/80px-Emile_Loubet.jpg","&Eacute;mile Loubet","18 February 1899","18 February 1906","Left Republican"
"../../../../images/shared/thumb/a/a3/Fallieres.jpg/80px-Fallieres.jpg","Armand Falli&egrave;res","18 February 1906","18 February 1913","Radical Party"
"../../../../images/shared/thumb/3/32/Raymond_Poincar&eacute;.jpg/80px-Raymond_Poincar&eacute;.jpg","Raymond Poincar&eacute;","18 February 1913","18 February 1920","Progressive Republican Party"
"../../../../images/local/thumb/f/f6/Deschanel.jpg/80px-Deschanel.jpg","Paul Deschanel","18 February 1920","21 September 1920 (resigned)","Progressive Republican Party"
"../../../../images/local/thumb/f/f1/Millerand.jpg/80px-Millerand.jpg","Alexandre Millerand","23 September 1920","11 June 1924 (resigned)","Republican Socialist Party"
"../../../../images/local/thumb/e/e9/Gaston_Doumergue.jpg/80px-Gaston_Doumergue.jpg","Gaston Doumergue","13 June 1924","13 June 1931","Radical Party"
"../../../../images/shared/thumb/2/24/Paul_Doumer.jpg/80px-Paul_Doumer.jpg","Paul Doumer","13 June 1931","7 May 1932 (assassinated)","Radical Party"
"../../../../images/local/thumb/0/0c/Albert_Lebrun.jpg/80px-Albert_Lebrun.jpg","Albert Lebrun","10 May 1932","11 July 1940 (deposed)","Democratic Republican Alliance"
