"Name","Amount","Reason"
"John Harrison","&pound;15,315","chronometers"
"Tobias Mayer","&pound;3,000","lunar distance method"
"Thomas Mudge","&pound;3,000","chronometers"
"John Arnold","&pound;3,000","chronometers"
"Thomas Earnshaw","&pound;3,000","chronometers"
"Charles Mason","&pound;1,317","Various contributions and improvements on Mayer&rsquo;s lunar tables."
"Jesse Ramsden","&pound;615","dividing engine"
"Larcum Kendall","&pound;500","Construction of a copy of Harrison's , H-4, ."
"Leonhard Euler","&pound;300","lunar distance method"
"Nathaniel Davies","&pound;300","Design of a Lunars telescope for Mayer"
