"Player","No.","Nationality","Position","Years in Miami","School/Club Team"
"Milos Babic","00","../../../../images/shared/thumb/f/ff/Flag_of_Serbia.svg/22px-Flag_of_Serbia.svg.png Serbia","Guard-Forward","1991-1992","Tennessee Tech"
"Marcus Banks","5","../../../../images/shared/thumb/a/a4/Flag_of_the_United_States.svg/22px-Flag_of_the_United_States.svg.png United States","Guard","2008-present","UNLV"
"Earl Barron","30","../../../../images/shared/thumb/a/a4/Flag_of_the_United_States.svg/22px-Flag_of_the_United_States.svg.png United States","Forward","2005-present","Memphis"
"Brent Barry","17","../../../../images/shared/thumb/a/a4/Flag_of_the_United_States.svg/22px-Flag_of_the_United_States.svg.png United States","Guard","1997-1998","Oregon State"
"Jerome Beasley","24","../../../../images/shared/thumb/a/a4/Flag_of_the_United_States.svg/22px-Flag_of_the_United_States.svg.png United States","Forward","2003-2005","North Dakota"
"Winston Bennett","30","../../../../images/shared/thumb/a/a4/Flag_of_the_United_States.svg/22px-Flag_of_the_United_States.svg.png United States","Forward","1991-1992","Kentucky"
"Travis Best","1","../../../../images/shared/thumb/a/a4/Flag_of_the_United_States.svg/22px-Flag_of_the_United_States.svg.png United States","Guard","2002-2003","Georgia Tech"
"Mark Blount","15","../../../../images/shared/thumb/a/a4/Flag_of_the_United_States.svg/22px-Flag_of_the_United_States.svg.png United States","Center","2007-present","Pittsburgh"
"Manute Bol","10","../../../../images/shared/thumb/0/01/Flag_of_Sudan.svg/22px-Flag_of_Sudan.svg.png Sudan","Center","1993-1994","Bridgeport"
"Bruce Bowen","12 (30 in '97)","../../../../images/shared/thumb/a/a4/Flag_of_the_United_States.svg/22px-Flag_of_the_United_States.svg.png United States","Guard/Forward","1997, 1999-2001","Cal State Fullerton"
"Ernest Brown","52","../../../../images/shared/thumb/a/a4/Flag_of_the_United_States.svg/22px-Flag_of_the_United_States.svg.png United States","Center","2001-2002","Indian Hills JC"
"P. J. Brown","42","../../../../images/shared/thumb/a/a4/Flag_of_the_United_States.svg/22px-Flag_of_the_United_States.svg.png United States","Forward","1996-2000","Louisiana Tech"
"Rodney Buford","32","../../../../images/shared/thumb/a/a4/Flag_of_the_United_States.svg/22px-Flag_of_the_United_States.svg.png United States","Guard/Forward","1999-2000","Creighton"
"Willie Burton","34","../../../../images/shared/thumb/a/a4/Flag_of_the_United_States.svg/22px-Flag_of_the_United_States.svg.png United States","Guard/Forward","1990-1994","Minnesota"
"Caron Butler","4","../../../../images/shared/thumb/a/a4/Flag_of_the_United_States.svg/22px-Flag_of_the_United_States.svg.png United States","Forward","2002-2004","Connecticut"
"Rasual Butler","45","../../../../images/shared/thumb/a/a4/Flag_of_the_United_States.svg/22px-Flag_of_the_United_States.svg.png United States","Forward","2002-2005","La Salle"
