"Year","Player","Team"
"1992","Paul Hudson","Hawthorn"
"1993","Gavin Wanganeen","Essendon"
"1994","Gary O'Donnell","Essendon"
"1995","Mick Martyn","North Melbourne"
"1996","Nicky Winmar","St Kilda"
"1997","Craig Bradley","Carlton"
"1998","Wayne Carey","North Melbourne"
"1999","Paul Salmon","Hawthorn"
"2000","Mark Mercuri","Essendon"
"2001","Adam Kingsley","Port Adelaide"
"2002","Nick Stevens","Port Adelaide"
"2003","Andrew McLeod","Adelaide"
"2004","Robert Harvey","St Kilda"
"2005","Brendan Fevola","Carlton"
"2006","Simon Goodwin","Adelaide"
"2007","Nick Stevens","Carlton"
"2008","Jason Gram","St Kilda"
"2009","Joel Selwood","Geelong"
"2010","Barry Hall","Western Bulldogs"
"2011","Heath Shaw","Collingwood"
"2012","Bernie Vince","Adelaide"
"2013","Daniel Rich","Brisbane"
