"Congress","Representative","Party","Years","Notes"
"53rd","Haldor Boen","Populist","March 4, 1893 - March 3, 1895",""
"54th-57th","Frank Eddy","Republican","March 4, 1895 - March 3, 1903",""
"58th-67th","Andrew Volstead","Republican","March 4, 1903 - March 3, 1923",""
"68th-70th","Ole J. Kvale","Farmer-Labor","March 4, 1923 - September 11, 1929","Died"
"71st-72nd","Paul John Kvale","Farmer-Labor","October 16, 1929 - March 3, 1933","Redistricted, At-large district"
"73rd-75th","Paul John Kvale","Farmer-Labor","January 3, 1935 - January 3, 1939","Redistricted, At-large district"
"76th-87th","Herman Carl Andersen","Republican","January 3, 1939 - January 3, 1963",""
"88th-91st","Odin Langen","Republican","January 3, 1963 - January 3, 1971","Redistricted, 9th district"
"92nd-94th","Robert Bergland","DFL","January 3, 1971 - January 22, 1977","Secretary of Agriculture"
"95th-101st","Arlan Stangeland","Republican","February 22, 1977 - January 3, 1991",""
"102nd-Incumbent","Collin Peterson","DFL","January 3, 1991 - Present","Incumbent"
