"Theater","City and State","Architect","Date"
"Alhambra Theatre","El Paso, Texas","Henry C. Trost","1914"
"Alhambra Theatre","Evansville, Indiana","Frank J. Schlotter","1913"
"Alhambra Theatre","Birmingham, Alabama","Graven &amp; Maygar","1927"
"Alhambra Theatre","Hopkinsville, Kentucky","John Walker","1928"
"Alhambra Theatre","San Francisco, California","Miller and Pflueger","1925"
"Bagdad Theatre","Portland, Oregon","Thomas &amp; Mercier","1927"
"The Carpenter Center","Richmond, Virginia","John Eberson","1928"
"Civic Theatre","Akron, Ohio","John Eberson","1929"
"Emporia Granada Theatre","Emporia, Kansas","Boller Brothers","1929"
"Fox Theatre","Atlanta, Georgia","Mayre, Alger &amp; Vinour","1929"
"Fox Theatre","North Platte, Nebraska","Elmer F. Behrens","1929"
"Granada Theater","The Dalles, Oregon","William Cutts","1929"
"Keith's Flushing Theater","Queens, New York","Thomas Lamb","1928"
"The Landmark Theater","Richmond, Virginia","Charles M. Robinson","1927"
"Olympic Theatre","Miami, Florida","John Eberson","1926"
"Lincoln Theater","Los Angeles, California","John Paxton Perrine","1927"
"Loew's 72nd Street Theatre","New York City","Thomas W. Lamb","1932 (dem.)"
"The Majestic Theatre","San Antonio, Texas","John Eberson","1929"
"Mount Baker Theatre","Bellingham, Washington","Robert Reamer","1927"
"Music Box Theatre","Chicago, Illinois","Louis J. Simon","1929"
"Palace Theatre","Canton, Ohio","John Eberson","1926"
"Palace Theatre","Marion, Ohio","John Eberson","1928"
"Plaza Theatre","El Paso, Texas","W. Scott Donne","1930"
"Saenger Theater","Hattiesburg, Mississippi","Emile Weil","1929"
"Shrine Auditorium","Los Angeles, California","Lansburgh, Austin and Edelman","1926"
"Sooner Theatre","Norman, Oklahoma","Harold Gimeno","1929"
"Temple Theatre","Meridian, Mississippi","Emile Weil","1927"
"Tennessee Theatre","Knoxville, Tennessee","Graven &amp; Mayger","1928"
"Tower Theatre","Los Angeles, California","S. Charles Lee","1927"
