"Number","Municipality","Period assigned"
"1701","Levanger","1856-1961"
"1702","Steinkjer","1858-present"
"1703","Namsos","1846-present"
"1711","&Oslash;vre Stj&oslash;rdal, Mer&aring;ker","1850-1873, , 1874-present"
"1712","Hegra","1874-1961"
"1713","L&aring;nke","1902-1961"
"1714","Stj&oslash;rdalen, Nedre Stj&oslash;rdal, Stj&oslash;rdal","1837-1850, , 1850-1901, , 1902-present"
"1715","Skatval","1902-1961"
"1716","&Aring;sen","1837-1961"
"1717","Frosta","1837-present"
"1718","Leksvik","1837-present"
"1719","Skogn, Levanger","1837-1961, , 1962-present"
"1720","Levanger, Frol","1837-1856, , 1856-1961"
"1721","Verdal","1837-present"
"1722","Ytter&oslash;y","1837-1963"
"1723","Mosvik og Verran","1867-1900, , 1901-present"
"1724","Verran","1901-present"
"1725","Namdalseid","1904-present"
"1726","Malm","1913-1963"
"1727","Beitstad","1837-1963"
"1728","Sandvollan","1907-1961"
"1729","Inder&oslash;y","1837-present"
"1730","R&oslash;ra","1907-1961"
"1731","Sparbu","1837-1963"
"1732","Ogndal","1885-1963"
"1733","Egge","1869-1963"
"1734","Stod","1837-1963"
"1735","Kvam","1909-1963"
"1736","Sn&aring;sa","1837-present"
"1737","Lierne, S&oslash;rli","1874-1915, , 1915-1963"
"1738","Nordli, Lierne","1915-1963, , 1964-present"
"1739","R&oslash;yrvik","1923-present"
"1740","Namsskogan","1923-present"
"1741","Harran","1923-1963"
"1742","Grong","1837-present"
"1743","H&oslash;ylandet","1901-present"
"1744","Overhalla","1837-present"
"1745","Vemundvik","1837-1963"
"1746","Klinga","1891-1963"
"1747","Otter&oslash;y","1913-1963"
"1748","Fosnes","1837-present"
"1749","Flatanger","1871-present"
"1750","Vikna","1869-present"
"1751","N&aelig;r&oslash;y","1837-present"
"1752","Kolvereid","1837-1963"
"1753","Foldereid","1886-1963"
"1754","Gravvik","1909-1963"
"1755","Leka","1860-present"
