"EPG","Channel name","Broadcasting country","Spoken language","Subtitles language","Free-to-air (FTA)","Type","HD","Pay-per-view"
"40","Discovery HD","Poland","Polish","Polish","No","Documentaries","Yes","No"
"41","Discovery Historia","Poland","Polish","Polish","No","Documentaries","No","No"
"42","Discovery Channel","Poland","Polish","Polish","No","Documentaries","No","No"
"43","Animal Planet","Poland","Polish","Polish","No","Documentaries","No","No"
"44","Discovery World","Poland","Polish","Polish","No","Documentaries","No","No"
"45","Discovery Science","Poland","Polish","Polish","No","Documentaries","No","No"
"46","TVN Lingua","Poland","Polish","Polish , others","No","Learning","No","No"
"47","TVP Kultura","Poland","Polish","Polish","Yes","Culture","No","No"
