"Year","Winner","Club","Winning team"
"1979","Wayne Harmes","Carlton","Carlton"
"1980","Kevin Bartlett","Richmond","Richmond"
"1981","Bruce Doull","Carlton","Carlton"
"1982","Maurice Rioli","Richmond","Carlton"
"1983","Colin Robertson","Hawthorn","Hawthorn"
"1984","Billy Duckworth","Essendon","Essendon"
"1985","Simon Madden","Essendon","Essendon"
"1986","Gary Ayres","Hawthorn","Hawthorn"
"1987","David Rhys-Jones","Carlton","Carlton"
"1988","Gary Ayres","Hawthorn","Hawthorn"
"1989","Gary Ablett, Sr.","Geelong","Hawthorn"
"1990","Tony Shaw","Collingwood","Collingwood"
"1991","Paul Dear","Hawthorn","Hawthorn"
"1992","Peter Matera","West Coast","West Coast"
"1993","Michael Long","Essendon","Essendon"
"1994","Dean Kemp","West Coast","West Coast"
"1995","Greg Williams","Carlton","Carlton"
"1996","Glenn Archer","North Melbourne","North Melbourne"
"1997","Andrew McLeod","Adelaide","Adelaide"
"1998","Andrew McLeod","Adelaide","Adelaide"
"1999","Shannon Grant","Kangaroos","Kangaroos"
"2000","James Hird","Essendon","Essendon"
"2001","Shaun Hart","Brisbane Lions","Brisbane Lions"
"2002","Nathan Buckley","Collingwood","Brisbane Lions"
"2003","Simon Black","Brisbane Lions","Brisbane Lions"
"2004","Byron Pickett","Port Adelaide","Port Adelaide"
"2005","Chris Judd","West Coast","Sydney"
"2006","Andrew Embley","West Coast","West Coast"
"2007","Steve Johnson","Geelong","Geelong"
"2008","Luke Hodge","Hawthorn","Hawthorn"
"2009","Paul Chapman","Geelong","Geelong"
"2011","Jimmy Bartel","Geelong","Geelong"
"2012","Ryan O'Keefe","Sydney","Sydney"
"2013","Brian Lake","Hawthorn","Hawthorn"
