"Player","No.","Nationality","Position","Years in Orlando","School/Club Team"
"Vince Carter","15","United States","Guard-Forward","2009-2010","North Carolina"
"Terry Catledge","33","United States","Forward","1989-1993","South Alabama"
"Kelvin Cato","13","United States","Center","2004-2006","Iowa State"
"Doug Christie","1","United States","Guard-Forward","2005","Pepperdine"
"Earl Clark","3","United States","Forward","2010-2012","Louisville"
"Anthony Cook","00","United States","Forward-Center","1993","Arizona"
"Brian Cook","34","United States","Forward","2007-2009","Illinois"
"Chris Corchiani","13","United States","Guard","1991-1992","NC State"
"Dave Corzine","40","United States","Center","1989-1990","DePaul"
