"Name","Field","State","Country"
"Ghulam Yazdan","Science &amp; Engineering","Andhra Pradesh","India"
"Jal Gawashaw Paymaster","Medicine","Maharashtra","India"
"Ali Yavar Jung","Civil Service","Maharashtra","India"
"Bhargavram Vithal Warerkar","Public Affairs","Maharashtra","India"
"Bhaurao Payagounda Patil","Social Work","Maharashtra","India"
"Mysore Kankanhalli Vasudevachary","Arts","Karnataka","India"
"Nirmal Kumar Sidhanta","Literature &amp; Education","West Bengal","India"
"Pammal Sambanda Mudaliar","Arts","Tamil Nadu","India"
"Ramdhari Singh Dinkar","Literature &amp; Education","Bihar","India"
"Sisir Kumar Bhaduri","Arts","West Bengal","India"
"Tenzing Norgay","Sports","Northeast Nepal","Nepal"
"Tiruppattur R. Venkatachala Murthi","Literature &amp; Education","Tamil Nadu","India"
"Dhanvanthi Rama Rau","Social Work","Maharashtra","India"
"Hansa Jivraj Manubhai Mehta","Social Work","Maharashtra","India"
