"School Name","District","City","Students*"
"Birchwood School (7th-8th)","North Providence School District","North Providence, Rhode Island","342"
"Burrillville Middle School","Burrillville School District","Harrisville, Rhode Island","667"
"Calcutt Middle School","Central Falls School District","Central Falls, Rhode Island","930"
"Joseph L. McCourt Middle School","Cumberland Public Schools","Cumberland, Rhode Island","593"
"Dr. Halliwell School (4th-6th)","North Smithfield School District","Slatersville, Rhode Island","432"
"Edward Martin Jr. High","East Providence School District","East Providence, Rhode Island","1037"
"Esek Hopkins Middle","Providence Public School District","Providence, Rhode Island","585"
"Gilbert Stuart Middle School","Providence Public School District","Providence, Rhode Island","857"
"Goff Junior High","Pawtucket School District","Pawtucket, Rhode Island","724"
"Hugh B. Bain Middle School","Cranston School District","Cranston, Rhode Island","705"
"Joseph Jenks Junior High","Pawtucket School District","Pawtucket, Rhode Island","751"
"Lincoln Middle School (7th-8th)","Lincoln School District","Lincoln, Rhode Island","578"
"Nathan Bishop Middle","Providence Public School District","Providence, Rhode Island","708"
"Nathanael Greene Middle School","Providence Public School District","Providence, Rhode Island","877"
"Nicholas A. Ferri Middle","Johnston School District","Johnston, Rhode Island","885"
"North Cumberland Middle","Cumberland Public Schools","Cumberland, Rhode Island","725"
"Park View Middle School","Cranston School District","Cranston, Rhode Island","934"
"Perry Middle School","Providence Public School District","Providence, Rhode Island","778"
"Ponaganset Middle School","Foster-Glocester Regional School District","North Scituate, Rhode Island","745"
"Riverside Junior High","East Providence School District","Riverside, Rhode Island","567"
"Roger Williams","Providence Public School District","Providence, Rhode Island","810"
"Samuel Slater Junior High","Pawtucket School District","Pawtucket, Rhode Island","659"
"Samuel W. Bridgham Middle","Providence Public School District","Providence, Rhode Island","657"
"Scituate Middle School","Scituate School District","North Scituate, Rhode Island","446"
"Springfield Middle School I","Providence Public School District","Providence, Rhode Island","399"
"Springfield Middle School II","Providence Public School District","Providence, Rhode Island","397"
"Vincent J. Gallagher Middle","Smithfield School District","Esmond, Rhode Island","675"
"Webster Street School (4th-6th)","Pawtucket School District","Pawtucket, Rhode Island","214"
"Western Hills Middle School (7th-8th)","Cranston School District","Cranston, Rhode Island","1082"
"Woonsocket Middle School","Woonsocket School District","Woonsocket, Rhode Island","1520"
