"88","1","http://dbpedia.org/resource/Roald_Dahl"
"89","1","http://dbpedia.org/resource/Anonymous_work"
"110","1","http://dbpedia.org/resource/Ken_Kesey"
"111","1","http://dbpedia.org/resource/Judith_Guest"
"112","1","http://dbpedia.org/resource/S._E._Hinton"
"113","1","http://dbpedia.org/resource/Stephen_Chbosky"
"114","1","http://dbpedia.org/resource/Ken_Follett"
"115","1","http://dbpedia.org/resource/Paul_Zindel"
"116","1","[http://dbpedia.org/resource/Larry_Sloman, http://dbpedia.org/resource/Howard_Stern]"
"117","1","http://dbpedia.org/resource/John_Updike"
"90","1","http://dbpedia.org/resource/Jean_Craighead_George"
"119","1","http://dbpedia.org/resource/Alex_S%C3%A1nchez_(author)"
"92","1","http://dbpedia.org/resource/Steven_Gould"
"93","1","http://dbpedia.org/resource/Upton_Sinclair"
"94","1","http://dbpedia.org/resource/Mark_Mathabane"
"95","1","http://dbpedia.org/resource/Lois_Duncan"
"96","1","http://dbpedia.org/resource/D._H._Lawrence"
"97","1","http://dbpedia.org/resource/Shel_Silverstein"
"98","1","http://dbpedia.org/resource/Helen_Bannerman"
"10","1","http://dbpedia.org/resource/Lois_Lowry"
"11","1","[http://dbpedia.org/resource/Peter_Parnell, http://dbpedia.org/resource/Justin_Richardson]"
"99","1","http://dbpedia.org/resource/Vladimir_Nabokov"
"12","1","http://dbpedia.org/resource/Louise_Rennison"
"13","1","http://dbpedia.org/resource/Nancy_Garden"
"14","1","http://dbpedia.org/resource/Judy_Blume"
"17","1","http://dbpedia.org/resource/William_Faulkner"
"19","1","http://dbpedia.org/resource/Chris_Crutcher"
"121","1","http://dbpedia.org/resource/Salman_Rushdie"
"1","1","http://dbpedia.org/resource/Mark_Twain"
"2","1","http://dbpedia.org/resource/Dav_Pilkey"
"123","1","http://dbpedia.org/resource/John_Knowles"
"3","1","http://dbpedia.org/resource/Mark_Twain"
"124","1","http://dbpedia.org/resource/Madonna_(entertainer)"
"126","1","http://dbpedia.org/resource/Kurt_Vonnegut"
"5","1","http://dbpedia.org/resource/Robert_Penn_Warren"
"6","1","http://dbpedia.org/resource/Luis_J._Rodriguez"
"127","1","http://dbpedia.org/resource/Chris_Crutcher"
"7","1","http://dbpedia.org/resource/Bret_Easton_Ellis"
"128","1","http://dbpedia.org/resource/Anne_Rice"
"129","1","http://dbpedia.org/resource/Toni_Morrison"
"8","1","http://dbpedia.org/resource/Theodore_Dreiser"
"9","1","http://dbpedia.org/resource/The_Anarchist_Cookbook"
"20","1","http://dbpedia.org/resource/Toni_Morrison"
"21","1","http://dbpedia.org/resource/Richard_Wright_(author)"
"22","1","http://dbpedia.org/resource/Rudolfo_Anaya"
"23","1","http://dbpedia.org/resource/Annette_Curtis_Klause"
"24","1","http://dbpedia.org/resource/Judy_Blume"
"25","1","http://dbpedia.org/resource/Toni_Morrison"
"26","1","http://dbpedia.org/resource/Louis_Sachar"
"28","1","http://dbpedia.org/resource/Aldous_Huxley"
"29","1","http://dbpedia.org/resource/Katherina_Paterson"
"130","1","http://dbpedia.org/resource/D._H._Lawrence"
"131","1","http://dbpedia.org/resource/Harry_Allard"
"132","1","http://dbpedia.org/resource/Bette_Greene"
"134","1","http://dbpedia.org/resource/Anthony_Trollope"
"135","1","http://dbpedia.org/resource/Zora_Neale_Hurston"
"136","1","http://dbpedia.org/resource/Judy_Blume"
"137","1","http://dbpedia.org/resource/Harper_Lee"
"138","1","http://dbpedia.org/resource/Henry_Miller"
"139","1","http://dbpedia.org/resource/James_Joyce"
"31","1","http://dbpedia.org/resource/Jack_London"
"33","1","http://dbpedia.org/resource/Stephen_King"
"34","1","http://dbpedia.org/resource/J._D._Salinger"
"35","1","http://dbpedia.org/resource/Joseph_Heller"
"36","1","http://dbpedia.org/resource/Kurt_Vonnegut"
"37","1","http://dbpedia.org/resource/Robert_Cormier"
"38","1","http://dbpedia.org/resource/Stephen_King"
"39","1","http://dbpedia.org/resource/Anthony_Burgess"
"141","1","http://dbpedia.org/resource/Robert_Cormier"
"142","1","http://dbpedia.org/resource/Chris_Crutcher"
"143","1","http://dbpedia.org/resource/Sonya_Sones"
"147","1","http://dbpedia.org/resource/Bill_Brittain"
"148","1","http://dbpedia.org/resource/Roald_Dahl"
"149","1","http://dbpedia.org/resource/D._H._Lawrence"
"40","1","http://dbpedia.org/resource/Alice_Walker"
"41","1","http://dbpedia.org/resource/Jane_Leslie_Conly"
"43","1","http://dbpedia.org/resource/Stephen_King"
"44","1","http://dbpedia.org/resource/Daniel_Cohen_(children's_writer)"
"45","1","http://dbpedia.org/resource/Patricia_McCormick_(author)"
"46","1","http://dbpedia.org/resource/Michael_Willhoite"
"47","1","http://dbpedia.org/resource/Robert_Newton_Peck"
"48","1","http://dbpedia.org/resource/Stephen_King"
"49","1","http://dbpedia.org/resource/Judy_Blume"
"151","1","http://dbpedia.org/resource/Madeleine_L'Engle"
"50","1","http://dbpedia.org/resource/Marilyn_Reynolds"
"54","1","http://dbpedia.org/resource/Caroline_B._Cooney"
"55","1","http://dbpedia.org/resource/Robert_Cormier"
"56","1","http://dbpedia.org/resource/Walter_Dean_Myers"
"57","1","http://dbpedia.org/resource/Norma_Klein"
"58","1","http://dbpedia.org/resource/Ernest_Hemingway"
"59","1","http://dbpedia.org/resource/Derek_Humphry"
"60","1","http://dbpedia.org/resource/Daniel_Keyes"
"61","1","http://dbpedia.org/resource/Ernest_Hemingway"
"62","1","http://dbpedia.org/resource/Judy_Blume"
"64","1","http://dbpedia.org/resource/Lois_Lowry"
"65","1","http://dbpedia.org/resource/Anonymous_work"
"66","1","http://dbpedia.org/resource/James_Baldwin"
"67","1","http://dbpedia.org/resource/Jon_Ronson"
"68","1","http://dbpedia.org/resource/Margaret_Mitchell"
"70","1","http://dbpedia.org/resource/John_Steinbeck"
"71","1","http://dbpedia.org/resource/F._Scott_Fitzgerald"
"72","1","http://dbpedia.org/resource/Katherine_Paterson"
"73","1","http://dbpedia.org/resource/Mem_Fox"
"74","1","http://dbpedia.org/resource/Eve_Merriam"
"75","1","http://dbpedia.org/resource/Margaret_Atwood"
"77","1","http://dbpedia.org/resource/Joseph_Conrad"
"78","1","http://dbpedia.org/resource/Lesl%C3%A9a_Newman"
"79","1","http://dbpedia.org/resource/Isabel_Allende"
"100","1","http://dbpedia.org/resource/William_Golding"
"101","1","http://dbpedia.org/resource/Babette_Cole"
"102","1","[http://dbpedia.org/resource/James_Lincoln_Collier, http://dbpedia.org/resource/Christopher_Collier_(historian)]"
"103","1","http://dbpedia.org/resource/Norman_Mailer"
"104","1","http://dbpedia.org/resource/William_S._Burroughs"
"105","1","http://dbpedia.org/resource/Richard_Wright_(author)"
"106","1","[http://dbpedia.org/resource/Charles_Silverstein, http://dbpedia.org/resource/Edmund_White]"
"80","1","http://dbpedia.org/resource/Thomas_Rockwell"
"107","1","http://dbpedia.org/resource/George_Orwell"
"108","1","http://dbpedia.org/resource/John_Steinbeck"
"82","1","http://dbpedia.org/resource/Truman_Capote"
"83","1","http://dbpedia.org/resource/Maurice_Sendak"
"84","1","http://dbpedia.org/resource/H._G._Wells"
"85","1","http://dbpedia.org/resource/Robie_Harris"
"86","1","http://dbpedia.org/resource/Robie_Harris"
"87","1","http://dbpedia.org/resource/A._M._Homes"
