"88","3","[http://dbpedia.org/resource/China, http://dbpedia.org/resource/Guangdong, http://dbpedia.org/resource/Shenzhen]"
"89","3","[http://dbpedia.org/resource/New_York_City, http://dbpedia.org/resource/Manhattan]"
"190","3","[http://dbpedia.org/resource/Japan, http://dbpedia.org/resource/Izumisano,_Osaka, http://dbpedia.org/resource/Osaka_Prefecture]"
"192","3","[http://dbpedia.org/resource/Hong_Kong, http://dbpedia.org/resource/Mong_Kok]"
"193","3","[http://dbpedia.org/resource/United_Arab_Emirates, http://dbpedia.org/resource/Dubai]"
"194","3","[http://dbpedia.org/resource/Panama, http://dbpedia.org/resource/Panama_City]"
"197","3","[http://dbpedia.org/resource/Singapore, http://dbpedia.org/resource/Downtown_Core, http://dbpedia.org/resource/Robinson_Road,_Singapore]"
"110","3","[http://dbpedia.org/resource/Manhattan, http://dbpedia.org/resource/53rd_Street_(Manhattan), http://dbpedia.org/resource/United_States, http://dbpedia.org/resource/New_York]"
"198","3","http://dbpedia.org/resource/Hong_Kong"
"111","3","http://dbpedia.org/resource/Huangpu_District,_Shanghai"
"199","3","[http://dbpedia.org/resource/China, http://dbpedia.org/resource/Shanghai, http://dbpedia.org/resource/Pudong]"
"113","3","[http://dbpedia.org/resource/United_Arab_Emirates, http://dbpedia.org/resource/Abu_Dhabi]"
"114","3","[http://dbpedia.org/resource/China, http://dbpedia.org/resource/Nanning]"
"115","3","[http://dbpedia.org/resource/Ontario, http://dbpedia.org/resource/Toronto, http://dbpedia.org/resource/King_Street_(Toronto)]"
"116","3","http://dbpedia.org/resource/Houston"
"90","3","http://dbpedia.org/resource/Dongguan"
"91","3","[http://dbpedia.org/resource/Cleveland, http://dbpedia.org/resource/Public_Square]"
"92","3","[http://dbpedia.org/resource/China, http://dbpedia.org/resource/Shanghai, http://dbpedia.org/resource/Jing'an_District]"
"119","3","[http://dbpedia.org/resource/South_Korea, http://dbpedia.org/resource/Busan]"
"93","3","http://dbpedia.org/resource/Philadelphia"
"94","3","[http://dbpedia.org/resource/Seattle, http://dbpedia.org/resource/Washington_(state)]"
"95","3","[http://dbpedia.org/resource/United_Arab_Emirates, http://dbpedia.org/resource/Dubai]"
"96","3","[http://dbpedia.org/resource/United_Arab_Emirates, http://dbpedia.org/resource/Dubai]"
"97","3","[http://dbpedia.org/resource/China, http://dbpedia.org/resource/Shanghai, http://dbpedia.org/resource/Huangpu_District,_Shanghai]"
"10","3","[http://dbpedia.org/resource/China, http://dbpedia.org/resource/Shenzhen]"
"11","3","[http://dbpedia.org/resource/Guangzhou, http://dbpedia.org/resource/Guangdong]"
"99","3","[http://dbpedia.org/resource/Queen's_Road,_Hong_Kong, http://dbpedia.org/resource/Central,_Hong_Kong]"
"12","3","[http://dbpedia.org/resource/China, http://dbpedia.org/resource/Shanghai, http://dbpedia.org/resource/Pudong]"
"13","3","http://dbpedia.org/resource/Central,_Hong_Kong"
"14","3","[http://dbpedia.org/resource/Chicago, http://dbpedia.org/resource/Illinois]"
"16","3","[http://dbpedia.org/resource/Kuwait_City, http://dbpedia.org/resource/Kuwait]"
"17","3","[http://dbpedia.org/resource/United_Arab_Emirates, http://dbpedia.org/resource/Dubai]"
"18","3","[http://dbpedia.org/resource/China, http://dbpedia.org/resource/Guangzhou, http://dbpedia.org/resource/Guangdong]"
"19","3","[http://dbpedia.org/resource/China, http://dbpedia.org/resource/Shenzhen]"
"120","3","[http://dbpedia.org/resource/China, http://dbpedia.org/resource/Guangzhou]"
"121","3","[http://dbpedia.org/resource/Texas, http://dbpedia.org/resource/Dallas]"
"1","3","[http://dbpedia.org/resource/United_Arab_Emirates, http://dbpedia.org/resource/Dubai]"
"122","3","[http://dbpedia.org/resource/United_Arab_Emirates, http://dbpedia.org/resource/Dubai]"
"123","3","[http://dbpedia.org/resource/Hong_Kong, http://dbpedia.org/resource/Union_Square_(Hong_Kong)]"
"2","3","[http://dbpedia.org/resource/Mecca, http://dbpedia.org/resource/Saudi_Arabia]"
"3","3","[http://dbpedia.org/resource/Taiwan, http://dbpedia.org/resource/Xinyi_District, http://dbpedia.org/resource/Taipei]"
"124","3","[http://dbpedia.org/resource/Hong_Kong, http://dbpedia.org/resource/Union_Square_(Hong_Kong)]"
"125","3","[http://dbpedia.org/resource/China, http://dbpedia.org/resource/Guangzhou]"
"4","3","[http://dbpedia.org/resource/China, http://dbpedia.org/resource/Shanghai, http://dbpedia.org/resource/Pudong]"
"126","3","[http://dbpedia.org/resource/China, http://dbpedia.org/resource/Shanghai, http://dbpedia.org/resource/Pudong]"
"5","3","[http://dbpedia.org/resource/Hong_Kong, http://dbpedia.org/resource/Austin_Road, http://dbpedia.org/resource/Tsim_Sha_Tsui, http://dbpedia.org/resource/West_Kowloon]"
"127","3","http://dbpedia.org/resource/District_1,_Ho_Chi_Minh_City"
"6","3","[http://dbpedia.org/resource/Kuala_Lumpur, http://dbpedia.org/resource/Jalan_Ampang, http://dbpedia.org/resource/Malaysia]"
"7","3","[http://dbpedia.org/resource/Kuala_Lumpur, http://dbpedia.org/resource/Jalan_Ampang, http://dbpedia.org/resource/Malaysia]"
"128","3","[http://dbpedia.org/resource/United_Arab_Emirates, http://dbpedia.org/resource/Dubai]"
"8","3","[http://dbpedia.org/resource/China, http://dbpedia.org/resource/Nanjing]"
"129","3","[http://dbpedia.org/resource/Moscow, http://dbpedia.org/resource/Russia, http://dbpedia.org/resource/Moscow_International_Business_Center]"
"9","3","http://dbpedia.org/resource/Chicago"
"21","3","[http://dbpedia.org/resource/Manhattan, http://dbpedia.org/resource/Fifth_Avenue, http://dbpedia.org/resource/New_York]"
"22","3","[http://dbpedia.org/resource/United_Arab_Emirates, http://dbpedia.org/resource/Dubai]"
"23","3","[http://dbpedia.org/resource/United_Arab_Emirates, http://dbpedia.org/resource/Dubai, http://dbpedia.org/resource/E_11_road_(United_Arab_Emirates)]"
"24","3","[http://dbpedia.org/resource/United_Arab_Emirates, http://dbpedia.org/resource/Dubai, http://dbpedia.org/resource/E_11_road_(United_Arab_Emirates)]"
"25","3","http://dbpedia.org/resource/Hong_Kong"
"26","3","http://dbpedia.org/resource/Central,_Hong_Kong"
"27","3","[http://dbpedia.org/resource/New_York_City, http://dbpedia.org/resource/42nd_Street_(Manhattan), http://dbpedia.org/resource/New_York]"
"28","3","[http://dbpedia.org/resource/United_Arab_Emirates, http://dbpedia.org/resource/Jumeirah_Lake_Towers, http://dbpedia.org/resource/Dubai]"
"29","3","[http://dbpedia.org/resource/China, http://dbpedia.org/resource/Guangzhou]"
"130","3","[http://dbpedia.org/resource/United_Arab_Emirates, http://dbpedia.org/resource/Abu_Dhabi]"
"132","3","[http://dbpedia.org/resource/New_York_City, http://dbpedia.org/resource/Manhattan]"
"133","3","http://dbpedia.org/resource/Kuala_Lumpur"
"134","3","[http://dbpedia.org/resource/Riyadh, http://dbpedia.org/resource/Saudi_Arabia]"
"135","3","[http://dbpedia.org/resource/Thailand, http://dbpedia.org/resource/Bangkok]"
"136","3","[http://dbpedia.org/resource/Chicago, http://dbpedia.org/resource/Michigan_Avenue_(Chicago)]"
"137","3","http://dbpedia.org/resource/Charlotte,_North_Carolina"
"138","3","[http://dbpedia.org/resource/Atlanta, http://dbpedia.org/resource/Peachtree_Street]"
"139","3","[http://dbpedia.org/resource/United_Arab_Emirates, http://dbpedia.org/resource/Dubai]"
"30","3","[http://dbpedia.org/resource/United_Arab_Emirates, http://dbpedia.org/resource/Dubai]"
"31","3","[http://dbpedia.org/resource/Kaohsiung, http://dbpedia.org/resource/Taiwan, http://dbpedia.org/resource/Lingya_District]"
"32","3","[http://dbpedia.org/resource/Chicago, http://dbpedia.org/resource/Illinois, http://dbpedia.org/resource/Randolph_Street_(Chicago), http://dbpedia.org/resource/United_States]"
"33","3","http://dbpedia.org/resource/Hong_Kong"
"34","3","[http://dbpedia.org/resource/United_Arab_Emirates, http://dbpedia.org/resource/Dubai]"
"35","3","http://dbpedia.org/resource/Chicago"
"36","3","[http://dbpedia.org/resource/China, http://dbpedia.org/resource/Tianjin]"
"37","3","[http://dbpedia.org/resource/Hanoi, http://dbpedia.org/resource/Vietnam]"
"38","3","[http://dbpedia.org/resource/China, http://dbpedia.org/resource/Wenzhou, http://dbpedia.org/resource/Zhejiang]"
"39","3","[http://dbpedia.org/resource/United_Arab_Emirates, http://dbpedia.org/resource/Dubai]"
"140","3","[http://dbpedia.org/resource/United_Arab_Emirates, http://dbpedia.org/resource/Dubai]"
"141","3","[http://dbpedia.org/resource/China, http://dbpedia.org/resource/Shanghai, http://dbpedia.org/resource/Pudong]"
"142","3","[http://dbpedia.org/resource/South_Korea, http://dbpedia.org/resource/Haeundae_District, http://dbpedia.org/resource/Busan]"
"145","3","[http://dbpedia.org/resource/Australia, http://dbpedia.org/resource/Victoria_(Australia), http://dbpedia.org/resource/Melbourne]"
"146","3","[http://dbpedia.org/resource/Moscow, http://dbpedia.org/resource/Russia]"
"147","3","[http://dbpedia.org/resource/South_Korea, http://dbpedia.org/resource/Gangnam_District, http://dbpedia.org/resource/Seoul]"
"148","3","[http://dbpedia.org/resource/United_Arab_Emirates, http://dbpedia.org/resource/Dubai]"
"149","3","[http://dbpedia.org/resource/Manhattan, http://dbpedia.org/resource/New_York]"
"40","3","[http://dbpedia.org/resource/China, http://dbpedia.org/resource/Shanghai, http://dbpedia.org/resource/Huangpu_District,_Shanghai]"
"41","3","[http://dbpedia.org/resource/China, http://dbpedia.org/resource/Hubei, http://dbpedia.org/resource/Wuhan]"
"42","3","[http://dbpedia.org/resource/North_Korea, http://dbpedia.org/resource/Pyongyang]"
"45","3","http://dbpedia.org/resource/Dubai"
"46","3","[http://dbpedia.org/resource/China, http://dbpedia.org/resource/Jiangyin]"
"47","3","[http://dbpedia.org/resource/United_Arab_Emirates, http://dbpedia.org/resource/Abu_Dhabi]"
"48","3","[http://dbpedia.org/resource/Gold_Coast,_Queensland, http://dbpedia.org/resource/Queensland, http://dbpedia.org/resource/Australia]"
"49","3","[http://dbpedia.org/resource/United_Arab_Emirates, http://dbpedia.org/resource/Dubai]"
"152","3","[http://dbpedia.org/resource/China, http://dbpedia.org/resource/Shanghai, http://dbpedia.org/resource/Xuhui_District]"
"153","3","[http://dbpedia.org/resource/China, http://dbpedia.org/resource/Shanghai, http://dbpedia.org/resource/Xuhui_District]"
"154","3","[http://dbpedia.org/resource/California, http://dbpedia.org/resource/Los_Angeles, http://dbpedia.org/resource/Wilshire_Boulevard]"
"155","3","[http://dbpedia.org/resource/United_Arab_Emirates, http://dbpedia.org/resource/Dubai_International_Financial_Centre, http://dbpedia.org/resource/Dubai]"
"156","3","http://dbpedia.org/resource/Macau"
"157","3","[http://dbpedia.org/resource/Turkey, http://dbpedia.org/resource/Istanbul, http://dbpedia.org/resource/Levent]"
"158","3","[http://dbpedia.org/resource/Hong_Kong, http://dbpedia.org/resource/Kowloon, http://dbpedia.org/resource/Tsim_Sha_Tsui]"
"50","3","http://dbpedia.org/resource/Manhattan"
"51","3","http://dbpedia.org/resource/Hong_Kong"
"52","3","[http://dbpedia.org/resource/Manhattan, http://dbpedia.org/resource/Eighth_Avenue_(Manhattan), http://dbpedia.org/resource/United_States, http://dbpedia.org/resource/New_York]"
"53","3","[http://dbpedia.org/resource/United_Arab_Emirates, http://dbpedia.org/resource/Dubai, http://dbpedia.org/resource/E_11_road_(United_Arab_Emirates)]"
"54","3","[http://dbpedia.org/resource/Atlanta, http://dbpedia.org/resource/United_States]"
"55","3","[http://dbpedia.org/resource/California, http://dbpedia.org/resource/Los_Angeles]"
"56","3","[http://dbpedia.org/resource/Kuala_Lumpur, http://dbpedia.org/resource/Malaysia]"
"57","3","http://dbpedia.org/resource/Dubai"
"58","3","[http://dbpedia.org/resource/United_Arab_Emirates, http://dbpedia.org/resource/Al_Reem_Island, http://dbpedia.org/resource/Abu_Dhabi]"
"59","3","http://dbpedia.org/resource/Southwark"
"160","3","[http://dbpedia.org/resource/United_Arab_Emirates, http://dbpedia.org/resource/Abu_Dhabi]"
"161","3","http://dbpedia.org/resource/Melbourne"
"162","3","[http://dbpedia.org/resource/China, http://dbpedia.org/resource/Beijing]"
"166","3","[http://dbpedia.org/resource/United_Arab_Emirates, http://dbpedia.org/resource/Dubai]"
"167","3","[http://dbpedia.org/resource/Manama, http://dbpedia.org/resource/Bahrain]"
"168","3","[http://dbpedia.org/resource/Manama, http://dbpedia.org/resource/Bahrain]"
"169","3","[http://dbpedia.org/resource/China, http://dbpedia.org/resource/Guangzhou]"
"60","3","[http://dbpedia.org/resource/China, http://dbpedia.org/resource/Guangzhou]"
"61","3","[http://dbpedia.org/resource/United_Arab_Emirates, http://dbpedia.org/resource/Dubai]"
"62","3","[http://dbpedia.org/resource/South_Korea, http://dbpedia.org/resource/Incheon, http://dbpedia.org/resource/Incheon_Free_Economic_Zone, http://dbpedia.org/resource/Songdo_International_Business_District]"
"63","3","[http://dbpedia.org/resource/Chicago, http://dbpedia.org/resource/Illinois]"
"64","3","[http://dbpedia.org/resource/United_Arab_Emirates, http://dbpedia.org/resource/Dubai]"
"65","3","[http://dbpedia.org/resource/Houston, http://dbpedia.org/resource/Texas]"
"66","3","[http://dbpedia.org/resource/United_Arab_Emirates, http://dbpedia.org/resource/Abu_Dhabi]"
"67","3","[http://dbpedia.org/resource/Thailand, http://dbpedia.org/resource/Ratchathewi_District, http://dbpedia.org/resource/Bangkok]"
"68","3","[http://dbpedia.org/resource/Chicago, http://dbpedia.org/resource/Illinois, http://dbpedia.org/resource/United_States]"
"69","3","[http://dbpedia.org/resource/China, http://dbpedia.org/resource/Guangzhou, http://dbpedia.org/resource/Guangdong]"
"170","3","[http://dbpedia.org/resource/California, http://dbpedia.org/resource/San_Francisco, http://dbpedia.org/resource/Montgomery_Street]"
"171","3","[http://dbpedia.org/resource/Chicago, http://dbpedia.org/resource/United_States]"
"172","3","[http://dbpedia.org/resource/New_York_City, http://dbpedia.org/resource/Rockefeller_Center, http://dbpedia.org/resource/United_States, http://dbpedia.org/resource/New_York]"
"173","3","[http://dbpedia.org/resource/Frankfurt, http://dbpedia.org/resource/Germany, http://dbpedia.org/resource/Hesse]"
"174","3","[http://dbpedia.org/resource/Philippines, http://dbpedia.org/resource/Ayala_Avenue, http://dbpedia.org/resource/Makati]"
"175","3","http://dbpedia.org/resource/Philadelphia"
"70","3","[http://dbpedia.org/resource/Houston, http://dbpedia.org/resource/Texas, http://dbpedia.org/resource/United_States]"
"71","3","[http://dbpedia.org/resource/Riyadh, http://dbpedia.org/resource/Saudi_Arabia]"
"72","3","[http://dbpedia.org/resource/Moscow, http://dbpedia.org/resource/Russia, http://dbpedia.org/resource/Moscow_International_Business_Center]"
"73","3","[http://dbpedia.org/resource/South_Korea, http://dbpedia.org/resource/Haeundae_District, http://dbpedia.org/resource/Busan]"
"74","3","[http://dbpedia.org/resource/Doha, http://dbpedia.org/resource/Qatar]"
"75","3","[http://dbpedia.org/resource/Kuwait_City, http://dbpedia.org/resource/Kuwait]"
"76","3","http://dbpedia.org/resource/Hong_Kong"
"77","3","[http://dbpedia.org/resource/Ontario, http://dbpedia.org/resource/Toronto, http://dbpedia.org/resource/Canada, http://dbpedia.org/resource/King_Street_(Toronto)]"
"78","3","[http://dbpedia.org/resource/China, http://dbpedia.org/resource/Shanghai, http://dbpedia.org/resource/Puxi]"
"182","3","[http://dbpedia.org/resource/Oklahoma, http://dbpedia.org/resource/Oklahoma_City, http://dbpedia.org/resource/United_States]"
"183","3","[http://dbpedia.org/resource/Moscow, http://dbpedia.org/resource/Russia, http://dbpedia.org/resource/Moscow_International_Business_Center]"
"184","3","[http://dbpedia.org/resource/Ontario, http://dbpedia.org/resource/Toronto]"
"185","3","[http://dbpedia.org/resource/Frankfurt, http://dbpedia.org/resource/Germany, http://dbpedia.org/resource/Hesse]"
"186","3","[http://dbpedia.org/resource/Pennsylvania, http://dbpedia.org/resource/Pittsburgh, http://dbpedia.org/resource/Grant_Street]"
"100","3","http://dbpedia.org/resource/Manhattan"
"188","3","[http://dbpedia.org/resource/United_Arab_Emirates, http://dbpedia.org/resource/Dubai]"
"101","3","[http://dbpedia.org/resource/Suzhou, http://dbpedia.org/resource/Jiangsu, http://dbpedia.org/resource/Suzhou_Industrial_Park]"
"102","3","[http://dbpedia.org/resource/South_Korea, http://dbpedia.org/resource/Haeundae_District, http://dbpedia.org/resource/Busan]"
"103","3","[http://dbpedia.org/resource/Texas, http://dbpedia.org/resource/Dallas, http://dbpedia.org/resource/Main_Street_District,_Dallas]"
"105","3","[http://dbpedia.org/resource/United_Arab_Emirates, http://dbpedia.org/resource/Dubai]"
"106","3","[http://dbpedia.org/resource/Singapore, http://dbpedia.org/resource/Downtown_Core, http://dbpedia.org/resource/Raffles_Place]"
"107","3","[http://dbpedia.org/resource/Singapore, http://dbpedia.org/resource/Downtown_Core, http://dbpedia.org/resource/Raffles_Place]"
"80","3","http://dbpedia.org/resource/Philadelphia"
"81","3","http://dbpedia.org/resource/Yokohama"
"108","3","[http://dbpedia.org/resource/Singapore, http://dbpedia.org/resource/Downtown_Core, http://dbpedia.org/resource/Raffles_Place]"
"82","3","[http://dbpedia.org/resource/United_Arab_Emirates, http://dbpedia.org/resource/Dubai]"
"109","3","[http://dbpedia.org/resource/South_Korea, http://dbpedia.org/resource/Yeouido-dong, http://dbpedia.org/resource/Seoul, http://dbpedia.org/resource/Yeongdeungpo_District]"
"83","3","[http://dbpedia.org/resource/United_Arab_Emirates, http://dbpedia.org/resource/Dubai]"
"84","3","[http://dbpedia.org/resource/United_Arab_Emirates, http://dbpedia.org/resource/Dubai_International_Financial_Centre, http://dbpedia.org/resource/Dubai]"
"85","3","[http://dbpedia.org/resource/Panama, http://dbpedia.org/resource/Panama_City, http://dbpedia.org/resource/Punta_Pacifica]"
"86","3","[http://dbpedia.org/resource/Chicago, http://dbpedia.org/resource/Illinois, http://dbpedia.org/resource/Wacker_Drive]"
"87","3","[http://dbpedia.org/resource/South_Korea, http://dbpedia.org/resource/Busan]"
