"111","2","http://dbpedia.org/resource/Conglomerate_(company)"
"112","2","http://dbpedia.org/resource/Financial_services"
"113","2","[http://dbpedia.org/resource/Financial_services, http://dbpedia.org/resource/Investment_banking, http://dbpedia.org/resource/Bank]"
"114","2","[http://dbpedia.org/resource/Renting, http://dbpedia.org/resource/Leasing]"
"116","2","[http://dbpedia.org/resource/Mass_media, http://dbpedia.org/resource/Telecommunication]"
"117","2","http://dbpedia.org/resource/Conglomerate_(company)"
"118","2","[http://dbpedia.org/resource/Aviation, http://dbpedia.org/resource/Automotive_industry, http://dbpedia.org/resource/Telematics]"
"10","2","http://dbpedia.org/resource/Restaurant"
"11","2","http://dbpedia.org/resource/Retail"
"12","2","http://dbpedia.org/resource/Grocery_store"
"13","2","[http://dbpedia.org/resource/Internet, http://dbpedia.org/resource/Online_shopping]"
"14","2","http://dbpedia.org/resource/Financial_services"
"15","2","http://dbpedia.org/resource/Restaurant"
"16","2","http://dbpedia.org/resource/Retail"
"17","2","http://dbpedia.org/resource/Retail"
"19","2","[http://dbpedia.org/resource/Health_food_store, http://dbpedia.org/resource/Grocery_store]"
"120","2","http://dbpedia.org/resource/Car_rental"
"121","2","http://dbpedia.org/resource/Conglomerate_(company)"
"122","2","[http://dbpedia.org/resource/Electronics, http://dbpedia.org/resource/Computer_hardware]"
"1","2","http://dbpedia.org/resource/Retail"
"2","2","http://dbpedia.org/resource/Retail"
"123","2","[http://dbpedia.org/resource/Financial_services, http://dbpedia.org/resource/Bank]"
"124","2","[http://dbpedia.org/resource/Software, http://dbpedia.org/resource/Information_technology_consulting, http://dbpedia.org/resource/IT_service_management, http://dbpedia.org/resource/Computer_hardware]"
"4","2","http://dbpedia.org/resource/Restaurant"
"125","2","http://dbpedia.org/resource/Satellite_television"
"5","2","http://dbpedia.org/resource/Restaurant"
"6","2","http://dbpedia.org/resource/Restaurant"
"7","2","http://dbpedia.org/resource/Grocery_store"
"128","2","http://dbpedia.org/resource/Wireless"
"129","2","http://dbpedia.org/resource/Financial_services"
"8","2","[http://dbpedia.org/resource/Supermarket, http://dbpedia.org/resource/Retail]"
"9","2","http://dbpedia.org/resource/Retail"
"20","2","http://dbpedia.org/resource/Retail"
"21","2","http://dbpedia.org/resource/Retail"
"22","2","http://dbpedia.org/resource/Retail"
"23","2","http://dbpedia.org/resource/Food_and_Beverage"
"24","2","http://dbpedia.org/resource/Fast_food"
"25","2","http://dbpedia.org/resource/Restaurant"
"27","2","http://dbpedia.org/resource/Restaurant"
"28","2","http://dbpedia.org/resource/Grocery_store"
"29","2","http://dbpedia.org/resource/Retail"
"130","2","http://dbpedia.org/resource/Financial_services"
"131","2","http://dbpedia.org/resource/Hotel"
"132","2","http://dbpedia.org/resource/Insurance"
"133","2","http://dbpedia.org/resource/Telecommunication"
"134","2","http://dbpedia.org/resource/Automotive_industry"
"136","2","[http://dbpedia.org/resource/Financial_services, http://dbpedia.org/resource/Investment_banking, http://dbpedia.org/resource/Bank]"
"138","2","http://dbpedia.org/resource/Financial_services"
"139","2","http://dbpedia.org/resource/Insurance"
"30","2","http://dbpedia.org/resource/Retail"
"31","2","http://dbpedia.org/resource/Courier"
"32","2","http://dbpedia.org/resource/Retail"
"33","2","http://dbpedia.org/resource/Retail"
"34","2","http://dbpedia.org/resource/Retail"
"35","2","http://dbpedia.org/resource/Aviation"
"36","2","http://dbpedia.org/resource/Financial_services"
"37","2","http://dbpedia.org/resource/Financial_services"
"38","2","http://dbpedia.org/resource/Financial_services"
"39","2","http://dbpedia.org/resource/Restaurant"
"140","2","http://dbpedia.org/resource/Mass_media"
"141","2","http://dbpedia.org/resource/Financial_services"
"142","2","http://dbpedia.org/resource/Financial_services"
"144","2","http://dbpedia.org/resource/Telecommunication"
"145","2","http://dbpedia.org/resource/Aviation"
"146","2","[http://dbpedia.org/resource/Financial_services, http://dbpedia.org/resource/Bank]"
"147","2","[http://dbpedia.org/resource/Electronics, http://dbpedia.org/resource/Computer_hardware]"
"148","2","[http://dbpedia.org/resource/Software, http://dbpedia.org/resource/Computer_hardware]"
"149","2","http://dbpedia.org/resource/Motel"
"40","2","http://dbpedia.org/resource/Retail"
"42","2","http://dbpedia.org/resource/Financial_services"
"43","2","http://dbpedia.org/resource/Courier"
"44","2","http://dbpedia.org/resource/Retail"
"45","2","[http://dbpedia.org/resource/Financial_services, http://dbpedia.org/resource/Bank]"
"46","2","http://dbpedia.org/resource/Car_rental"
"47","2","http://dbpedia.org/resource/Hospitality_industry"
"48","2","[http://dbpedia.org/resource/Tourism, http://dbpedia.org/resource/Hospitality]"
"49","2","http://dbpedia.org/resource/Financial_services"
"150","2","http://dbpedia.org/resource/Satellite_television"
"151","2","http://dbpedia.org/resource/Aviation"
"152","2","http://dbpedia.org/resource/Car_rental"
"154","2","[http://dbpedia.org/resource/Financial_services, http://dbpedia.org/resource/Bank]"
"155","2","http://dbpedia.org/resource/Insurance"
"156","2","http://dbpedia.org/resource/Insurance"
"157","2","http://dbpedia.org/resource/Telecommunication"
"158","2","http://dbpedia.org/resource/Financial_services"
"159","2","http://dbpedia.org/resource/Financial_services"
"50","2","http://dbpedia.org/resource/Retail"
"51","2","http://dbpedia.org/resource/Retail"
"55","2","http://dbpedia.org/resource/Retail"
"57","2","http://dbpedia.org/resource/Automotive_industry"
"160","2","http://dbpedia.org/resource/Courier"
"161","2","http://dbpedia.org/resource/Retail"
"162","2","http://dbpedia.org/resource/Telecommunication"
"163","2","http://dbpedia.org/resource/Conglomerate_(company)"
"164","2","[http://dbpedia.org/resource/Financial_services, http://dbpedia.org/resource/Automotive_industry]"
"165","2","http://dbpedia.org/resource/Automotive_industry"
"167","2","[http://dbpedia.org/resource/Financial_services, http://dbpedia.org/resource/Bank]"
"60","2","http://dbpedia.org/resource/Retail"
"61","2","http://dbpedia.org/resource/Retail"
"62","2","http://dbpedia.org/resource/Restaurant"
"63","2","http://dbpedia.org/resource/Hotel"
"66","2","http://dbpedia.org/resource/Retail"
"67","2","http://dbpedia.org/resource/Aviation"
"68","2","[http://dbpedia.org/resource/Financial_services, http://dbpedia.org/resource/Bank]"
"69","2","http://dbpedia.org/resource/Financial_services"
"170","2","http://dbpedia.org/resource/Wireless"
"171","2","http://dbpedia.org/resource/Aviation"
"173","2","[http://dbpedia.org/resource/Financial_services, http://dbpedia.org/resource/Bank]"
"174","2","http://dbpedia.org/resource/Managed_care"
"175","2","http://dbpedia.org/resource/Managed_care"
"176","2","[http://dbpedia.org/resource/Mass_media, http://dbpedia.org/resource/Telecommunication]"
"178","2","http://dbpedia.org/resource/Automotive_industry"
"179","2","[http://dbpedia.org/resource/Software, http://dbpedia.org/resource/Information_technology_consulting, http://dbpedia.org/resource/IT_service_management, http://dbpedia.org/resource/Computer_hardware]"
"70","2","http://dbpedia.org/resource/Restaurant"
"72","2","http://dbpedia.org/resource/Health_care"
"74","2","http://dbpedia.org/resource/Financial_services"
"75","2","http://dbpedia.org/resource/Home_appliance"
"76","2","[http://dbpedia.org/resource/Electronics, http://dbpedia.org/resource/Engineering]"
"77","2","http://dbpedia.org/resource/Automotive_industry"
"78","2","http://dbpedia.org/resource/Automotive_industry"
"79","2","http://dbpedia.org/resource/Financial_services"
"180","2","http://dbpedia.org/resource/Computer_hardware"
"181","2","http://dbpedia.org/resource/Financial_services"
"182","2","http://dbpedia.org/resource/Managed_care"
"183","2","http://dbpedia.org/resource/Telecommunication"
"184","2","http://dbpedia.org/resource/Telecommunication"
"185","2","[http://dbpedia.org/resource/Mass_media, http://dbpedia.org/resource/Telecommunication]"
"187","2","http://dbpedia.org/resource/Aviation"
"188","2","http://dbpedia.org/resource/Financial_services"
"80","2","http://dbpedia.org/resource/Hotel"
"81","2","http://dbpedia.org/resource/Vehicle_insurance"
"84","2","http://dbpedia.org/resource/Retail"
"85","2","http://dbpedia.org/resource/Bank"
"86","2","http://dbpedia.org/resource/Hotel"
"87","2","http://dbpedia.org/resource/Retail"
"89","2","http://dbpedia.org/resource/Aviation"
"190","2","http://dbpedia.org/resource/Aviation"
"191","2","http://dbpedia.org/resource/Hotel"
"192","2","[http://dbpedia.org/resource/Mass_media, http://dbpedia.org/resource/Telecommunication]"
"195","2","[http://dbpedia.org/resource/Mass_media, http://dbpedia.org/resource/Telecommunication]"
"196","2","http://dbpedia.org/resource/Telecommunication"
"197","2","http://dbpedia.org/resource/Wireless"
"198","2","http://dbpedia.org/resource/Managed_care"
"199","2","http://dbpedia.org/resource/Health_care"
"90","2","http://dbpedia.org/resource/Bank"
"91","2","[http://dbpedia.org/resource/Software, http://dbpedia.org/resource/Digital_distribution, http://dbpedia.org/resource/Consumer_electronics, http://dbpedia.org/resource/Computer_hardware]"
"92","2","http://dbpedia.org/resource/Bank"
"93","2","http://dbpedia.org/resource/Financial_services"
"94","2","[http://dbpedia.org/resource/Hotel, http://dbpedia.org/resource/Hospitality]"
"95","2","http://dbpedia.org/resource/Financial_services"
"97","2","http://dbpedia.org/resource/Financial_services"
"98","2","http://dbpedia.org/resource/Investment"
"99","2","http://dbpedia.org/resource/Investment_management"
"202","2","http://dbpedia.org/resource/Managed_care"
"203","2","http://dbpedia.org/resource/Telecommunication"
"204","2","[http://dbpedia.org/resource/Insurance, http://dbpedia.org/resource/Health_care]"
"205","2","http://dbpedia.org/resource/Telecommunication"
"206","2","[http://dbpedia.org/resource/Cloud_computing, http://dbpedia.org/resource/Internet_service_provider, http://dbpedia.org/resource/IT_service_management]"
"101","2","http://dbpedia.org/resource/Online_shopping"
"102","2","http://dbpedia.org/resource/Aviation"
"103","2","http://dbpedia.org/resource/Conglomerate_(company)"
"104","2","http://dbpedia.org/resource/Conglomerate_(company)"
"105","2","http://dbpedia.org/resource/Car_rental"
"106","2","http://dbpedia.org/resource/Restaurant"
"107","2","http://dbpedia.org/resource/Hospitality"
"108","2","http://dbpedia.org/resource/Insurance"
"109","2","http://dbpedia.org/resource/Financial_services"
