"230","3","http://dbpedia.org/resource/Belgrade"
"110","3","http://dbpedia.org/resource/Tokyo"
"110","4","http://dbpedia.org/resource/Japan_Standard_Time"
"231","3","http://dbpedia.org/resource/Kinshasa"
"231","4","[http://dbpedia.org/resource/Central_Africa_Time, http://dbpedia.org/resource/West_Africa_Time]"
"232","3","http://dbpedia.org/resource/Lusaka"
"232","4","http://dbpedia.org/resource/Central_Africa_Time"
"111","3","http://dbpedia.org/resource/Saint_Helier"
"111","4","http://dbpedia.org/resource/Greenwich_Mean_Time"
"233","3","http://dbpedia.org/resource/Harare"
"233","4","http://dbpedia.org/resource/Central_Africa_Time"
"112","3","http://dbpedia.org/resource/Amman"
"112","4","http://dbpedia.org/resource/Coordinated_Universal_Time"
"114","3","http://dbpedia.org/resource/Astana"
"114","4","http://dbpedia.org/resource/Time_in_Kazakhstan"
"115","3","http://dbpedia.org/resource/Nairobi"
"115","4","http://dbpedia.org/resource/East_Africa_Time"
"116","3","http://dbpedia.org/resource/Bishkek"
"116","4","http://dbpedia.org/resource/Kyrgyzstan_Time"
"117","3","http://dbpedia.org/resource/South_Tarawa"
"118","3","http://dbpedia.org/resource/Kuwait_City"
"118","4","http://dbpedia.org/resource/UTC+03:00"
"10","3","http://dbpedia.org/resource/St._John's,_Antigua_and_Barbuda"
"11","3","http://dbpedia.org/resource/Riyadh"
"11","4","http://dbpedia.org/resource/UTC+03:00"
"12","3","http://dbpedia.org/resource/Buenos_Aires"
"12","4","http://dbpedia.org/resource/Time_in_Argentina"
"13","3","http://dbpedia.org/resource/Yerevan"
"13","4","http://dbpedia.org/resource/Coordinated_Universal_Time"
"14","3","http://dbpedia.org/resource/Vienna"
"14","4","http://dbpedia.org/resource/Central_European_Time"
"15","3","http://dbpedia.org/resource/Baku"
"15","4","http://dbpedia.org/resource/Time_in_Azerbaijan"
"17","3","http://dbpedia.org/resource/Nassau,_Bahamas"
"17","4","http://dbpedia.org/resource/Eastern_Time_Zone"
"18","3","http://dbpedia.org/resource/Manama"
"19","3","http://dbpedia.org/resource/Dhaka"
"19","4","http://dbpedia.org/resource/Bangladesh_Standard_Time"
"120","3","http://dbpedia.org/resource/Vientiane"
"121","3","http://dbpedia.org/resource/Maseru"
"121","4","http://dbpedia.org/resource/South_African_Standard_Time"
"122","4","http://dbpedia.org/resource/Eastern_European_Time"
"1","3","http://dbpedia.org/resource/Kabul"
"123","3","http://dbpedia.org/resource/Beirut"
"123","4","http://dbpedia.org/resource/Eastern_European_Time"
"2","3","http://dbpedia.org/resource/Pretoria"
"2","4","http://dbpedia.org/resource/South_African_Standard_Time"
"3","3","http://dbpedia.org/resource/Tirana"
"3","4","http://dbpedia.org/resource/Central_European_Time"
"124","3","http://dbpedia.org/resource/Monrovia"
"124","4","http://dbpedia.org/resource/Greenwich_Mean_Time"
"125","3","http://dbpedia.org/resource/Tripoli"
"125","4","http://dbpedia.org/resource/Central_European_Time"
"4","3","http://dbpedia.org/resource/Saint_Anne,_Alderney"
"4","4","http://dbpedia.org/resource/Greenwich_Mean_Time"
"126","4","http://dbpedia.org/resource/Central_European_Time"
"5","3","http://dbpedia.org/resource/Algiers"
"5","4","http://dbpedia.org/resource/Central_European_Time"
"127","4","http://dbpedia.org/resource/Eastern_European_Time"
"6","3","http://dbpedia.org/resource/Berlin"
"7","3","http://dbpedia.org/resource/Andorra_la_Vella"
"7","4","http://dbpedia.org/resource/Central_European_Time"
"128","3","http://dbpedia.org/resource/Luxembourg_(city)"
"128","4","http://dbpedia.org/resource/Central_European_Time"
"8","3","http://dbpedia.org/resource/London"
"8","4","http://dbpedia.org/resource/Greenwich_Mean_Time"
"9","3","http://dbpedia.org/resource/Luanda"
"9","4","http://dbpedia.org/resource/West_Africa_Time"
"20","3","http://dbpedia.org/resource/Bridgetown"
"20","4","http://dbpedia.org/resource/Atlantic_Time_Zone"
"21","3","http://dbpedia.org/resource/Minsk"
"21","4","http://dbpedia.org/resource/Further-eastern_European_Time"
"22","3","http://dbpedia.org/resource/Brussels"
"22","4","http://dbpedia.org/resource/Central_European_Time"
"23","3","http://dbpedia.org/resource/Belmopan"
"23","4","http://dbpedia.org/resource/Central_Time_Zone"
"24","3","http://dbpedia.org/resource/Porto-Novo"
"24","4","http://dbpedia.org/resource/West_Africa_Time"
"25","3","http://dbpedia.org/resource/Hamilton,_Bermuda"
"25","4","http://dbpedia.org/resource/Atlantic_Time_Zone"
"26","3","http://dbpedia.org/resource/Thimphu"
"26","4","http://dbpedia.org/resource/Bhutan_Time"
"27","3","http://dbpedia.org/resource/Naypyidaw"
"27","4","http://dbpedia.org/resource/Myanmar_Standard_Time"
"28","3","http://dbpedia.org/resource/Sucre"
"28","4","http://dbpedia.org/resource/UTC%E2%88%9204:00"
"29","4","http://dbpedia.org/resource/Central_European_Time"
"130","4","http://dbpedia.org/resource/Time_in_China"
"131","3","http://dbpedia.org/resource/Skopje"
"131","4","http://dbpedia.org/resource/Central_European_Time"
"132","3","http://dbpedia.org/resource/Antananarivo"
"132","4","http://dbpedia.org/resource/East_Africa_Time"
"133","3","http://dbpedia.org/resource/Kuala_Lumpur"
"133","4","http://dbpedia.org/resource/Time_in_Malaysia"
"134","3","http://dbpedia.org/resource/Lilongwe"
"134","4","http://dbpedia.org/resource/Central_Africa_Time"
"135","3","http://dbpedia.org/resource/Mal%C3%A9"
"137","3","http://dbpedia.org/resource/Valletta"
"137","4","http://dbpedia.org/resource/Central_European_Time"
"138","3","http://dbpedia.org/resource/Rabat"
"138","4","http://dbpedia.org/resource/Western_European_Time"
"139","3","http://dbpedia.org/resource/Port_Louis"
"139","4","http://dbpedia.org/resource/Mauritius_Time"
"30","3","http://dbpedia.org/resource/Gaborone"
"30","4","http://dbpedia.org/resource/Central_Africa_Time"
"31","3","http://dbpedia.org/resource/Bras%C3%ADlia"
"31","4","http://dbpedia.org/resource/Time_in_Brazil"
"32","3","http://dbpedia.org/resource/Bandar_Seri_Begawan"
"33","3","http://dbpedia.org/resource/Sofia"
"33","4","http://dbpedia.org/resource/Eastern_European_Time"
"34","3","http://dbpedia.org/resource/Ouagadougou"
"35","3","http://dbpedia.org/resource/Bujumbura"
"35","4","http://dbpedia.org/resource/Central_Africa_Time"
"37","3","http://dbpedia.org/resource/Phnom_Penh"
"38","3","http://dbpedia.org/resource/Yaound%C3%A9"
"38","4","http://dbpedia.org/resource/West_Africa_Time"
"39","3","http://dbpedia.org/resource/Ottawa"
"140","3","http://dbpedia.org/resource/Nouakchott"
"141","3","http://dbpedia.org/resource/Mexico_City"
"141","4","http://dbpedia.org/resource/Time_in_Mexico"
"142","3","http://dbpedia.org/resource/Palikir"
"143","3","http://dbpedia.org/resource/Chi%C8%99in%C4%83u"
"143","4","http://dbpedia.org/resource/Eastern_European_Time"
"144","3","http://dbpedia.org/resource/Monaco-Ville"
"144","4","http://dbpedia.org/resource/Central_European_Time"
"145","3","http://dbpedia.org/resource/Ulan_Bator"
"146","3","http://dbpedia.org/resource/Maputo"
"146","4","http://dbpedia.org/resource/Central_Africa_Time"
"148","3","http://dbpedia.org/resource/Windhoek"
"148","4","http://dbpedia.org/resource/West_Africa_Time"
"149","3","http://dbpedia.org/resource/Yaren_District"
"40","3","http://dbpedia.org/resource/Praia"
"40","4","http://dbpedia.org/resource/Cape_Verde_Time"
"41","3","http://dbpedia.org/resource/Santiago"
"42","3","http://dbpedia.org/resource/Beijing"
"42","4","http://dbpedia.org/resource/Time_in_China"
"43","3","http://dbpedia.org/resource/Nicosia"
"43","4","http://dbpedia.org/resource/Eastern_European_Time"
"44","3","http://dbpedia.org/resource/Bogot%C3%A1"
"44","4","http://dbpedia.org/resource/Time_in_Colombia"
"45","3","http://dbpedia.org/resource/Moroni,_Comoros"
"45","4","http://dbpedia.org/resource/East_Africa_Time"
"46","3","http://dbpedia.org/resource/Brazzaville"
"46","4","http://dbpedia.org/resource/West_Africa_Time"
"47","3","http://dbpedia.org/resource/Pyongyang"
"47","4","http://dbpedia.org/resource/Korea_Standard_Time"
"48","3","http://dbpedia.org/resource/Seoul"
"48","4","http://dbpedia.org/resource/Korea_Standard_Time"
"49","3","http://dbpedia.org/resource/San_Jos%C3%A9,_Costa_Rica"
"49","4","http://dbpedia.org/resource/Central_Time_Zone"
"150","4","http://dbpedia.org/resource/Nepal_Time"
"151","3","http://dbpedia.org/resource/Managua"
"151","4","http://dbpedia.org/resource/Central_Time_Zone"
"152","3","http://dbpedia.org/resource/Niamey"
"152","4","http://dbpedia.org/resource/West_Africa_Time"
"153","3","http://dbpedia.org/resource/Abuja"
"153","4","http://dbpedia.org/resource/West_Africa_Time"
"154","4","http://dbpedia.org/resource/Central_European_Time"
"155","3","http://dbpedia.org/resource/Noum%C3%A9a"
"156","3","http://dbpedia.org/resource/Wellington"
"156","4","http://dbpedia.org/resource/Time_in_New_Zealand"
"158","3","http://dbpedia.org/resource/Muscat,_Oman"
"158","4","http://dbpedia.org/resource/UTC+04:00"
"159","3","http://dbpedia.org/resource/Tashkent"
"159","4","http://dbpedia.org/resource/Time_in_Uzbekistan"
"50","3","http://dbpedia.org/resource/Yamoussoukro"
"50","4","http://dbpedia.org/resource/Greenwich_Mean_Time"
"51","4","http://dbpedia.org/resource/Central_European_Time"
"52","3","http://dbpedia.org/resource/Havana"
"52","4","http://dbpedia.org/resource/UTC%E2%88%9205:00"
"54","4","http://dbpedia.org/resource/Central_European_Time"
"55","3","http://dbpedia.org/resource/Djibouti_(city)"
"55","4","http://dbpedia.org/resource/East_Africa_Time"
"56","3","http://dbpedia.org/resource/Roseau"
"56","4","http://dbpedia.org/resource/Atlantic_Time_Zone"
"58","3","http://dbpedia.org/resource/Edinburgh"
"58","4","http://dbpedia.org/resource/Greenwich_Mean_Time"
"59","3","http://dbpedia.org/resource/Cairo"
"59","3","http://dbpedia.org/resource/Cairo"
"59","4","http://dbpedia.org/resource/Eastern_European_Time"
"59","4","http://dbpedia.org/resource/Eastern_European_Time"
"161","3","http://dbpedia.org/resource/Islamabad"
"161","4","http://dbpedia.org/resource/Pakistan_Standard_Time"
"162","3","http://dbpedia.org/resource/Panama_City"
"162","4","http://dbpedia.org/resource/Eastern_Time_Zone"
"163","3","http://dbpedia.org/resource/Port_Moresby"
"163","4","http://dbpedia.org/resource/Time_in_Australia"
"164","3","http://dbpedia.org/resource/Asunci%C3%B3n"
"164","4","http://dbpedia.org/resource/UTC%E2%88%9204:00"
"165","3","http://dbpedia.org/resource/Amsterdam"
"165","4","[http://dbpedia.org/resource/Central_European_Time, http://dbpedia.org/resource/Atlantic_Time_Zone]"
"166","3","http://dbpedia.org/resource/Lima"
"166","4","http://dbpedia.org/resource/Time_in_Peru"
"167","3","http://dbpedia.org/resource/Manila"
"167","4","http://dbpedia.org/resource/Philippine_Standard_Time"
"168","4","http://dbpedia.org/resource/Central_European_Time"
"169","3","http://dbpedia.org/resource/Papeete"
"60","3","http://dbpedia.org/resource/San_Salvador"
"60","4","http://dbpedia.org/resource/Central_Time_Zone"
"61","3","http://dbpedia.org/resource/Abu_Dhabi"
"61","4","http://dbpedia.org/resource/UTC+04:00"
"62","3","http://dbpedia.org/resource/Quito"
"62","4","http://dbpedia.org/resource/Time_in_Ecuador"
"63","3","http://dbpedia.org/resource/Asmara"
"63","4","http://dbpedia.org/resource/East_Africa_Time"
"64","3","http://dbpedia.org/resource/Madrid"
"64","4","http://dbpedia.org/resource/Central_European_Time"
"65","3","http://dbpedia.org/resource/Tallinn"
"65","4","http://dbpedia.org/resource/Eastern_European_Time"
"66","3","http://dbpedia.org/resource/Washington,_D.C."
"67","3","http://dbpedia.org/resource/Addis_Ababa"
"67","4","http://dbpedia.org/resource/East_Africa_Time"
"69","4","http://dbpedia.org/resource/Eastern_European_Time"
"170","4","http://dbpedia.org/resource/Western_European_Time"
"172","3","http://dbpedia.org/resource/Doha"
"172","4","http://dbpedia.org/resource/UTC+03:00"
"174","3","http://dbpedia.org/resource/Bangui"
"174","4","http://dbpedia.org/resource/West_Africa_Time"
"175","3","http://dbpedia.org/resource/Santo_Domingo"
"176","3","http://dbpedia.org/resource/Prague"
"176","4","http://dbpedia.org/resource/Central_European_Time"
"177","4","http://dbpedia.org/resource/Eastern_European_Time"
"178","3","http://dbpedia.org/resource/London"
"178","4","http://dbpedia.org/resource/Greenwich_Mean_Time"
"179","3","http://dbpedia.org/resource/Kigali"
"179","4","http://dbpedia.org/resource/Central_Africa_Time"
"70","3","http://dbpedia.org/resource/Paris"
"72","3","http://dbpedia.org/resource/Libreville"
"72","4","http://dbpedia.org/resource/West_Africa_Time"
"73","3","http://dbpedia.org/resource/Banjul"
"73","4","http://dbpedia.org/resource/Greenwich_Mean_Time"
"74","3","http://dbpedia.org/resource/Tbilisi"
"75","3","http://dbpedia.org/resource/Accra"
"75","4","http://dbpedia.org/resource/Greenwich_Mean_Time"
"76","3","http://dbpedia.org/resource/Gibraltar_national_football_team"
"76","4","http://dbpedia.org/resource/Central_European_Time"
"77","3","http://dbpedia.org/resource/Athens"
"77","4","http://dbpedia.org/resource/Eastern_European_Time"
"78","3","http://dbpedia.org/resource/St._George's,_Grenada"
"180","3","http://dbpedia.org/resource/Moscow"
"182","3","http://dbpedia.org/resource/El_Aai%C3%BAn"
"183","3","http://dbpedia.org/resource/Basseterre"
"184","3","http://dbpedia.org/resource/Saint-Pierre,_Saint_Pierre_and_Miquelon"
"185","3","http://dbpedia.org/resource/Kingstown"
"186","3","http://dbpedia.org/resource/Castries"
"187","3","http://dbpedia.org/resource/Apia"
"187","4","http://dbpedia.org/resource/UTC+13:00"
"188","3","http://dbpedia.org/resource/City_of_San_Marino"
"188","4","http://dbpedia.org/resource/Central_European_Time"
"189","3","http://dbpedia.org/resource/S%C3%A3o_Tom%C3%A9"
"189","4","http://dbpedia.org/resource/Coordinated_Universal_Time"
"80","3","http://dbpedia.org/resource/Guatemala_City"
"80","4","http://dbpedia.org/resource/Central_Time_Zone"
"81","4","http://dbpedia.org/resource/Greenwich_Mean_Time"
"82","3","http://dbpedia.org/resource/Conakry"
"83","3","http://dbpedia.org/resource/Bissau"
"83","4","http://dbpedia.org/resource/Greenwich_Mean_Time"
"84","3","http://dbpedia.org/resource/Malabo"
"84","4","http://dbpedia.org/resource/West_Africa_Time"
"85","3","http://dbpedia.org/resource/Georgetown,_Guyana"
"88","3","http://dbpedia.org/resource/Port-au-Prince"
"88","4","http://dbpedia.org/resource/Eastern_Time_Zone"
"89","4","http://dbpedia.org/resource/Greenwich_Mean_Time"
"190","4","http://dbpedia.org/resource/Greenwich_Mean_Time"
"191","3","http://dbpedia.org/resource/Dakar"
"191","4","http://dbpedia.org/resource/Coordinated_Universal_Time"
"192","3","http://dbpedia.org/resource/Belgrade"
"193","3","http://dbpedia.org/resource/Victoria,_Seychelles"
"193","4","http://dbpedia.org/resource/Seychelles_Time"
"194","3","http://dbpedia.org/resource/Freetown"
"194","4","http://dbpedia.org/resource/Greenwich_Mean_Time"
"195","4","http://dbpedia.org/resource/Singapore_Standard_Time"
"196","4","http://dbpedia.org/resource/Central_European_Time"
"197","4","http://dbpedia.org/resource/Central_European_Time"
"198","3","http://dbpedia.org/resource/Mogadishu"
"198","4","http://dbpedia.org/resource/East_Africa_Time"
"199","3","http://dbpedia.org/resource/Khartoum"
"199","4","http://dbpedia.org/resource/East_Africa_Time"
"90","3","http://dbpedia.org/resource/Tegucigalpa"
"90","4","http://dbpedia.org/resource/Central_Time_Zone"
"91","4","http://dbpedia.org/resource/Hong_Kong_Time"
"92","3","http://dbpedia.org/resource/Budapest"
"92","4","http://dbpedia.org/resource/Central_European_Time"
"97","3","http://dbpedia.org/resource/Stanley,_Falkland_Islands"
"97","4","http://dbpedia.org/resource/Time_in_the_Falkland_Islands"
"98","3","http://dbpedia.org/resource/Majuro"
"99","3","http://dbpedia.org/resource/Honiara"
"200","4","http://dbpedia.org/resource/Sri_Lanka_Time"
"201","4","http://dbpedia.org/resource/Central_European_Time"
"202","4","http://dbpedia.org/resource/Central_European_Time"
"203","3","http://dbpedia.org/resource/Paramaribo"
"204","3","http://dbpedia.org/resource/Longyearbyen"
"204","4","http://dbpedia.org/resource/Central_European_Time"
"205","4","http://dbpedia.org/resource/South_African_Standard_Time"
"206","3","http://dbpedia.org/resource/Damascus"
"206","4","http://dbpedia.org/resource/Eastern_European_Time"
"208","3","http://dbpedia.org/resource/Dushanbe"
"208","4","http://dbpedia.org/resource/UTC+05:00"
"210","3","http://dbpedia.org/resource/Dodoma"
"210","4","http://dbpedia.org/resource/East_Africa_Time"
"211","3","http://dbpedia.org/resource/N'Djamena"
"211","4","http://dbpedia.org/resource/West_Africa_Time"
"212","3","http://dbpedia.org/resource/Lom%C3%A9"
"212","4","http://dbpedia.org/resource/Greenwich_Mean_Time"
"214","3","http://dbpedia.org/resource/Tunis"
"214","4","http://dbpedia.org/resource/Central_European_Time"
"215","3","http://dbpedia.org/resource/Ashgabat"
"216","3","http://dbpedia.org/resource/Ankara"
"216","4","http://dbpedia.org/resource/Eastern_European_Time"
"217","3","http://dbpedia.org/resource/Funafuti"
"219","4","http://dbpedia.org/resource/Eastern_European_Time"
"220","3","http://dbpedia.org/resource/Montevideo"
"220","4","http://dbpedia.org/resource/America/Montevideo"
"100","3","http://dbpedia.org/resource/New_Delhi"
"100","4","http://dbpedia.org/resource/Indian_Standard_Time"
"222","3","http://dbpedia.org/resource/Port_Vila"
"101","3","http://dbpedia.org/resource/Jakarta"
"223","4","http://dbpedia.org/resource/Central_European_Time"
"102","3","http://dbpedia.org/resource/Baghdad"
"102","4","http://dbpedia.org/resource/UTC+03:00"
"103","3","http://dbpedia.org/resource/Tehran"
"103","4","http://dbpedia.org/resource/Iran_Standard_Time"
"224","3","http://dbpedia.org/resource/Caracas"
"224","4","http://dbpedia.org/resource/Time_in_Venezuela"
"104","3","http://dbpedia.org/resource/Dublin"
"104","4","http://dbpedia.org/resource/Western_European_Time"
"225","3","http://dbpedia.org/resource/Hanoi"
"225","4","http://dbpedia.org/resource/UTC+07:00"
"105","3","http://dbpedia.org/resource/Reykjav%C3%ADk"
"105","4","http://dbpedia.org/resource/Greenwich_Mean_Time"
"106","3","http://dbpedia.org/resource/Jerusalem"
"106","4","http://dbpedia.org/resource/Israel_Standard_Time"
"227","3","http://dbpedia.org/resource/Mata-Utu"
"107","3","http://dbpedia.org/resource/Rome"
"107","4","http://dbpedia.org/resource/Central_European_Time"
"229","3","http://dbpedia.org/resource/Sana'a"
"109","3","http://dbpedia.org/resource/Kingston,_Jamaica"
