"44","1","http://dbpedia.org/resource/Capcom"
"45","1","http://dbpedia.org/resource/Capcom"
"46","1","http://dbpedia.org/resource/Nintendo"
"47","1","[http://dbpedia.org/resource/LucasArts, http://dbpedia.org/resource/JVC]"
"48","1","[http://dbpedia.org/resource/LucasArts, http://dbpedia.org/resource/Victor_Entertainment, http://dbpedia.org/resource/JVC]"
"49","1","http://dbpedia.org/resource/Nintendo"
"51","1","[http://dbpedia.org/resource/Metro_3D, http://dbpedia.org/resource/Zushi_Games, http://dbpedia.org/resource/Sunsoft]"
"52","1","http://dbpedia.org/resource/Sunsoft"
"53","1","[http://dbpedia.org/resource/Titus_Software, http://dbpedia.org/resource/Natsume_(company)]"
"10","1","http://dbpedia.org/resource/Nintendo"
"54","1","http://dbpedia.org/resource/Square_(company)"
"55","1","http://dbpedia.org/resource/Jaleco"
"56","1","http://dbpedia.org/resource/Jaleco"
"12","1","[http://dbpedia.org/resource/Enix, http://dbpedia.org/resource/Square_Enix]"
"57","1","http://dbpedia.org/resource/Hudson_Soft"
"13","1","[http://dbpedia.org/resource/Capcom, http://dbpedia.org/resource/Sega, http://dbpedia.org/resource/Ubisoft, http://dbpedia.org/resource/U.S._Gold]"
"14","1","http://dbpedia.org/resource/Nintendo"
"58","1","http://dbpedia.org/resource/Natsume_(company)"
"15","1","http://dbpedia.org/resource/Nintendo"
"59","1","[http://dbpedia.org/resource/Square_(company), http://dbpedia.org/resource/Square_Enix]"
"16","1","http://dbpedia.org/resource/Capcom"
"17","1","http://dbpedia.org/resource/Nintendo"
"19","1","[http://dbpedia.org/resource/Nintendo, http://dbpedia.org/resource/Imagineer_(Japanese_company)]"
"1","1","http://dbpedia.org/resource/Nintendo"
"3","1","[http://dbpedia.org/resource/Maxis, http://dbpedia.org/resource/Nintendo, http://dbpedia.org/resource/Br%C3%B8derbund, http://dbpedia.org/resource/Infogrames_Entertainment,_SA, http://dbpedia.org/resource/Acornsoft, http://dbpedia.org/resource/Electronic_Arts, http://dbpedia.org/resource/Superior_Software]"
"4","1","http://dbpedia.org/resource/Konami"
"6","1","http://dbpedia.org/resource/Konami"
"60","1","http://dbpedia.org/resource/Jaleco"
"61","1","http://dbpedia.org/resource/Jaleco"
"62","1","http://dbpedia.org/resource/Hudson_Soft"
"20","1","http://dbpedia.org/resource/Nintendo"
"64","1","http://dbpedia.org/resource/Hudson_Soft"
"21","1","http://dbpedia.org/resource/Konami"
"65","1","http://dbpedia.org/resource/Ubisoft"
"22","1","http://dbpedia.org/resource/Konami"
"23","1","http://dbpedia.org/resource/Nintendo"
"24","1","[http://dbpedia.org/resource/Konami, http://dbpedia.org/resource/Masaya_(company)]"
"25","1","http://dbpedia.org/resource/Nintendo"
"27","1","http://dbpedia.org/resource/Capcom"
"28","1","[http://dbpedia.org/resource/Hudson_Soft, http://dbpedia.org/resource/Imagineer_(Japanese_company), http://dbpedia.org/resource/Factor_5, http://dbpedia.org/resource/Tonkin_House, http://dbpedia.org/resource/Seika_Corp.]"
"30","1","http://dbpedia.org/resource/Namco"
"31","1","http://dbpedia.org/resource/Nintendo"
"32","1","http://dbpedia.org/resource/Hudson_Soft"
"35","1","http://dbpedia.org/resource/Nintendo"
"36","1","http://dbpedia.org/resource/Square_Enix"
"37","1","http://dbpedia.org/resource/Nintendo"
"38","1","http://dbpedia.org/resource/Nintendo"
"39","1","[http://dbpedia.org/resource/Nintendo, http://dbpedia.org/resource/JVC]"
"40","1","[http://dbpedia.org/resource/LucasArts, http://dbpedia.org/resource/THQ, http://dbpedia.org/resource/JVC]"
"41","1","http://dbpedia.org/resource/Capcom"
