"22","2","http://dbpedia.org/resource/Sports_radio"
"24","2","[http://dbpedia.org/resource/Spanish_language, http://dbpedia.org/resource/Talk_radio]"
"25","2","http://dbpedia.org/resource/Urban_contemporary_gospel"
"26","2","http://dbpedia.org/resource/World_music"
"27","2","http://dbpedia.org/resource/Sports_radio"
"28","2","http://dbpedia.org/resource/Classic_rock"
"29","2","http://dbpedia.org/resource/Talk_radio"
"30","2","http://dbpedia.org/resource/Talk_radio"
"10","2","[http://dbpedia.org/resource/Talk_radio, http://dbpedia.org/resource/All-news_radio, http://dbpedia.org/resource/Sports_radio]"
"11","2","http://dbpedia.org/resource/Spanish_language"
"12","2","http://dbpedia.org/resource/Ethnic_group"
"13","2","http://dbpedia.org/resource/Sports_radio"
"14","2","http://dbpedia.org/resource/Christian_radio"
"15","2","http://dbpedia.org/resource/Spanish_language"
"16","2","http://dbpedia.org/resource/Korean_language"
"18","2","http://dbpedia.org/resource/Oldies"
"19","2","http://dbpedia.org/resource/All-news_radio"
"1","2","[http://dbpedia.org/resource/Talk_radio, http://dbpedia.org/resource/All-news_radio]"
"2","2","http://dbpedia.org/resource/Christian_radio"
"3","2","http://dbpedia.org/resource/Mandarin_Chinese"
"4","2","http://dbpedia.org/resource/Christian_radio"
"5","2","http://dbpedia.org/resource/Christian_radio"
"6","2","http://dbpedia.org/resource/Children's_radio"
"7","2","http://dbpedia.org/resource/Talk_radio"
"8","2","http://dbpedia.org/resource/Korean_language"
"9","2","http://dbpedia.org/resource/Christian_radio"
"20","2","[http://dbpedia.org/resource/Talk_radio, http://dbpedia.org/resource/All-news_radio]"
"21","2","[http://dbpedia.org/resource/Talk_radio, http://dbpedia.org/resource/Sports_radio]"
