"88","3","http://dbpedia.org/resource/Malaysian_ringgit"
"89","3","http://dbpedia.org/resource/Maldivian_rufiyaa"
"110","3","http://dbpedia.org/resource/Paraguayan_guaran%C3%AD"
"111","3","http://dbpedia.org/resource/Peruvian_nuevo_sol"
"113","3","http://dbpedia.org/resource/Polish_z%C5%82oty"
"114","3","http://dbpedia.org/resource/Euro"
"115","3","http://dbpedia.org/resource/Qatari_riyal"
"116","3","http://dbpedia.org/resource/Romanian_leu"
"90","3","http://dbpedia.org/resource/Euro_sign"
"117","3","[http://dbpedia.org/resource/Ukrainian_hryvnia, http://dbpedia.org/resource/Russian_ruble]"
"118","3","http://dbpedia.org/resource/Rwandan_franc"
"91","3","http://dbpedia.org/resource/Mauritanian_ouguiya"
"119","3","http://dbpedia.org/resource/Samoan_t%C4%81l%C4%81"
"92","3","http://dbpedia.org/resource/Mauritian_rupee"
"93","3","http://dbpedia.org/resource/Mexican_peso"
"94","3","http://dbpedia.org/resource/Moldovan_leu"
"95","3","http://dbpedia.org/resource/Mongolian_t%C3%B6gr%C3%B6g"
"96","3","http://dbpedia.org/resource/Moroccan_dirham"
"97","3","http://dbpedia.org/resource/Mozambican_metical"
"10","3","http://dbpedia.org/resource/Bahraini_dinar"
"98","3","http://dbpedia.org/resource/Namibian_dollar"
"99","3","http://dbpedia.org/resource/Nepalese_rupee"
"11","3","http://dbpedia.org/resource/Bangladeshi_taka"
"12","3","http://dbpedia.org/resource/Barbadian_dollar"
"13","3","http://dbpedia.org/resource/Belarusian_ruble"
"14","3","http://dbpedia.org/resource/Euro"
"15","3","http://dbpedia.org/resource/Belize_dollar"
"16","3","http://dbpedia.org/resource/Bermudian_dollar"
"17","3","http://dbpedia.org/resource/Bhutanese_ngultrum"
"18","3","http://dbpedia.org/resource/Bolivian_boliviano"
"19","3","http://dbpedia.org/resource/Bosnia_and_Herzegovina_convertible_mark"
"120","3","http://dbpedia.org/resource/Saudi_riyal"
"121","3","http://dbpedia.org/resource/Serbian_dinar"
"1","3","http://dbpedia.org/resource/Albanian_lek"
"122","3","http://dbpedia.org/resource/Seychellois_rupee"
"123","3","http://dbpedia.org/resource/Sierra_Leonean_leone"
"2","3","http://dbpedia.org/resource/Algerian_dinar"
"124","3","http://dbpedia.org/resource/Singapore_dollar"
"3","3","http://dbpedia.org/resource/Angolan_kwanza"
"125","3","http://dbpedia.org/resource/Euro_sign"
"4","3","http://dbpedia.org/resource/Argentine_peso"
"5","3","http://dbpedia.org/resource/Aruban_florin"
"126","3","http://dbpedia.org/resource/Euro"
"127","3","http://dbpedia.org/resource/Solomon_Islands_dollar"
"6","3","http://dbpedia.org/resource/Australian_dollar"
"7","3","http://dbpedia.org/resource/Euro"
"128","3","http://dbpedia.org/resource/South_African_rand"
"8","3","http://dbpedia.org/resource/Azerbaijani_manat"
"129","3","http://dbpedia.org/resource/Euro"
"9","3","http://dbpedia.org/resource/Bahamian_dollar"
"20","3","http://dbpedia.org/resource/Botswana_pula"
"21","3","http://dbpedia.org/resource/Brazilian_real"
"22","3","http://dbpedia.org/resource/Brunei_dollar"
"23","3","http://dbpedia.org/resource/Bulgarian_lev"
"24","3","http://dbpedia.org/resource/Burundian_franc"
"25","3","http://dbpedia.org/resource/Canadian_dollar"
"26","3","http://dbpedia.org/resource/Cayman_Islands_dollar"
"29","3","http://dbpedia.org/resource/Chilean_peso"
"131","3","http://dbpedia.org/resource/Sri_Lankan_rupee"
"132","3","http://dbpedia.org/resource/Sudanese_pound"
"133","3","http://dbpedia.org/resource/Surinamese_dollar"
"134","3","http://dbpedia.org/resource/Swazi_lilangeni"
"135","3","http://dbpedia.org/resource/Swedish_krona"
"136","3","http://dbpedia.org/resource/Swiss_franc"
"138","3","http://dbpedia.org/resource/Tanzanian_shilling"
"139","3","http://dbpedia.org/resource/Thai_baht"
"30","3","http://dbpedia.org/resource/Renminbi"
"32","3","http://dbpedia.org/resource/Colombian_peso"
"33","3","http://dbpedia.org/resource/Comorian_franc"
"34","3","http://dbpedia.org/resource/Central_African_CFA_franc"
"35","3","http://dbpedia.org/resource/Costa_Rican_col%C3%B3n"
"36","3","http://dbpedia.org/resource/Croatian_kuna"
"37","3","[http://dbpedia.org/resource/Cuban_convertible_peso, http://dbpedia.org/resource/Cuban_peso]"
"38","3","http://dbpedia.org/resource/Euro"
"39","3","http://dbpedia.org/resource/Czech_koruna"
"140","3","http://dbpedia.org/resource/Tongan_pa%CA%BBanga"
"142","3","http://dbpedia.org/resource/Tunisian_dinar"
"143","3","http://dbpedia.org/resource/Turkish_lira"
"145","3","http://dbpedia.org/resource/Ukrainian_hryvnia"
"146","3","http://dbpedia.org/resource/United_Arab_Emirates_dirham"
"147","3","http://dbpedia.org/resource/Pound_sterling"
"148","3","http://dbpedia.org/resource/%7B%7B"
"149","3","http://dbpedia.org/resource/Uruguayan_peso"
"40","3","http://dbpedia.org/resource/Danish_krone"
"41","3","http://dbpedia.org/resource/Dominican_peso"
"43","3","http://dbpedia.org/resource/United_States_dollar"
"44","3","http://dbpedia.org/resource/Egyptian_pound"
"44","3","http://dbpedia.org/resource/Egyptian_pound"
"45","3","http://dbpedia.org/resource/United_States_dollar"
"46","3","http://dbpedia.org/resource/Euro"
"47","3","http://dbpedia.org/resource/Ethiopian_birr"
"150","3","http://dbpedia.org/resource/Uzbekistani_som"
"151","3","http://dbpedia.org/resource/Vanuatu_vatu"
"152","3","http://dbpedia.org/resource/Venezuelan_bol%C3%ADvar"
"154","3","[http://dbpedia.org/resource/South_African_rand, http://dbpedia.org/resource/South_West_African_pound]"
"155","3","http://dbpedia.org/resource/Yemeni_rial"
"156","3","http://dbpedia.org/resource/Zambian_kwacha"
"50","3","http://dbpedia.org/resource/Fijian_dollar"
"51","3","http://dbpedia.org/resource/Euro"
"53","3","http://dbpedia.org/resource/Gambian_dalasi"
"54","3","http://dbpedia.org/resource/Georgian_lari"
"55","3","http://dbpedia.org/resource/Euro"
"56","3","http://dbpedia.org/resource/Ghana_cedi"
"57","3","http://dbpedia.org/resource/Euro"
"58","3","http://dbpedia.org/resource/Guatemalan_quetzal"
"59","3","http://dbpedia.org/resource/Guinean_franc"
"60","3","http://dbpedia.org/resource/Haitian_gourde"
"61","3","http://dbpedia.org/resource/Honduran_lempira"
"62","3","http://dbpedia.org/resource/Hong_Kong_dollar"
"63","3","http://dbpedia.org/resource/Hungarian_forint"
"64","3","http://dbpedia.org/resource/Icelandic_kr%C3%B3na"
"65","3","http://dbpedia.org/resource/Indian_rupee"
"66","3","http://dbpedia.org/resource/Indonesian_rupiah"
"67","3","http://dbpedia.org/resource/Iranian_rial"
"68","3","http://dbpedia.org/resource/Euro"
"69","3","http://dbpedia.org/resource/Israeli_new_shekel"
"70","3","http://dbpedia.org/resource/Euro_sign"
"71","3","http://dbpedia.org/resource/Jamaican_dollar"
"72","3","http://dbpedia.org/resource/Japanese_yen"
"73","3","http://dbpedia.org/resource/Jordanian_dinar"
"74","3","http://dbpedia.org/resource/Kazakhstani_tenge"
"75","3","http://dbpedia.org/resource/Kenyan_shilling"
"77","3","http://dbpedia.org/resource/Kuwaiti_dinar"
"78","3","http://dbpedia.org/resource/Kyrgyzstani_som"
"79","3","http://dbpedia.org/resource/Euro"
"100","3","http://dbpedia.org/resource/Euro"
"102","3","http://dbpedia.org/resource/New_Zealand_dollar"
"103","3","http://dbpedia.org/resource/Nicaraguan_c%C3%B3rdoba"
"104","3","http://dbpedia.org/resource/Nigerian_naira"
"105","3","http://dbpedia.org/resource/Norwegian_krone"
"106","3","http://dbpedia.org/resource/Omani_rial"
"80","3","http://dbpedia.org/resource/Lebanese_pound"
"107","3","http://dbpedia.org/resource/Pakistani_rupee"
"81","3","http://dbpedia.org/resource/Lesotho_loti"
"108","3","http://dbpedia.org/resource/Panamanian_balboa"
"82","3","http://dbpedia.org/resource/Lithuanian_litas"
"109","3","http://dbpedia.org/resource/Papua_New_Guinean_kina"
"83","3","http://dbpedia.org/resource/Euro"
"84","3","http://dbpedia.org/resource/Macanese_pataca"
"85","3","http://dbpedia.org/resource/Macedonian_denar"
"86","3","http://dbpedia.org/resource/Malagasy_ariary"
"87","3","http://dbpedia.org/resource/Malawian_kwacha"
