"22","2","http://dbpedia.org/resource/Euro_sign"
"22","3","http://dbpedia.org/resource/Slovak_language"
"23","1","http://dbpedia.org/resource/Ankara"
"23","2","http://dbpedia.org/resource/Turkish_lira"
"23","3","http://dbpedia.org/resource/Turkish_language"
"24","1","http://dbpedia.org/resource/Cairo"
"24","1","http://dbpedia.org/resource/Cairo"
"24","2","http://dbpedia.org/resource/Egyptian_pound"
"24","2","http://dbpedia.org/resource/Egyptian_pound"
"24","3","[http://dbpedia.org/resource/Arabic_language, http://dbpedia.org/resource/Egyptian_Arabic]"
"24","3","[http://dbpedia.org/resource/Arabic_language, http://dbpedia.org/resource/Egyptian_Arabic]"
"25","1","http://dbpedia.org/resource/Tirana"
"25","2","http://dbpedia.org/resource/Albanian_lek"
"25","3","http://dbpedia.org/resource/Albanian_language"
"26","1","http://dbpedia.org/resource/Skopje"
"26","2","http://dbpedia.org/resource/Macedonian_denar"
"26","3","[http://dbpedia.org/resource/Macedonian_language, http://dbpedia.org/resource/Albanian_language]"
"27","1","http://dbpedia.org/resource/Belgrade"
"27","2","http://dbpedia.org/resource/Serbian_dinar"
"27","3","http://dbpedia.org/resource/Serbian_language"
"28","1","http://dbpedia.org/resource/Sofia"
"28","2","http://dbpedia.org/resource/Bulgarian_lev"
"28","3","[http://dbpedia.org/resource/Bulgarian_language, http://dbpedia.org/resource/Cyrillic_script]"
"29","2","http://dbpedia.org/resource/Bosnia_and_Herzegovina_convertible_mark"
"30","2","http://dbpedia.org/resource/Croatian_kuna"
"30","3","http://dbpedia.org/resource/Croatian_language"
"31","1","http://dbpedia.org/resource/Budapest"
"31","2","http://dbpedia.org/resource/Hungarian_forint"
"31","3","http://dbpedia.org/resource/Hungarian_language"
"10","2","http://dbpedia.org/resource/Swiss_franc"
"10","3","[http://dbpedia.org/resource/French_language, http://dbpedia.org/resource/German_language, http://dbpedia.org/resource/Italian_language, http://dbpedia.org/resource/Romansh_language]"
"32","1","http://dbpedia.org/resource/Podgorica"
"32","2","http://dbpedia.org/resource/Euro"
"32","3","[http://dbpedia.org/resource/Montenegrin_language, http://dbpedia.org/resource/Serbian_language]"
"11","1","http://dbpedia.org/resource/Vienna"
"11","2","http://dbpedia.org/resource/Euro"
"11","3","http://dbpedia.org/resource/Austrian_German"
"12","1","http://dbpedia.org/resource/Athens"
"12","2","http://dbpedia.org/resource/Euro"
"12","3","http://dbpedia.org/resource/Greek_language"
"13","1","http://dbpedia.org/resource/Monaco-Ville"
"13","2","http://dbpedia.org/resource/Euro_sign"
"13","3","[http://dbpedia.org/resource/French_language, http://dbpedia.org/resource/Mon%C3%A9gasque_dialect]"
"14","2","http://dbpedia.org/resource/Norwegian_krone"
"14","3","http://dbpedia.org/resource/Northern_Sami_language"
"15","2","http://dbpedia.org/resource/Swedish_krona"
"15","3","http://dbpedia.org/resource/Swedish_language"
"16","2","http://dbpedia.org/resource/Danish_krone"
"16","3","[http://dbpedia.org/resource/Danish_language, http://dbpedia.org/resource/Faroese_language]"
"17","2","http://dbpedia.org/resource/Euro"
"17","3","[http://dbpedia.org/resource/Sami_languages, http://dbpedia.org/resource/Finnish_language]"
"18","2","http://dbpedia.org/resource/Polish_z%C5%82oty"
"18","3","http://dbpedia.org/resource/Polish_language"
"19","1","http://dbpedia.org/resource/Minsk"
"19","2","http://dbpedia.org/resource/Belarusian_ruble"
"1","1","http://dbpedia.org/resource/London"
"1","2","http://dbpedia.org/resource/Pound_sterling"
"1","3","[http://dbpedia.org/resource/Cornish_language, http://dbpedia.org/resource/Scottish_Gaelic, http://dbpedia.org/resource/Scots_language, http://dbpedia.org/resource/Welsh_language, http://dbpedia.org/resource/English_language, http://dbpedia.org/resource/Irish_language]"
"2","1","http://dbpedia.org/resource/Dublin"
"2","2","http://dbpedia.org/resource/Euro"
"3","1","http://dbpedia.org/resource/Paris"
"3","3","http://dbpedia.org/resource/French_language"
"4","1","http://dbpedia.org/resource/Berlin"
"4","2","http://dbpedia.org/resource/Euro"
"4","3","http://dbpedia.org/resource/German_language"
"5","1","http://dbpedia.org/resource/Madrid"
"5","2","http://dbpedia.org/resource/Euro"
"5","3","[http://dbpedia.org/resource/Aragonese_language, http://dbpedia.org/resource/Basque_language, http://dbpedia.org/resource/Spanish_language]"
"6","1","http://dbpedia.org/resource/Rome"
"6","2","http://dbpedia.org/resource/Euro_sign"
"6","3","http://dbpedia.org/resource/Italian_language"
"7","3","http://dbpedia.org/resource/Italy"
"8","1","http://dbpedia.org/resource/Amsterdam"
"8","2","http://dbpedia.org/resource/Euro"
"8","3","http://dbpedia.org/resource/Dutch_language"
"9","1","http://dbpedia.org/resource/Brussels"
"9","2","http://dbpedia.org/resource/Euro"
"9","3","http://dbpedia.org/resource/Dutch_language"
"20","1","http://dbpedia.org/resource/Prague"
"20","2","http://dbpedia.org/resource/Czech_koruna"
"20","3","http://dbpedia.org/resource/Czech_language"
"21","1","http://dbpedia.org/resource/Moscow"
"21","2","[http://dbpedia.org/resource/Ukrainian_hryvnia, http://dbpedia.org/resource/Russian_ruble]"
"21","3","[http://dbpedia.org/resource/Russian_language, http://dbpedia.org/resource/Languages_of_Russia]"
