"11","1","http://dbpedia.org/resource/Amanda_Righetti"
"12","1","http://dbpedia.org/resource/Samaire_Armstrong"
"13","1","http://dbpedia.org/resource/Taylor_Handley"
"1","1","[http://dbpedia.org/resource/Peter_Gallagher, http://dbpedia.org/resource/Max_Greenfield]"
"2","1","http://dbpedia.org/resource/Benjamin_McKenzie"
"3","1","[http://dbpedia.org/resource/Kelly_Rowan, http://dbpedia.org/resource/Ellen_Hollman]"
"4","1","http://dbpedia.org/resource/Adam_Brody"
"5","1","http://dbpedia.org/resource/Mischa_Barton"
"6","1","http://dbpedia.org/resource/Tate_Donovan"
"7","1","http://dbpedia.org/resource/Rachel_Bilson"
"8","1","http://dbpedia.org/resource/Chris_Carmack"
"9","1","http://dbpedia.org/resource/Melinda_Clarke"
