"44","1","http://dbpedia.org/resource/Somali_language"
"44","5","http://dbpedia.org/resource/Mogadishu"
"44","7","http://dbpedia.org/resource/Somali_shilling"
"45","5","http://dbpedia.org/resource/Pretoria"
"45","7","http://dbpedia.org/resource/South_African_rand"
"46","1","[http://dbpedia.org/resource/Arabic_language, http://dbpedia.org/resource/English_language]"
"46","5","http://dbpedia.org/resource/Khartoum"
"46","7","http://dbpedia.org/resource/Sudanese_pound"
"47","1","http://dbpedia.org/resource/Swazi_language"
"47","7","http://dbpedia.org/resource/Swazi_lilangeni"
"48","5","http://dbpedia.org/resource/Dodoma"
"48","7","http://dbpedia.org/resource/Tanzanian_shilling"
"49","5","http://dbpedia.org/resource/Lom%C3%A9"
"49","7","http://dbpedia.org/resource/CFA_franc"
"50","1","http://dbpedia.org/resource/Arabic_language"
"50","5","http://dbpedia.org/resource/Tunis"
"50","7","http://dbpedia.org/resource/Tunisian_dinar"
"52","5","http://dbpedia.org/resource/Lusaka"
"52","7","http://dbpedia.org/resource/Zambian_kwacha"
"53","5","http://dbpedia.org/resource/Harare"
"10","5","http://dbpedia.org/resource/N'Djamena"
"10","7","http://dbpedia.org/resource/Central_African_CFA_franc"
"11","1","http://dbpedia.org/resource/Comorian_language"
"11","5","http://dbpedia.org/resource/Moroni,_Comoros"
"11","7","http://dbpedia.org/resource/Comorian_franc"
"12","1","http://dbpedia.org/resource/French_language"
"12","5","http://dbpedia.org/resource/Kinshasa"
"12","7","http://dbpedia.org/resource/Congolese_franc"
"13","1","http://dbpedia.org/resource/French_language"
"13","5","http://dbpedia.org/resource/Brazzaville"
"13","7","http://dbpedia.org/resource/Central_African_CFA_franc"
"14","1","http://dbpedia.org/resource/French_language"
"14","5","http://dbpedia.org/resource/Yamoussoukro"
"14","7","http://dbpedia.org/resource/West_African_CFA_franc"
"15","1","http://dbpedia.org/resource/French_language"
"15","5","http://dbpedia.org/resource/Djibouti_(city)"
"15","7","http://dbpedia.org/resource/Djiboutian_franc"
"16","1","http://dbpedia.org/resource/Arabic_language"
"16","1","http://dbpedia.org/resource/Arabic_language"
"16","5","http://dbpedia.org/resource/Cairo"
"16","5","http://dbpedia.org/resource/Cairo"
"16","7","http://dbpedia.org/resource/Egyptian_pound"
"16","7","http://dbpedia.org/resource/Egyptian_pound"
"17","1","[http://dbpedia.org/resource/French_language, http://dbpedia.org/resource/Portuguese_language, http://dbpedia.org/resource/Spanish_language]"
"17","5","http://dbpedia.org/resource/Malabo"
"17","7","http://dbpedia.org/resource/Central_African_CFA_franc"
"18","1","[http://dbpedia.org/resource/Tigrinya_language, http://dbpedia.org/resource/Modern_Standard_Arabic, http://dbpedia.org/resource/English_language]"
"18","5","http://dbpedia.org/resource/Asmara"
"18","7","http://dbpedia.org/resource/Eritrean_nakfa"
"19","1","http://dbpedia.org/resource/Amharic_language"
"19","5","http://dbpedia.org/resource/Addis_Ababa"
"19","7","http://dbpedia.org/resource/Ethiopian_birr"
"1","1","http://dbpedia.org/resource/Arabic_language"
"1","5","http://dbpedia.org/resource/Algiers"
"1","7","http://dbpedia.org/resource/Algerian_dinar"
"2","1","http://dbpedia.org/resource/Portuguese_language"
"2","5","http://dbpedia.org/resource/Luanda"
"2","7","http://dbpedia.org/resource/Angolan_kwanza"
"3","1","http://dbpedia.org/resource/French_language"
"3","5","http://dbpedia.org/resource/Porto-Novo"
"3","7","http://dbpedia.org/resource/West_African_CFA_franc"
"4","1","http://dbpedia.org/resource/English_language"
"4","5","http://dbpedia.org/resource/Gaborone"
"4","7","http://dbpedia.org/resource/Botswana_pula"
"5","1","http://dbpedia.org/resource/French_language"
"5","5","http://dbpedia.org/resource/Ouagadougou"
"5","7","http://dbpedia.org/resource/West_African_CFA_franc"
"6","1","http://dbpedia.org/resource/Kirundi"
"6","5","http://dbpedia.org/resource/Bujumbura"
"6","7","http://dbpedia.org/resource/Burundian_franc"
"7","1","http://dbpedia.org/resource/French_Third_Republic"
"7","5","http://dbpedia.org/resource/Yaound%C3%A9"
"7","7","http://dbpedia.org/resource/Central_African_CFA_franc"
"8","1","http://dbpedia.org/resource/Portuguese_language"
"8","5","http://dbpedia.org/resource/Praia"
"8","7","http://dbpedia.org/resource/Cape_Verdean_escudo"
"9","1","[http://dbpedia.org/resource/Sango_language, http://dbpedia.org/resource/African_French]"
"9","5","http://dbpedia.org/resource/Bangui"
"9","7","http://dbpedia.org/resource/Central_African_CFA_franc"
"20","1","http://dbpedia.org/resource/French_language"
"20","5","http://dbpedia.org/resource/Libreville"
"20","7","http://dbpedia.org/resource/Central_African_CFA_franc"
"21","5","http://dbpedia.org/resource/Banjul"
"21","7","http://dbpedia.org/resource/Gambian_dalasi"
"22","5","http://dbpedia.org/resource/Accra"
"22","7","http://dbpedia.org/resource/Ghana_cedi"
"23","1","http://dbpedia.org/resource/French_language"
"23","5","http://dbpedia.org/resource/Conakry"
"23","7","http://dbpedia.org/resource/Guinean_franc"
"24","1","http://dbpedia.org/resource/Portuguese_language"
"24","5","http://dbpedia.org/resource/Bissau"
"24","7","http://dbpedia.org/resource/West_African_CFA_franc"
"25","5","http://dbpedia.org/resource/Nairobi"
"25","7","http://dbpedia.org/resource/Kenyan_shilling"
"26","1","http://dbpedia.org/resource/Sotho_language"
"26","5","http://dbpedia.org/resource/Maseru"
"26","7","http://dbpedia.org/resource/Lesotho_loti"
"27","1","http://dbpedia.org/resource/English_language"
"27","5","http://dbpedia.org/resource/Monrovia"
"27","7","http://dbpedia.org/resource/Liberian_dollar"
"28","1","http://dbpedia.org/resource/Arabic_language"
"28","5","http://dbpedia.org/resource/Tripoli"
"28","7","http://dbpedia.org/resource/Libyan_dinar"
"29","1","http://dbpedia.org/resource/Malagasy_language"
"29","5","http://dbpedia.org/resource/Antananarivo"
"29","7","http://dbpedia.org/resource/Malagasy_ariary"
"30","5","http://dbpedia.org/resource/Lilongwe"
"30","7","http://dbpedia.org/resource/Malawian_kwacha"
"31","5","http://dbpedia.org/resource/Bamako"
"31","7","http://dbpedia.org/resource/West_African_CFA_franc"
"32","1","http://dbpedia.org/resource/Arabic_language"
"32","5","http://dbpedia.org/resource/Nouakchott"
"32","7","http://dbpedia.org/resource/Mauritanian_ouguiya"
"33","5","http://dbpedia.org/resource/Port_Louis"
"33","7","http://dbpedia.org/resource/Mauritian_rupee"
"34","1","[http://dbpedia.org/resource/Arabic_language, http://dbpedia.org/resource/Berber_languages]"
"34","5","http://dbpedia.org/resource/Rabat"
"34","7","http://dbpedia.org/resource/Moroccan_dirham"
"35","1","http://dbpedia.org/resource/Portuguese_language"
"35","5","http://dbpedia.org/resource/Maputo"
"35","7","http://dbpedia.org/resource/Mozambican_metical"
"36","5","http://dbpedia.org/resource/Windhoek"
"36","7","http://dbpedia.org/resource/Namibian_dollar"
"37","1","http://dbpedia.org/resource/French_language"
"37","5","http://dbpedia.org/resource/Niamey"
"37","7","http://dbpedia.org/resource/West_African_CFA_franc"
"38","5","http://dbpedia.org/resource/Abuja"
"38","7","http://dbpedia.org/resource/Nigerian_naira"
"39","1","http://dbpedia.org/resource/Kinyarwanda"
"39","5","http://dbpedia.org/resource/Kigali"
"39","7","http://dbpedia.org/resource/Rwandan_franc"
"40","1","http://dbpedia.org/resource/Portuguese_language"
"40","5","http://dbpedia.org/resource/S%C3%A3o_Tom%C3%A9"
"40","7","http://dbpedia.org/resource/S%C3%A3o_Tom%C3%A9_and_Pr%C3%ADncipe_dobra"
"41","5","http://dbpedia.org/resource/Dakar"
"41","7","http://dbpedia.org/resource/West_African_CFA_franc"
"42","1","http://dbpedia.org/resource/Seychellois_Creole"
"42","5","http://dbpedia.org/resource/Victoria,_Seychelles"
"42","7","http://dbpedia.org/resource/Seychellois_rupee"
"43","1","http://dbpedia.org/resource/English_language"
"43","5","http://dbpedia.org/resource/Freetown"
"43","7","http://dbpedia.org/resource/Sierra_Leonean_leone"
