"11","3","http://dbpedia.org/resource/Petroleum_industry"
"12","3","http://dbpedia.org/resource/Automotive_industry"
"13","3","http://dbpedia.org/resource/Financial_services"
"14","3","http://dbpedia.org/resource/Financial_services"
"15","3","http://dbpedia.org/resource/Financial_services"
"16","3","http://dbpedia.org/resource/Conglomerate_(company)"
"17","3","http://dbpedia.org/resource/Retail"
"18","3","http://dbpedia.org/resource/Financial_services"
"19","3","http://dbpedia.org/resource/Petroleum_industry"
"1","3","http://dbpedia.org/resource/Financial_services"
"2","3","[http://dbpedia.org/resource/Financial_services, http://dbpedia.org/resource/Bank]"
"3","3","[http://dbpedia.org/resource/Financial_services, http://dbpedia.org/resource/Bank]"
"4","3","http://dbpedia.org/resource/Conglomerate_(company)"
"5","3","[http://dbpedia.org/resource/Financial_services, http://dbpedia.org/resource/Bank]"
"6","3","http://dbpedia.org/resource/Financial_services"
"7","3","http://dbpedia.org/resource/List_of_oil_exploration_and_production_companies"
"8","3","http://dbpedia.org/resource/List_of_oil_exploration_and_production_companies"
"9","3","[http://dbpedia.org/resource/Financial_services, http://dbpedia.org/resource/Bank]"
"20","3","http://dbpedia.org/resource/Petroleum_industry"
"10","3","[http://dbpedia.org/resource/Financial_services, http://dbpedia.org/resource/Bank]"
