"11","1","http://dbpedia.org/resource/Financial_services"
"33","1","http://dbpedia.org/resource/Financial_services"
"12","1","http://dbpedia.org/resource/Retail"
"35","1","http://dbpedia.org/resource/Pharmaceutical_industry"
"24","1","http://dbpedia.org/resource/Retail"
"37","1","[http://dbpedia.org/resource/Finance, http://dbpedia.org/resource/Insurance, http://dbpedia.org/resource/Investment]"
"38","1","http://dbpedia.org/resource/Retail"
"39","1","http://dbpedia.org/resource/Telecommunication"
"17","1","[http://dbpedia.org/resource/Financial_services, http://dbpedia.org/resource/Construction]"
"4","1","[http://dbpedia.org/resource/Engineering, http://dbpedia.org/resource/Project_management, http://dbpedia.org/resource/Construction]"
"7","1","[http://dbpedia.org/resource/Financial_services, http://dbpedia.org/resource/Investment_banking, http://dbpedia.org/resource/Bank]"
"40","1","http://dbpedia.org/resource/Financial_services"
"20","1","[http://dbpedia.org/resource/Hotel, http://dbpedia.org/resource/Fast_food]"
"31","1","http://dbpedia.org/resource/Retail"
"21","1","http://dbpedia.org/resource/Commerce"
