"22","4","[http://dbpedia.org/resource/England, http://dbpedia.org/resource/Kent, http://dbpedia.org/resource/Tonbridge]"
"23","4","[http://dbpedia.org/resource/Austria-Hungary, http://dbpedia.org/resource/Ljubljana]"
"24","4","[http://dbpedia.org/resource/Austria-Hungary, http://dbpedia.org/resource/Bosnia_and_Herzegovina, http://dbpedia.org/resource/Sarajevo, http://dbpedia.org/resource/Austro-Hungarian_rule_in_Bosnia_and_Herzegovina]"
"25","4","[http://dbpedia.org/resource/Moscow, http://dbpedia.org/resource/Russia, http://dbpedia.org/resource/Russian_Empire]"
"26","4","[http://dbpedia.org/resource/Australia, http://dbpedia.org/resource/Atherton,_Queensland]"
"27","4","[http://dbpedia.org/resource/Taylorville,_Illinois, http://dbpedia.org/resource/United_States]"
"10","4","[http://dbpedia.org/resource/Germany, http://dbpedia.org/resource/Munich]"
"12","4","[http://dbpedia.org/resource/Lille, http://dbpedia.org/resource/France]"
"16","4","[http://dbpedia.org/resource/Germany, http://dbpedia.org/resource/Kiel, http://dbpedia.org/resource/Duchy_of_Holstein]"
"17","4","[http://dbpedia.org/resource/Berlin, http://dbpedia.org/resource/Germany, http://dbpedia.org/resource/Weimar_Republic]"
"19","4","[http://dbpedia.org/resource/England, http://dbpedia.org/resource/Burnham-on-Sea, http://dbpedia.org/resource/Somerset]"
"1","4","[http://dbpedia.org/resource/Romania, http://dbpedia.org/resource/Kingdom_of_Romania, http://dbpedia.org/resource/Ia%C8%99i]"
"4","4","[http://dbpedia.org/resource/Austria-Hungary, http://dbpedia.org/resource/Vienna]"
"5","4","http://dbpedia.org/resource/Portland,_Oregon"
"6","4","[http://dbpedia.org/resource/Ryazan, http://dbpedia.org/resource/Russian_Empire]"
"20","4","http://dbpedia.org/resource/Stainforth,_South_Yorkshire"
"21","4","http://dbpedia.org/resource/Newton-le-Willows"
