"44","3","http://dbpedia.org/resource/Stanley_Kubrick"
"88","3","http://dbpedia.org/resource/George_Roy_Hill"
"45","3","http://dbpedia.org/resource/Coen_brothers"
"46","3","http://dbpedia.org/resource/Tim_Burton"
"47","3","http://dbpedia.org/resource/Christopher_Nolan"
"48","3","http://dbpedia.org/resource/Tim_Burton"
"49","3","http://dbpedia.org/resource/Sergei_Eisenstein"
"50","3","http://dbpedia.org/resource/Ron_Howard"
"51","3","[http://dbpedia.org/resource/Kirk_Wise, http://dbpedia.org/resource/Gary_Trousdale]"
"52","3","http://dbpedia.org/resource/Spike_Jonze"
"53","3","http://dbpedia.org/resource/Hal_Ashby"
"10","3","[http://dbpedia.org/resource/David_Zucker_(filmmaker), http://dbpedia.org/resource/Jerry_Zucker_(film_director), http://dbpedia.org/resource/Jim_Abrahams]"
"54","3","http://dbpedia.org/resource/Luis_Bu%C3%B1uel"
"11","3","http://dbpedia.org/resource/Katsuhiro_Otomo"
"55","3","http://dbpedia.org/resource/William_Wyler"
"12","3","[http://dbpedia.org/resource/John_Musker, http://dbpedia.org/resource/Ron_Clements]"
"56","3","http://dbpedia.org/resource/William_Wyler"
"57","3","http://dbpedia.org/resource/Vittorio_De_Sica"
"13","3","http://dbpedia.org/resource/Ridley_Scott"
"58","3","http://dbpedia.org/resource/Penny_Marshall"
"14","3","http://dbpedia.org/resource/James_Cameron"
"59","3","http://dbpedia.org/resource/Tim_Burton"
"15","3","http://dbpedia.org/resource/Joseph_L._Mankiewicz"
"16","3","http://dbpedia.org/resource/Lewis_Milestone"
"17","3","http://dbpedia.org/resource/Alan_J._Pakula"
"18","3","http://dbpedia.org/resource/Cameron_Crowe"
"19","3","http://dbpedia.org/resource/Milo%C5%A1_Forman"
"1","3","http://dbpedia.org/resource/Sidney_Lumet"
"2","3","http://dbpedia.org/resource/Stanley_Kubrick"
"3","3","http://dbpedia.org/resource/Alfred_Hitchcock"
"4","3","http://dbpedia.org/resource/Fran%C3%A7ois_Truffaut"
"5","3","http://dbpedia.org/resource/Federico_Fellini"
"6","3","http://dbpedia.org/resource/Spike_Jonze"
"7","3","[http://dbpedia.org/resource/William_Keighley, http://dbpedia.org/resource/Michael_Curtiz]"
"8","3","http://dbpedia.org/resource/John_Huston"
"9","3","http://dbpedia.org/resource/Werner_Herzog"
"60","3","http://dbpedia.org/resource/Coen_brothers"
"61","3","http://dbpedia.org/resource/Howard_Hawks"
"62","3","http://dbpedia.org/resource/Alfred_Hitchcock"
"63","3","http://dbpedia.org/resource/D._W._Griffith"
"20","3","http://dbpedia.org/resource/Federico_Fellini"
"64","3","http://dbpedia.org/resource/Ridley_Scott"
"65","3","http://dbpedia.org/resource/Ridley_Scott"
"21","3","http://dbpedia.org/resource/Jean-Pierre_Jeunet"
"66","3","[http://dbpedia.org/resource/Daniel_Myrick, http://dbpedia.org/resource/Eduardo_S%C3%A1nchez_(director)]"
"22","3","http://dbpedia.org/resource/Sam_Mendes"
"23","3","http://dbpedia.org/resource/George_Lucas"
"67","3","http://dbpedia.org/resource/Mel_Brooks"
"68","3","http://dbpedia.org/resource/Coen_brothers"
"24","3","http://dbpedia.org/resource/Tony_Kaye_(director)"
"69","3","http://dbpedia.org/resource/Michelangelo_Antonioni"
"25","3","http://dbpedia.org/resource/Alejandro_Gonz%C3%A1lez_I%C3%B1%C3%A1rritu"
"26","3","http://dbpedia.org/resource/Andrei_Tarkovsky"
"28","3","http://dbpedia.org/resource/Woody_Allen"
"29","3","http://dbpedia.org/resource/Billy_Wilder"
"70","3","http://dbpedia.org/resource/David_Lynch"
"71","3","http://dbpedia.org/resource/John_Landis"
"72","3","http://dbpedia.org/resource/Arthur_Penn"
"73","3","http://dbpedia.org/resource/Paul_Thomas_Anderson"
"30","3","http://dbpedia.org/resource/Francis_Ford_Coppola"
"74","3","http://dbpedia.org/resource/Wolfgang_Petersen"
"75","3","http://dbpedia.org/resource/Oliver_Stone"
"31","3","http://dbpedia.org/resource/Ron_Howard"
"32","3","http://dbpedia.org/resource/Michael_Bay"
"76","3","http://dbpedia.org/resource/Michael_Moore"
"77","3","http://dbpedia.org/resource/John_Singleton"
"33","3","http://dbpedia.org/resource/Sam_Raimi"
"34","3","http://dbpedia.org/resource/Frank_Capra"
"78","3","http://dbpedia.org/resource/Mel_Gibson"
"35","3","http://dbpedia.org/resource/James_L._Brooks"
"79","3","http://dbpedia.org/resource/Terry_Gilliam"
"36","3","http://dbpedia.org/resource/Jean_Vigo"
"37","3","http://dbpedia.org/resource/Jay_Roach"
"38","3","http://dbpedia.org/resource/Michelangelo_Antonioni"
"39","3","http://dbpedia.org/resource/Chris_Noonan"
"80","3","http://dbpedia.org/resource/Blake_Edwards"
"81","3","http://dbpedia.org/resource/John_Hughes_(filmmaker)"
"82","3","http://dbpedia.org/resource/Lars_von_Trier"
"83","3","http://dbpedia.org/resource/Jean-Luc_Godard"
"84","3","http://dbpedia.org/resource/James_Whale"
"40","3","http://dbpedia.org/resource/Robert_Zemeckis"
"85","3","http://dbpedia.org/resource/David_Lean"
"41","3","http://dbpedia.org/resource/Robert_Zemeckis"
"86","3","http://dbpedia.org/resource/David_Lean"
"42","3","http://dbpedia.org/resource/Robert_Zemeckis"
"43","3","http://dbpedia.org/resource/Terrence_Malick"
"87","3","http://dbpedia.org/resource/Howard_Hawks"
