"230","2","http://dbpedia.org/resource/Rock_music"
"231","2","http://dbpedia.org/resource/Heavy_metal_music"
"110","2","[http://dbpedia.org/resource/Funk, http://dbpedia.org/resource/Pop_music, http://dbpedia.org/resource/Soul_music]"
"232","2","[http://dbpedia.org/resource/Disco, http://dbpedia.org/resource/Funk]"
"111","2","http://dbpedia.org/resource/Rock_music"
"112","2","[http://dbpedia.org/resource/Country_music, http://dbpedia.org/resource/Pop_music, http://dbpedia.org/resource/Soul_music, http://dbpedia.org/resource/Smooth_jazz, http://dbpedia.org/resource/Contemporary_R&B, http://dbpedia.org/resource/Adult_contemporary_music]"
"234","2","[http://dbpedia.org/resource/Country_music, http://dbpedia.org/resource/Country_pop]"
"113","2","[http://dbpedia.org/resource/Disco, http://dbpedia.org/resource/Rhythm_and_blues, http://dbpedia.org/resource/Alternative_rock]"
"235","2","[http://dbpedia.org/resource/Disco, http://dbpedia.org/resource/Soul_music]"
"114","2","[http://dbpedia.org/resource/Funk, http://dbpedia.org/resource/Soul_music]"
"236","2","http://dbpedia.org/resource/Country_music"
"115","2","[http://dbpedia.org/resource/Blues, http://dbpedia.org/resource/Funk, http://dbpedia.org/resource/Rhythm_and_blues]"
"116","2","http://dbpedia.org/resource/Blues_rock"
"237","2","http://dbpedia.org/resource/Country_music"
"238","2","[http://dbpedia.org/resource/Psychedelic_rock, http://dbpedia.org/resource/Blues_rock, http://dbpedia.org/resource/Folk_rock, http://dbpedia.org/resource/Big_beat, http://dbpedia.org/resource/Pop_rock, http://dbpedia.org/resource/Heartland_rock, http://dbpedia.org/resource/Adult_contemporary_music]"
"117","2","[http://dbpedia.org/resource/Reggae, http://dbpedia.org/resource/Folk_rock, http://dbpedia.org/resource/Pop_rock]"
"239","2","http://dbpedia.org/resource/Rock_music"
"118","2","http://dbpedia.org/resource/Hip_hop"
"119","2","[http://dbpedia.org/resource/Alternative_rock, http://dbpedia.org/resource/Post-grunge]"
"10","2","[http://dbpedia.org/resource/Rock_music, http://dbpedia.org/resource/Hard_rock, http://dbpedia.org/resource/Pop_rock]"
"11","2","[http://dbpedia.org/resource/Punk_rock, http://dbpedia.org/resource/Pop_punk]"
"12","2","[http://dbpedia.org/resource/Dance-pop, http://dbpedia.org/resource/Folk_rock]"
"13","2","http://dbpedia.org/resource/Hard_rock"
"15","2","[http://dbpedia.org/resource/Heavy_metal_music, http://dbpedia.org/resource/Hard_rock]"
"16","2","[http://dbpedia.org/resource/Disco, http://dbpedia.org/resource/Pop_music]"
"17","2","http://dbpedia.org/resource/Hard_rock"
"18","2","[http://dbpedia.org/resource/Country_music, http://dbpedia.org/resource/Country_pop, http://dbpedia.org/resource/Country_rock]"
"19","2","[http://dbpedia.org/resource/Funk, http://dbpedia.org/resource/Rhythm_and_blues, http://dbpedia.org/resource/Dance-pop, http://dbpedia.org/resource/Post-disco]"
"19","2","[http://dbpedia.org/resource/Funk, http://dbpedia.org/resource/Rhythm_and_blues, http://dbpedia.org/resource/Dance-pop, http://dbpedia.org/resource/Post-disco]"
"240","2","http://dbpedia.org/resource/Soul_music"
"120","2","http://dbpedia.org/resource/Country_music"
"241","2","http://dbpedia.org/resource/Country_music"
"242","2","[http://dbpedia.org/resource/Blues_rock, http://dbpedia.org/resource/Texas_blues, http://dbpedia.org/resource/Hard_rock]"
"121","2","http://dbpedia.org/resource/Pop_rock"
"1","2","[http://dbpedia.org/resource/Funk, http://dbpedia.org/resource/New_wave_music, http://dbpedia.org/resource/Synthpop]"
"122","2","http://dbpedia.org/resource/Heartland_rock"
"243","2","[http://dbpedia.org/resource/Rock_and_roll, http://dbpedia.org/resource/Rock_music, http://dbpedia.org/resource/Hard_rock]"
"123","2","http://dbpedia.org/resource/Rock_and_roll"
"124","2","http://dbpedia.org/resource/Power_pop"
"3","2","http://dbpedia.org/resource/Neue_Deutsche_Welle"
"246","2","[http://dbpedia.org/resource/Rockabilly, http://dbpedia.org/resource/Pop_punk]"
"125","2","[http://dbpedia.org/resource/Heavy_metal_music, http://dbpedia.org/resource/Rock_and_roll]"
"4","2","[http://dbpedia.org/resource/Jazz, http://dbpedia.org/resource/Soul_music, http://dbpedia.org/resource/Contemporary_R&B]"
"247","2","[http://dbpedia.org/resource/Country, http://dbpedia.org/resource/Pop_music, http://dbpedia.org/resource/Blue-eyed_soul]"
"5","2","[http://dbpedia.org/resource/Blues, http://dbpedia.org/resource/Rhythm_and_blues, http://dbpedia.org/resource/Soul_music]"
"126","2","[http://dbpedia.org/resource/Dance-pop, http://dbpedia.org/resource/Synthpop]"
"6","2","[http://dbpedia.org/resource/Pop_music, http://dbpedia.org/resource/Rock_music, http://dbpedia.org/resource/Soul_music]"
"248","2","http://dbpedia.org/resource/Alternative_rock"
"127","2","[http://dbpedia.org/resource/Country_music, http://dbpedia.org/resource/Country_rock]"
"128","2","[http://dbpedia.org/resource/Funk, http://dbpedia.org/resource/Pop_music, http://dbpedia.org/resource/Contemporary_R&B, http://dbpedia.org/resource/Synthpop, http://dbpedia.org/resource/Funk_rock]"
"249","2","http://dbpedia.org/resource/Pop_rock"
"7","2","http://dbpedia.org/resource/Country_music"
"129","2","[http://dbpedia.org/resource/Disco, http://dbpedia.org/resource/Blues_rock, http://dbpedia.org/resource/Glam_rock, http://dbpedia.org/resource/Soul_music]"
"8","2","[http://dbpedia.org/resource/Rock_music, http://dbpedia.org/resource/Southern_rock, http://dbpedia.org/resource/Country_rock]"
"21","2","[http://dbpedia.org/resource/Blues_rock, http://dbpedia.org/resource/Hard_rock]"
"22","2","[http://dbpedia.org/resource/Alternative_rock, http://dbpedia.org/resource/Country_blues, http://dbpedia.org/resource/Folk_rock, http://dbpedia.org/resource/Indie_rock]"
"23","2","[http://dbpedia.org/resource/Country_music, http://dbpedia.org/resource/Blues_rock]"
"24","2","http://dbpedia.org/resource/Country_music"
"25","1","[http://dbpedia.org/resource/Nitty_Gritty_Dirt_Band, http://dbpedia.org/resource/Marcus_Hummon]"
"25","2","http://dbpedia.org/resource/Country_music"
"26","2","[http://dbpedia.org/resource/Alternative_rock, http://dbpedia.org/resource/Folk_punk]"
"27","2","[http://dbpedia.org/resource/Ballad, http://dbpedia.org/resource/Rockabilly, http://dbpedia.org/resource/Country_pop, http://dbpedia.org/resource/Country_rock]"
"28","2","[http://dbpedia.org/resource/Disco, http://dbpedia.org/resource/Funk]"
"29","2","http://dbpedia.org/resource/Hip_hop_music"
"250","2","[http://dbpedia.org/resource/Rock_and_roll, http://dbpedia.org/resource/Blues_rock, http://dbpedia.org/resource/Bluegrass_music, http://dbpedia.org/resource/Folk_rock, http://dbpedia.org/resource/Hard_rock, http://dbpedia.org/resource/Rap_rock]"
"251","2","http://dbpedia.org/resource/Country_music"
"130","2","[http://dbpedia.org/resource/Disco, http://dbpedia.org/resource/Funk, http://dbpedia.org/resource/Pop_music, http://dbpedia.org/resource/Soul_music]"
"252","2","[http://dbpedia.org/resource/Funk, http://dbpedia.org/resource/Pop_music, http://dbpedia.org/resource/Dance_music, http://dbpedia.org/resource/Soul_music, http://dbpedia.org/resource/Contemporary_R&B, http://dbpedia.org/resource/Hip_hop_music, http://dbpedia.org/resource/Post-disco]"
"131","2","[http://dbpedia.org/resource/Disco, http://dbpedia.org/resource/Funk, http://dbpedia.org/resource/Dance-pop, http://dbpedia.org/resource/Soul_music, http://dbpedia.org/resource/Contemporary_R&B, http://dbpedia.org/resource/Italo_disco, http://dbpedia.org/resource/Hip_hop_soul]"
"253","2","http://dbpedia.org/resource/Hard_rock"
"132","1","http://dbpedia.org/resource/Fleetwood_Mac"
"132","2","http://dbpedia.org/resource/Folk_rock"
"254","2","[http://dbpedia.org/resource/Disco, http://dbpedia.org/resource/Rhythm_and_blues]"
"133","2","[http://dbpedia.org/resource/Disco, http://dbpedia.org/resource/Pop_music, http://dbpedia.org/resource/Soul_music]"
"134","2","[http://dbpedia.org/resource/Blues_rock, http://dbpedia.org/resource/Southern_rock, http://dbpedia.org/resource/Heartland_rock]"
"255","2","[http://dbpedia.org/resource/Rock_music, http://dbpedia.org/resource/Dance_music, http://dbpedia.org/resource/Electronica, http://dbpedia.org/resource/Hard_rock]"
"135","2","[http://dbpedia.org/resource/Country_music, http://dbpedia.org/resource/Country_rock]"
"256","2","[http://dbpedia.org/resource/Arena_rock, http://dbpedia.org/resource/Rap_rock, http://dbpedia.org/resource/Pop_rock]"
"257","2","http://dbpedia.org/resource/New_wave_music"
"136","2","http://dbpedia.org/resource/Disco"
"258","2","http://dbpedia.org/resource/Alternative_rock"
"137","2","http://dbpedia.org/resource/Country_music"
"259","2","[http://dbpedia.org/resource/Country_music, http://dbpedia.org/resource/Rock_music, http://dbpedia.org/resource/Country_rock]"
"138","1","http://dbpedia.org/resource/Marvin_Gaye"
"138","2","[http://dbpedia.org/resource/Funk, http://dbpedia.org/resource/Soul_music]"
"139","2","[http://dbpedia.org/resource/New_wave_music, http://dbpedia.org/resource/Hard_rock, http://dbpedia.org/resource/Funk_rock]"
"30","2","[http://dbpedia.org/resource/Dance-pop, http://dbpedia.org/resource/Synthpop]"
"31","2","[http://dbpedia.org/resource/Heavy_metal_music, http://dbpedia.org/resource/Psychedelic_rock, http://dbpedia.org/resource/Hard_rock]"
"32","2","[http://dbpedia.org/resource/New_wave_music, http://dbpedia.org/resource/Reggae, http://dbpedia.org/resource/Blues_rock, http://dbpedia.org/resource/Heartland_rock]"
"33","2","[http://dbpedia.org/resource/Disco, http://dbpedia.org/resource/Funk]"
"34","2","[http://dbpedia.org/resource/Nu_metal, http://dbpedia.org/resource/Alternative_metal, http://dbpedia.org/resource/Rap_rock]"
"35","2","http://dbpedia.org/resource/Country_music"
"36","2","[http://dbpedia.org/resource/Rock_and_roll, http://dbpedia.org/resource/Hard_rock]"
"37","2","[http://dbpedia.org/resource/Blue-eyed_soul, http://dbpedia.org/resource/British_rhythm_and_blues]"
"38","2","[http://dbpedia.org/resource/New_wave_music, http://dbpedia.org/resource/Dance-rock]"
"39","2","[http://dbpedia.org/resource/Pop_music, http://dbpedia.org/resource/Smooth_jazz, http://dbpedia.org/resource/Alternative_metal, http://dbpedia.org/resource/Blue-eyed_soul]"
"260","2","http://dbpedia.org/resource/Country_music"
"261","2","http://dbpedia.org/resource/Country"
"140","2","[http://dbpedia.org/resource/Funk, http://dbpedia.org/resource/Pop_music, http://dbpedia.org/resource/Contemporary_R&B, http://dbpedia.org/resource/Post-disco]"
"141","2","[http://dbpedia.org/resource/Funk, http://dbpedia.org/resource/Soul, http://dbpedia.org/resource/Soul_music, http://dbpedia.org/resource/Synthpop]"
"262","2","[http://dbpedia.org/resource/Heavy_metal_music, http://dbpedia.org/resource/Psychedelic_rock, http://dbpedia.org/resource/Blues_rock, http://dbpedia.org/resource/Hard_rock]"
"142","2","[http://dbpedia.org/resource/Rock_music, http://dbpedia.org/resource/Country_rock, http://dbpedia.org/resource/Heartland_rock]"
"264","2","[http://dbpedia.org/resource/Funk, http://dbpedia.org/resource/Heavy_metal_music, http://dbpedia.org/resource/Glam_metal, http://dbpedia.org/resource/Contemporary_R&B, http://dbpedia.org/resource/Hard_rock, http://dbpedia.org/resource/Pop_rock]"
"143","2","http://dbpedia.org/resource/Rock_music"
"265","2","[http://dbpedia.org/resource/Power_pop, http://dbpedia.org/resource/Electronic_rock, http://dbpedia.org/resource/Hard_rock]"
"144","2","http://dbpedia.org/resource/Dance-pop"
"266","2","http://dbpedia.org/resource/Country_music"
"145","2","http://dbpedia.org/resource/Country_music"
"267","2","http://dbpedia.org/resource/Disco"
"146","2","[http://dbpedia.org/resource/Glam_metal, http://dbpedia.org/resource/Hard_rock]"
"268","2","http://dbpedia.org/resource/Country_pop"
"147","2","[http://dbpedia.org/resource/Dance-pop, http://dbpedia.org/resource/Funk_rock]"
"148","2","[http://dbpedia.org/resource/Dance-rock, http://dbpedia.org/resource/Pop_rock]"
"269","2","[http://dbpedia.org/resource/Glam_metal, http://dbpedia.org/resource/Hard_rock]"
"149","2","http://dbpedia.org/resource/Country_pop"
"40","2","[http://dbpedia.org/resource/Disco, http://dbpedia.org/resource/Funk, http://dbpedia.org/resource/Dance-pop, http://dbpedia.org/resource/Contemporary_R&B, http://dbpedia.org/resource/Hip_hop_music]"
"41","2","[http://dbpedia.org/resource/Disco, http://dbpedia.org/resource/Funk, http://dbpedia.org/resource/Post-disco]"
"42","2","[http://dbpedia.org/resource/New_wave_music, http://dbpedia.org/resource/Electronic_rock]"
"43","2","[http://dbpedia.org/resource/Rhythm_and_blues, http://dbpedia.org/resource/Rock_and_roll, http://dbpedia.org/resource/Soul_music]"
"44","2","http://dbpedia.org/resource/Country_music"
"45","2","http://dbpedia.org/resource/Hard_rock"
"46","2","[http://dbpedia.org/resource/Jazz, http://dbpedia.org/resource/Pop_music]"
"47","2","[http://dbpedia.org/resource/Blues_rock, http://dbpedia.org/resource/Hard_rock]"
"48","2","[http://dbpedia.org/resource/Country_music, http://dbpedia.org/resource/Traditional_pop_music]"
"49","2","http://dbpedia.org/resource/Heavy_metal_music"
"270","2","http://dbpedia.org/resource/Country_music"
"271","2","[http://dbpedia.org/resource/Heavy_metal_music, http://dbpedia.org/resource/Garage_rock, http://dbpedia.org/resource/Hard_rock]"
"150","1","http://dbpedia.org/resource/Journey_(band)"
"150","2","http://dbpedia.org/resource/Hard_rock"
"272","2","[http://dbpedia.org/resource/Heavy_metal_music, http://dbpedia.org/resource/Garage_rock, http://dbpedia.org/resource/Hard_rock]"
"151","2","[http://dbpedia.org/resource/Grunge, http://dbpedia.org/resource/Alternative_rock]"
"273","2","http://dbpedia.org/resource/Hard_rock"
"152","2","[http://dbpedia.org/resource/Country_pop, http://dbpedia.org/resource/Country_rock]"
"274","2","[http://dbpedia.org/resource/Rhythm_and_blues, http://dbpedia.org/resource/Rock_music, http://dbpedia.org/resource/Classic_rock, http://dbpedia.org/resource/Beat_music]"
"153","2","[http://dbpedia.org/resource/Country_pop, http://dbpedia.org/resource/Country_rock]"
"154","2","[http://dbpedia.org/resource/Jimmy_Buffett, http://dbpedia.org/resource/Country_rock]"
"275","2","http://dbpedia.org/resource/Pop_music"
"155","2","[http://dbpedia.org/resource/Blues_rock, http://dbpedia.org/resource/Southern_rock, http://dbpedia.org/resource/Heartland_rock]"
"276","2","[http://dbpedia.org/resource/Pop_music, http://dbpedia.org/resource/Rhythm_and_blues, http://dbpedia.org/resource/Soft_rock, http://dbpedia.org/resource/Blue-eyed_soul]"
"277","2","[http://dbpedia.org/resource/New_wave_music, http://dbpedia.org/resource/Rock_music]"
"156","2","[http://dbpedia.org/resource/Country_music, http://dbpedia.org/resource/Blues_rock, http://dbpedia.org/resource/Country_rock]"
"278","2","[http://dbpedia.org/resource/Grunge, http://dbpedia.org/resource/Alternative_rock]"
"157","2","[http://dbpedia.org/resource/Pop_music, http://dbpedia.org/resource/Soul_music]"
"158","2","[http://dbpedia.org/resource/New_wave_music, http://dbpedia.org/resource/Post-punk_revival, http://dbpedia.org/resource/Indie_rock]"
"159","2","[http://dbpedia.org/resource/Dance-pop, http://dbpedia.org/resource/Synthpop]"
"50","2","[http://dbpedia.org/resource/Grunge, http://dbpedia.org/resource/Alternative_rock]"
"51","2","[http://dbpedia.org/resource/New_wave_music, http://dbpedia.org/resource/Rhythm_and_blues, http://dbpedia.org/resource/Soul_music, http://dbpedia.org/resource/Southern_rock, http://dbpedia.org/resource/Dance-rock, http://dbpedia.org/resource/Electronic_rock]"
"52","2","[http://dbpedia.org/resource/Europop, http://dbpedia.org/resource/Euro_disco]"
"53","1","http://dbpedia.org/resource/Eagles_(band)"
"53","2","http://dbpedia.org/resource/Soft_rock"
"54","2","[http://dbpedia.org/resource/Rhythm_and_blues, http://dbpedia.org/resource/Rock_music, http://dbpedia.org/resource/Soul_music]"
"55","2","http://dbpedia.org/resource/Country_music"
"56","2","http://dbpedia.org/resource/Rock_music"
"58","2","[http://dbpedia.org/resource/New_wave_music, http://dbpedia.org/resource/Synthpop]"
"59","2","http://dbpedia.org/resource/Nu_metal"
"160","2","http://dbpedia.org/resource/Rhythm_and_blues"
"161","2","[http://dbpedia.org/resource/Rhythm_and_blues, http://dbpedia.org/resource/Soul_music]"
"162","2","[http://dbpedia.org/resource/Alternative_rock, http://dbpedia.org/resource/Pop_punk]"
"163","2","[http://dbpedia.org/resource/New_wave_music, http://dbpedia.org/resource/Power_pop]"
"164","1","http://dbpedia.org/resource/Frank_Sinatra"
"164","2","http://dbpedia.org/resource/Traditional_pop_music"
"165","2","[http://dbpedia.org/resource/Country_music, http://dbpedia.org/resource/Country_pop]"
"166","2","http://dbpedia.org/resource/Soul_music"
"167","2","http://dbpedia.org/resource/Country_pop"
"168","2","[http://dbpedia.org/resource/New_wave_music, http://dbpedia.org/resource/Alternative_rock]"
"169","1","http://dbpedia.org/resource/Liza_Minnelli"
"169","2","http://dbpedia.org/resource/Traditional_pop_music"
"60","2","http://dbpedia.org/resource/Rockabilly"
"61","2","[http://dbpedia.org/resource/Pop_music, http://dbpedia.org/resource/Soft_rock, http://dbpedia.org/resource/Soul_music, http://dbpedia.org/resource/Pop_rock]"
"62","2","http://dbpedia.org/resource/Rock_music"
"63","2","[http://dbpedia.org/resource/Country_music, http://dbpedia.org/resource/Country_rock]"
"64","2","[http://dbpedia.org/resource/House_music, http://dbpedia.org/resource/Jazz, http://dbpedia.org/resource/Pop_music, http://dbpedia.org/resource/Rhythm_and_blues, http://dbpedia.org/resource/Dance-pop]"
"65","2","[http://dbpedia.org/resource/Hard_rock, http://dbpedia.org/resource/Rap_rock]"
"66","2","[http://dbpedia.org/resource/Country_music, http://dbpedia.org/resource/Country_blues]"
"67","2","[http://dbpedia.org/resource/Country_music, http://dbpedia.org/resource/Country_blues, http://dbpedia.org/resource/Rockabilly]"
"68","2","http://dbpedia.org/resource/Soul_music"
"69","2","http://dbpedia.org/resource/Heartland_rock"
"170","2","[http://dbpedia.org/resource/Heavy_metal_music, http://dbpedia.org/resource/Glam_metal, http://dbpedia.org/resource/Hard_rock]"
"171","2","http://dbpedia.org/resource/Rock_and_roll"
"172","2","[http://dbpedia.org/resource/Soul_music, http://dbpedia.org/resource/Smooth_jazz]"
"173","2","http://dbpedia.org/resource/Country_rock"
"174","2","[http://dbpedia.org/resource/New_wave_music, http://dbpedia.org/resource/Punk_rock]"
"175","2","[http://dbpedia.org/resource/Pop_music, http://dbpedia.org/resource/Soft_rock, http://dbpedia.org/resource/Contemporary_R&B]"
"176","2","http://dbpedia.org/resource/Country_music"
"177","2","[http://dbpedia.org/resource/Hard_rock, http://dbpedia.org/resource/Funk_rock, http://dbpedia.org/resource/Post-grunge]"
"178","2","http://dbpedia.org/resource/Dance-pop"
"179","2","[http://dbpedia.org/resource/Country_music, http://dbpedia.org/resource/Psychedelic_rock, http://dbpedia.org/resource/Acid_rock, http://dbpedia.org/resource/Blues_rock, http://dbpedia.org/resource/Soul_music, http://dbpedia.org/resource/Contemporary_R&B]"
"70","2","http://dbpedia.org/resource/Funk_rock"
"71","2","http://dbpedia.org/resource/Country_music"
"72","2","[http://dbpedia.org/resource/Rock_music, http://dbpedia.org/resource/Blues_rock]"
"73","2","[http://dbpedia.org/resource/Disco, http://dbpedia.org/resource/Funk]"
"74","2","[http://dbpedia.org/resource/Pop_music, http://dbpedia.org/resource/Dance-pop, http://dbpedia.org/resource/Vocal_music]"
"75","2","[http://dbpedia.org/resource/New_wave_music, http://dbpedia.org/resource/Pop_music, http://dbpedia.org/resource/Reggae, http://dbpedia.org/resource/Dance-pop, http://dbpedia.org/resource/Synthpop]"
"76","2","[http://dbpedia.org/resource/Blues_rock, http://dbpedia.org/resource/Roots_rock]"
"77","2","[http://dbpedia.org/resource/Rock_music, http://dbpedia.org/resource/Blue-eyed_soul]"
"78","2","[http://dbpedia.org/resource/Southern_rock, http://dbpedia.org/resource/Hard_rock]"
"79","2","http://dbpedia.org/resource/Disco"
"180","2","http://dbpedia.org/resource/Heartland_rock"
"181","2","[http://dbpedia.org/resource/Hip_hop_music, http://dbpedia.org/resource/Funk_rock]"
"183","2","[http://dbpedia.org/resource/Grunge, http://dbpedia.org/resource/Alternative_rock]"
"184","2","http://dbpedia.org/resource/Synthpop"
"185","2","[http://dbpedia.org/resource/Heavy_metal_music, http://dbpedia.org/resource/Glam_metal, http://dbpedia.org/resource/Hard_rock]"
"186","2","[http://dbpedia.org/resource/Pop_music, http://dbpedia.org/resource/Rock_music, http://dbpedia.org/resource/Symphonic_rock, http://dbpedia.org/resource/Gospel_music]"
"187","2","http://dbpedia.org/resource/Pop_music"
"188","2","[http://dbpedia.org/resource/New_wave_music, http://dbpedia.org/resource/Happy_hardcore, http://dbpedia.org/resource/Hard_rock]"
"189","2","[http://dbpedia.org/resource/Alternative_metal, http://dbpedia.org/resource/Post-grunge]"
"80","2","http://dbpedia.org/resource/Disco"
"81","2","[http://dbpedia.org/resource/Country_music, http://dbpedia.org/resource/Rock_and_roll, http://dbpedia.org/resource/Rockabilly]"
"82","2","http://dbpedia.org/resource/Country_music"
"83","1","http://dbpedia.org/resource/Otis_Redding"
"83","2","http://dbpedia.org/resource/Soul_music"
"84","2","[http://dbpedia.org/resource/Alternative_rock, http://dbpedia.org/resource/Funk_rock]"
"85","2","http://dbpedia.org/resource/Grunge"
"86","2","http://dbpedia.org/resource/Hard_rock"
"87","2","[http://dbpedia.org/resource/Pop_music, http://dbpedia.org/resource/Rock_music, http://dbpedia.org/resource/Classic_rock, http://dbpedia.org/resource/Soul_music]"
"88","2","[http://dbpedia.org/resource/Dance-punk, http://dbpedia.org/resource/Electronic_rock, http://dbpedia.org/resource/Synthpop, http://dbpedia.org/resource/Funk_rock]"
"89","2","http://dbpedia.org/resource/Country_music"
"190","2","http://dbpedia.org/resource/Rhythm_and_blues"
"191","2","[http://dbpedia.org/resource/Heavy_metal_music, http://dbpedia.org/resource/Rock_and_roll, http://dbpedia.org/resource/Hard_rock]"
"192","2","[http://dbpedia.org/resource/Heavy_metal_music, http://dbpedia.org/resource/Glam_rock, http://dbpedia.org/resource/Glam_metal, http://dbpedia.org/resource/Hard_rock]"
"193","2","[http://dbpedia.org/resource/Alternative_rock, http://dbpedia.org/resource/Country_rock]"
"194","2","[http://dbpedia.org/resource/Disco, http://dbpedia.org/resource/Funk, http://dbpedia.org/resource/Funk_rock]"
"195","2","[http://dbpedia.org/resource/Blues, http://dbpedia.org/resource/Pop_music, http://dbpedia.org/resource/Soul_music]"
"196","2","http://dbpedia.org/resource/Blues_rock"
"197","2","http://dbpedia.org/resource/Heavy_metal_music"
"198","2","[http://dbpedia.org/resource/New_wave_music, http://dbpedia.org/resource/Rock_music, http://dbpedia.org/resource/Hard_rock]"
"199","2","[http://dbpedia.org/resource/Country_music, http://dbpedia.org/resource/Country_rock, http://dbpedia.org/resource/Country_rap]"
"90","2","[http://dbpedia.org/resource/Blues_rock, http://dbpedia.org/resource/Hard_rock]"
"91","2","[http://dbpedia.org/resource/Pop_music, http://dbpedia.org/resource/Rock_music]"
"92","2","http://dbpedia.org/resource/Hard_rock"
"93","2","[http://dbpedia.org/resource/Rock_music, http://dbpedia.org/resource/Hard_rock]"
"94","2","[http://dbpedia.org/resource/Dance-pop, http://dbpedia.org/resource/Metalcore, http://dbpedia.org/resource/Pop_rock]"
"95","2","http://dbpedia.org/resource/Hard_rock"
"96","2","[http://dbpedia.org/resource/Disco, http://dbpedia.org/resource/Funk, http://dbpedia.org/resource/Rock_music]"
"97","2","[http://dbpedia.org/resource/Blues, http://dbpedia.org/resource/Rock_and_roll]"
"98","2","[http://dbpedia.org/resource/Pop_music, http://dbpedia.org/resource/Soft_rock, http://dbpedia.org/resource/Soul_music, http://dbpedia.org/resource/Folk_rock]"
"99","2","http://dbpedia.org/resource/Rock_music"
"200","2","[http://dbpedia.org/resource/Electronic_rock, http://dbpedia.org/resource/Hard_rock]"
"201","2","[http://dbpedia.org/resource/Disco, http://dbpedia.org/resource/Rhythm_and_blues]"
"202","2","[http://dbpedia.org/resource/Contemporary_R&B, http://dbpedia.org/resource/Synthpop]"
"203","2","[http://dbpedia.org/resource/Disco, http://dbpedia.org/resource/Funk]"
"204","2","http://dbpedia.org/resource/Disco"
"205","2","http://dbpedia.org/resource/Soul"
"206","2","http://dbpedia.org/resource/Country_rock"
"207","2","http://dbpedia.org/resource/Punk_rock"
"208","2","http://dbpedia.org/resource/Rock_and_roll"
"210","2","[http://dbpedia.org/resource/Jazz, http://dbpedia.org/resource/Pop_music]"
"211","2","[http://dbpedia.org/resource/Power_pop, http://dbpedia.org/resource/Pop_rock]"
"212","2","[http://dbpedia.org/resource/Funk, http://dbpedia.org/resource/Soul_music]"
"213","2","http://dbpedia.org/resource/Rock_music"
"214","2","http://dbpedia.org/resource/Country_music"
"215","2","[http://dbpedia.org/resource/Blues_rock, http://dbpedia.org/resource/Soul_music]"
"216","2","http://dbpedia.org/resource/Hard_rock"
"217","1","http://dbpedia.org/resource/James_Taylor"
"217","2","http://dbpedia.org/resource/Soft_rock"
"219","2","http://dbpedia.org/resource/Country_music"
"220","2","[http://dbpedia.org/resource/Musical_theatre, http://dbpedia.org/resource/Pop_music]"
"100","2","[http://dbpedia.org/resource/Funk, http://dbpedia.org/resource/Soul_music]"
"221","2","http://dbpedia.org/resource/Pop_rock"
"101","2","[http://dbpedia.org/resource/Dance-pop, http://dbpedia.org/resource/Hip_house]"
"102","2","http://dbpedia.org/resource/Hard_rock"
"223","2","http://dbpedia.org/resource/Funk"
"224","1","http://dbpedia.org/resource/Mark_James_(songwriter)"
"103","2","http://dbpedia.org/resource/Psychedelic_soul"
"104","2","http://dbpedia.org/resource/Psychedelic_soul"
"225","2","http://dbpedia.org/resource/Soft_rock"
"105","2","[http://dbpedia.org/resource/Pop_music, http://dbpedia.org/resource/Country_pop]"
"226","2","[http://dbpedia.org/resource/Heavy_metal, http://dbpedia.org/resource/Hard_rock]"
"106","2","http://dbpedia.org/resource/Electronic_rock"
"227","2","[http://dbpedia.org/resource/Heavy_metal_music, http://dbpedia.org/resource/Hard_rock]"
"228","2","http://dbpedia.org/resource/Southern_rock"
"107","2","[http://dbpedia.org/resource/Country_music, http://dbpedia.org/resource/Country_rock]"
"229","2","http://dbpedia.org/resource/Country_rock"
"108","2","[http://dbpedia.org/resource/Rock_music, http://dbpedia.org/resource/Hard_rock, http://dbpedia.org/resource/Pop_rock]"
"109","2","[http://dbpedia.org/resource/Country_music, http://dbpedia.org/resource/House_music, http://dbpedia.org/resource/Rock_and_roll, http://dbpedia.org/resource/Rockabilly]"
