"1","1","http://dbpedia.org/resource/Abilene,_Texas"
"1","2","http://dbpedia.org/resource/Private_school"
"2","1","http://dbpedia.org/resource/Garden_City,_New_York"
"2","2","http://dbpedia.org/resource/Private_university"
"3","1","http://dbpedia.org/resource/Albany,_Georgia"
"3","2","[http://dbpedia.org/resource/Historically_black_colleges_and_universities, http://dbpedia.org/resource/Public_university]"
"4","1","http://dbpedia.org/resource/Lorman,_Mississippi"
"4","2","[http://dbpedia.org/resource/Historically_black_colleges_and_universities, http://dbpedia.org/resource/Public_university]"
"5","1","http://dbpedia.org/resource/Springfield,_Massachusetts"
"5","2","http://dbpedia.org/resource/Private_university"
"6","1","http://dbpedia.org/resource/Anderson,_Indiana"
"6","2","[http://dbpedia.org/resource/Private_university, http://dbpedia.org/resource/Christian]"
"7","1","http://dbpedia.org/resource/Berrien_Springs,_Michigan"
"7","2","[http://dbpedia.org/resource/Private_school, http://dbpedia.org/resource/Flagship]"
"8","1","http://dbpedia.org/resource/San_Angelo,_Texas"
"8","2","http://dbpedia.org/resource/State_university_system"
"9","1","[http://dbpedia.org/resource/Phoenix,_Arizona, http://dbpedia.org/resource/Mesa,_Arizona, http://dbpedia.org/resource/Tempe,_Arizona]"
"9","2","http://dbpedia.org/resource/Public_university"
"400","1","http://dbpedia.org/resource/Mobile,_Alabama"
"400","2","http://dbpedia.org/resource/State_university_system"
"401","1","http://dbpedia.org/resource/Columbia,_South_Carolina"
"401","2","[http://dbpedia.org/resource/Flagship, http://dbpedia.org/resource/National_Sea_Grant_College_Program, http://dbpedia.org/resource/Public_university]"
"402","1","http://dbpedia.org/resource/Vermillion,_South_Dakota"
"402","2","http://dbpedia.org/resource/Public_university"
"403","1","http://dbpedia.org/resource/Tampa,_Florida"
"403","2","[http://dbpedia.org/resource/National_Space_Grant_College_and_Fellowship_Program, http://dbpedia.org/resource/Public_university]"
"404","1","http://dbpedia.org/resource/Vanderburgh_County,_Indiana"
"404","2","http://dbpedia.org/resource/Public_university"
"405","1","[http://dbpedia.org/resource/Portland,_Maine, http://dbpedia.org/resource/Gorham,_Maine, http://dbpedia.org/resource/Lewiston,_Maine]"
"405","2","http://dbpedia.org/resource/Public_university"
"406","1","http://dbpedia.org/resource/Hattiesburg,_Mississippi"
"406","2","http://dbpedia.org/resource/State_university_system"
"407","1","http://dbpedia.org/resource/Tampa,_Florida"
"407","2","http://dbpedia.org/resource/Private_university"
"408","1","http://dbpedia.org/resource/Memphis,_Tennessee"
"408","2","http://dbpedia.org/resource/Public_university"
"409","1","http://dbpedia.org/resource/Chattanooga,_Tennessee"
"409","2","http://dbpedia.org/resource/Public_university"
"410","1","http://dbpedia.org/resource/Knoxville,_Tennessee"
"410","2","http://dbpedia.org/resource/Flagship"
"411","1","http://dbpedia.org/resource/Martin,_Tennessee"
"411","2","http://dbpedia.org/resource/Public_university"
"412","1","http://dbpedia.org/resource/Arlington,_Texas"
"412","2","http://dbpedia.org/resource/State_university_system"
"413","1","http://dbpedia.org/resource/Austin,_Texas"
"413","2","[http://dbpedia.org/resource/Flagship, http://dbpedia.org/resource/National_Space_Grant_College_and_Fellowship_Program]"
"414","1","http://dbpedia.org/resource/El_Paso,_Texas"
"414","2","http://dbpedia.org/resource/Public_university"
"415","1","http://dbpedia.org/resource/Edinburg,_Texas"
"415","2","http://dbpedia.org/resource/Public_university"
"416","1","http://dbpedia.org/resource/Tyler,_Texas"
"416","2","http://dbpedia.org/resource/State_university_system"
"417","1","http://dbpedia.org/resource/Houston"
"417","2","http://dbpedia.org/resource/State_school"
"418","1","http://dbpedia.org/resource/San_Antonio"
"419","1","http://dbpedia.org/resource/Galveston,_Texas"
"419","2","http://dbpedia.org/resource/Academic_Health_Center"
"420","1","http://dbpedia.org/resource/San_Antonio"
"420","2","[http://dbpedia.org/resource/Mixed-sex_education, http://dbpedia.org/resource/Private_university]"
"421","1","http://dbpedia.org/resource/Salt_Lake_City"
"421","2","http://dbpedia.org/resource/Public_university"
"300","1","http://dbpedia.org/resource/Nacogdoches,_Texas"
"300","2","[http://dbpedia.org/resource/State_university_system, http://dbpedia.org/resource/Public_university]"
"301","1","http://dbpedia.org/resource/Stony_Brook,_New_York"
"301","2","[http://dbpedia.org/resource/University, http://dbpedia.org/resource/National_Sea_Grant_College_Program, http://dbpedia.org/resource/National_Space_Grant_College_and_Fellowship_Program, http://dbpedia.org/resource/Public_university]"
"422","1","http://dbpedia.org/resource/Burlington,_Vermont"
"422","2","http://dbpedia.org/resource/Public_university"
"302","1","http://dbpedia.org/resource/New_Paltz_(village),_New_York"
"423","1","http://dbpedia.org/resource/Charlottesville,_Virginia"
"423","2","[http://dbpedia.org/resource/Flagship, http://dbpedia.org/resource/Public_university]"
"424","1","http://dbpedia.org/resource/Seattle"
"424","2","http://dbpedia.org/resource/Public_university"
"303","1","http://dbpedia.org/resource/Plattsburgh_(city),_New_York"
"303","2","http://dbpedia.org/resource/Public_university"
"425","1","http://dbpedia.org/resource/Bothell,_Washington"
"425","2","http://dbpedia.org/resource/Public_university"
"304","1","http://dbpedia.org/resource/Brooklyn"
"426","1","http://dbpedia.org/resource/Tacoma,_Washington"
"426","2","http://dbpedia.org/resource/Public_university"
"305","1","[http://dbpedia.org/resource/Syracuse,_New_York, http://dbpedia.org/resource/Binghamton,_New_York]"
"305","2","http://dbpedia.org/resource/Public_university"
"427","1","http://dbpedia.org/resource/Pensacola,_Florida"
"427","2","[http://dbpedia.org/resource/National_Space_Grant_College_and_Fellowship_Program, http://dbpedia.org/resource/Public_university]"
"306","1","http://dbpedia.org/resource/Syracuse,_New_York"
"306","2","[http://dbpedia.org/resource/Private_university, http://dbpedia.org/resource/Nonsectarian]"
"428","1","http://dbpedia.org/resource/Eau_Claire,_Wisconsin"
"428","2","http://dbpedia.org/resource/State_university_system"
"307","1","http://dbpedia.org/resource/Stephenville,_Texas"
"307","2","http://dbpedia.org/resource/Public_university"
"429","1","http://dbpedia.org/resource/Green_Bay,_Wisconsin"
"429","2","http://dbpedia.org/resource/State_university_system"
"308","1","[http://dbpedia.org/resource/London, http://dbpedia.org/resource/Rome, http://dbpedia.org/resource/Singapore, http://dbpedia.org/resource/Tokyo, http://dbpedia.org/resource/Harrisburg,_Pennsylvania, http://dbpedia.org/resource/Philadelphia, http://dbpedia.org/resource/Ambler,_Pennsylvania, http://dbpedia.org/resource/Fort_Washington,_Pennsylvania]"
"308","2","[http://dbpedia.org/resource/Commonwealth_System_of_Higher_Education, http://dbpedia.org/resource/Land-grant_university, http://dbpedia.org/resource/Public_university]"
"309","1","http://dbpedia.org/resource/Nashville,_Tennessee"
"309","2","[http://dbpedia.org/resource/Historically_black_colleges_and_universities, http://dbpedia.org/resource/Public_university]"
"430","1","http://dbpedia.org/resource/Madison,_Wisconsin"
"430","2","http://dbpedia.org/resource/State_university_system"
"310","1","http://dbpedia.org/resource/Laredo,_Texas"
"310","2","http://dbpedia.org/resource/State_university_system"
"431","1","http://dbpedia.org/resource/Milwaukee"
"431","2","http://dbpedia.org/resource/Public_university"
"311","1","http://dbpedia.org/resource/Corpus_Christi,_Texas"
"311","2","http://dbpedia.org/resource/State_university_system"
"432","1","http://dbpedia.org/resource/Oshkosh,_Wisconsin"
"432","2","http://dbpedia.org/resource/State_university_system"
"433","1","http://dbpedia.org/resource/Laramie,_Wyoming"
"433","2","http://dbpedia.org/resource/Flagship"
"312","1","http://dbpedia.org/resource/Texarkana,_Texas"
"312","2","http://dbpedia.org/resource/Public_university"
"434","1","http://dbpedia.org/resource/Pepper_Pike,_Ohio"
"434","2","http://dbpedia.org/resource/Private_school"
"313","1","http://dbpedia.org/resource/Fort_Worth,_Texas"
"313","2","http://dbpedia.org/resource/Private_school"
"314","1","http://dbpedia.org/resource/Lubbock,_Texas"
"314","2","http://dbpedia.org/resource/State_university_system"
"435","1","http://dbpedia.org/resource/Valdosta,_Georgia"
"435","2","http://dbpedia.org/resource/Public_university"
"315","1","[http://dbpedia.org/resource/Houston, http://dbpedia.org/resource/Dallas, http://dbpedia.org/resource/Denton,_Texas]"
"436","1","http://dbpedia.org/resource/Valparaiso,_Indiana"
"436","2","[http://dbpedia.org/resource/Mixed-sex_education, http://dbpedia.org/resource/Private_university]"
"437","2","http://dbpedia.org/resource/Private_university"
"316","1","http://dbpedia.org/resource/Philadelphia"
"316","2","http://dbpedia.org/resource/Private_university"
"438","1","http://dbpedia.org/resource/Villanova,_Pennsylvania"
"317","1","http://dbpedia.org/resource/Towson,_Maryland"
"317","2","http://dbpedia.org/resource/Public_university"
"439","1","http://dbpedia.org/resource/Richmond,_Virginia"
"439","2","http://dbpedia.org/resource/Public_university"
"318","1","http://dbpedia.org/resource/Palos_Heights,_Illinois"
"318","2","[http://dbpedia.org/resource/Calvinism, http://dbpedia.org/resource/Private_school]"
"319","1","http://dbpedia.org/resource/Troy,_Alabama"
"319","2","http://dbpedia.org/resource/Public_university"
"440","1","http://dbpedia.org/resource/La_Crosse,_Wisconsin"
"440","2","[http://dbpedia.org/resource/Private_university, http://dbpedia.org/resource/Liberal_arts_colleges_in_the_United_States]"
"441","1","http://dbpedia.org/resource/Staten_Island"
"320","1","http://dbpedia.org/resource/Tuskegee,_Alabama"
"320","2","[http://dbpedia.org/resource/Private_school, http://dbpedia.org/resource/Historically_black_colleges_and_universities]"
"442","1","http://dbpedia.org/resource/College_Place,_Washington"
"442","2","http://dbpedia.org/resource/Private_school"
"321","1","http://dbpedia.org/resource/Bethesda,_Maryland"
"321","2","http://dbpedia.org/resource/United_States_service_academies"
"201","1","http://dbpedia.org/resource/Yankton,_South_Dakota"
"443","1","http://dbpedia.org/resource/Topeka,_Kansas"
"443","2","http://dbpedia.org/resource/Public_university"
"322","2","http://dbpedia.org/resource/Private_school"
"323","1","http://dbpedia.org/resource/Buffalo,_New_York"
"323","2","[http://dbpedia.org/resource/National_Space_Grant_College_and_Fellowship_Program, http://dbpedia.org/resource/Public_university]"
"202","1","http://dbpedia.org/resource/Milwaukee"
"444","1","http://dbpedia.org/resource/Pullman,_Washington"
"444","2","[http://dbpedia.org/resource/Land-grant_university, http://dbpedia.org/resource/Public_university]"
"324","1","http://dbpedia.org/resource/Akron,_Ohio"
"324","2","http://dbpedia.org/resource/Public_university"
"445","1","[http://dbpedia.org/resource/Detroit, http://dbpedia.org/resource/Michigan]"
"445","2","http://dbpedia.org/resource/Public_university"
"203","1","http://dbpedia.org/resource/Newburgh_(city),_New_York"
"203","2","http://dbpedia.org/resource/Private_university"
"325","1","http://dbpedia.org/resource/Birmingham,_Alabama"
"325","2","http://dbpedia.org/resource/Public_university"
"204","1","http://dbpedia.org/resource/Murray,_Kentucky"
"204","2","http://dbpedia.org/resource/Public_university"
"446","1","http://dbpedia.org/resource/Webster_Groves,_Missouri"
"446","2","http://dbpedia.org/resource/Private_university"
"447","1","http://dbpedia.org/resource/Dover,_Delaware"
"447","2","http://dbpedia.org/resource/Private_university"
"205","1","http://dbpedia.org/resource/San_Diego"
"205","2","http://dbpedia.org/resource/Private_university"
"326","1","http://dbpedia.org/resource/Huntsville,_Alabama"
"326","2","[http://dbpedia.org/resource/State_university_system, http://dbpedia.org/resource/National_Space_Grant_College_and_Fellowship_Program]"
"206","1","http://dbpedia.org/resource/Pittsford_(village),_New_York"
"206","2","[http://dbpedia.org/resource/Mixed-sex_education, http://dbpedia.org/resource/Private_university]"
"327","1","http://dbpedia.org/resource/Tuscaloosa,_Alabama"
"327","2","[http://dbpedia.org/resource/State_university_system, http://dbpedia.org/resource/Flagship, http://dbpedia.org/resource/National_Sea_Grant_College_Program, http://dbpedia.org/resource/National_Space_Grant_College_and_Fellowship_Program]"
"448","1","http://dbpedia.org/resource/West_Chester,_Pennsylvania"
"448","2","http://dbpedia.org/resource/Public_university"
"328","1","http://dbpedia.org/resource/Anchorage,_Alaska"
"328","2","http://dbpedia.org/resource/Public_university"
"449","1","http://dbpedia.org/resource/Canyon,_Texas"
"449","2","http://dbpedia.org/resource/State_university_system"
"207","1","http://dbpedia.org/resource/Omaha,_Nebraska"
"207","2","[http://dbpedia.org/resource/Private_school, http://dbpedia.org/resource/Nonprofit_organization]"
"208","1","http://dbpedia.org/resource/Lincoln,_Nebraska"
"208","2","http://dbpedia.org/resource/Private_(rank)"
"329","1","http://dbpedia.org/resource/Tucson,_Arizona"
"329","2","http://dbpedia.org/resource/Public_university"
"209","1","http://dbpedia.org/resource/Aston_Township,_Delaware_County,_Pennsylvania"
"450","1","http://dbpedia.org/resource/Morgantown,_West_Virginia"
"450","2","[http://dbpedia.org/resource/Land-grant_university, http://dbpedia.org/resource/Public_university]"
"330","1","http://dbpedia.org/resource/Fayetteville,_Arkansas"
"330","2","[http://dbpedia.org/resource/Flagship, http://dbpedia.org/resource/Land-grant_university, http://dbpedia.org/resource/National_Space_Grant_College_and_Fellowship_Program, http://dbpedia.org/resource/Public_university]"
"451","1","http://dbpedia.org/resource/Cullowhee,_North_Carolina"
"451","2","http://dbpedia.org/resource/Public_university"
"210","1","http://dbpedia.org/resource/Jersey_City,_New_Jersey"
"210","2","http://dbpedia.org/resource/Public_university"
"452","1","http://dbpedia.org/resource/Danbury,_Connecticut"
"452","2","http://dbpedia.org/resource/Public_university"
"331","2","http://dbpedia.org/resource/Public_university"
"332","1","http://dbpedia.org/resource/Monticello,_Arkansas"
"332","2","http://dbpedia.org/resource/Public_university"
"453","1","http://dbpedia.org/resource/Bowling_Green,_Kentucky"
"453","2","http://dbpedia.org/resource/Public_university"
"211","1","http://dbpedia.org/resource/Las_Cruces,_New_Mexico"
"211","2","[http://dbpedia.org/resource/State_university_system, http://dbpedia.org/resource/Land-grant_university, http://dbpedia.org/resource/National_Space_Grant_College_and_Fellowship_Program]"
"454","1","http://dbpedia.org/resource/Kalamazoo,_Michigan"
"454","2","http://dbpedia.org/resource/Public_university"
"333","1","http://dbpedia.org/resource/Little_Rock,_Arkansas"
"333","2","http://dbpedia.org/resource/Public_university"
"334","1","http://dbpedia.org/resource/Los_Angeles"
"334","2","[http://dbpedia.org/resource/Research, http://dbpedia.org/resource/Flagship, http://dbpedia.org/resource/Land-grant_university, http://dbpedia.org/resource/Public_university]"
"455","1","http://dbpedia.org/resource/Pomona,_California"
"455","2","[http://dbpedia.org/resource/Nonprofit_organization, http://dbpedia.org/resource/Private_university]"
"213","1","http://dbpedia.org/resource/Lewiston_(town),_New_York"
"213","2","http://dbpedia.org/resource/Private_university"
"456","1","http://dbpedia.org/resource/Salt_Lake_City"
"214","1","http://dbpedia.org/resource/Greensboro,_North_Carolina"
"214","2","[http://dbpedia.org/resource/Historically_black_colleges_and_universities, http://dbpedia.org/resource/Public_university]"
"335","1","http://dbpedia.org/resource/San_Francisco"
"335","2","http://dbpedia.org/resource/Public_university"
"215","1","http://dbpedia.org/resource/Durham,_North_Carolina"
"215","2","[http://dbpedia.org/resource/Historically_black_colleges_and_universities, http://dbpedia.org/resource/Public_university]"
"336","1","http://dbpedia.org/resource/Conway,_Arkansas"
"336","2","http://dbpedia.org/resource/Public_university"
"457","1","http://dbpedia.org/resource/Wheeling,_West_Virginia"
"457","2","[http://dbpedia.org/resource/Research, http://dbpedia.org/resource/Private_university]"
"458","1","http://dbpedia.org/resource/Wichita,_Kansas"
"458","2","http://dbpedia.org/resource/Public_university"
"216","1","http://dbpedia.org/resource/Fargo,_North_Dakota"
"216","2","[http://dbpedia.org/resource/Flagship, http://dbpedia.org/resource/Land-grant_university, http://dbpedia.org/resource/Public_university]"
"337","1","http://dbpedia.org/resource/Orlando,_Florida"
"337","2","[http://dbpedia.org/resource/National_Space_Grant_College_and_Fellowship_Program, http://dbpedia.org/resource/Public_university]"
"217","1","http://dbpedia.org/resource/Dahlonega,_Georgia"
"217","2","http://dbpedia.org/resource/Public_university"
"338","1","http://dbpedia.org/resource/Edmond,_Oklahoma"
"338","2","[http://dbpedia.org/resource/Land-grant_university, http://dbpedia.org/resource/Public_university]"
"459","1","http://dbpedia.org/resource/Chester,_Pennsylvania"
"459","2","http://dbpedia.org/resource/Private_university"
"339","1","http://dbpedia.org/resource/Cincinnati"
"339","2","[http://dbpedia.org/resource/State_university_system, http://dbpedia.org/resource/National_Space_Grant_College_and_Fellowship_Program]"
"218","1","http://dbpedia.org/resource/Chicago"
"218","2","http://dbpedia.org/resource/Private_university"
"219","1","[http://dbpedia.org/resource/Broken_Arrow,_Oklahoma, http://dbpedia.org/resource/Muskogee,_Oklahoma, http://dbpedia.org/resource/Tahlequah,_Oklahoma]"
"219","2","http://dbpedia.org/resource/Public_university"
"460","1","http://dbpedia.org/resource/Wilkes-Barre,_Pennsylvania"
"460","2","http://dbpedia.org/resource/Private_school"
"340","1","http://dbpedia.org/resource/Colorado_Springs,_Colorado"
"340","2","http://dbpedia.org/resource/Public_university"
"461","1","http://dbpedia.org/resource/Wayne,_New_Jersey"
"461","2","http://dbpedia.org/resource/Public_university"
"220","1","http://dbpedia.org/resource/Boston"
"220","2","http://dbpedia.org/resource/Private_school"
"462","1","http://dbpedia.org/resource/New_Castle,_Delaware"
"221","1","http://dbpedia.org/resource/Flagstaff,_Arizona"
"221","2","[http://dbpedia.org/resource/University, http://dbpedia.org/resource/Flagship, http://dbpedia.org/resource/Land-grant_university, http://dbpedia.org/resource/Public_university]"
"100","1","[http://dbpedia.org/resource/British_Columbia, http://dbpedia.org/resource/Oxfordshire, http://dbpedia.org/resource/Vancouver, http://dbpedia.org/resource/Canada, http://dbpedia.org/resource/Florham_Park,_New_Jersey, http://dbpedia.org/resource/Hackensack,_New_Jersey, http://dbpedia.org/resource/Madison,_New_Jersey, http://dbpedia.org/resource/Teaneck,_New_Jersey, http://dbpedia.org/resource/Banbury]"
"100","2","http://dbpedia.org/resource/Private_school"
"463","1","http://dbpedia.org/resource/Winona,_Minnesota"
"342","1","[http://dbpedia.org/resource/Mansfield,_Connecticut, http://dbpedia.org/resource/Storrs,_Connecticut]"
"342","2","[http://dbpedia.org/resource/Flagship, http://dbpedia.org/resource/Land-grant_university, http://dbpedia.org/resource/National_Sea_Grant_College_Program, http://dbpedia.org/resource/National_Space_Grant_College_and_Fellowship_Program]"
"101","1","http://dbpedia.org/resource/Fayetteville,_North_Carolina"
"101","2","[http://dbpedia.org/resource/Historically_black_colleges_and_universities, http://dbpedia.org/resource/Public_university]"
"464","1","http://dbpedia.org/resource/Worcester,_Massachusetts"
"464","2","http://dbpedia.org/resource/Public_university"
"222","1","http://dbpedia.org/resource/DeKalb,_Illinois"
"222","2","http://dbpedia.org/resource/State_university_system"
"343","1","http://dbpedia.org/resource/Newark,_Delaware"
"343","2","[http://dbpedia.org/resource/Private_university, http://dbpedia.org/resource/Public_university]"
"465","1","http://dbpedia.org/resource/Dayton,_Ohio"
"465","2","http://dbpedia.org/resource/Public_university"
"223","1","http://dbpedia.org/resource/Highland_Heights,_Kentucky"
"223","2","http://dbpedia.org/resource/State_university_system"
"102","1","[http://dbpedia.org/resource/Lodi,_New_Jersey, http://dbpedia.org/resource/Rutherford,_New_Jersey]"
"344","1","http://dbpedia.org/resource/Detroit"
"344","2","[http://dbpedia.org/resource/Master's_degree, http://dbpedia.org/resource/Private_university]"
"224","1","http://dbpedia.org/resource/Marquette,_Michigan"
"224","2","http://dbpedia.org/resource/Public_university"
"466","1","http://dbpedia.org/resource/Cincinnati"
"466","2","[http://dbpedia.org/resource/Research, http://dbpedia.org/resource/Private_university]"
"103","1","http://dbpedia.org/resource/Fitchburg,_Massachusetts"
"103","2","http://dbpedia.org/resource/Public_university"
"345","1","http://dbpedia.org/resource/Evansville,_Indiana"
"345","2","http://dbpedia.org/resource/Private_university"
"104","1","http://dbpedia.org/resource/Tallahassee,_Florida"
"104","2","[http://dbpedia.org/resource/Historically_black_colleges_and_universities, http://dbpedia.org/resource/Public_university]"
"346","1","http://dbpedia.org/resource/Gainesville,_Florida"
"346","2","[http://dbpedia.org/resource/State_university_system, http://dbpedia.org/resource/Land-grant_university, http://dbpedia.org/resource/National_Sea_Grant_College_Program, http://dbpedia.org/resource/National_Space_Grant_College_and_Fellowship_Program]"
"467","1","http://dbpedia.org/resource/New_Haven,_Connecticut"
"467","2","http://dbpedia.org/resource/Private_university"
"225","1","http://dbpedia.org/resource/Nampa,_Idaho"
"225","2","http://dbpedia.org/resource/Private_university"
"226","1","http://dbpedia.org/resource/Natchitoches,_Louisiana"
"226","2","[http://dbpedia.org/resource/Mixed-sex_education, http://dbpedia.org/resource/Public_university]"
"347","1","http://dbpedia.org/resource/West_Hartford,_Connecticut"
"347","2","http://dbpedia.org/resource/Private_school"
"468","1","http://dbpedia.org/resource/Youngstown,_Ohio"
"105","1","http://dbpedia.org/resource/Boca_Raton,_Florida"
"105","2","http://dbpedia.org/resource/Public_university"
"227","1","http://dbpedia.org/resource/Fort_Lauderdale,_Florida"
"227","2","http://dbpedia.org/resource/Private_school"
"348","1","http://dbpedia.org/resource/Honolulu"
"348","2","[http://dbpedia.org/resource/Land-grant_university, http://dbpedia.org/resource/National_Sea_Grant_College_Program, http://dbpedia.org/resource/National_Space_Grant_College_and_Fellowship_Program, http://dbpedia.org/resource/Public_university]"
"106","1","http://dbpedia.org/resource/Lee_County,_Florida"
"106","2","[http://dbpedia.org/resource/National_Space_Grant_College_and_Fellowship_Program, http://dbpedia.org/resource/Public_university]"
"228","1","[http://dbpedia.org/resource/Auburn_Hills,_Michigan, http://dbpedia.org/resource/Rochester,_Michigan, http://dbpedia.org/resource/Rochester_Hills,_Michigan]"
"107","1","http://dbpedia.org/resource/University_Park,_Florida"
"107","2","http://dbpedia.org/resource/Public_university"
"229","1","http://dbpedia.org/resource/Huntsville,_Alabama"
"229","2","[http://dbpedia.org/resource/Private_school, http://dbpedia.org/resource/Historically_black_colleges_and_universities]"
"108","1","http://dbpedia.org/resource/Tallahassee,_Florida"
"108","2","[http://dbpedia.org/resource/State_university_system, http://dbpedia.org/resource/National_Sea_Grant_College_Program, http://dbpedia.org/resource/National_Space_Grant_College_and_Fellowship_Program]"
"109","1","http://dbpedia.org/resource/Hays,_Kansas"
"109","2","[http://dbpedia.org/resource/Mixed-sex_education, http://dbpedia.org/resource/Public_university]"
"350","1","http://dbpedia.org/resource/Indianapolis"
"350","2","http://dbpedia.org/resource/Private_university"
"351","1","http://dbpedia.org/resource/Iowa_City,_Iowa"
"351","2","[http://dbpedia.org/resource/Flagship, http://dbpedia.org/resource/National_Space_Grant_College_and_Fellowship_Program, http://dbpedia.org/resource/Public_university]"
"230","1","http://dbpedia.org/resource/Columbus,_Ohio"
"230","2","[http://dbpedia.org/resource/Flagship, http://dbpedia.org/resource/Land-grant_university, http://dbpedia.org/resource/National_Sea_Grant_College_Program, http://dbpedia.org/resource/National_Space_Grant_College_and_Fellowship_Program, http://dbpedia.org/resource/Public_university]"
"231","1","[http://dbpedia.org/resource/Lancaster,_Ohio, http://dbpedia.org/resource/Pickerington,_Ohio, http://dbpedia.org/resource/Athens,_Ohio, http://dbpedia.org/resource/Ohio_University_%E2%80%93_Zanesville, http://dbpedia.org/resource/St._Clairsville,_Ohio, http://dbpedia.org/resource/Ohio_University_Southern_Campus, http://dbpedia.org/resource/Ohio_University_%E2%80%93_Chillicothe]"
"231","2","http://dbpedia.org/resource/Public_university"
"110","1","http://dbpedia.org/resource/Boiling_Springs,_North_Carolina"
"110","2","http://dbpedia.org/resource/Private_university"
"353","1","http://dbpedia.org/resource/Lexington,_Kentucky"
"353","2","[http://dbpedia.org/resource/Flagship, http://dbpedia.org/resource/Land-grant_university]"
"111","1","[http://dbpedia.org/resource/Sterling,_Virginia, http://dbpedia.org/resource/Arlington_County,_Virginia, http://dbpedia.org/resource/Fairfax,_Virginia, http://dbpedia.org/resource/Manassas,_Virginia]"
"111","2","http://dbpedia.org/resource/Public_university"
"232","1","http://dbpedia.org/resource/Shawnee,_Oklahoma"
"232","2","http://dbpedia.org/resource/Private_university"
"112","1","http://dbpedia.org/resource/Washington,_D.C."
"112","2","[http://dbpedia.org/resource/Research, http://dbpedia.org/resource/Private_university]"
"354","1","http://dbpedia.org/resource/Lafayette,_Louisiana"
"354","2","http://dbpedia.org/resource/Public_university"
"233","1","http://dbpedia.org/resource/Oklahoma_City"
"355","1","http://dbpedia.org/resource/Monroe,_Louisiana"
"355","2","http://dbpedia.org/resource/Public_university"
"234","1","http://dbpedia.org/resource/Norfolk,_Virginia"
"234","2","[http://dbpedia.org/resource/National_Sea_Grant_College_Program, http://dbpedia.org/resource/National_Space_Grant_College_and_Fellowship_Program, http://dbpedia.org/resource/Public_university]"
"113","1","http://dbpedia.org/resource/Dahlonega,_Georgia"
"113","2","http://dbpedia.org/resource/Public_university"
"356","1","http://dbpedia.org/resource/Louisville,_Kentucky"
"356","2","http://dbpedia.org/resource/Public_university"
"235","1","http://dbpedia.org/resource/Bourbonnais,_Illinois"
"235","2","http://dbpedia.org/resource/Private_university"
"114","1","http://dbpedia.org/resource/Statesboro,_Georgia"
"114","2","http://dbpedia.org/resource/Public_university"
"115","1","http://dbpedia.org/resource/Atlanta"
"115","2","http://dbpedia.org/resource/Public_university"
"236","1","[http://dbpedia.org/resource/Portland,_Oregon, http://dbpedia.org/resource/Hillsboro,_Oregon]"
"236","2","http://dbpedia.org/resource/Public_university"
"357","1","http://dbpedia.org/resource/Orono,_Maine"
"357","2","[http://dbpedia.org/resource/Land-grant_university, http://dbpedia.org/resource/Public_university]"
"116","1","http://dbpedia.org/resource/Spokane,_Washington"
"116","2","[http://dbpedia.org/resource/Research, http://dbpedia.org/resource/Private_university]"
"358","1","http://dbpedia.org/resource/Bismarck,_North_Dakota"
"237","1","http://dbpedia.org/resource/Westerville,_Ohio"
"237","2","http://dbpedia.org/resource/Private_university"
"117","1","http://dbpedia.org/resource/University_Park,_Illinois"
"117","2","http://dbpedia.org/resource/Public_university"
"238","1","[http://dbpedia.org/resource/New_York_City, http://dbpedia.org/resource/Westchester_County,_New_York, http://dbpedia.org/resource/New_York]"
"238","2","[http://dbpedia.org/resource/Mixed-sex_education, http://dbpedia.org/resource/Private_university, http://dbpedia.org/resource/Nonsectarian]"
"359","1","http://dbpedia.org/resource/Baltimore"
"239","1","http://dbpedia.org/resource/Parkland,_Washington"
"239","2","http://dbpedia.org/resource/Private_university"
"118","1","http://dbpedia.org/resource/Grambling,_Louisiana"
"118","2","[http://dbpedia.org/resource/Historically_black_colleges_and_universities, http://dbpedia.org/resource/Public_university]"
"119","1","[http://dbpedia.org/resource/Grand_Rapids,_Michigan, http://dbpedia.org/resource/Allendale_Charter_Township,_Michigan]"
"119","2","http://dbpedia.org/resource/Public_university"
"10","1","http://dbpedia.org/resource/Jonesboro,_Arkansas"
"10","2","http://dbpedia.org/resource/Public_university"
"11","1","http://dbpedia.org/resource/Savannah,_Georgia"
"11","2","http://dbpedia.org/resource/Public_university"
"12","1","http://dbpedia.org/resource/Ashland,_Ohio"
"13","1","http://dbpedia.org/resource/Auburn,_Alabama"
"13","2","[http://dbpedia.org/resource/Higher_education, http://dbpedia.org/resource/Land-grant_university, http://dbpedia.org/resource/National_Sea_Grant_College_Program, http://dbpedia.org/resource/National_Space_Grant_College_and_Fellowship_Program, http://dbpedia.org/resource/Institute_of_Technology_(United_States)]"
"14","1","http://dbpedia.org/resource/Montgomery,_Alabama"
"14","2","http://dbpedia.org/resource/Higher_education"
"15","1","http://dbpedia.org/resource/Augusta,_Georgia"
"15","2","http://dbpedia.org/resource/State_school"
"16","1","http://dbpedia.org/resource/Sioux_Falls,_South_Dakota"
"16","2","http://dbpedia.org/resource/Private_school"
"17","1","http://dbpedia.org/resource/Aurora,_Illinois"
"18","1","http://dbpedia.org/resource/Clarksville,_Tennessee"
"18","2","http://dbpedia.org/resource/Public_university"
"19","1","http://dbpedia.org/resource/Azusa,_California"
"19","2","http://dbpedia.org/resource/Private_university"
"360","1","http://dbpedia.org/resource/Amherst,_Massachusetts"
"360","2","[http://dbpedia.org/resource/Flagship, http://dbpedia.org/resource/Land_grant, http://dbpedia.org/resource/Public_university]"
"361","1","http://dbpedia.org/resource/Boston"
"361","2","http://dbpedia.org/resource/Public_university"
"240","1","http://dbpedia.org/resource/Angwin,_California"
"240","2","http://dbpedia.org/resource/Private_university"
"120","1","http://dbpedia.org/resource/Gwynedd_Valley"
"362","1","http://dbpedia.org/resource/Dartmouth,_Massachusetts"
"362","2","http://dbpedia.org/resource/Public_university"
"241","1","http://dbpedia.org/resource/West_Palm_Beach,_Florida"
"363","1","http://dbpedia.org/resource/Lowell,_Massachusetts"
"363","2","http://dbpedia.org/resource/Public_university"
"121","1","http://dbpedia.org/resource/Hampton,_Virginia"
"121","2","[http://dbpedia.org/resource/Private_school, http://dbpedia.org/resource/Historically_black_colleges_and_universities]"
"242","1","http://dbpedia.org/resource/University_Park,_Pennsylvania"
"242","2","[http://dbpedia.org/resource/Commonwealth_System_of_Higher_Education, http://dbpedia.org/resource/Satellite_campus, http://dbpedia.org/resource/Flagship, http://dbpedia.org/resource/Land-grant_university, http://dbpedia.org/resource/National_Sea_Grant_College_Program, http://dbpedia.org/resource/National_Space_Grant_College_and_Fellowship_Program, http://dbpedia.org/resource/Public_university]"
"243","1","http://dbpedia.org/resource/Pittsburg,_Kansas"
"364","1","http://dbpedia.org/resource/Worcester,_Massachusetts"
"244","1","http://dbpedia.org/resource/San_Diego"
"244","2","http://dbpedia.org/resource/Private_university"
"123","1","http://dbpedia.org/resource/Abilene,_Texas"
"123","2","http://dbpedia.org/resource/Private_school"
"365","1","[http://dbpedia.org/resource/Camden,_New_Jersey, http://dbpedia.org/resource/Newark,_New_Jersey, http://dbpedia.org/resource/New_Brunswick,_New_Jersey, http://dbpedia.org/resource/Piscataway,_New_Jersey, http://dbpedia.org/resource/Scotch_Plains,_New_Jersey, http://dbpedia.org/resource/Stratford,_New_Jersey]"
"365","2","http://dbpedia.org/resource/Public_university"
"366","1","http://dbpedia.org/resource/Memphis,_Tennessee"
"366","2","http://dbpedia.org/resource/Public_university"
"124","1","[http://dbpedia.org/resource/Honolulu, http://dbpedia.org/resource/Kaneohe,_Hawaii]"
"124","2","http://dbpedia.org/resource/Private_university"
"245","1","http://dbpedia.org/resource/Prairie_View,_Texas"
"245","2","[http://dbpedia.org/resource/Historically_black_colleges_and_universities, http://dbpedia.org/resource/Public_university]"
"246","1","http://dbpedia.org/resource/Aberdeen,_South_Dakota"
"246","2","http://dbpedia.org/resource/Private_school"
"125","1","http://dbpedia.org/resource/Philadelphia"
"125","2","http://dbpedia.org/resource/Private_school"
"367","1","http://dbpedia.org/resource/Coral_Gables,_Florida"
"247","1","http://dbpedia.org/resource/West_Lafayette,_Indiana"
"247","2","[http://dbpedia.org/resource/Flagship, http://dbpedia.org/resource/Land-grant_university, http://dbpedia.org/resource/National_Sea_Grant_College_Program, http://dbpedia.org/resource/National_Space_Grant_College_and_Fellowship_Program, http://dbpedia.org/resource/Public_university]"
"126","1","http://dbpedia.org/resource/Holland,_Michigan"
"126","2","http://dbpedia.org/resource/Private_school"
"368","1","http://dbpedia.org/resource/Ann_Arbor,_Michigan"
"368","2","[http://dbpedia.org/resource/Flagship, http://dbpedia.org/resource/National_Sea_Grant_College_Program, http://dbpedia.org/resource/National_Space_Grant_College_and_Fellowship_Program, http://dbpedia.org/resource/Public_university]"
"248","1","http://dbpedia.org/resource/Charlotte,_North_Carolina"
"248","2","[http://dbpedia.org/resource/Presbyterianism, http://dbpedia.org/resource/Private_school]"
"369","1","http://dbpedia.org/resource/Flint,_Michigan"
"369","2","http://dbpedia.org/resource/Public_university"
"127","1","[http://dbpedia.org/resource/Houston, http://dbpedia.org/resource/Greater_Sharpstown,_Houston, http://dbpedia.org/resource/Chinatown,_Houston]"
"127","2","http://dbpedia.org/resource/Private_school"
"249","1","http://dbpedia.org/resource/Quincy,_Illinois"
"249","2","http://dbpedia.org/resource/Private_school"
"128","1","http://dbpedia.org/resource/Washington,_D.C."
"128","2","[http://dbpedia.org/resource/Historically_black_colleges_and_universities, http://dbpedia.org/resource/Private_university]"
"129","1","http://dbpedia.org/resource/Arcata,_California"
"129","2","http://dbpedia.org/resource/Public_university"
"20","1","http://dbpedia.org/resource/Baldwin_City,_Kansas"
"21","1","http://dbpedia.org/resource/Muncie,_Indiana"
"21","2","http://dbpedia.org/resource/Public_university"
"22","1","http://dbpedia.org/resource/Miami_Shores,_Florida"
"22","2","http://dbpedia.org/resource/Private_university"
"23","1","http://dbpedia.org/resource/Wilson,_North_Carolina"
"24","1","http://dbpedia.org/resource/Waco,_Texas"
"24","2","http://dbpedia.org/resource/Private_school"
"25","1","http://dbpedia.org/resource/Louisville,_Kentucky"
"25","2","http://dbpedia.org/resource/Private_school"
"26","1","http://dbpedia.org/resource/Nashville,_Tennessee"
"26","2","http://dbpedia.org/resource/Private_school"
"27","1","http://dbpedia.org/resource/Arden_Hills,_Minnesota"
"27","2","http://dbpedia.org/resource/Private_university"
"28","1","http://dbpedia.org/resource/Vestal,_New_York"
"28","2","http://dbpedia.org/resource/Public_university"
"29","1","http://dbpedia.org/resource/La_Mirada,_California"
"29","2","http://dbpedia.org/resource/Private_school"
"370","1","[http://dbpedia.org/resource/Saint_Paul,_Minnesota, http://dbpedia.org/resource/Minneapolis]"
"370","2","[http://dbpedia.org/resource/Land-grant_university, http://dbpedia.org/resource/National_Sea_Grant_College_Program, http://dbpedia.org/resource/National_Space_Grant_College_and_Fellowship_Program, http://dbpedia.org/resource/Public_university]"
"250","1","[http://dbpedia.org/resource/North_Haven,_Connecticut, http://dbpedia.org/resource/Hamden,_Connecticut]"
"250","2","http://dbpedia.org/resource/Private_school"
"251","1","http://dbpedia.org/resource/Radford,_Virginia"
"251","2","http://dbpedia.org/resource/Public_university"
"372","1","http://dbpedia.org/resource/Columbia,_Missouri"
"372","2","http://dbpedia.org/resource/Flagship"
"130","1","http://dbpedia.org/resource/New_York"
"130","2","http://dbpedia.org/resource/State_school"
"131","1","[http://dbpedia.org/resource/Bangor,_Maine, http://dbpedia.org/resource/Presque_Isle,_Maine, http://dbpedia.org/resource/Westbrook,_Maine]"
"131","2","http://dbpedia.org/resource/Private_university"
"373","1","http://dbpedia.org/resource/Kansas_City,_Missouri"
"373","2","http://dbpedia.org/resource/Public_university"
"253","1","http://dbpedia.org/resource/Providence,_Rhode_Island"
"253","2","http://dbpedia.org/resource/Public_university"
"132","1","http://dbpedia.org/resource/Pocatello,_Idaho"
"132","2","http://dbpedia.org/resource/Public_university"
"374","1","http://dbpedia.org/resource/St._Louis_County,_Missouri"
"374","2","[http://dbpedia.org/resource/Land-grant_university, http://dbpedia.org/resource/Public_university]"
"375","1","http://dbpedia.org/resource/Prichard,_Alabama"
"375","2","http://dbpedia.org/resource/Private_university"
"254","1","http://dbpedia.org/resource/Nashua,_New_Hampshire"
"254","2","http://dbpedia.org/resource/Private_university"
"133","1","http://dbpedia.org/resource/Normal,_Illinois"
"133","2","http://dbpedia.org/resource/Public_university"
"134","1","http://dbpedia.org/resource/Terre_Haute,_Indiana"
"134","2","http://dbpedia.org/resource/Public_university"
"255","1","http://dbpedia.org/resource/Chili,_New_York"
"255","2","http://dbpedia.org/resource/Private_university"
"376","1","http://dbpedia.org/resource/Omaha,_Nebraska"
"377","1","http://dbpedia.org/resource/Paradise,_Nevada"
"377","2","http://dbpedia.org/resource/Public_university"
"135","1","[http://dbpedia.org/resource/Indianapolis, http://dbpedia.org/resource/Bloomington,_Indiana]"
"135","2","http://dbpedia.org/resource/Public_university"
"256","1","http://dbpedia.org/resource/Chicago"
"256","2","http://dbpedia.org/resource/Private_school"
"257","1","[http://dbpedia.org/resource/Camden,_New_Jersey, http://dbpedia.org/resource/Newark,_New_Jersey, http://dbpedia.org/resource/New_Brunswick,_New_Jersey]"
"257","2","[http://dbpedia.org/resource/University, http://dbpedia.org/resource/Flagship, http://dbpedia.org/resource/Public_university]"
"378","1","http://dbpedia.org/resource/Reno,_Nevada"
"378","2","http://dbpedia.org/resource/Public_university"
"136","1","http://dbpedia.org/resource/Fort_Wayne,_Indiana"
"136","2","http://dbpedia.org/resource/Public_university"
"379","1","[http://dbpedia.org/resource/Portland,_Maine, http://dbpedia.org/resource/Biddeford,_Maine]"
"379","2","[http://dbpedia.org/resource/501(c)_organization, http://dbpedia.org/resource/Private_university]"
"137","1","http://dbpedia.org/resource/Indianapolis"
"137","2","http://dbpedia.org/resource/Public_university"
"258","1","http://dbpedia.org/resource/Newark,_New_Jersey"
"258","2","http://dbpedia.org/resource/Public_university"
"138","1","http://dbpedia.org/resource/Richmond,_Indiana"
"138","2","http://dbpedia.org/resource/Public_university"
"259","1","http://dbpedia.org/resource/Fairfield,_Connecticut"
"259","2","http://dbpedia.org/resource/Private_school"
"139","1","http://dbpedia.org/resource/Kokomo,_Indiana"
"139","2","http://dbpedia.org/resource/Public_university"
"31","1","http://dbpedia.org/resource/Bloomsburg,_Pennsylvania"
"31","2","http://dbpedia.org/resource/Public_university"
"32","1","http://dbpedia.org/resource/Boise,_Idaho"
"32","2","http://dbpedia.org/resource/Public_university"
"33","1","http://dbpedia.org/resource/Chestnut_Hill,_Massachusetts"
"33","2","[http://dbpedia.org/resource/Research, http://dbpedia.org/resource/Private_university]"
"34","1","http://dbpedia.org/resource/Bowie,_Maryland"
"34","2","[http://dbpedia.org/resource/Historically_black_colleges_and_universities, http://dbpedia.org/resource/Public_university]"
"35","1","http://dbpedia.org/resource/Bowling_Green,_Ohio"
"35","2","http://dbpedia.org/resource/Public_university"
"36","1","http://dbpedia.org/resource/Peoria,_Illinois"
"36","2","http://dbpedia.org/resource/Private_school"
"37","1","http://dbpedia.org/resource/Gainesville,_Georgia"
"37","2","http://dbpedia.org/resource/Private_school"
"38","1","http://dbpedia.org/resource/Provo,_Utah"
"39","1","http://dbpedia.org/resource/Rexburg,_Idaho"
"380","1","http://dbpedia.org/resource/Durham,_New_Hampshire"
"380","2","[http://dbpedia.org/resource/Flagship, http://dbpedia.org/resource/Land-grant_university, http://dbpedia.org/resource/National_Sea_Grant_College_Program, http://dbpedia.org/resource/National_Space_Grant_College_and_Fellowship_Program, http://dbpedia.org/resource/Public_university]"
"381","1","http://dbpedia.org/resource/Albuquerque,_New_Mexico"
"381","2","[http://dbpedia.org/resource/Flagship, http://dbpedia.org/resource/Public_university]"
"140","1","http://dbpedia.org/resource/Gary,_Indiana"
"140","2","http://dbpedia.org/resource/Public_university"
"261","1","http://dbpedia.org/resource/University_Center,_Michigan"
"261","2","http://dbpedia.org/resource/Public_university"
"382","1","http://dbpedia.org/resource/Florence,_Alabama"
"383","1","http://dbpedia.org/resource/Chapel_Hill,_North_Carolina"
"383","2","[http://dbpedia.org/resource/Flagship, http://dbpedia.org/resource/Public_university]"
"262","1","http://dbpedia.org/resource/Davenport,_Iowa"
"262","2","[http://dbpedia.org/resource/Mixed-sex_education, http://dbpedia.org/resource/Private_university]"
"141","1","http://dbpedia.org/resource/Indiana,_Pennsylvania"
"141","2","http://dbpedia.org/resource/Public_university"
"142","1","http://dbpedia.org/resource/South_Bend,_Indiana"
"142","2","http://dbpedia.org/resource/Public_university"
"384","1","http://dbpedia.org/resource/Greensboro,_North_Carolina"
"384","2","http://dbpedia.org/resource/Public_university"
"263","1","http://dbpedia.org/resource/West_Hartford,_Connecticut"
"263","2","http://dbpedia.org/resource/Private_school"
"143","1","http://dbpedia.org/resource/New_Albany,_Indiana"
"143","2","http://dbpedia.org/resource/Public_university"
"264","1","http://dbpedia.org/resource/St._Louis"
"264","2","[http://dbpedia.org/resource/Research, http://dbpedia.org/resource/Private_university]"
"385","1","http://dbpedia.org/resource/Pembroke,_North_Carolina"
"385","2","http://dbpedia.org/resource/Public_university"
"386","1","http://dbpedia.org/resource/Wilmington,_North_Carolina"
"386","2","http://dbpedia.org/resource/State_university_system"
"144","1","http://dbpedia.org/resource/Marion,_Indiana"
"144","2","http://dbpedia.org/resource/Private_university"
"265","1","http://dbpedia.org/resource/Notre_Dame,_Indiana"
"265","2","[http://dbpedia.org/resource/Women's_colleges_in_the_United_States, http://dbpedia.org/resource/Private_university]"
"145","1","http://dbpedia.org/resource/Jacksonville,_Alabama"
"145","2","http://dbpedia.org/resource/Public_university"
"387","1","http://dbpedia.org/resource/Grand_Forks,_North_Dakota"
"387","2","[http://dbpedia.org/resource/Flagship, http://dbpedia.org/resource/National_Space_Grant_College_and_Fellowship_Program, http://dbpedia.org/resource/Public_university]"
"266","1","http://dbpedia.org/resource/Northfield,_Minnesota"
"266","2","http://dbpedia.org/resource/Private_school"
"388","1","http://dbpedia.org/resource/Jacksonville,_Florida"
"388","2","http://dbpedia.org/resource/Public_university"
"146","1","http://dbpedia.org/resource/Harrisonburg,_Virginia"
"146","2","http://dbpedia.org/resource/Public_university"
"389","1","http://dbpedia.org/resource/Greeley,_Colorado"
"389","2","http://dbpedia.org/resource/Public_university"
"268","1","http://dbpedia.org/resource/Chicago"
"268","2","http://dbpedia.org/resource/Private_university"
"147","1","http://dbpedia.org/resource/Baltimore"
"147","2","http://dbpedia.org/resource/Private_university"
"148","1","http://dbpedia.org/resource/Union_Township,_Union_County,_New_Jersey"
"148","2","http://dbpedia.org/resource/Public_university"
"269","1","http://dbpedia.org/resource/Salem,_Massachusetts"
"269","2","http://dbpedia.org/resource/Public_university"
"149","1","http://dbpedia.org/resource/Kennesaw,_Georgia"
"149","2","http://dbpedia.org/resource/Public_university"
"40","1","http://dbpedia.org/resource/Bakersfield,_California"
"41","1","http://dbpedia.org/resource/Chico,_California"
"41","2","http://dbpedia.org/resource/Public_university"
"42","1","http://dbpedia.org/resource/Carson,_California"
"42","2","http://dbpedia.org/resource/Public_university"
"43","1","http://dbpedia.org/resource/Fresno,_California"
"43","2","http://dbpedia.org/resource/Public_university"
"44","1","http://dbpedia.org/resource/Fullerton,_California"
"44","2","http://dbpedia.org/resource/Public_university"
"45","1","http://dbpedia.org/resource/Long_Beach,_California"
"45","2","http://dbpedia.org/resource/Public_university"
"46","1","http://dbpedia.org/resource/University_Hills,_Los_Angeles"
"46","2","http://dbpedia.org/resource/Public_university"
"47","2","[http://dbpedia.org/resource/National_Space_Grant_College_and_Fellowship_Program, http://dbpedia.org/resource/Public_university]"
"48","1","http://dbpedia.org/resource/San_Bernardino,_California"
"48","2","http://dbpedia.org/resource/Public_university"
"49","1","http://dbpedia.org/resource/Turlock,_California"
"390","1","http://dbpedia.org/resource/Oklahoma_City"
"270","1","http://dbpedia.org/resource/Salisbury,_Maryland"
"270","2","http://dbpedia.org/resource/University_System_of_Maryland"
"391","1","http://dbpedia.org/resource/Philadelphia"
"391","2","http://dbpedia.org/resource/Private_university"
"150","1","http://dbpedia.org/resource/Kent,_Ohio"
"150","2","http://dbpedia.org/resource/Public_university"
"392","1","http://dbpedia.org/resource/Pittsburgh"
"392","2","http://dbpedia.org/resource/Commonwealth_System_of_Higher_Education"
"271","1","http://dbpedia.org/resource/Newport,_Rhode_Island"
"271","2","http://dbpedia.org/resource/Private_university"
"393","1","http://dbpedia.org/resource/Portland,_Oregon"
"272","1","http://dbpedia.org/resource/Homewood,_Alabama"
"272","2","http://dbpedia.org/resource/Private_school"
"151","1","http://dbpedia.org/resource/Grayson,_Kentucky"
"273","1","http://dbpedia.org/resource/Oakland,_California"
"394","1","http://dbpedia.org/resource/Kingston,_Rhode_Island"
"394","2","[http://dbpedia.org/resource/Flagship, http://dbpedia.org/resource/National_Sea_Grant_College_Program, http://dbpedia.org/resource/Land_grant, http://dbpedia.org/resource/Public_university]"
"152","1","http://dbpedia.org/resource/Frankfort,_Kentucky"
"152","2","[http://dbpedia.org/resource/Historically_black_colleges_and_universities, http://dbpedia.org/resource/Public_university]"
"395","1","http://dbpedia.org/resource/Rochester,_New_York"
"395","2","[http://dbpedia.org/resource/Private_university, http://dbpedia.org/resource/Nonsectarian]"
"274","1","http://dbpedia.org/resource/San_Diego"
"274","2","[http://dbpedia.org/resource/University, http://dbpedia.org/resource/National_Space_Grant_College_and_Fellowship_Program]"
"153","1","http://dbpedia.org/resource/Keuka_Park,_New_York"
"153","2","[http://dbpedia.org/resource/Private_school, http://dbpedia.org/resource/Mixed-sex_education]"
"154","1","http://dbpedia.org/resource/Philadelphia"
"154","2","http://dbpedia.org/resource/Private_school"
"396","1","http://dbpedia.org/resource/Fort_Wayne,_Indiana"
"396","2","http://dbpedia.org/resource/Private_university"
"275","1","http://dbpedia.org/resource/San_Francisco"
"275","2","http://dbpedia.org/resource/Public_university"
"276","1","http://dbpedia.org/resource/San_Jose,_California"
"276","2","[http://dbpedia.org/resource/National_Space_Grant_College_and_Fellowship_Program, http://dbpedia.org/resource/Public_university]"
"155","1","http://dbpedia.org/resource/Beaumont,_Texas"
"155","2","[http://dbpedia.org/resource/State_school, http://dbpedia.org/resource/State_university_system, http://dbpedia.org/resource/National_Space_Grant_College_and_Fellowship_Program]"
"397","1","http://dbpedia.org/resource/San_Diego"
"397","2","http://dbpedia.org/resource/Private_university"
"156","1","http://dbpedia.org/resource/The_Bronx"
"398","1","http://dbpedia.org/resource/San_Francisco"
"398","2","[http://dbpedia.org/resource/Research, http://dbpedia.org/resource/Private_university]"
"277","1","http://dbpedia.org/resource/Seattle"
"278","1","http://dbpedia.org/resource/Seattle"
"278","2","[http://dbpedia.org/resource/Nonprofit_organization, http://dbpedia.org/resource/Private_university]"
"157","1","http://dbpedia.org/resource/Romeoville,_Illinois"
"399","1","http://dbpedia.org/resource/Scranton,_Pennsylvania"
"399","2","[http://dbpedia.org/resource/Research, http://dbpedia.org/resource/Private_university]"
"279","1","http://dbpedia.org/resource/South_Orange,_New_Jersey"
"279","2","[http://dbpedia.org/resource/National_Sea_Grant_College_Program, http://dbpedia.org/resource/Private_university]"
"158","1","http://dbpedia.org/resource/Lewiston,_Idaho"
"158","2","http://dbpedia.org/resource/Public_university"
"159","1","http://dbpedia.org/resource/Lynchburg,_Virginia"
"159","2","http://dbpedia.org/resource/Private_university"
"50","1","http://dbpedia.org/resource/Grand_Rapids,_Michigan"
"50","2","http://dbpedia.org/resource/Private_university"
"51","1","[http://dbpedia.org/resource/Columbus,_Ohio, http://dbpedia.org/resource/Bexley,_Ohio]"
"51","2","http://dbpedia.org/resource/Mixed-sex_education"
"52","1","http://dbpedia.org/resource/Milwaukee"
"52","2","http://dbpedia.org/resource/Private_university"
"53","1","http://dbpedia.org/resource/Pittsburgh"
"53","2","http://dbpedia.org/resource/Private_university"
"54","1","http://dbpedia.org/resource/Helena,_Montana"
"54","2","http://dbpedia.org/resource/Catholic_Church"
"55","1","http://dbpedia.org/resource/Cleveland"
"55","2","http://dbpedia.org/resource/Private_university"
"56","1","http://dbpedia.org/resource/Castleton,_Vermont"
"57","1","http://dbpedia.org/resource/Washington,_D.C."
"58","1","http://dbpedia.org/resource/Allentown,_Pennsylvania"
"58","2","http://dbpedia.org/resource/Liberal_arts_colleges_in_the_United_States"
"59","1","http://dbpedia.org/resource/Cedarville,_Ohio"
"59","2","http://dbpedia.org/resource/Private_university"
"280","1","http://dbpedia.org/resource/Winchester,_Virginia"
"280","2","http://dbpedia.org/resource/Private_university"
"160","1","http://dbpedia.org/resource/Loma_Linda,_California"
"160","2","http://dbpedia.org/resource/Private_university"
"281","1","http://dbpedia.org/resource/Boston"
"161","1","http://dbpedia.org/resource/Brookville,_New_York"
"161","2","http://dbpedia.org/resource/Private_university"
"282","1","http://dbpedia.org/resource/Slippery_Rock,_Pennsylvania"
"282","2","http://dbpedia.org/resource/Public_university"
"283","1","http://dbpedia.org/resource/Rohnert_Park,_California"
"283","2","http://dbpedia.org/resource/Public_university"
"162","1","http://dbpedia.org/resource/Pineville,_Louisiana"
"162","2","http://dbpedia.org/resource/Private_school"
"284","1","http://dbpedia.org/resource/Orangeburg,_South_Carolina"
"163","1","http://dbpedia.org/resource/New_Orleans"
"163","2","http://dbpedia.org/resource/State_school"
"164","1","http://dbpedia.org/resource/Sylvania,_Ohio"
"164","2","http://dbpedia.org/resource/Private_university"
"285","1","http://dbpedia.org/resource/Brookings,_South_Dakota"
"285","2","http://dbpedia.org/resource/Public_university"
"286","2","http://dbpedia.org/resource/Public_university"
"165","1","http://dbpedia.org/resource/Chicago"
"165","2","[http://dbpedia.org/resource/Research, http://dbpedia.org/resource/Nonprofit_organization, http://dbpedia.org/resource/Mixed-sex_education, http://dbpedia.org/resource/Private_university]"
"287","1","http://dbpedia.org/resource/Hammond,_Louisiana"
"287","2","http://dbpedia.org/resource/Public_university"
"166","1","http://dbpedia.org/resource/New_Orleans"
"166","2","[http://dbpedia.org/resource/Research, http://dbpedia.org/resource/Private_university]"
"167","1","http://dbpedia.org/resource/Lynchburg,_Virginia"
"288","1","http://dbpedia.org/resource/Collegedale,_Tennessee"
"288","2","http://dbpedia.org/resource/Private_school"
"289","1","http://dbpedia.org/resource/Magnolia,_Arkansas"
"289","2","http://dbpedia.org/resource/Public_university"
"168","1","http://dbpedia.org/resource/Jacksonville,_Illinois"
"168","2","http://dbpedia.org/resource/Private_school"
"169","1","http://dbpedia.org/resource/Livonia,_Michigan"
"169","2","http://dbpedia.org/resource/University"
"60","1","http://dbpedia.org/resource/New_Britain,_Connecticut"
"60","2","http://dbpedia.org/resource/Public_university"
"61","1","http://dbpedia.org/resource/Warrensburg,_Missouri"
"61","2","http://dbpedia.org/resource/State_university_system"
"62","1","http://dbpedia.org/resource/Clarion,_Pennsylvania"
"62","2","http://dbpedia.org/resource/Public_university"
"64","1","http://dbpedia.org/resource/Omaha,_Nebraska"
"65","1","http://dbpedia.org/resource/Clemson,_South_Carolina"
"65","2","[http://dbpedia.org/resource/Land-grant_university, http://dbpedia.org/resource/National_Sea_Grant_College_Program, http://dbpedia.org/resource/Public_university]"
"66","1","http://dbpedia.org/resource/Cleveland"
"66","2","http://dbpedia.org/resource/Public_university"
"67","1","http://dbpedia.org/resource/Delhi_Township,_Hamilton_County,_Ohio"
"67","2","http://dbpedia.org/resource/Private_university"
"68","1","http://dbpedia.org/resource/Ewing_Township,_New_Jersey"
"68","2","http://dbpedia.org/resource/Public_university"
"69","1","http://dbpedia.org/resource/New_Rochelle,_New_York"
"69","2","http://dbpedia.org/resource/Private_school"
"290","1","http://dbpedia.org/resource/New_Haven,_Connecticut"
"290","2","http://dbpedia.org/resource/Public_university"
"170","1","http://dbpedia.org/resource/Canton,_Ohio"
"170","2","http://dbpedia.org/resource/Private_(rank)"
"291","1","http://dbpedia.org/resource/Edwardsville,_Illinois"
"291","2","http://dbpedia.org/resource/Public_university"
"292","1","http://dbpedia.org/resource/Baton_Rouge,_Louisiana"
"292","2","http://dbpedia.org/resource/Public_university"
"171","1","http://dbpedia.org/resource/Mansfield,_Pennsylvania"
"171","2","http://dbpedia.org/resource/Public_university"
"293","1","http://dbpedia.org/resource/Springfield,_Missouri"
"293","2","http://dbpedia.org/resource/State_university_system"
"172","1","http://dbpedia.org/resource/Milwaukee"
"172","2","[http://dbpedia.org/resource/Research, http://dbpedia.org/resource/Private_university]"
"294","1","http://dbpedia.org/resource/Keene,_Texas"
"294","2","http://dbpedia.org/resource/Parochial_school"
"173","1","http://dbpedia.org/resource/Huntington,_West_Virginia"
"173","2","http://dbpedia.org/resource/Public_university"
"295","1","http://dbpedia.org/resource/Weatherford,_Oklahoma"
"295","2","http://dbpedia.org/resource/State_university_system"
"174","1","http://dbpedia.org/resource/Arlington_County,_Virginia"
"175","1","http://dbpedia.org/resource/Town_and_Country,_Missouri"
"175","2","http://dbpedia.org/resource/Private_school"
"296","1","http://dbpedia.org/resource/Louisville,_Kentucky"
"296","2","http://dbpedia.org/resource/Private_university"
"176","1","http://dbpedia.org/resource/Scranton,_Pennsylvania"
"176","2","http://dbpedia.org/resource/Private_school"
"297","1","http://dbpedia.org/resource/St._Cloud,_Minnesota"
"297","2","http://dbpedia.org/resource/State_school"
"177","1","http://dbpedia.org/resource/Lake_Charles,_Louisiana"
"177","2","http://dbpedia.org/resource/Public_university"
"298","1","http://dbpedia.org/resource/Rochester,_New_York"
"298","2","http://dbpedia.org/resource/Private_school"
"299","1","http://dbpedia.org/resource/Carrollton,_Georgia"
"299","2","http://dbpedia.org/resource/Public_university"
"178","1","http://dbpedia.org/resource/Augusta,_Georgia"
"178","2","[http://dbpedia.org/resource/Research_institute, http://dbpedia.org/resource/Public_university]"
"179","1","http://dbpedia.org/resource/Toledo,_Ohio"
"179","2","http://dbpedia.org/resource/Public_university"
"70","1","[http://dbpedia.org/resource/Collegeville_Township,_Stearns_County,_Minnesota, http://dbpedia.org/resource/St._Joseph,_Minnesota]"
"71","1","[http://dbpedia.org/resource/Saint_Paul,_Minnesota, http://dbpedia.org/resource/Minneapolis]"
"71","2","[http://dbpedia.org/resource/Women's_colleges_in_the_United_States, http://dbpedia.org/resource/Private_university]"
"72","1","http://dbpedia.org/resource/Duluth,_Minnesota"
"72","2","http://dbpedia.org/resource/Private_school"
"73","1","http://dbpedia.org/resource/Staten_Island"
"73","2","http://dbpedia.org/resource/Public_university"
"74","1","http://dbpedia.org/resource/Pueblo,_Colorado"
"74","2","http://dbpedia.org/resource/Public_university"
"75","1","[http://dbpedia.org/resource/New_York_City, http://dbpedia.org/resource/Upper_Manhattan]"
"75","2","http://dbpedia.org/resource/Private_university"
"76","1","http://dbpedia.org/resource/Moorhead,_Minnesota"
"77","1","http://dbpedia.org/resource/Mequon,_Wisconsin"
"78","1","http://dbpedia.org/resource/Baltimore"
"78","2","[http://dbpedia.org/resource/Historically_black_colleges_and_universities, http://dbpedia.org/resource/Public_university]"
"79","1","http://dbpedia.org/resource/Omaha,_Nebraska"
"79","2","[http://dbpedia.org/resource/Research, http://dbpedia.org/resource/Private_university]"
"180","1","http://dbpedia.org/resource/Charleston,_South_Carolina"
"180","2","http://dbpedia.org/resource/Public_university"
"181","1","http://dbpedia.org/resource/Macon,_Georgia"
"181","2","http://dbpedia.org/resource/Private_school"
"182","1","http://dbpedia.org/resource/Dobbs_Ferry,_New_York"
"182","2","http://dbpedia.org/resource/Private_university"
"183","1","http://dbpedia.org/resource/Grantham,_Pennsylvania"
"183","2","http://dbpedia.org/resource/Private_university"
"184","1","http://dbpedia.org/resource/Denver"
"184","2","http://dbpedia.org/resource/Public_university"
"185","1","[http://dbpedia.org/resource/Saint_Paul,_Minnesota, http://dbpedia.org/resource/Minneapolis, http://dbpedia.org/resource/Brooklyn_Park,_Minnesota]"
"185","2","http://dbpedia.org/resource/Public_university"
"186","1","http://dbpedia.org/resource/Boston"
"186","2","[http://dbpedia.org/resource/Graduate_school, http://dbpedia.org/resource/Private_university]"
"187","1","http://dbpedia.org/resource/East_Lansing,_Michigan"
"187","2","[http://dbpedia.org/resource/Flagship, http://dbpedia.org/resource/Land-grant_university, http://dbpedia.org/resource/National_Sea_Grant_College_Program, http://dbpedia.org/resource/Public_university]"
"188","1","http://dbpedia.org/resource/Murfreesboro,_Tennessee"
"188","2","http://dbpedia.org/resource/Public_university"
"189","1","http://dbpedia.org/resource/Wichita_Falls,_Texas"
"189","2","http://dbpedia.org/resource/Public_university"
"80","1","http://dbpedia.org/resource/Dover,_Delaware"
"80","2","[http://dbpedia.org/resource/Historically_black_colleges_and_universities, http://dbpedia.org/resource/Land-grant_university, http://dbpedia.org/resource/Public_university]"
"81","1","http://dbpedia.org/resource/Cleveland,_Mississippi"
"81","2","[http://dbpedia.org/resource/Mixed-sex_education, http://dbpedia.org/resource/Public_university]"
"82","1","http://dbpedia.org/resource/Chicago"
"82","2","http://dbpedia.org/resource/Private_school"
"83","1","http://dbpedia.org/resource/San_Rafael,_California"
"84","1","http://dbpedia.org/resource/Philadelphia"
"84","2","http://dbpedia.org/resource/Private_school"
"85","1","http://dbpedia.org/resource/Durham,_North_Carolina"
"85","2","http://dbpedia.org/resource/Private_university"
"86","1","http://dbpedia.org/resource/Pittsburgh"
"86","2","http://dbpedia.org/resource/Private_university"
"87","1","http://dbpedia.org/resource/Buffalo,_New_York"
"87","2","http://dbpedia.org/resource/Private_university"
"88","1","http://dbpedia.org/resource/Greenville,_North_Carolina"
"88","2","[http://dbpedia.org/resource/National_Sea_Grant_College_Program, http://dbpedia.org/resource/Public_university]"
"89","1","http://dbpedia.org/resource/Johnson_City,_Tennessee"
"89","2","http://dbpedia.org/resource/Public_university"
"190","1","http://dbpedia.org/resource/Millersville,_Pennsylvania"
"190","2","[http://dbpedia.org/resource/Master's_degree, http://dbpedia.org/resource/Public_university]"
"191","1","http://dbpedia.org/resource/Mankato,_Minnesota"
"192","1","http://dbpedia.org/resource/Moorhead,_Minnesota"
"193","1","http://dbpedia.org/resource/Minot,_North_Dakota"
"193","2","http://dbpedia.org/resource/State_school"
"194","1","http://dbpedia.org/resource/Clinton,_Mississippi"
"194","2","http://dbpedia.org/resource/Private_school"
"195","1","http://dbpedia.org/resource/Columbus,_Mississippi"
"195","2","http://dbpedia.org/resource/Public_university"
"196","1","http://dbpedia.org/resource/Rockville_Centre,_New_York"
"197","1","http://dbpedia.org/resource/West_Long_Branch,_New_Jersey"
"197","2","http://dbpedia.org/resource/Private_university"
"198","1","http://dbpedia.org/resource/Bozeman,_Montana"
"198","2","[http://dbpedia.org/resource/Land-grant_university, http://dbpedia.org/resource/Mixed-sex_education, http://dbpedia.org/resource/Public_university]"
"199","1","http://dbpedia.org/resource/Morehead,_Kentucky"
"199","2","http://dbpedia.org/resource/Public_university"
"90","1","http://dbpedia.org/resource/Richmond,_Kentucky"
"90","2","http://dbpedia.org/resource/Public_university"
"91","1","http://dbpedia.org/resource/Harrisonburg,_Virginia"
"92","1","http://dbpedia.org/resource/Ypsilanti,_Michigan"
"92","2","http://dbpedia.org/resource/Public_university"
"93","1","http://dbpedia.org/resource/Cheney,_Washington"
"93","2","http://dbpedia.org/resource/State_university_system"
"94","1","http://dbpedia.org/resource/Madison,_Wisconsin"
"94","2","http://dbpedia.org/resource/Private_school"
"95","1","http://dbpedia.org/resource/Edinboro,_Pennsylvania"
"95","2","http://dbpedia.org/resource/Public_university"
"96","1","http://dbpedia.org/resource/Chicopee,_Massachusetts"
"96","2","http://dbpedia.org/resource/Private_university"
"97","1","http://dbpedia.org/resource/Druid_Hills,_Georgia"
"97","2","http://dbpedia.org/resource/Private_university"
"98","1","http://dbpedia.org/resource/Albany,_New_York"
"98","2","[http://dbpedia.org/resource/Private_school, http://dbpedia.org/resource/Nonprofit_organization]"
"99","1","http://dbpedia.org/resource/Fairfield,_Connecticut"
"99","2","[http://dbpedia.org/resource/Research, http://dbpedia.org/resource/Nonprofit_organization, http://dbpedia.org/resource/Private_university]"
