"88","2","[http://dbpedia.org/resource/Louisiana, http://dbpedia.org/resource/New_Orleans]"
"89","2","http://dbpedia.org/resource/New_York_metropolitan_area"
"110","2","[http://dbpedia.org/resource/Richmond,_Virginia, http://dbpedia.org/resource/Virginia]"
"111","2","http://dbpedia.org/resource/Washington_metropolitan_area"
"112","2","[http://dbpedia.org/resource/California, http://dbpedia.org/resource/Sacramento,_California]"
"116","2","http://dbpedia.org/resource/San_Diego_County,_California"
"117","2","http://dbpedia.org/resource/San_Francisco"
"91","2","http://dbpedia.org/resource/Norfolk,_Virginia"
"118","2","http://dbpedia.org/resource/San_Jose,_California"
"119","2","http://dbpedia.org/resource/Santa_Barbara,_California"
"92","2","[http://dbpedia.org/resource/Springdale,_Arkansas, http://dbpedia.org/resource/Fayetteville,_Arkansas]"
"93","2","http://dbpedia.org/resource/East_Bay_(San_Francisco_Bay_Area)"
"94","2","[http://dbpedia.org/resource/Ontario,_California, http://dbpedia.org/resource/Inland_Empire]"
"95","2","[http://dbpedia.org/resource/Orlando,_Florida, http://dbpedia.org/resource/Florida, http://dbpedia.org/resource/United_States]"
"96","2","[http://dbpedia.org/resource/Orlando,_Florida, http://dbpedia.org/resource/Florida]"
"97","2","http://dbpedia.org/resource/West_Palm_Beach,_Florida"
"98","2","[http://dbpedia.org/resource/Coachella_Valley, http://dbpedia.org/resource/Inland_Empire]"
"10","2","http://dbpedia.org/resource/Baltimore%E2%80%93Washington_metropolitan_area"
"11","2","http://dbpedia.org/resource/Baton_Rouge,_Louisiana"
"99","2","http://dbpedia.org/resource/Pensacola,_Florida"
"12","2","http://dbpedia.org/resource/Billings,_Montana"
"13","2","http://dbpedia.org/resource/Birmingham,_Alabama"
"14","2","http://dbpedia.org/resource/Flint,_Michigan"
"15","2","[http://dbpedia.org/resource/Kentucky, http://dbpedia.org/resource/Lexington,_Kentucky]"
"16","2","[http://dbpedia.org/resource/Idaho, http://dbpedia.org/resource/Boise,_Idaho]"
"17","2","http://dbpedia.org/resource/Boston"
"18","2","[http://dbpedia.org/resource/Hartford,_Connecticut, http://dbpedia.org/resource/Springfield,_Massachusetts]"
"19","2","http://dbpedia.org/resource/Erie_County,_New_York"
"120","2","[http://dbpedia.org/resource/Florida, http://dbpedia.org/resource/Bradenton,_Florida, http://dbpedia.org/resource/Sarasota,_Florida]"
"1","2","[http://dbpedia.org/resource/Akron,_Ohio, http://dbpedia.org/resource/Canton,_Ohio, http://dbpedia.org/resource/Massillon,_Ohio]"
"122","2","[http://dbpedia.org/resource/Tacoma,_Washington, http://dbpedia.org/resource/Seattle, http://dbpedia.org/resource/Washington_(state), http://dbpedia.org/resource/United_States]"
"123","2","http://dbpedia.org/resource/South_Bend,_Indiana"
"2","2","http://dbpedia.org/resource/Albany,_New_York"
"3","2","http://dbpedia.org/resource/Albuquerque,_New_Mexico"
"124","2","[http://dbpedia.org/resource/Florida, http://dbpedia.org/resource/Fort_Myers,_Florida]"
"4","2","http://dbpedia.org/resource/Amarillo,_Texas"
"5","2","http://dbpedia.org/resource/Anchorage,_Alaska"
"126","2","[http://dbpedia.org/resource/St._Petersburg,_Florida, http://dbpedia.org/resource/Clearwater,_Florida]"
"127","2","http://dbpedia.org/resource/Syracuse,_New_York"
"6","2","[http://dbpedia.org/resource/Atlanta, http://dbpedia.org/resource/Georgia_(U.S._state)]"
"7","2","http://dbpedia.org/resource/Atlantic_City,_New_Jersey"
"128","2","http://dbpedia.org/resource/Providence,_Rhode_Island"
"8","2","http://dbpedia.org/resource/Green_Bay,_Wisconsin"
"129","2","http://dbpedia.org/resource/Tallahassee,_Florida"
"9","2","http://dbpedia.org/resource/Greater_Austin"
"21","2","http://dbpedia.org/resource/Burlington,_Vermont"
"23","2","[http://dbpedia.org/resource/Cedar_Rapids,_Iowa, http://dbpedia.org/resource/Iowa_City,_Iowa]"
"25","2","http://dbpedia.org/resource/Charlotte_metropolitan_area"
"26","2","[http://dbpedia.org/resource/Chicago, http://dbpedia.org/resource/Illinois, http://dbpedia.org/resource/United_States]"
"27","2","[http://dbpedia.org/resource/Chicago, http://dbpedia.org/resource/Illinois, http://dbpedia.org/resource/United_States]"
"29","2","http://dbpedia.org/resource/Cleveland"
"130","2","http://dbpedia.org/resource/Tampa,_Florida"
"131","2","http://dbpedia.org/resource/Tucson,_Arizona"
"133","2","http://dbpedia.org/resource/Harlingen,_Texas"
"134","2","http://dbpedia.org/resource/Washington_metropolitan_area"
"135","2","[http://dbpedia.org/resource/Westchester_County,_New_York, http://dbpedia.org/resource/Fairfield_County,_Connecticut]"
"137","2","[http://dbpedia.org/resource/Oklahoma, http://dbpedia.org/resource/Oklahoma_City]"
"30","2","http://dbpedia.org/resource/Colorado_Springs,_Colorado"
"31","2","http://dbpedia.org/resource/Columbia,_South_Carolina"
"32","2","http://dbpedia.org/resource/Corpus_Christi,_Texas"
"36","2","http://dbpedia.org/resource/Madison,_Wisconsin"
"38","2","[http://dbpedia.org/resource/Denver, http://dbpedia.org/resource/Northern_Colorado, http://dbpedia.org/resource/Front_Range_Urban_Corridor]"
"39","2","http://dbpedia.org/resource/Des_Moines,_Iowa"
"40","2","http://dbpedia.org/resource/Detroit"
"41","2","[http://dbpedia.org/resource/Texas, http://dbpedia.org/resource/El_Paso,_Texas, http://dbpedia.org/resource/Las_Cruces,_New_Mexico]"
"43","2","http://dbpedia.org/resource/Fairbanks,_Alaska"
"44","2","http://dbpedia.org/resource/Miami_metropolitan_area"
"46","2","http://dbpedia.org/resource/Fresno,_California"
"47","2","[http://dbpedia.org/resource/Illinois, http://dbpedia.org/resource/Milwaukee, http://dbpedia.org/resource/Wisconsin]"
"48","2","http://dbpedia.org/resource/Grand_Rapids,_Michigan"
"49","2","http://dbpedia.org/resource/Grand_Canyon"
"50","2","http://dbpedia.org/resource/Rochester,_New_York"
"51","2","http://dbpedia.org/resource/Upstate_South_Carolina"
"52","2","http://dbpedia.org/resource/Guam"
"53","2","http://dbpedia.org/resource/Gulfport%E2%80%93Biloxi_metropolitan_area"
"54","2","http://dbpedia.org/resource/Harrisburg,_Pennsylvania"
"57","2","[http://dbpedia.org/resource/Honolulu, http://dbpedia.org/resource/Oahu]"
"58","2","http://dbpedia.org/resource/Huntsville,_Alabama"
"59","2","http://dbpedia.org/resource/Indianapolis"
"60","2","http://dbpedia.org/resource/Jackson,_Mississippi"
"61","2","http://dbpedia.org/resource/Jacksonville_metropolitan_area"
"62","2","http://dbpedia.org/resource/New_York_City"
"63","2","http://dbpedia.org/resource/Orange_County,_California"
"64","2","http://dbpedia.org/resource/Juneau,_Alaska"
"65","2","http://dbpedia.org/resource/Kahului,_Hawaii"
"66","2","[http://dbpedia.org/resource/Kansas, http://dbpedia.org/resource/Kansas_City,_Missouri, http://dbpedia.org/resource/Missouri, http://dbpedia.org/resource/Kansas_City,_Kansas, http://dbpedia.org/resource/United_States]"
"67","2","http://dbpedia.org/resource/Kailua,_Hawaii_County,_Hawaii"
"68","2","http://dbpedia.org/resource/New_York_City"
"69","2","[http://dbpedia.org/resource/Missouri, http://dbpedia.org/resource/Greater_St._Louis]"
"70","2","http://dbpedia.org/resource/Lehigh_Valley"
"71","2","[http://dbpedia.org/resource/Hawaii, http://dbpedia.org/resource/Lihue,_Hawaii]"
"74","2","http://dbpedia.org/resource/Greater_Los_Angeles_Area"
"75","2","http://dbpedia.org/resource/Louisville,_Kentucky"
"76","2","http://dbpedia.org/resource/Lubbock,_Texas"
"77","2","http://dbpedia.org/resource/San_Juan,_Puerto_Rico"
"78","2","[http://dbpedia.org/resource/Long_Island, http://dbpedia.org/resource/New_York_metropolitan_area]"
"79","2","[http://dbpedia.org/resource/Manchester, http://dbpedia.org/resource/United_Kingdom]"
"100","2","http://dbpedia.org/resource/Delaware_Valley"
"101","2","http://dbpedia.org/resource/Phoenix_metropolitan_area"
"102","2","[http://dbpedia.org/resource/North_Carolina, http://dbpedia.org/resource/High_Point,_North_Carolina, http://dbpedia.org/resource/Greensboro,_North_Carolina]"
"103","2","http://dbpedia.org/resource/Pittsburgh"
"105","2","http://dbpedia.org/resource/Portland_metropolitan_area"
"106","2","http://dbpedia.org/resource/Portland,_Maine"
"80","2","http://dbpedia.org/resource/Las_Vegas"
"108","2","http://dbpedia.org/resource/Research_Triangle"
"81","2","http://dbpedia.org/resource/Knoxville,_Tennessee"
"109","2","http://dbpedia.org/resource/Reno,_Nevada"
"82","2","http://dbpedia.org/resource/Memphis,_Tennessee"
"83","2","http://dbpedia.org/resource/Miami_metropolitan_area"
"85","2","[http://dbpedia.org/resource/Saint_Paul,_Minnesota, http://dbpedia.org/resource/Minneapolis]"
"87","2","http://dbpedia.org/resource/Nashville,_Tennessee"
