"88","3","http://dbpedia.org/resource/Jean-Luc_Godard"
"89","3","http://dbpedia.org/resource/William_Friedkin"
"90","3","http://dbpedia.org/resource/Alfred_Hitchcock"
"91","3","http://dbpedia.org/resource/Tom_Tykwer"
"92","3","http://dbpedia.org/resource/Jean_Renoir"
"93","3","http://dbpedia.org/resource/Stanley_Kubrick"
"94","3","http://dbpedia.org/resource/William_Wyler"
"95","3","http://dbpedia.org/resource/Richard_Kelly_(director)"
"96","3","http://dbpedia.org/resource/Tim_Burton"
"97","3","http://dbpedia.org/resource/Ingmar_Bergman"
"10","3","http://dbpedia.org/resource/William_Wyler"
"98","3","[http://dbpedia.org/resource/Kirk_Wise, http://dbpedia.org/resource/Gary_Trousdale]"
"99","3","http://dbpedia.org/resource/Carl_Theodor_Dreyer"
"11","3","http://dbpedia.org/resource/Fritz_Lang"
"12","3","http://dbpedia.org/resource/Terry_Gilliam"
"13","3","http://dbpedia.org/resource/Danny_Boyle"
"14","3","http://dbpedia.org/resource/Stanley_Kubrick"
"15","3","http://dbpedia.org/resource/Darren_Aronofsky"
"16","3","http://dbpedia.org/resource/Billy_Wilder"
"17","3","http://dbpedia.org/resource/Sidney_Lumet"
"18","3","http://dbpedia.org/resource/Barry_Levinson"
"19","3","http://dbpedia.org/resource/Rob_Reiner"
"1","3","http://dbpedia.org/resource/John_Huston"
"2","3","http://dbpedia.org/resource/Harold_Ramis"
"3","3","http://dbpedia.org/resource/Ingmar_Bergman"
"4","3","http://dbpedia.org/resource/Akira_Kurosawa"
"5","3","http://dbpedia.org/resource/Leo_McCarey"
"6","3","http://dbpedia.org/resource/Charlie_Chaplin"
"7","3","http://dbpedia.org/resource/Spike_Lee"
"8","3","http://dbpedia.org/resource/Ang_Lee"
"9","3","http://dbpedia.org/resource/Woody_Allen"
"20","3","http://dbpedia.org/resource/Kevin_Costner"
"21","3","http://dbpedia.org/resource/Akira_Kurosawa"
"22","3","http://dbpedia.org/resource/Frank_Capra"
"23","3","http://dbpedia.org/resource/David_Lynch"
"24","3","http://dbpedia.org/resource/Vittorio_De_Sica"
"25","3","http://dbpedia.org/resource/Fred_Zinnemann"
"26","3","http://dbpedia.org/resource/Fritz_Lang"
"27","3","http://dbpedia.org/resource/John_Sturges"
"28","3","http://dbpedia.org/resource/Steven_Spielberg"
"29","3","http://dbpedia.org/resource/Tony_Kaye_(director)"
"30","3","http://dbpedia.org/resource/George_Roy_Hill"
"31","3","http://dbpedia.org/resource/Charlie_Chaplin"
"32","3","http://dbpedia.org/resource/Spike_Jonze"
"33","3","http://dbpedia.org/resource/Gus_Van_Sant"
"34","3","[http://dbpedia.org/resource/Jerome_Robbins, http://dbpedia.org/resource/Robert_Wise]"
"35","3","http://dbpedia.org/resource/Sidney_Lumet"
"36","3","http://dbpedia.org/resource/Luc_Besson"
"37","3","[http://dbpedia.org/resource/Merian_C._Cooper, http://dbpedia.org/resource/Ernest_B._Schoedsack]"
"38","3","http://dbpedia.org/resource/Kevin_Smith"
"39","3","http://dbpedia.org/resource/Elia_Kazan"
"40","3","http://dbpedia.org/resource/Fran%C3%A7ois_Truffaut"
"41","3","http://dbpedia.org/resource/Jean-Pierre_Jeunet"
"42","3","http://dbpedia.org/resource/Roberto_Benigni"
"43","3","http://dbpedia.org/resource/Nicholas_Ray"
"44","3","http://dbpedia.org/resource/Tim_Burton"
"45","3","http://dbpedia.org/resource/Howard_Hawks"
"46","3","http://dbpedia.org/resource/Peter_Weir"
"47","3","http://dbpedia.org/resource/Mel_Brooks"
"48","3","http://dbpedia.org/resource/Stuart_Rosenberg"
"49","3","http://dbpedia.org/resource/David_Lynch"
"50","3","http://dbpedia.org/resource/Brian_De_Palma"
"51","3","http://dbpedia.org/resource/Franklin_J._Schaffner"
"52","3","http://dbpedia.org/resource/John_Hughes_(filmmaker)"
"53","3","http://dbpedia.org/resource/Frank_Capra"
"54","3","http://dbpedia.org/resource/Francis_Ford_Coppola"
"55","3","http://dbpedia.org/resource/George_Cukor"
"56","3","http://dbpedia.org/resource/Edward_Zwick"
"57","3","http://dbpedia.org/resource/Wolfgang_Petersen"
"58","3","http://dbpedia.org/resource/John_Huston"
"59","3","http://dbpedia.org/resource/Sergio_Leone"
"60","3","http://dbpedia.org/resource/John_Ford"
"61","3","http://dbpedia.org/resource/Tim_Burton"
"62","3","http://dbpedia.org/resource/Coen_brothers"
"63","3","[http://dbpedia.org/resource/David_Zucker_(filmmaker), http://dbpedia.org/resource/Jerry_Zucker_(film_director), http://dbpedia.org/resource/Jim_Abrahams]"
"64","3","http://dbpedia.org/resource/Charles_Laughton"
"65","3","http://dbpedia.org/resource/Rob_Reiner"
"66","3","http://dbpedia.org/resource/Cameron_Crowe"
"67","3","http://dbpedia.org/resource/Alfred_Hitchcock"
"68","3","http://dbpedia.org/resource/Alfred_Hitchcock"
"69","3","http://dbpedia.org/resource/Robert_Wise"
"70","3","http://dbpedia.org/resource/Paul_Thomas_Anderson"
"71","3","http://dbpedia.org/resource/Alfred_Hitchcock"
"72","3","http://dbpedia.org/resource/Martin_Scorsese"
"73","3","http://dbpedia.org/resource/Howard_Hawks"
"74","3","http://dbpedia.org/resource/Frank_Darabont"
"75","3","[http://dbpedia.org/resource/Buster_Keaton, http://dbpedia.org/resource/Clyde_Bruckman]"
"76","3","http://dbpedia.org/resource/Martin_Scorsese"
"77","3","http://dbpedia.org/resource/Baz_Luhrmann"
"78","3","http://dbpedia.org/resource/Terry_Jones"
"79","3","http://dbpedia.org/resource/John_Carpenter"
"100","3","http://dbpedia.org/resource/Federico_Fellini"
"80","3","http://dbpedia.org/resource/Ivan_Reitman"
"81","3","http://dbpedia.org/resource/Quentin_Tarantino"
"82","3","http://dbpedia.org/resource/Andrew_Davis_(director)"
"83","3","[http://dbpedia.org/resource/Fernando_Meirelles, http://dbpedia.org/resource/K%C3%A1tia_Lund]"
"84","3","http://dbpedia.org/resource/Franklin_J._Schaffner"
"86","3","http://dbpedia.org/resource/Phil_Alden_Robinson"
"87","3","http://dbpedia.org/resource/Sergei_Eisenstein"
