"89","0","[http://dbpedia.org/resource/Monroe_Township,_Carroll_County,_Ohio, http://dbpedia.org/resource/Orange_Township,_Carroll_County,_Ohio, http://dbpedia.org/resource/Perry_Township,_Carroll_County,_Ohio]"
"190","0","http://dbpedia.org/resource/Harris_County,_Texas"
"191","0","[http://dbpedia.org/resource/Texas, http://dbpedia.org/resource/Burleson_County,_Texas, http://dbpedia.org/resource/Lee_County,_Texas, http://dbpedia.org/resource/Washington_County,_Texas, http://dbpedia.org/resource/Brenham,_Texas]"
"192","0","[http://dbpedia.org/resource/Texas, http://dbpedia.org/resource/Bell_County,_Texas, http://dbpedia.org/resource/Belton,_Texas]"
"193","0","[http://dbpedia.org/resource/Jackson_County,_Texas, http://dbpedia.org/resource/Edna,_Texas]"
"195","0","[http://dbpedia.org/resource/Texas, http://dbpedia.org/resource/Tom_Green_County,_Texas, http://dbpedia.org/resource/San_Angelo,_Texas]"
"197","0","[http://dbpedia.org/resource/Texas, http://dbpedia.org/resource/Waco,_Texas]"
"112","0","http://dbpedia.org/resource/Oklahoma_City"
"115","0","[http://dbpedia.org/resource/Oklahoma, http://dbpedia.org/resource/Kay_County,_Oklahoma, http://dbpedia.org/resource/Osage_County,_Oklahoma]"
"116","0","[http://dbpedia.org/resource/Oklahoma, http://dbpedia.org/resource/Haskell_County,_Oklahoma, http://dbpedia.org/resource/Le_Flore_County,_Oklahoma, http://dbpedia.org/resource/Muskogee_County,_Oklahoma, http://dbpedia.org/resource/Sequoyah_County,_Oklahoma]"
"117","0","[http://dbpedia.org/resource/Oklahoma, http://dbpedia.org/resource/Creek_County,_Oklahoma, http://dbpedia.org/resource/Osage_County,_Oklahoma, http://dbpedia.org/resource/Pawnee_County,_Oklahoma, http://dbpedia.org/resource/Tulsa_County,_Oklahoma]"
"118","0","[http://dbpedia.org/resource/Oklahoma, http://dbpedia.org/resource/Seminole_County,_Oklahoma]"
"119","0","[http://dbpedia.org/resource/Oklahoma, http://dbpedia.org/resource/Atoka_County,_Oklahoma]"
"98","0","[http://dbpedia.org/resource/Oklahoma, http://dbpedia.org/resource/Greer_County,_Oklahoma, http://dbpedia.org/resource/Kiowa_County,_Oklahoma]"
"10","0","[http://dbpedia.org/resource/Arkansas, http://dbpedia.org/resource/Benton_County,_Arkansas, http://dbpedia.org/resource/Carroll_County,_Arkansas, http://dbpedia.org/resource/Ozarks]"
"99","0","[http://dbpedia.org/resource/Oklahoma, http://dbpedia.org/resource/Murray_County,_Oklahoma]"
"12","0","[http://dbpedia.org/resource/Arkansas, http://dbpedia.org/resource/Clark_County,_Arkansas, http://dbpedia.org/resource/Hot_Spring_County,_Arkansas]"
"14","0","[http://dbpedia.org/resource/Arkansas, http://dbpedia.org/resource/Cleburne_County,_Arkansas, http://dbpedia.org/resource/Van_Buren_County,_Arkansas]"
"15","0","http://dbpedia.org/resource/Pike_County,_Arkansas"
"17","0","http://dbpedia.org/resource/Los_Angeles_County,_California"
"18","0","[http://dbpedia.org/resource/California, http://dbpedia.org/resource/Hemet,_California, http://dbpedia.org/resource/Riverside_County,_California]"
"19","0","http://dbpedia.org/resource/San_Diego_County,_California"
"120","0","[http://dbpedia.org/resource/Oklahoma, http://dbpedia.org/resource/Nowata_County,_Oklahoma, http://dbpedia.org/resource/Rogers_County,_Oklahoma]"
"121","0","[http://dbpedia.org/resource/Oklahoma, http://dbpedia.org/resource/Oklahoma_City]"
"1","0","[http://dbpedia.org/resource/Alabama, http://dbpedia.org/resource/Calhoun_County,_Alabama, http://dbpedia.org/resource/Etowah_County,_Alabama, http://dbpedia.org/resource/St._Clair_County,_Alabama]"
"2","0","[http://dbpedia.org/resource/Alabama, http://dbpedia.org/resource/Calhoun_County,_Alabama, http://dbpedia.org/resource/Talladega_County,_Alabama, http://dbpedia.org/resource/St._Clair_County,_Alabama]"
"124","0","[http://dbpedia.org/resource/Oklahoma, http://dbpedia.org/resource/Latimer_County,_Oklahoma, http://dbpedia.org/resource/Pushmataha_County,_Oklahoma]"
"3","0","[http://dbpedia.org/resource/Alabama, http://dbpedia.org/resource/Georgia_(U.S._state), http://dbpedia.org/resource/Cherokee_County,_Alabama, http://dbpedia.org/resource/Floyd_County,_Georgia, http://dbpedia.org/resource/United_States]"
"125","0","http://dbpedia.org/resource/Osage_County,_Oklahoma"
"4","0","[http://dbpedia.org/resource/Alberta, http://dbpedia.org/resource/Red_Deer_County]"
"6","0","[http://dbpedia.org/resource/Maricopa_County,_Arizona, http://dbpedia.org/resource/Arizona]"
"127","0","http://dbpedia.org/resource/Mayes_County,_Oklahoma"
"128","0","[http://dbpedia.org/resource/Oklahoma, http://dbpedia.org/resource/Oklahoma_City]"
"7","0","[http://dbpedia.org/resource/Coconino_County,_Arizona, http://dbpedia.org/resource/Arizona]"
"129","0","[http://dbpedia.org/resource/Oklahoma, http://dbpedia.org/resource/Cherokee_County,_Oklahoma, http://dbpedia.org/resource/Sequoyah_County,_Oklahoma]"
"20","0","http://dbpedia.org/resource/Kern_County,_California"
"21","0","http://dbpedia.org/resource/San_Luis_Obispo_County,_California"
"23","0","http://dbpedia.org/resource/Riverside_County,_California"
"24","0","[http://dbpedia.org/resource/Los_Padres_National_Forest, http://dbpedia.org/resource/Los_Angeles_County,_California, http://dbpedia.org/resource/Angeles_National_Forest]"
"25","0","http://dbpedia.org/resource/San_Diego_County,_California"
"26","0","http://dbpedia.org/resource/San_Luis_Obispo_County,_California"
"27","0","http://dbpedia.org/resource/Gunnison_County,_Colorado"
"28","0","[http://dbpedia.org/resource/Colorado, http://dbpedia.org/resource/Summit_County,_Colorado]"
"29","0","http://dbpedia.org/resource/Montezuma_County,_Colorado"
"130","0","http://dbpedia.org/resource/Norman,_Oklahoma"
"131","0","http://dbpedia.org/resource/Kiowa_County,_Oklahoma"
"133","0","[http://dbpedia.org/resource/Oklahoma, http://dbpedia.org/resource/Pottawatomie_County,_Oklahoma, http://dbpedia.org/resource/McLoud,_Oklahoma]"
"135","0","[http://dbpedia.org/resource/Deschutes_County,_Oregon, http://dbpedia.org/resource/La_Pine,_Oregon, http://dbpedia.org/resource/Oregon]"
"137","0","[http://dbpedia.org/resource/South_Carolina, http://dbpedia.org/resource/Oconee_County,_South_Carolina, http://dbpedia.org/resource/Pickens_County,_South_Carolina]"
"138","0","[http://dbpedia.org/resource/North_Carolina, http://dbpedia.org/resource/Gaston_County,_North_Carolina, http://dbpedia.org/resource/Mecklenburg_County,_North_Carolina, http://dbpedia.org/resource/York_County,_South_Carolina]"
"139","0","[http://dbpedia.org/resource/South_Dakota, http://dbpedia.org/resource/Big_Stone_County,_Minnesota, http://dbpedia.org/resource/Grant_County,_South_Dakota, http://dbpedia.org/resource/Roberts_County,_South_Dakota]"
"33","0","[http://dbpedia.org/resource/Connecticut, http://dbpedia.org/resource/Fairfield_County,_Connecticut, http://dbpedia.org/resource/Litchfield_County,_Connecticut]"
"34","0","http://dbpedia.org/resource/Highlands_County,_Florida"
"36","0","[http://dbpedia.org/resource/Seminole_County,_Florida, http://dbpedia.org/resource/Volusia_County,_Florida, http://dbpedia.org/resource/Florida]"
"37","0","[http://dbpedia.org/resource/Georgia_(U.S._state), http://dbpedia.org/resource/Union_County,_Georgia]"
"38","0","http://dbpedia.org/resource/Georgia_(U.S._state)"
"39","0","[http://dbpedia.org/resource/Georgia_(U.S._state), http://dbpedia.org/resource/Putnam_County,_Georgia, http://dbpedia.org/resource/Baldwin_County,_Georgia, http://dbpedia.org/resource/Hancock_County,_Georgia]"
"140","0","[http://dbpedia.org/resource/Tennessee, http://dbpedia.org/resource/Blount_County,_Tennessee, http://dbpedia.org/resource/Knox_County,_Tennessee, http://dbpedia.org/resource/Loudon_County,_Tennessee]"
"141","0","[http://dbpedia.org/resource/Davidson_County,_Tennessee, http://dbpedia.org/resource/Rutherford_County,_Tennessee, http://dbpedia.org/resource/Wilson_County,_Tennessee]"
"143","0","http://dbpedia.org/resource/Johnson_County,_Texas"
"144","0","[http://dbpedia.org/resource/Texas, http://dbpedia.org/resource/Coahuila, http://dbpedia.org/resource/Val_Verde_County,_Texas, http://dbpedia.org/resource/Acu%C3%B1a_Municipality]"
"145","0","http://dbpedia.org/resource/San_Bernardino_County,_California"
"146","0","http://dbpedia.org/resource/Bastrop_County,_Texas"
"148","0","[http://dbpedia.org/resource/Texas, http://dbpedia.org/resource/Bell_County,_Texas, http://dbpedia.org/resource/Coryell_County,_Texas, http://dbpedia.org/resource/Belton,_Texas]"
"149","0","http://dbpedia.org/resource/McCulloch_County,_Texas"
"40","0","http://dbpedia.org/resource/Georgia_(U.S._state)"
"41","0","http://dbpedia.org/resource/Bibb_County,_Georgia"
"42","0","http://dbpedia.org/resource/DeWitt_County,_Illinois"
"43","0","[http://dbpedia.org/resource/Kansas, http://dbpedia.org/resource/Labette_County,_Kansas]"
"46","0","[http://dbpedia.org/resource/Kansas, http://dbpedia.org/resource/Marshall_County,_Kansas, http://dbpedia.org/resource/Pottawatomie_County,_Kansas, http://dbpedia.org/resource/Riley_County,_Kansas]"
"47","0","[http://dbpedia.org/resource/Kentucky, http://dbpedia.org/resource/Laurel_County,_Kentucky, http://dbpedia.org/resource/Whitley_County,_Kentucky]"
"48","0","http://dbpedia.org/resource/Spencer_County,_Kentucky"
"151","0","[http://dbpedia.org/resource/North_Texas, http://dbpedia.org/resource/Jack_County,_Texas, http://dbpedia.org/resource/Wise_County,_Texas]"
"152","0","[http://dbpedia.org/resource/Harrison_County,_West_Virginia, http://dbpedia.org/resource/West_Milford,_West_Virginia, http://dbpedia.org/resource/United_States]"
"153","0","http://dbpedia.org/resource/Laredo,_Texas"
"154","0","[http://dbpedia.org/resource/Texas, http://dbpedia.org/resource/Henderson_County,_Texas, http://dbpedia.org/resource/Kaufman_County,_Texas]"
"155","0","[http://dbpedia.org/resource/Tennessee, http://dbpedia.org/resource/Grainger_County,_Tennessee, http://dbpedia.org/resource/Hamblen_County,_Tennessee, http://dbpedia.org/resource/Hawkins_County,_Tennessee, http://dbpedia.org/resource/Jefferson_County,_Tennessee]"
"158","0","[http://dbpedia.org/resource/Texas, http://dbpedia.org/resource/Delta_County,_Texas, http://dbpedia.org/resource/Hopkins_County,_Texas]"
"159","0","[http://dbpedia.org/resource/Texas, http://dbpedia.org/resource/Jim_Wells_County,_Texas, http://dbpedia.org/resource/Live_Oak_County,_Texas, http://dbpedia.org/resource/San_Patricio_County,_Texas]"
"51","0","[http://dbpedia.org/resource/Union_Parish,_Louisiana, http://dbpedia.org/resource/Farmerville,_Louisiana]"
"55","0","http://dbpedia.org/resource/Massachusetts"
"57","0","[http://dbpedia.org/resource/Minnesota, http://dbpedia.org/resource/Cass_County,_Minnesota, http://dbpedia.org/resource/Crow_Wing_County,_Minnesota]"
"59","0","[http://dbpedia.org/resource/DeSoto_County,_Mississippi, http://dbpedia.org/resource/Tate_County,_Mississippi, http://dbpedia.org/resource/Mississippi]"
"160","0","[http://dbpedia.org/resource/Texas, http://dbpedia.org/resource/Coke_County,_Texas, http://dbpedia.org/resource/Robert_Lee,_Texas]"
"161","0","[http://dbpedia.org/resource/North_Texas, http://dbpedia.org/resource/Tarrant_County,_Texas, http://dbpedia.org/resource/Wise_County,_Texas]"
"162","0","http://dbpedia.org/resource/Williamson_County,_Texas"
"163","0","http://dbpedia.org/resource/Grimes_County,_Texas"
"165","0","[http://dbpedia.org/resource/Texas, http://dbpedia.org/resource/Hood_County,_Texas]"
"201","0","[http://dbpedia.org/resource/Texas, http://dbpedia.org/resource/Bowie_County,_Texas, http://dbpedia.org/resource/Cass_County,_Texas]"
"168","0","[http://dbpedia.org/resource/Texas, http://dbpedia.org/resource/Wood_County,_Texas, http://dbpedia.org/resource/Mineola,_Texas]"
"202","0","http://dbpedia.org/resource/Wasatch_County,_Utah"
"203","0","[http://dbpedia.org/resource/Daggett_County,_Utah, http://dbpedia.org/resource/Sweetwater_County,_Wyoming]"
"204","0","[http://dbpedia.org/resource/Virginia, http://dbpedia.org/resource/Louisa_County,_Virginia, http://dbpedia.org/resource/Orange_County,_Virginia, http://dbpedia.org/resource/Spotsylvania_County,_Virginia]"
"205","0","[http://dbpedia.org/resource/Virginia, http://dbpedia.org/resource/Franklin_County,_Virginia, http://dbpedia.org/resource/Henry_County,_Virginia, http://dbpedia.org/resource/Patrick_County,_Virginia]"
"206","0","[http://dbpedia.org/resource/West_Virginia, http://dbpedia.org/resource/Cabell_County,_West_Virginia, http://dbpedia.org/resource/Wayne_County,_West_Virginia]"
"207","0","http://dbpedia.org/resource/Wayne_County,_West_Virginia"
"208","0","[http://dbpedia.org/resource/West_Virginia, http://dbpedia.org/resource/Mingo_County,_West_Virginia, http://dbpedia.org/resource/Wyoming_County,_West_Virginia]"
"60","0","[http://dbpedia.org/resource/Lafayette_County,_Mississippi, http://dbpedia.org/resource/Panola_County,_Mississippi, http://dbpedia.org/resource/Yalobusha_County,_Mississippi, http://dbpedia.org/resource/Mississippi]"
"209","0","[http://dbpedia.org/resource/Wisconsin, http://dbpedia.org/resource/Dane_County,_Wisconsin, http://dbpedia.org/resource/United_States]"
"62","0","[http://dbpedia.org/resource/Missouri, http://dbpedia.org/resource/Benton_County,_Missouri, http://dbpedia.org/resource/Henry_County,_Missouri, http://dbpedia.org/resource/Hickory_County,_Missouri, http://dbpedia.org/resource/St._Clair_County,_Missouri]"
"63","0","[http://dbpedia.org/resource/Montana, http://dbpedia.org/resource/Liberty_County,_Montana, http://dbpedia.org/resource/Toole_County,_Montana]"
"64","0","[http://dbpedia.org/resource/Harlan_County,_Nebraska, http://dbpedia.org/resource/Phillips_County,_Kansas]"
"66","0","http://dbpedia.org/resource/Henderson,_Nevada"
"67","0","[http://dbpedia.org/resource/Warren_County,_New_Jersey, http://dbpedia.org/resource/Harmony_Township,_New_Jersey]"
"68","0","http://dbpedia.org/resource/Rio_Arriba_County,_New_Mexico"
"69","0","[http://dbpedia.org/resource/Onondaga_County,_New_York, http://dbpedia.org/resource/New_York]"
"170","0","[http://dbpedia.org/resource/Texas, http://dbpedia.org/resource/Archer_County,_Texas]"
"171","0","[http://dbpedia.org/resource/Texas, http://dbpedia.org/resource/Hopkins_County,_Texas, http://dbpedia.org/resource/Rains_County,_Texas, http://dbpedia.org/resource/Wood_County,_Texas]"
"172","0","[http://dbpedia.org/resource/Texas, http://dbpedia.org/resource/Leon_County,_Texas, http://dbpedia.org/resource/Limestone_County,_Texas, http://dbpedia.org/resource/Robertson_County,_Texas]"
"173","0","http://dbpedia.org/resource/Jackson_County,_Oregon"
"174","0","[http://dbpedia.org/resource/Texas_Hill_Country, http://dbpedia.org/resource/Burnet_County,_Texas, http://dbpedia.org/resource/Llano_County,_Texas]"
"176","0","http://dbpedia.org/resource/Guadalupe_County,_Texas"
"211","0","[http://dbpedia.org/resource/Grand_Teton_National_Park, http://dbpedia.org/resource/Wyoming, http://dbpedia.org/resource/Teton_County,_Wyoming]"
"70","0","[http://dbpedia.org/resource/North_Carolina, http://dbpedia.org/resource/Durham_County,_North_Carolina, http://dbpedia.org/resource/Granville_County,_North_Carolina, http://dbpedia.org/resource/Wake_County,_North_Carolina]"
"71","0","[http://dbpedia.org/resource/North_Carolina, http://dbpedia.org/resource/Burke_County,_North_Carolina, http://dbpedia.org/resource/McDowell_County,_North_Carolina]"
"72","0","[http://dbpedia.org/resource/North_Carolina, http://dbpedia.org/resource/Gaston_County,_North_Carolina, http://dbpedia.org/resource/Mecklenburg_County,_North_Carolina, http://dbpedia.org/resource/York_County,_South_Carolina]"
"74","0","http://dbpedia.org/resource/Delaware_County,_Ohio"
"75","0","[http://dbpedia.org/resource/Ohio, http://dbpedia.org/resource/Carroll_County,_Ohio, http://dbpedia.org/resource/Tuscarawas_County,_Ohio]"
"79","0","[http://dbpedia.org/resource/Ohio, http://dbpedia.org/resource/Ashland_County,_Ohio, http://dbpedia.org/resource/Richland_County,_Ohio]"
"180","0","[http://dbpedia.org/resource/Texas, http://dbpedia.org/resource/Tom_Green_County,_Texas, http://dbpedia.org/resource/San_Angelo,_Texas]"
"183","0","[http://dbpedia.org/resource/Texas, http://dbpedia.org/resource/Marion_County,_Texas, http://dbpedia.org/resource/Morris_County,_Texas, http://dbpedia.org/resource/Upshur_County,_Texas]"
"187","0","http://dbpedia.org/resource/Lamar_County,_Texas"
"100","0","http://dbpedia.org/resource/Oklahoma_County,_Oklahoma"
"188","0","[http://dbpedia.org/resource/New_Mexico, http://dbpedia.org/resource/Texas, http://dbpedia.org/resource/Eddy_County,_New_Mexico, http://dbpedia.org/resource/Loving_County,_Texas, http://dbpedia.org/resource/Reeves_County,_Texas, http://dbpedia.org/resource/United_States]"
"189","0","[http://dbpedia.org/resource/Texas, http://dbpedia.org/resource/Freestone_County,_Texas, http://dbpedia.org/resource/Navarro_County,_Texas]"
"101","0","http://dbpedia.org/resource/Atoka_County,_Oklahoma"
"102","0","http://dbpedia.org/resource/Osage_County,_Oklahoma"
"103","0","http://dbpedia.org/resource/McCurtain_County,_Oklahoma"
"104","0","[http://dbpedia.org/resource/Oklahoma, http://dbpedia.org/resource/Blaine_County,_Oklahoma, http://dbpedia.org/resource/Dewey_County,_Oklahoma]"
"108","0","[http://dbpedia.org/resource/Oklahoma, http://dbpedia.org/resource/Haskell_County,_Oklahoma, http://dbpedia.org/resource/McIntosh_County,_Oklahoma, http://dbpedia.org/resource/Pittsburg_County,_Oklahoma]"
"109","0","http://dbpedia.org/resource/Caddo_County,_Oklahoma"
"85","0","[http://dbpedia.org/resource/Ohio, http://dbpedia.org/resource/Logan_County,_Ohio, http://dbpedia.org/resource/United_States]"
"87","0","[http://dbpedia.org/resource/Auburn_Township,_Geauga_County,_Ohio, http://dbpedia.org/resource/Troy_Township,_Geauga_County,_Ohio]"
