"110","2","http://dbpedia.org/resource/United_States"
"111","2","http://dbpedia.org/resource/United_States"
"116","2","http://dbpedia.org/resource/United_States"
"90","2","http://dbpedia.org/resource/United_States"
"117","2","http://dbpedia.org/resource/United_States"
"92","2","http://dbpedia.org/resource/United_States"
"93","2","http://dbpedia.org/resource/United_States"
"94","2","http://dbpedia.org/resource/United_States"
"95","2","http://dbpedia.org/resource/United_States"
"96","2","http://dbpedia.org/resource/United_States"
"98","2","http://dbpedia.org/resource/United_States"
"121","2","http://dbpedia.org/resource/United_States"
"122","2","http://dbpedia.org/resource/United_States"
"123","2","http://dbpedia.org/resource/United_States"
"2","2","http://dbpedia.org/resource/Saudi_Arabia"
"124","2","http://dbpedia.org/resource/United_States"
"125","2","http://dbpedia.org/resource/United_States"
"5","2","http://dbpedia.org/resource/Saudi_Arabia"
"6","2","http://dbpedia.org/resource/Saudi_Arabia"
"127","2","http://dbpedia.org/resource/United_States"
"128","2","http://dbpedia.org/resource/United_States"
"21","2","http://dbpedia.org/resource/South_Korea"
"22","2","http://dbpedia.org/resource/South_Korea"
"23","2","http://dbpedia.org/resource/South_Korea"
"24","2","http://dbpedia.org/resource/South_Korea"
"25","2","http://dbpedia.org/resource/South_Korea"
"26","2","http://dbpedia.org/resource/South_Korea"
"27","2","http://dbpedia.org/resource/South_Korea"
"28","2","http://dbpedia.org/resource/South_Korea"
"29","2","http://dbpedia.org/resource/South_Korea"
"130","2","http://dbpedia.org/resource/United_States"
"131","2","http://dbpedia.org/resource/United_States"
"132","2","http://dbpedia.org/resource/United_Kingdom"
"134","2","http://dbpedia.org/resource/United_States"
"136","2","http://dbpedia.org/resource/United_States"
"30","2","http://dbpedia.org/resource/South_Korea"
"31","2","http://dbpedia.org/resource/South_Korea"
"32","2","http://dbpedia.org/resource/South_Korea"
"38","2","http://dbpedia.org/resource/Sri_Lanka"
"142","2","http://dbpedia.org/resource/Venezuela"
"152","2","http://dbpedia.org/resource/Serbia"
"153","2","http://dbpedia.org/resource/Zambia"
"154","2","http://dbpedia.org/resource/Zambia"
"155","2","http://dbpedia.org/resource/Zimbabwe"
"156","2","http://dbpedia.org/resource/Zimbabwe"
"54","2","http://dbpedia.org/resource/Tanzania"
"56","2","http://dbpedia.org/resource/Tunisia"
"67","2","http://dbpedia.org/resource/United_Kingdom"
"68","2","http://dbpedia.org/resource/United_Kingdom"
"71","2","http://dbpedia.org/resource/United_Kingdom"
"73","2","http://dbpedia.org/resource/United_Kingdom"
"79","2","http://dbpedia.org/resource/Ukraine"
"103","2","http://dbpedia.org/resource/United_States"
"105","2","http://dbpedia.org/resource/United_States"
"106","2","http://dbpedia.org/resource/United_States"
"81","2","http://dbpedia.org/resource/Uruguay"
"84","2","http://dbpedia.org/resource/United_States"
"85","2","http://dbpedia.org/resource/United_States"
"87","2","http://dbpedia.org/resource/United_States"
