"88","3","http://dbpedia.org/resource/Nepal"
"45","3","http://dbpedia.org/resource/Nepal"
"49","3","http://dbpedia.org/resource/Nepal"
"93","3","http://dbpedia.org/resource/Nepal"
"50","3","http://dbpedia.org/resource/Nepal"
"51","3","http://dbpedia.org/resource/Nepal"
"95","3","[http://dbpedia.org/resource/China, http://dbpedia.org/resource/Sagarmatha_Zone, http://dbpedia.org/resource/Tingri_County, http://dbpedia.org/resource/Tibet_Autonomous_Region, http://dbpedia.org/resource/Nepal, http://dbpedia.org/resource/Shigatse_Prefecture, http://dbpedia.org/resource/Solukhumbu_District]"
"52","3","http://dbpedia.org/resource/Nepal"
"53","3","http://dbpedia.org/resource/Nepal"
"98","3","[http://dbpedia.org/resource/Khumbu, http://dbpedia.org/resource/Nepal]"
"11","3","http://dbpedia.org/resource/Nepal"
"99","3","http://dbpedia.org/resource/Nepal"
"58","3","http://dbpedia.org/resource/Nepal"
"14","3","[http://dbpedia.org/resource/Khumbu, http://dbpedia.org/resource/Nepal]"
"15","3","[http://dbpedia.org/resource/China, http://dbpedia.org/resource/Nepal]"
"16","3","[http://dbpedia.org/resource/Khumbu, http://dbpedia.org/resource/Nepal]"
"1","3","[http://dbpedia.org/resource/Khumbu, http://dbpedia.org/resource/Nepal]"
"2","3","http://dbpedia.org/resource/Nepal"
"3","3","http://dbpedia.org/resource/Nepal"
"4","3","http://dbpedia.org/resource/Nepal"
"5","3","http://dbpedia.org/resource/Nepal"
"6","3","http://dbpedia.org/resource/Nepal"
"7","3","[http://dbpedia.org/resource/Borneo, http://dbpedia.org/resource/Sarawak]"
"9","3","[http://dbpedia.org/resource/Khumbu, http://dbpedia.org/resource/Nepal]"
"60","3","[http://dbpedia.org/resource/Nepal, http://dbpedia.org/resource/Langtang]"
"61","3","[http://dbpedia.org/resource/China, http://dbpedia.org/resource/Nepal]"
"62","3","[http://dbpedia.org/resource/China, http://dbpedia.org/resource/Nepal]"
"65","3","[http://dbpedia.org/resource/China, http://dbpedia.org/resource/Khumbu, http://dbpedia.org/resource/Tibet_Autonomous_Region, http://dbpedia.org/resource/Nepal]"
"21","3","http://dbpedia.org/resource/Nepal"
"22","3","http://dbpedia.org/resource/Nepal"
"66","3","[http://dbpedia.org/resource/China, http://dbpedia.org/resource/Khumbu, http://dbpedia.org/resource/Tibet_Autonomous_Region, http://dbpedia.org/resource/Nepal]"
"23","3","http://dbpedia.org/resource/Nepal"
"68","3","http://dbpedia.org/resource/Nepal"
"24","3","http://dbpedia.org/resource/Nepal"
"25","3","http://dbpedia.org/resource/Nepal"
"69","3","http://dbpedia.org/resource/Nepal"
"26","3","http://dbpedia.org/resource/Nepal"
"72","3","http://dbpedia.org/resource/Nepal"
"73","3","http://dbpedia.org/resource/Nepal"
"74","3","http://dbpedia.org/resource/Nepal"
"76","3","[http://dbpedia.org/resource/Khumbu, http://dbpedia.org/resource/Nepal]"
"77","3","http://dbpedia.org/resource/Nepal"
"34","3","http://dbpedia.org/resource/Nepal"
"35","3","http://dbpedia.org/resource/Nepal"
"39","3","[http://dbpedia.org/resource/Nepal, http://dbpedia.org/resource/Gandaki_Zone]"
"80","3","http://dbpedia.org/resource/Nepal"
"107","3","[http://dbpedia.org/resource/Nepal, http://dbpedia.org/resource/Langtang]"
"40","3","[http://dbpedia.org/resource/Nepal, http://dbpedia.org/resource/Gandaki_Zone]"
"41","3","[http://dbpedia.org/resource/Nepal, http://dbpedia.org/resource/Gandaki_Zone]"
