"22","1","[http://dbpedia.org/resource/Beta_decay, http://dbpedia.org/resource/Nuclear_chain_reaction, http://dbpedia.org/resource/Fermi%E2%80%93Dirac_statistics]"
"23","1","[http://dbpedia.org/resource/Nuclear_physics, http://dbpedia.org/resource/Proton, http://dbpedia.org/resource/Rutherford_scattering, http://dbpedia.org/resource/Rutherford_(unit), http://dbpedia.org/resource/Rutherford_model, http://dbpedia.org/resource/Rutherford_backscattering_spectrometry]"
"25","1","[http://dbpedia.org/resource/Molecular_biology, http://dbpedia.org/resource/Nucleic_acid_structure]"
"27","1","[http://dbpedia.org/resource/Brouwer_fixed-point_theorem, http://dbpedia.org/resource/Chaos_theory, http://dbpedia.org/resource/Poincar%C3%A9_conjecture, http://dbpedia.org/resource/Special_relativity, http://dbpedia.org/resource/Topology, http://dbpedia.org/resource/Poincar%C3%A9_duality, http://dbpedia.org/resource/Sphere-world, http://dbpedia.org/resource/Poincar%C3%A9_recurrence_theorem, http://dbpedia.org/resource/Poincar%C3%A9%E2%80%93Lindstedt_method, http://dbpedia.org/resource/Bifurcation_theory, http://dbpedia.org/resource/Poincar%C3%A9%E2%80%93Bendixson_theorem, http://dbpedia.org/resource/Poincar%C3%A9_inequality, http://dbpedia.org/resource/Betti_number, http://dbpedia.org/resource/Three-body_problem, http://dbpedia.org/resource/Hilbert%E2%80%93Poincar%C3%A9_series, http://dbpedia.org/resource/Poincar%C3%A9%E2%80%93Hopf_theorem, http://dbpedia.org/resource/Poincar%C3%A9_metric, http://dbpedia.org/resource/Rotation_number]"
"28","1","[http://dbpedia.org/resource/Bose%E2%80%93Einstein_condensate, http://dbpedia.org/resource/Brownian_motion, http://dbpedia.org/resource/EPR_paradox, http://dbpedia.org/resource/General_relativity, http://dbpedia.org/resource/Photoelectric_effect, http://dbpedia.org/resource/Special_relativity, http://dbpedia.org/resource/Einstein_field_equations, http://dbpedia.org/resource/Mass%E2%80%93energy_equivalence, http://dbpedia.org/resource/Classical_unified_field_theories, http://dbpedia.org/resource/Bose%E2%80%93Einstein_statistics, http://dbpedia.org/resource/Bose%E2%80%93Einstein_correlations]"
"29","1","[http://dbpedia.org/resource/Atomic_orbital, http://dbpedia.org/resource/Bohr_model, http://dbpedia.org/resource/Copenhagen_interpretation, http://dbpedia.org/resource/Hafnium, http://dbpedia.org/resource/Bohr_magneton, http://dbpedia.org/resource/Bohr_radius, http://dbpedia.org/resource/BKS_theory, http://dbpedia.org/resource/Bohr%E2%80%93Einstein_debates, http://dbpedia.org/resource/Old_quantum_theory, http://dbpedia.org/resource/Complementarity_(physics), http://dbpedia.org/resource/Bohr%E2%80%93van_Leeuwen_theorem]"
"10","1","[http://dbpedia.org/resource/Nash_embedding_theorem, http://dbpedia.org/resource/Nash_equilibrium]"
"11","1","http://dbpedia.org/resource/Josephson_effect"
"33","1","[http://dbpedia.org/resource/Non-topological_soliton, http://dbpedia.org/resource/Parity_(physics), http://dbpedia.org/resource/Lee_model, http://dbpedia.org/resource/Relativistic_heavy-ion_physics]"
"12","1","[http://dbpedia.org/resource/Electron_microscope, http://dbpedia.org/resource/Electron_Microscope_Society_of_America]"
"13","1","[http://dbpedia.org/resource/Optics, http://dbpedia.org/resource/Philosophi%C3%A6_Naturalis_Principia_Mathematica, http://dbpedia.org/resource/Classical_mechanics]"
"16","1","[http://dbpedia.org/resource/Bose%E2%80%93Einstein_condensate, http://dbpedia.org/resource/Bose%E2%80%93Einstein_statistics, http://dbpedia.org/resource/Bose_gas]"
"3","1","[http://dbpedia.org/resource/Kinematics, http://dbpedia.org/resource/Heliocentrism, http://dbpedia.org/resource/Telescope, http://dbpedia.org/resource/Analytical_dynamics]"
"4","1","[http://dbpedia.org/resource/Land_Camera, http://dbpedia.org/resource/Polaroid_(polarizer)]"
"6","1","http://dbpedia.org/resource/Radio"
"7","1","[http://dbpedia.org/resource/Astrobiology, http://dbpedia.org/resource/Bacterial_conjugation, http://dbpedia.org/resource/Dendral, http://dbpedia.org/resource/Transduction_(genetics), http://dbpedia.org/resource/Neurospora_crassa]"
"9","1","http://dbpedia.org/resource/List_of_things_named_after_Carl_Friedrich_Gauss"
"20","1","http://dbpedia.org/resource/Heme"
"21","1","[http://dbpedia.org/resource/Maxwell%E2%80%93Boltzmann_distribution, http://dbpedia.org/resource/Maxwell's_equations, http://dbpedia.org/resource/Maxwell's_theorem, http://dbpedia.org/resource/Displacement_current, http://dbpedia.org/resource/Maxwell_material, http://dbpedia.org/resource/Color_triangle, http://dbpedia.org/resource/Maxwell's_demon, http://dbpedia.org/resource/Generalized_Maxwell_model, http://dbpedia.org/resource/Maxwell_coil, http://dbpedia.org/resource/Maxwell's_Wheel]"
