"88","3","http://dbpedia.org/resource/David_Lean"
"89","3","http://dbpedia.org/resource/Mike_Figgis"
"90","3","http://dbpedia.org/resource/Richard_Donner"
"91","3","http://dbpedia.org/resource/Roberto_Benigni"
"92","3","http://dbpedia.org/resource/Terry_Jones"
"94","3","http://dbpedia.org/resource/Guy_Ritchie"
"95","3","http://dbpedia.org/resource/Stanley_Kubrick"
"96","3","http://dbpedia.org/resource/Peter_Jackson"
"97","3","http://dbpedia.org/resource/Peter_Jackson"
"10","3","http://dbpedia.org/resource/Edward_Zwick"
"98","3","http://dbpedia.org/resource/Peter_Jackson"
"11","3","http://dbpedia.org/resource/Francis_Ford_Coppola"
"99","3","http://dbpedia.org/resource/David_Lynch"
"12","3","http://dbpedia.org/resource/Francis_Ford_Coppola"
"13","3","http://dbpedia.org/resource/Francis_Ford_Coppola"
"14","3","http://dbpedia.org/resource/Charlie_Chaplin"
"15","3","http://dbpedia.org/resource/Guy_Hamilton"
"16","3","http://dbpedia.org/resource/Victor_Fleming"
"17","3","http://dbpedia.org/resource/Gus_Van_Sant"
"18","3","http://dbpedia.org/resource/Sergio_Leone"
"19","3","http://dbpedia.org/resource/Martin_Scorsese"
"1","3","http://dbpedia.org/resource/David_Fincher"
"2","3","http://dbpedia.org/resource/Richard_Attenborough"
"3","3","http://dbpedia.org/resource/Andrew_Niccol"
"4","3","[http://dbpedia.org/resource/Buster_Keaton, http://dbpedia.org/resource/Clyde_Bruckman]"
"5","3","http://dbpedia.org/resource/Jerry_Zucker_(film_director)"
"6","3","http://dbpedia.org/resource/Terry_Zwigoff"
"7","3","http://dbpedia.org/resource/Ivan_Reitman"
"8","3","http://dbpedia.org/resource/Ridley_Scott"
"9","3","http://dbpedia.org/resource/James_Foley"
"20","3","http://dbpedia.org/resource/Richard_Donner"
"21","3","http://dbpedia.org/resource/Mike_Nichols"
"22","3","http://dbpedia.org/resource/Jean_Renoir"
"23","3","http://dbpedia.org/resource/John_Ford"
"24","3","http://dbpedia.org/resource/Isao_Takahata"
"25","3","http://dbpedia.org/resource/Randal_Kleiser"
"26","3","http://dbpedia.org/resource/Charlie_Chaplin"
"27","3","http://dbpedia.org/resource/John_Sturges"
"28","3","http://dbpedia.org/resource/Erich_von_Stroheim"
"29","3","http://dbpedia.org/resource/Frank_Darabont"
"30","3","http://dbpedia.org/resource/George_Armitage"
"31","3","http://dbpedia.org/resource/Harold_Ramis"
"32","3","http://dbpedia.org/resource/John_Carpenter"
"33","3","http://dbpedia.org/resource/Woody_Allen"
"34","3","http://dbpedia.org/resource/Todd_Solondz"
"35","3","http://dbpedia.org/resource/Dennis_Dugan"
"36","3","http://dbpedia.org/resource/John_Woo"
"37","3","http://dbpedia.org/resource/Richard_Lester"
"38","3","http://dbpedia.org/resource/Hal_Ashby"
"39","3","http://dbpedia.org/resource/Henry_Koster"
"40","3","http://dbpedia.org/resource/Michael_Mann_(director)"
"41","3","http://dbpedia.org/resource/Michael_Lehmann"
"42","3","http://dbpedia.org/resource/Peter_Jackson"
"43","3","http://dbpedia.org/resource/Stephen_Frears"
"44","3","http://dbpedia.org/resource/Fred_Zinnemann"
"45","3","http://dbpedia.org/resource/Howard_Hawks"
"46","3","http://dbpedia.org/resource/Coen_brothers"
"47","3","http://dbpedia.org/resource/John_McTiernan"
"48","3","http://dbpedia.org/resource/Robert_Rossen"
"49","3","http://dbpedia.org/resource/Ang_Lee"
"50","3","http://dbpedia.org/resource/Akira_Kurosawa"
"51","3","http://dbpedia.org/resource/Norman_Jewison"
"52","3","http://dbpedia.org/resource/Wong_Kar-wai"
"53","3","http://dbpedia.org/resource/Roland_Emmerich"
"54","3","http://dbpedia.org/resource/Steven_Spielberg"
"55","3","http://dbpedia.org/resource/Steven_Spielberg"
"56","3","http://dbpedia.org/resource/Michael_Mann_(director)"
"57","3","http://dbpedia.org/resource/Neil_Jordan"
"58","3","http://dbpedia.org/resource/D._W._Griffith"
"59","3","http://dbpedia.org/resource/Don_Siegel"
"60","3","http://dbpedia.org/resource/Brad_Bird"
"61","3","http://dbpedia.org/resource/Frank_Capra"
"62","3","http://dbpedia.org/resource/Frank_Capra"
"63","3","http://dbpedia.org/resource/Quentin_Tarantino"
"64","3","http://dbpedia.org/resource/Steven_Spielberg"
"65","3","http://dbpedia.org/resource/Cameron_Crowe"
"66","3","http://dbpedia.org/resource/Oliver_Stone"
"67","3","http://dbpedia.org/resource/Fran%C3%A7ois_Truffaut"
"68","3","http://dbpedia.org/resource/Steven_Spielberg"
"69","3","http://dbpedia.org/resource/Quentin_Tarantino"
"70","3","http://dbpedia.org/resource/Quentin_Tarantino"
"71","3","http://dbpedia.org/resource/John_Woo"
"72","3","http://dbpedia.org/resource/Roland_Joff%C3%A9"
"73","3","http://dbpedia.org/resource/Stanley_Kubrick"
"74","3","http://dbpedia.org/resource/Robert_Hamer"
"75","3","[http://dbpedia.org/resource/Merian_C._Cooper, http://dbpedia.org/resource/Ernest_B._Schoedsack]"
"76","3","http://dbpedia.org/resource/Martin_Scorsese"
"77","3","http://dbpedia.org/resource/Robert_Benton"
"78","3","http://dbpedia.org/resource/Curtis_Hanson"
"79","3","http://dbpedia.org/resource/Preston_Sturges"
"100","3","http://dbpedia.org/resource/Sofia_Coppola"
"80","3","http://dbpedia.org/resource/Alfred_Hitchcock"
"81","3","http://dbpedia.org/resource/Bernardo_Bertolucci"
"82","3","http://dbpedia.org/resource/Michael_Mann_(director)"
"83","3","http://dbpedia.org/resource/Peter_Bogdanovich"
"84","3","http://dbpedia.org/resource/Bernardo_Bertolucci"
"85","3","http://dbpedia.org/resource/Martin_Scorsese"
"86","3","http://dbpedia.org/resource/Alain_Resnais"
"87","3","http://dbpedia.org/resource/Otto_Preminger"
