"11","6","http://dbpedia.org/resource/Rocksteady_Studios"
"11","7","http://dbpedia.org/resource/Rocksteady_Studios"
"11","8","[http://dbpedia.org/resource/Eidos_Interactive, http://dbpedia.org/resource/Warner_Bros._Interactive_Entertainment]"
"12","6","http://dbpedia.org/resource/Bethesda_Game_Studios"
"12","7","http://dbpedia.org/resource/Bethesda_Game_Studios"
"12","8","http://dbpedia.org/resource/Bethesda_Softworks"
"13","6","http://dbpedia.org/resource/Rockstar_North"
"13","7","http://dbpedia.org/resource/Rockstar_North"
"13","8","http://dbpedia.org/resource/Rockstar_Games"
"14","6","[http://dbpedia.org/resource/Turtle_Rock_Studios, http://dbpedia.org/resource/Valve_Corporation]"
"14","7","[http://dbpedia.org/resource/Turtle_Rock_Studios, http://dbpedia.org/resource/Valve_Corporation]"
"14","8","http://dbpedia.org/resource/Valve_Corporation"
"15","6","[http://dbpedia.org/resource/Feral_Interactive, http://dbpedia.org/resource/Gearbox_Software]"
"15","7","[http://dbpedia.org/resource/Feral_Interactive, http://dbpedia.org/resource/Gearbox_Software]"
"15","8","http://dbpedia.org/resource/Feral_Interactive"
"17","6","http://dbpedia.org/resource/Microsoft_Studios"
"17","7","http://dbpedia.org/resource/Microsoft_Studios"
"17","8","[http://dbpedia.org/resource/Microsoft, http://dbpedia.org/resource/Microsoft_Studios]"
"18","6","http://dbpedia.org/resource/Ubisoft_Montreal"
"18","7","http://dbpedia.org/resource/Ubisoft_Montreal"
"18","8","[http://dbpedia.org/resource/James_Cameron, http://dbpedia.org/resource/Fox_Interactive, http://dbpedia.org/resource/Ubisoft, http://dbpedia.org/resource/Gameloft]"
"19","6","http://dbpedia.org/resource/Cyanide_(company)"
"19","7","http://dbpedia.org/resource/Cyanide_(company)"
"19","8","http://dbpedia.org/resource/Focus_Home_Interactive"
"1","6","http://dbpedia.org/resource/Cryptic_Studios"
"1","7","http://dbpedia.org/resource/Cryptic_Studios"
"1","8","http://dbpedia.org/resource/Perfect_World_Entertainment"
"2","6","http://dbpedia.org/resource/Sports_Interactive"
"2","7","http://dbpedia.org/resource/Sports_Interactive"
"2","8","http://dbpedia.org/resource/Sega"
"3","6","http://dbpedia.org/resource/BioWare"
"3","7","http://dbpedia.org/resource/BioWare"
"3","8","http://dbpedia.org/resource/Electronic_Arts"
"4","6","http://dbpedia.org/resource/GSC_Game_World"
"4","7","http://dbpedia.org/resource/GSC_Game_World"
"5","6","http://dbpedia.org/resource/The_Sims_Studio"
"5","7","http://dbpedia.org/resource/The_Sims_Studio"
"5","8","http://dbpedia.org/resource/Electronic_Arts"
"6","6","[http://dbpedia.org/resource/Electronic_Arts, http://dbpedia.org/resource/The_Sims_Studio, http://dbpedia.org/resource/EA_Mobile]"
"6","7","[http://dbpedia.org/resource/Electronic_Arts, http://dbpedia.org/resource/The_Sims_Studio, http://dbpedia.org/resource/EA_Mobile]"
"6","8","http://dbpedia.org/resource/Electronic_Arts"
"7","6","http://dbpedia.org/resource/Infinity_Ward"
"7","7","http://dbpedia.org/resource/Infinity_Ward"
"7","8","http://dbpedia.org/resource/Activision"
"8","6","http://dbpedia.org/resource/Blizzard_Entertainment"
"8","7","http://dbpedia.org/resource/Blizzard_Entertainment"
"8","8","http://dbpedia.org/resource/Blizzard_Entertainment"
"9","6","[http://dbpedia.org/resource/Edge_of_Reality, http://dbpedia.org/resource/BioWare]"
"9","7","[http://dbpedia.org/resource/Edge_of_Reality, http://dbpedia.org/resource/BioWare]"
"9","8","http://dbpedia.org/resource/Electronic_Arts"
"20","6","http://dbpedia.org/resource/Relic_Entertainment"
"20","7","http://dbpedia.org/resource/Relic_Entertainment"
"20","8","http://dbpedia.org/resource/THQ"
"10","6","http://dbpedia.org/resource/Feral_Interactive"
"10","7","http://dbpedia.org/resource/Feral_Interactive"
"10","8","[http://dbpedia.org/resource/Sega, http://dbpedia.org/resource/Feral_Interactive]"
