"350","1","http://dbpedia.org/resource/TopWare_Interactive"
"230","1","http://dbpedia.org/resource/Electronic_Arts"
"351","1","http://dbpedia.org/resource/THQ"
"231","1","http://dbpedia.org/resource/Electronic_Arts"
"352","1","http://dbpedia.org/resource/THQ"
"232","1","http://dbpedia.org/resource/Electronic_Arts"
"353","1","http://dbpedia.org/resource/THQ"
"354","1","http://dbpedia.org/resource/Sega"
"112","1","[http://dbpedia.org/resource/THQ, http://dbpedia.org/resource/Syfy]"
"233","1","http://dbpedia.org/resource/EA_Sports"
"235","1","http://dbpedia.org/resource/Take-Two_Interactive"
"114","1","http://dbpedia.org/resource/THQ"
"356","1","[http://dbpedia.org/resource/Atari, http://dbpedia.org/resource/Dtp_entertainment]"
"357","1","http://dbpedia.org/resource/Sega"
"115","1","http://dbpedia.org/resource/Capcom"
"236","1","http://dbpedia.org/resource/Konami"
"358","1","http://dbpedia.org/resource/Sega"
"237","1","http://dbpedia.org/resource/From_Software"
"116","1","http://dbpedia.org/resource/Idea_Factory"
"359","1","http://dbpedia.org/resource/Microsoft_Studios"
"238","1","http://dbpedia.org/resource/Alchemist_(company)"
"117","1","[http://dbpedia.org/resource/Feral_Interactive, http://dbpedia.org/resource/Codemasters]"
"118","1","[http://dbpedia.org/resource/Feral_Interactive, http://dbpedia.org/resource/Sony_Computer_Entertainment, http://dbpedia.org/resource/Bandai_Namco_Holdings, http://dbpedia.org/resource/Codemasters]"
"239","1","http://dbpedia.org/resource/D3_Publisher"
"119","1","http://dbpedia.org/resource/Codemasters"
"10","1","http://dbpedia.org/resource/Activision"
"11","1","http://dbpedia.org/resource/Idea_Factory"
"14","1","http://dbpedia.org/resource/Electronic_Arts"
"15","1","http://dbpedia.org/resource/Electronic_Arts"
"16","1","[http://dbpedia.org/resource/Namco_Bandai_Partners, http://dbpedia.org/resource/Codemasters]"
"17","1","http://dbpedia.org/resource/Ubisoft"
"18","1","http://dbpedia.org/resource/Ubisoft"
"19","1","http://dbpedia.org/resource/Ubisoft"
"360","1","http://dbpedia.org/resource/Microsoft_Studios"
"240","1","http://dbpedia.org/resource/Ubisoft"
"361","1","http://dbpedia.org/resource/Microsoft_Studios"
"362","1","http://dbpedia.org/resource/Koei"
"120","1","http://dbpedia.org/resource/Disney_Interactive_Studios"
"241","1","[http://dbpedia.org/resource/Atlus, http://dbpedia.org/resource/Success_(company)]"
"242","1","http://dbpedia.org/resource/Codemasters"
"363","1","http://dbpedia.org/resource/Koei"
"121","1","http://dbpedia.org/resource/Disney_Interactive"
"243","1","http://dbpedia.org/resource/Konami"
"2","1","[http://dbpedia.org/resource/THQ, http://dbpedia.org/resource/Bethesda_Softworks]"
"123","1","http://dbpedia.org/resource/Electronic_Arts"
"244","1","http://dbpedia.org/resource/THQ"
"3","1","[http://dbpedia.org/resource/Maxis, http://dbpedia.org/resource/Ocean_Software]"
"124","1","http://dbpedia.org/resource/Electronic_Arts"
"245","1","http://dbpedia.org/resource/Codemasters"
"125","1","http://dbpedia.org/resource/D3_Publisher"
"367","1","http://dbpedia.org/resource/Warner_Bros._Interactive_Entertainment"
"246","1","http://dbpedia.org/resource/Microsoft_Studios"
"247","1","http://dbpedia.org/resource/Konami"
"126","1","[http://dbpedia.org/resource/2K_Games, http://dbpedia.org/resource/Aspyr]"
"127","1","http://dbpedia.org/resource/Koei"
"369","1","http://dbpedia.org/resource/Activision"
"248","1","http://dbpedia.org/resource/Sega"
"7","1","http://dbpedia.org/resource/Microsoft_Studios"
"249","1","http://dbpedia.org/resource/2K_Games"
"128","1","http://dbpedia.org/resource/Koei"
"129","1","http://dbpedia.org/resource/D3_Publisher"
"8","1","http://dbpedia.org/resource/Electronic_Arts"
"9","1","http://dbpedia.org/resource/Atari"
"20","1","http://dbpedia.org/resource/THQ"
"21","1","http://dbpedia.org/resource/505_Games"
"24","1","http://dbpedia.org/resource/THQ"
"26","1","http://dbpedia.org/resource/Microsoft_Studios"
"27","1","[http://dbpedia.org/resource/Eidos_Interactive, http://dbpedia.org/resource/Warner_Bros._Interactive_Entertainment]"
"29","1","http://dbpedia.org/resource/Electronic_Arts"
"370","1","http://dbpedia.org/resource/THQ"
"250","1","http://dbpedia.org/resource/Ubisoft"
"130","1","[http://dbpedia.org/resource/2K_Games, http://dbpedia.org/resource/Vir2L_Studios, http://dbpedia.org/resource/Bethesda_Softworks]"
"372","1","http://dbpedia.org/resource/THQ"
"251","1","http://dbpedia.org/resource/Ubisoft"
"373","1","http://dbpedia.org/resource/THQ"
"131","1","http://dbpedia.org/resource/Bandai_Namco_Games"
"252","1","http://dbpedia.org/resource/Deep_Silver"
"374","1","http://dbpedia.org/resource/THQ"
"132","1","http://dbpedia.org/resource/Bandai_Namco_Games"
"133","1","http://dbpedia.org/resource/Microsoft_Studios"
"375","1","http://dbpedia.org/resource/THQ"
"254","1","http://dbpedia.org/resource/Activision"
"376","1","[http://dbpedia.org/resource/THQ, http://dbpedia.org/resource/Sierra_Entertainment, http://dbpedia.org/resource/Berkeley_Systems, http://dbpedia.org/resource/Jackbox_Games]"
"134","1","http://dbpedia.org/resource/Microsoft_Studios"
"255","1","http://dbpedia.org/resource/Disney_Interactive_Studios"
"135","1","http://dbpedia.org/resource/EA_Sports_Big"
"256","1","http://dbpedia.org/resource/Ubisoft"
"377","1","http://dbpedia.org/resource/Ubisoft"
"136","1","http://dbpedia.org/resource/Bethesda_Softworks"
"257","1","http://dbpedia.org/resource/Activision"
"137","1","[http://dbpedia.org/resource/Bethesda_Softworks, http://dbpedia.org/resource/Bandai_Namco_Games]"
"138","1","http://dbpedia.org/resource/Ubisoft"
"259","1","[http://dbpedia.org/resource/Valcon_Games, http://dbpedia.org/resource/Success_(company)]"
"139","1","http://dbpedia.org/resource/Ubisoft"
"30","1","http://dbpedia.org/resource/Electronic_Arts"
"31","1","http://dbpedia.org/resource/Electronic_Arts"
"32","1","[http://dbpedia.org/resource/Eidos_Interactive, http://dbpedia.org/resource/Feral_Interactive]"
"33","1","[http://dbpedia.org/resource/Eidos_Interactive, http://dbpedia.org/resource/Feral_Interactive]"
"34","1","http://dbpedia.org/resource/Sega"
"35","1","http://dbpedia.org/resource/Bandai_Namco_Games"
"36","1","http://dbpedia.org/resource/Activision"
"38","1","http://dbpedia.org/resource/2K_Sports"
"39","1","http://dbpedia.org/resource/Capcom"
"260","1","http://dbpedia.org/resource/Activision"
"261","1","http://dbpedia.org/resource/Activision"
"140","1","http://dbpedia.org/resource/Warner_Bros._Interactive_Entertainment"
"262","1","[http://dbpedia.org/resource/SouthPeak_Games, http://dbpedia.org/resource/Evolved_Games]"
"141","1","http://dbpedia.org/resource/EA_Sports_Big"
"263","1","http://dbpedia.org/resource/Ubisoft"
"143","1","http://dbpedia.org/resource/EA_Sports"
"144","1","http://dbpedia.org/resource/EA_Sports"
"145","1","[http://dbpedia.org/resource/EA_Sports, http://dbpedia.org/resource/HB_Studios]"
"266","1","http://dbpedia.org/resource/Rockstar_Games"
"267","1","http://dbpedia.org/resource/THQ"
"146","1","[http://dbpedia.org/resource/Kalypso_Media, http://dbpedia.org/resource/FX_Interactive]"
"147","1","http://dbpedia.org/resource/THQ"
"268","1","http://dbpedia.org/resource/THQ"
"148","1","http://dbpedia.org/resource/Codemasters"
"149","1","http://dbpedia.org/resource/Sega"
"41","1","[http://dbpedia.org/resource/D3_Publisher, http://dbpedia.org/resource/2K_Games, http://dbpedia.org/resource/Feral_Interactive]"
"42","1","http://dbpedia.org/resource/Koei"
"43","1","http://dbpedia.org/resource/Ubisoft"
"44","1","http://dbpedia.org/resource/Ubisoft"
"47","1","http://dbpedia.org/resource/Activision"
"48","1","http://dbpedia.org/resource/Activision_Blizzard"
"49","1","http://dbpedia.org/resource/Konami"
"150","1","http://dbpedia.org/resource/Microsoft_Studios"
"271","1","http://dbpedia.org/resource/Capcom"
"151","1","http://dbpedia.org/resource/Microsoft_Studios"
"272","1","http://dbpedia.org/resource/Sega"
"152","1","[http://dbpedia.org/resource/Sony_Computer_Entertainment, http://dbpedia.org/resource/Atari,_Inc._(Atari,_SA_subsidiary)]"
"273","1","http://dbpedia.org/resource/Namco"
"153","1","http://dbpedia.org/resource/Epyx"
"275","1","http://dbpedia.org/resource/Deep_Silver"
"154","1","http://dbpedia.org/resource/Rockstar_Games"
"276","1","[http://dbpedia.org/resource/MTV, http://dbpedia.org/resource/Mad_Catz]"
"155","1","http://dbpedia.org/resource/Dtp_entertainment"
"277","1","http://dbpedia.org/resource/Rockstar_Games"
"156","1","http://dbpedia.org/resource/Midway_Games"
"157","1","[http://dbpedia.org/resource/505_Games, http://dbpedia.org/resource/Arc_System_Works, http://dbpedia.org/resource/Aksys_Games]"
"278","1","http://dbpedia.org/resource/Ubisoft"
"158","1","http://dbpedia.org/resource/Activision"
"279","1","[http://dbpedia.org/resource/Cdv_Software_Entertainment, http://dbpedia.org/resource/Deep_Silver]"
"159","1","http://dbpedia.org/resource/Microsoft_Studios"
"50","1","http://dbpedia.org/resource/Feral_Interactive"
"51","1","[http://dbpedia.org/resource/SouthPeak_Games, http://dbpedia.org/resource/Evolved_Games]"
"52","1","http://dbpedia.org/resource/Ubisoft"
"54","1","http://dbpedia.org/resource/Electronic_Arts"
"56","1","[http://dbpedia.org/resource/Bethesda_Softworks, http://dbpedia.org/resource/Rockstar_Games]"
"57","1","http://dbpedia.org/resource/Electronic_Arts"
"58","1","http://dbpedia.org/resource/Electronic_Arts"
"59","1","http://dbpedia.org/resource/Activision"
"280","1","http://dbpedia.org/resource/THQ"
"160","1","http://dbpedia.org/resource/Microsoft_Studios"
"281","1","http://dbpedia.org/resource/THQ"
"161","1","http://dbpedia.org/resource/Microsoft_Studios"
"283","1","http://dbpedia.org/resource/Konami"
"163","1","http://dbpedia.org/resource/Konami"
"284","1","http://dbpedia.org/resource/Konami"
"164","1","http://dbpedia.org/resource/Ubisoft"
"285","1","http://dbpedia.org/resource/Black_Bean_Games"
"165","1","[http://dbpedia.org/resource/Eidos_Interactive, http://dbpedia.org/resource/Square_Enix]"
"286","1","[http://dbpedia.org/resource/SouthPeak_Games, http://dbpedia.org/resource/TimeGate_Studios]"
"287","1","http://dbpedia.org/resource/Sega"
"166","1","[http://dbpedia.org/resource/THQ, http://dbpedia.org/resource/Spike_(company)]"
"288","1","[http://dbpedia.org/resource/Sega, http://dbpedia.org/resource/Feral_Interactive]"
"168","1","http://dbpedia.org/resource/Bandai_Namco_Games"
"169","1","http://dbpedia.org/resource/Xbox_360"
"60","1","http://dbpedia.org/resource/Activision"
"61","1","http://dbpedia.org/resource/Activision"
"62","1","http://dbpedia.org/resource/Activision"
"63","1","http://dbpedia.org/resource/Activision"
"64","1","[http://dbpedia.org/resource/Activision, http://dbpedia.org/resource/Zushi_Games]"
"65","1","http://dbpedia.org/resource/Activision"
"67","1","[http://dbpedia.org/resource/Activision, http://dbpedia.org/resource/Spike_(company)]"
"68","1","[http://dbpedia.org/resource/Activision, http://dbpedia.org/resource/Square_Enix]"
"69","1","http://dbpedia.org/resource/Activision"
"170","1","http://dbpedia.org/resource/Activision"
"291","1","http://dbpedia.org/resource/Ubisoft"
"292","1","http://dbpedia.org/resource/Ubisoft"
"171","1","[http://dbpedia.org/resource/James_Cameron, http://dbpedia.org/resource/Fox_Interactive, http://dbpedia.org/resource/Ubisoft, http://dbpedia.org/resource/Gameloft]"
"172","1","http://dbpedia.org/resource/THQ"
"173","1","http://dbpedia.org/resource/Eidos_Interactive"
"294","1","http://dbpedia.org/resource/Electronic_Arts"
"295","1","http://dbpedia.org/resource/Triangle_Service"
"174","1","http://dbpedia.org/resource/Microsoft_Studios"
"296","1","http://dbpedia.org/resource/Activision"
"176","1","http://dbpedia.org/resource/Eidos_Interactive"
"297","1","http://dbpedia.org/resource/Konami"
"298","1","http://dbpedia.org/resource/Electronic_Arts"
"177","1","http://dbpedia.org/resource/Konami"
"178","1","http://dbpedia.org/resource/Activision"
"299","1","http://dbpedia.org/resource/Electronic_Arts"
"179","1","http://dbpedia.org/resource/THQ"
"70","1","http://dbpedia.org/resource/Activision_Blizzard"
"73","1","http://dbpedia.org/resource/Ubisoft"
"74","1","http://dbpedia.org/resource/THQ"
"76","1","http://dbpedia.org/resource/Ubisoft"
"77","1","http://dbpedia.org/resource/Disney_Interactive_Studios"
"78","1","http://dbpedia.org/resource/Atari"
"79","1","http://dbpedia.org/resource/2K_Games"
"180","1","http://dbpedia.org/resource/Rockstar_Games"
"181","1","[http://dbpedia.org/resource/Atari, http://dbpedia.org/resource/SouthPeak_Games, http://dbpedia.org/resource/Gamecock_Media_Group]"
"182","1","http://dbpedia.org/resource/Sierra_Entertainment"
"183","1","[http://dbpedia.org/resource/DC_Comics, http://dbpedia.org/resource/Warner_Bros._Interactive_Entertainment, http://dbpedia.org/resource/Feral_Interactive]"
"184","1","[http://dbpedia.org/resource/LucasArts, http://dbpedia.org/resource/Feral_Interactive]"
"185","1","[http://dbpedia.org/resource/LucasArts, http://dbpedia.org/resource/Feral_Interactive]"
"186","1","[http://dbpedia.org/resource/LucasArts, http://dbpedia.org/resource/Feral_Interactive]"
"188","1","http://dbpedia.org/resource/Electronic_Arts"
"189","1","http://dbpedia.org/resource/Capcom"
"81","1","[http://dbpedia.org/resource/Sony, http://dbpedia.org/resource/Ubisoft]"
"82","1","http://dbpedia.org/resource/Electronic_Arts"
"83","1","http://dbpedia.org/resource/THQ"
"84","1","[http://dbpedia.org/resource/Warner_Bros._Interactive_Entertainment, http://dbpedia.org/resource/Sega]"
"85","1","http://dbpedia.org/resource/Microsoft_Studios"
"86","1","http://dbpedia.org/resource/Microsoft_Studios"
"87","1","http://dbpedia.org/resource/Sierra_Entertainment"
"88","1","http://dbpedia.org/resource/Sierra_Entertainment"
"190","1","http://dbpedia.org/resource/Capcom"
"191","1","http://dbpedia.org/resource/Ubisoft"
"192","1","[http://dbpedia.org/resource/1C_Company, http://dbpedia.org/resource/2K_Games, http://dbpedia.org/resource/Feral_Interactive, http://dbpedia.org/resource/Connect2Media]"
"193","1","[http://dbpedia.org/resource/G.rev, http://dbpedia.org/resource/UFO_Interactive_Games, http://dbpedia.org/resource/Cyber_Front]"
"194","1","http://dbpedia.org/resource/Capcom"
"195","1","http://dbpedia.org/resource/Electronic_Arts"
"196","1","http://dbpedia.org/resource/Electronic_Arts"
"197","1","http://dbpedia.org/resource/Disney_Interactive_Studios"
"198","1","http://dbpedia.org/resource/THQ"
"91","1","http://dbpedia.org/resource/Electronic_Arts"
"92","1","http://dbpedia.org/resource/Electronic_Arts"
"93","1","http://dbpedia.org/resource/Ubisoft"
"94","1","http://dbpedia.org/resource/Ubisoft"
"95","1","http://dbpedia.org/resource/Ubisoft"
"96","1","http://dbpedia.org/resource/Konami"
"97","1","http://dbpedia.org/resource/Konami"
"98","1","http://dbpedia.org/resource/Konami"
"99","1","http://dbpedia.org/resource/Electronic_Arts"
"300","1","http://dbpedia.org/resource/Valcon_Games"
"301","1","http://dbpedia.org/resource/CI_Games"
"302","1","[http://dbpedia.org/resource/Sega, http://dbpedia.org/resource/Feral_Interactive]"
"303","1","http://dbpedia.org/resource/Sega"
"304","1","http://dbpedia.org/resource/Sega"
"305","1","[http://dbpedia.org/resource/Ubisoft, http://dbpedia.org/resource/Bandai_Namco_Games]"
"307","1","[http://dbpedia.org/resource/LucasArts, http://dbpedia.org/resource/THQ, http://dbpedia.org/resource/Activision, http://dbpedia.org/resource/Mobile_phone]"
"308","1","http://dbpedia.org/resource/LucasArts"
"309","1","http://dbpedia.org/resource/Capcom"
"310","1","http://dbpedia.org/resource/THQ"
"311","1","http://dbpedia.org/resource/Capcom"
"312","1","http://dbpedia.org/resource/THQ"
"313","1","http://dbpedia.org/resource/Square_Enix"
"314","1","[http://dbpedia.org/resource/Ubisoft, http://dbpedia.org/resource/Sony_Computer_Entertainment]"
"315","1","[http://dbpedia.org/resource/Namco_Bandai_Partners, http://dbpedia.org/resource/Bandai_Namco_Games]"
"316","1","http://dbpedia.org/resource/Bandai_Namco_Games"
"318","1","http://dbpedia.org/resource/Hudson_Soft"
"319","1","[http://dbpedia.org/resource/Equity_Games, http://dbpedia.org/resource/Evolved_Games]"
"320","1","http://dbpedia.org/resource/Atari"
"321","1","http://dbpedia.org/resource/Atari,_Inc._(Atari,_SA_subsidiary)"
"322","1","http://dbpedia.org/resource/Sierra_Entertainment"
"201","1","http://dbpedia.org/resource/Electronic_Arts"
"324","1","http://dbpedia.org/resource/Ubisoft"
"203","1","[http://dbpedia.org/resource/Michael_Jackson, http://dbpedia.org/resource/Ubisoft]"
"325","1","http://dbpedia.org/resource/Ubisoft"
"204","1","http://dbpedia.org/resource/Rockstar_Games"
"326","1","http://dbpedia.org/resource/Ubisoft"
"205","1","[http://dbpedia.org/resource/Eidos_Interactive, http://dbpedia.org/resource/Warner_Bros._Interactive_Entertainment, http://dbpedia.org/resource/Feral_Interactive]"
"206","1","http://dbpedia.org/resource/Electronic_Arts"
"327","1","http://dbpedia.org/resource/Ubisoft"
"207","1","http://dbpedia.org/resource/2K_Sports"
"328","1","http://dbpedia.org/resource/Ubisoft"
"208","1","http://dbpedia.org/resource/2K_Sports"
"329","1","http://dbpedia.org/resource/Ubisoft"
"330","1","http://dbpedia.org/resource/Ubisoft"
"331","1","http://dbpedia.org/resource/Ubisoft"
"332","1","http://dbpedia.org/resource/Ubisoft"
"211","1","http://dbpedia.org/resource/Activision"
"333","1","[http://dbpedia.org/resource/Eidos_Interactive, http://dbpedia.org/resource/Feral_Interactive]"
"334","1","http://dbpedia.org/resource/Eidos_Interactive"
"335","1","[http://dbpedia.org/resource/Eidos_Interactive, http://dbpedia.org/resource/Feral_Interactive]"
"214","1","http://dbpedia.org/resource/Midway_Games"
"215","1","http://dbpedia.org/resource/Ubisoft"
"337","1","http://dbpedia.org/resource/Microsoft_Studios"
"216","1","http://dbpedia.org/resource/Capcom"
"217","1","http://dbpedia.org/resource/THQ"
"338","1","http://dbpedia.org/resource/2K_Sports"
"339","1","http://dbpedia.org/resource/2K_Sports"
"218","1","http://dbpedia.org/resource/THQ"
"219","1","http://dbpedia.org/resource/THQ"
"340","1","http://dbpedia.org/resource/Konami"
"341","1","http://dbpedia.org/resource/Focus_Home_Interactive"
"220","1","http://dbpedia.org/resource/Electronic_Arts"
"342","1","http://dbpedia.org/resource/Disney_Interactive_Studios"
"100","1","[http://dbpedia.org/resource/Valcon_Games, http://dbpedia.org/resource/Phantom_EFX]"
"221","1","http://dbpedia.org/resource/505_Games"
"343","1","[http://dbpedia.org/resource/Activision, http://dbpedia.org/resource/Electronic_Arts]"
"101","1","http://dbpedia.org/resource/Ubisoft"
"102","1","http://dbpedia.org/resource/2K_Games"
"344","1","http://dbpedia.org/resource/Activision"
"224","1","http://dbpedia.org/resource/2K_Sports"
"345","1","http://dbpedia.org/resource/Activision"
"103","1","http://dbpedia.org/resource/THQ"
"104","1","[http://dbpedia.org/resource/Cdv_Software_Entertainment, http://dbpedia.org/resource/Kalypso_Media]"
"225","1","http://dbpedia.org/resource/EA_Sports_Big"
"346","1","http://dbpedia.org/resource/Activision"
"105","1","http://dbpedia.org/resource/Capcom"
"226","1","http://dbpedia.org/resource/EA_Sports"
"227","1","http://dbpedia.org/resource/Electronic_Arts"
"348","1","http://dbpedia.org/resource/Disney_Interactive_Studios"
"349","1","[http://dbpedia.org/resource/Feral_Interactive, http://dbpedia.org/resource/Kalypso_Media]"
"228","1","http://dbpedia.org/resource/Electronic_Arts"
"107","1","http://dbpedia.org/resource/Capcom"
"108","1","http://dbpedia.org/resource/Capcom"
"109","1","http://dbpedia.org/resource/Electronic_Arts"
