"88","2","http://dbpedia.org/resource/Radiocarbon_dating"
"90","2","http://dbpedia.org/resource/Polio_vaccine"
"91","2","[http://dbpedia.org/resource/Classification_of_mental_disorders, http://dbpedia.org/resource/Kraepelinian_dichotomy]"
"92","2","[http://dbpedia.org/resource/Mendelian_inheritance, http://dbpedia.org/resource/Lysenkoism, http://dbpedia.org/resource/Hybrid_(biology)]"
"93","2","[http://dbpedia.org/resource/Eugenics, http://dbpedia.org/resource/Standard_deviation, http://dbpedia.org/resource/Weather_map, http://dbpedia.org/resource/Bean_machine, http://dbpedia.org/resource/Regression_toward_the_mean]"
"95","2","[http://dbpedia.org/resource/Sexology, http://dbpedia.org/resource/Human_sexuality, http://dbpedia.org/resource/Kinsey_scale, http://dbpedia.org/resource/Kinsey_Institute_for_Research_in_Sex,_Gender,_and_Reproduction]"
"96","2","http://dbpedia.org/resource/History_of_penicillin"
"97","2","http://dbpedia.org/resource/Operant_conditioning"
"10","2","[http://dbpedia.org/resource/Electrochemistry, http://dbpedia.org/resource/Faraday_effect, http://dbpedia.org/resource/Faraday_rotator, http://dbpedia.org/resource/Line_of_force, http://dbpedia.org/resource/Faraday_constant, http://dbpedia.org/resource/Faraday_cage, http://dbpedia.org/resource/Faraday's_law_of_induction, http://dbpedia.org/resource/Faraday_Wheel, http://dbpedia.org/resource/Faraday's_laws_of_electrolysis, http://dbpedia.org/resource/Faraday_paradox, http://dbpedia.org/resource/Faraday-efficiency_effect, http://dbpedia.org/resource/Faraday_cup, http://dbpedia.org/resource/Faraday_wave]"
"98","2","[http://dbpedia.org/resource/Psychology, http://dbpedia.org/resource/Voluntarism_(metaphysics)]"
"99","2","[http://dbpedia.org/resource/Fluid_statics, http://dbpedia.org/resource/Archimedes'_screw, http://dbpedia.org/resource/Lever, http://dbpedia.org/resource/The_Method_of_Mechanical_Theorems, http://dbpedia.org/resource/Archimedes'_principle]"
"11","2","[http://dbpedia.org/resource/Maxwell%E2%80%93Boltzmann_distribution, http://dbpedia.org/resource/Maxwell's_equations, http://dbpedia.org/resource/Maxwell's_theorem, http://dbpedia.org/resource/Displacement_current, http://dbpedia.org/resource/Maxwell_material, http://dbpedia.org/resource/Color_triangle, http://dbpedia.org/resource/Maxwell's_demon, http://dbpedia.org/resource/Generalized_Maxwell_model, http://dbpedia.org/resource/Maxwell_coil, http://dbpedia.org/resource/Maxwell's_Wheel]"
"12","2","http://dbpedia.org/resource/Physiology"
"16","2","[http://dbpedia.org/resource/Biogenesis, http://dbpedia.org/resource/Virchow's_triad, http://dbpedia.org/resource/Cytopathology]"
"18","2","[http://dbpedia.org/resource/Nuclear_physics, http://dbpedia.org/resource/Proton, http://dbpedia.org/resource/Rutherford_scattering, http://dbpedia.org/resource/Rutherford_(unit), http://dbpedia.org/resource/Rutherford_model, http://dbpedia.org/resource/Rutherford_backscattering_spectrometry]"
"0","2","[http://dbpedia.org/resource/Optics, http://dbpedia.org/resource/Philosophi%C3%A6_Naturalis_Principia_Mathematica, http://dbpedia.org/resource/Classical_mechanics]"
"1","2","[http://dbpedia.org/resource/Bose%E2%80%93Einstein_condensate, http://dbpedia.org/resource/Brownian_motion, http://dbpedia.org/resource/EPR_paradox, http://dbpedia.org/resource/General_relativity, http://dbpedia.org/resource/Photoelectric_effect, http://dbpedia.org/resource/Special_relativity, http://dbpedia.org/resource/Einstein_field_equations, http://dbpedia.org/resource/Mass%E2%80%93energy_equivalence, http://dbpedia.org/resource/Classical_unified_field_theories, http://dbpedia.org/resource/Bose%E2%80%93Einstein_statistics, http://dbpedia.org/resource/Bose%E2%80%93Einstein_correlations]"
"2","2","[http://dbpedia.org/resource/Atomic_orbital, http://dbpedia.org/resource/Bohr_model, http://dbpedia.org/resource/Copenhagen_interpretation, http://dbpedia.org/resource/Hafnium, http://dbpedia.org/resource/Bohr_magneton, http://dbpedia.org/resource/Bohr_radius, http://dbpedia.org/resource/BKS_theory, http://dbpedia.org/resource/Bohr%E2%80%93Einstein_debates, http://dbpedia.org/resource/Old_quantum_theory, http://dbpedia.org/resource/Complementarity_(physics), http://dbpedia.org/resource/Bohr%E2%80%93van_Leeuwen_theorem]"
"3","2","[http://dbpedia.org/resource/Common_descent, http://dbpedia.org/resource/Evolution, http://dbpedia.org/resource/Natural_selection, http://dbpedia.org/resource/On_the_Origin_of_Species, http://dbpedia.org/resource/The_Voyage_of_the_Beagle]"
"5","2","http://dbpedia.org/resource/Psychoanalysis"
"6","2","[http://dbpedia.org/resource/Kinematics, http://dbpedia.org/resource/Heliocentrism, http://dbpedia.org/resource/Telescope, http://dbpedia.org/resource/Analytical_dynamics]"
"7","2","http://dbpedia.org/resource/Combustion"
"8","2","[http://dbpedia.org/resource/Kepler's_laws_of_planetary_motion, http://dbpedia.org/resource/Kepler_conjecture]"
"9","2","[http://dbpedia.org/resource/Monetae_cudendae_ratio, http://dbpedia.org/resource/Heliocentrism]"
"20","2","http://dbpedia.org/resource/De_humani_corporis_fabrica"
"23","2","[http://dbpedia.org/resource/Boltzmann_distribution, http://dbpedia.org/resource/Maxwell%E2%80%93Boltzmann_distribution, http://dbpedia.org/resource/H-theorem, http://dbpedia.org/resource/Boltzmann_constant, http://dbpedia.org/resource/Stefan%E2%80%93Boltzmann_constant, http://dbpedia.org/resource/Stefan%E2%80%93Boltzmann_law, http://dbpedia.org/resource/Boltzmann_equation]"
"24","2","[http://dbpedia.org/resource/Planck_constant, http://dbpedia.org/resource/Planck_postulate, http://dbpedia.org/resource/Planck's_law]"
"25","2","[http://dbpedia.org/resource/Polonium, http://dbpedia.org/resource/Radium, http://dbpedia.org/resource/Radioactive_decay]"
"26","2","[http://dbpedia.org/resource/Infrared, http://dbpedia.org/resource/Uranus]"
"27","2","http://dbpedia.org/resource/Uniformitarianism"
"29","2","http://dbpedia.org/resource/Hubble_sequence"
"30","2","[http://dbpedia.org/resource/Electron, http://dbpedia.org/resource/Plum_pudding_model, http://dbpedia.org/resource/Mass_spectrometry, http://dbpedia.org/resource/Thomson_scattering, http://dbpedia.org/resource/Thomson_problem, http://dbpedia.org/resource/Isotope, http://dbpedia.org/resource/Epsilon_radiation, http://dbpedia.org/resource/Waveguide_(electromagnetism), http://dbpedia.org/resource/Thomson_(unit), http://dbpedia.org/resource/Delta_ray, http://dbpedia.org/resource/Mass-to-charge_ratio]"
"31","2","[http://dbpedia.org/resource/Probability_amplitude, http://dbpedia.org/resource/Born%E2%80%93Haber_cycle, http://dbpedia.org/resource/Born_equation, http://dbpedia.org/resource/Born_approximation, http://dbpedia.org/resource/Born_rigidity, http://dbpedia.org/resource/Born%E2%80%93Huang_approximation, http://dbpedia.org/resource/Born_coordinates, http://dbpedia.org/resource/Born%E2%80%93Land%C3%A9_equation, http://dbpedia.org/resource/Born%E2%80%93von_Karman_boundary_condition, http://dbpedia.org/resource/Born_rule, http://dbpedia.org/resource/Born%E2%80%93Infeld_model]"
"32","2","[http://dbpedia.org/resource/Consciousness, http://dbpedia.org/resource/DNA, http://dbpedia.org/resource/Adaptor_hypothesis]"
"33","2","[http://dbpedia.org/resource/Beta_decay, http://dbpedia.org/resource/Nuclear_chain_reaction, http://dbpedia.org/resource/Fermi%E2%80%93Dirac_statistics]"
"34","2","http://dbpedia.org/resource/List_of_things_named_after_Leonhard_Euler"
"35","2","[http://dbpedia.org/resource/Nitrogen, http://dbpedia.org/resource/Liebig's_law_of_the_minimum, http://dbpedia.org/resource/Condenser_(laboratory)]"
"36","2","[http://dbpedia.org/resource/Eddington%E2%80%93Finkelstein_coordinates, http://dbpedia.org/resource/Eddington_number, http://dbpedia.org/resource/Eddington_luminosity, http://dbpedia.org/resource/Dirac_large_numbers_hypothesis]"
"37","2","http://dbpedia.org/resource/Systemic_circulation"
"39","2","[http://dbpedia.org/resource/Huygens%E2%80%93Fresnel_principle, http://dbpedia.org/resource/Pendulum_clock, http://dbpedia.org/resource/Evolute, http://dbpedia.org/resource/Eyepiece, http://dbpedia.org/resource/Rings_of_Saturn, http://dbpedia.org/resource/Collision, http://dbpedia.org/resource/Titan_(moon), http://dbpedia.org/resource/Wave, http://dbpedia.org/resource/Birefringence, http://dbpedia.org/resource/31_equal_temperament, http://dbpedia.org/resource/Centrifugal_force]"
"40","2","http://dbpedia.org/resource/List_of_things_named_after_Carl_Friedrich_Gauss"
"42","2","[http://dbpedia.org/resource/Benzene, http://dbpedia.org/resource/Structural_formula]"
"43","2","[http://dbpedia.org/resource/Cholera, http://dbpedia.org/resource/Tuberculosis, http://dbpedia.org/resource/Anthrax, http://dbpedia.org/resource/Bacteriology, http://dbpedia.org/resource/Koch's_postulates]"
"44","2","[http://dbpedia.org/resource/Elementary_particle, http://dbpedia.org/resource/Quark, http://dbpedia.org/resource/Renormalization_group, http://dbpedia.org/resource/Strangeness, http://dbpedia.org/resource/Gell-Mann%E2%80%93Nishijima_formula, http://dbpedia.org/resource/Effective_complexity, http://dbpedia.org/resource/Gell-Mann_and_Low_theorem, http://dbpedia.org/resource/Gell-Mann_matrices, http://dbpedia.org/resource/Gell-Mann%E2%80%93Okubo_mass_formula]"
"45","2","http://dbpedia.org/resource/Sugar"
"46","2","http://dbpedia.org/resource/Periodic_table"
"47","2","[http://dbpedia.org/resource/Electroweak_interaction, http://dbpedia.org/resource/Georgi%E2%80%93Glashow_model, http://dbpedia.org/resource/Superstring_theory]"
"48","2","[http://dbpedia.org/resource/Molecular_biology, http://dbpedia.org/resource/Nucleic_acid_structure]"
"49","2","[http://dbpedia.org/resource/BCS_theory, http://dbpedia.org/resource/Superconductivity, http://dbpedia.org/resource/Transistor]"
"52","2","http://dbpedia.org/resource/Continental_drift"
"53","2","[http://dbpedia.org/resource/Penrose%E2%80%93Hawking_singularity_theorems, http://dbpedia.org/resource/Hawking_radiation, http://dbpedia.org/resource/A_Brief_History_of_Time]"
"55","2","http://dbpedia.org/resource/Diffraction"
"56","2","[http://dbpedia.org/resource/Kirchhoff's_circuit_laws, http://dbpedia.org/resource/Kirchhoff's_law_of_thermal_radiation]"
"59","2","http://dbpedia.org/resource/Genetics"
"60","2","[http://dbpedia.org/resource/Superconductivity, http://dbpedia.org/resource/Rollin_film, http://dbpedia.org/resource/Superfluidity]"
"61","2","[http://dbpedia.org/resource/Drosophila_melanogaster, http://dbpedia.org/resource/Genetic_linkage]"
"63","2","http://dbpedia.org/resource/Autoimmunity"
"68","2","[http://dbpedia.org/resource/Evolution, http://dbpedia.org/resource/%C3%89tienne_Geoffroy_Saint-Hilaire, http://dbpedia.org/resource/Inheritance_of_acquired_characteristics]"
"69","2","[http://dbpedia.org/resource/Peristalsis, http://dbpedia.org/resource/Secretin]"
"71","2","[http://dbpedia.org/resource/Sanger_sequencing, http://dbpedia.org/resource/Peptide_sequence, http://dbpedia.org/resource/Wellcome_Trust_Sanger_Institute]"
"73","2","[http://dbpedia.org/resource/Atomic_theory, http://dbpedia.org/resource/Color_blindness, http://dbpedia.org/resource/Law_of_multiple_proportions, http://dbpedia.org/resource/Dalton's_law]"
"74","2","[http://dbpedia.org/resource/Electron, http://dbpedia.org/resource/De_Broglie%E2%80%93Bohm_theory, http://dbpedia.org/resource/Matter_wave]"
"75","2","[http://dbpedia.org/resource/Botany, http://dbpedia.org/resource/Linnaean_taxonomy]"
"76","2","[http://dbpedia.org/resource/Object_permanence, http://dbpedia.org/resource/Constructivism_(philosophy_of_education), http://dbpedia.org/resource/Piaget's_theory_of_cognitive_development, http://dbpedia.org/resource/Egocentrism, http://dbpedia.org/resource/Genetic_epistemology]"
"77","2","[http://dbpedia.org/resource/Quantum_evolution, http://dbpedia.org/resource/Modern_evolutionary_synthesis]"
"79","2","http://dbpedia.org/resource/Endosymbiotic_theory"
"80","2","[http://dbpedia.org/resource/Rh_blood_group_system, http://dbpedia.org/resource/Poliovirus]"
"82","2","[http://dbpedia.org/resource/Sociobiology, http://dbpedia.org/resource/Epic_of_Evolution, http://dbpedia.org/resource/Island_biogeography, http://dbpedia.org/resource/Character_displacement]"
"83","2","[http://dbpedia.org/resource/Tryptophan, http://dbpedia.org/resource/Vitamin, http://dbpedia.org/resource/Glutathione]"
"86","2","[http://dbpedia.org/resource/Nuclear_weapon, http://dbpedia.org/resource/Tolman%E2%80%93Oppenheimer%E2%80%93Volkoff_limit, http://dbpedia.org/resource/Born%E2%80%93Oppenheimer_approximation, http://dbpedia.org/resource/Oppenheimer%E2%80%93Phillips_process]"
"87","2","http://dbpedia.org/resource/Jahn%E2%80%93Teller_effect"
