"45","5","http://dbpedia.org/resource/Unitary_state"
"46","5","http://dbpedia.org/resource/Unitary_state"
"47","5","http://dbpedia.org/resource/Unitary_state"
"48","5","http://dbpedia.org/resource/Unitary_state"
"49","5","http://dbpedia.org/resource/Parliamentary_republic"
"50","5","http://dbpedia.org/resource/Federal_monarchy"
"51","5","http://dbpedia.org/resource/Unitary_state"
"10","5","http://dbpedia.org/resource/Unitary_state"
"55","5","http://dbpedia.org/resource/Parliamentary_system"
"11","5","http://dbpedia.org/resource/Unitary_state"
"56","5","http://dbpedia.org/resource/Unitary_state"
"12","5","http://dbpedia.org/resource/Unitary_state"
"13","5","http://dbpedia.org/resource/Federal_republic"
"57","5","http://dbpedia.org/resource/Unitary_state"
"58","5","http://dbpedia.org/resource/Unitary_state"
"14","5","http://dbpedia.org/resource/Federalism"
"15","5","http://dbpedia.org/resource/Unitary_state"
"59","5","http://dbpedia.org/resource/Federal_republic"
"16","5","http://dbpedia.org/resource/Unitary_state"
"18","5","http://dbpedia.org/resource/Unitary_state"
"19","5","http://dbpedia.org/resource/Single-party_state"
"1","5","http://dbpedia.org/resource/Unitary_state"
"2","5","http://dbpedia.org/resource/Unitary_state"
"4","5","http://dbpedia.org/resource/Federal_republic"
"5","5","http://dbpedia.org/resource/Federalism"
"6","5","http://dbpedia.org/resource/Federal_republic"
"7","5","http://dbpedia.org/resource/Unitary_state"
"8","5","http://dbpedia.org/resource/Unitary_state"
"60","5","http://dbpedia.org/resource/Unitary_state"
"61","5","http://dbpedia.org/resource/Parliamentary_republic"
"62","5","http://dbpedia.org/resource/Unitary_state"
"64","5","http://dbpedia.org/resource/Federalism"
"20","5","http://dbpedia.org/resource/Republic"
"21","5","http://dbpedia.org/resource/Single-party_state"
"22","5","http://dbpedia.org/resource/Unitary_state"
"66","5","http://dbpedia.org/resource/Unitary_state"
"67","5","http://dbpedia.org/resource/Unitary_state"
"68","5","http://dbpedia.org/resource/Unitary_state"
"69","5","http://dbpedia.org/resource/Republic"
"25","5","http://dbpedia.org/resource/Unitary_state"
"27","5","http://dbpedia.org/resource/Unitary_state"
"28","5","http://dbpedia.org/resource/Parliamentary_republic"
"29","5","http://dbpedia.org/resource/Unitary_state"
"70","5","http://dbpedia.org/resource/Liberal_democracy"
"71","5","[http://dbpedia.org/resource/Monarchy, http://dbpedia.org/resource/Parliamentary_system, http://dbpedia.org/resource/Unitary_state]"
"72","5","http://dbpedia.org/resource/Unitary_state"
"73","5","http://dbpedia.org/resource/Federation"
"30","5","http://dbpedia.org/resource/Presidential_system"
"31","5","http://dbpedia.org/resource/Federalism"
"75","5","http://dbpedia.org/resource/Republic"
"76","5","http://dbpedia.org/resource/Unitary_state"
"77","5","http://dbpedia.org/resource/Unitary_state"
"33","5","http://dbpedia.org/resource/Parliamentary_system"
"34","5","http://dbpedia.org/resource/Parliamentary_republic"
"79","5","http://dbpedia.org/resource/Unitary_state"
"36","5","http://dbpedia.org/resource/Unitary_state"
"37","5","http://dbpedia.org/resource/Unitary_state"
"38","5","http://dbpedia.org/resource/Unitary_state"
"39","5","http://dbpedia.org/resource/Constitutional_monarchy"
"80","5","http://dbpedia.org/resource/Unitary_state"
"81","5","http://dbpedia.org/resource/Federalism"
"83","5","http://dbpedia.org/resource/Federal_republic"
"40","5","http://dbpedia.org/resource/Unitary_state"
"42","5","[http://dbpedia.org/resource/Heredity, http://dbpedia.org/resource/Single-party_state, http://dbpedia.org/resource/Juche]"
