"88","4","[http://dbpedia.org/resource/Microsoft_Windows, http://dbpedia.org/resource/OS_X, http://dbpedia.org/resource/PlayStation_3, http://dbpedia.org/resource/Wii, http://dbpedia.org/resource/Nintendo_DS, http://dbpedia.org/resource/Xbox_360]"
"89","4","[http://dbpedia.org/resource/Microsoft_Windows, http://dbpedia.org/resource/OS_X, http://dbpedia.org/resource/PlayStation_3, http://dbpedia.org/resource/Xbox_360]"
"90","4","[http://dbpedia.org/resource/PlayStation_Network, http://dbpedia.org/resource/PlayStation_Portable, http://dbpedia.org/resource/PlayStation_2]"
"91","4","[http://dbpedia.org/resource/PlayStation_3, http://dbpedia.org/resource/PlayStation_Portable]"
"92","4","[http://dbpedia.org/resource/Microsoft_Windows, http://dbpedia.org/resource/OS_X, http://dbpedia.org/resource/PlayStation_3, http://dbpedia.org/resource/Wii, http://dbpedia.org/resource/Nintendo_3DS, http://dbpedia.org/resource/Nintendo_DS, http://dbpedia.org/resource/IOS, http://dbpedia.org/resource/Xbox_360, http://dbpedia.org/resource/Windows_Phone, http://dbpedia.org/resource/Android_(operating_system), http://dbpedia.org/resource/Symbian]"
"93","4","[http://dbpedia.org/resource/PlayStation_(console), http://dbpedia.org/resource/Sega_Saturn, http://dbpedia.org/resource/Super_Nintendo_Entertainment_System, http://dbpedia.org/resource/Virtual_Console, http://dbpedia.org/resource/PlayStation_Portable]"
"94","4","[http://dbpedia.org/resource/Nintendo_3DS, http://dbpedia.org/resource/Nintendo_DS, http://dbpedia.org/resource/Nintendo_DSi, http://dbpedia.org/resource/Nintendo_2DS, http://dbpedia.org/resource/Nintendo_DS_Lite, http://dbpedia.org/resource/Nintendo_3DS_XL]"
"95","4","[http://dbpedia.org/resource/Microsoft_Windows, http://dbpedia.org/resource/PlayStation_3, http://dbpedia.org/resource/Xbox_360]"
"96","4","[http://dbpedia.org/resource/Microsoft_Windows, http://dbpedia.org/resource/PlayStation_3, http://dbpedia.org/resource/Xbox_360]"
"97","4","[http://dbpedia.org/resource/PlayStation_3, http://dbpedia.org/resource/Xbox_360]"
"98","4","http://dbpedia.org/resource/Nintendo_DS"
"10","4","[http://dbpedia.org/resource/Microsoft_Windows, http://dbpedia.org/resource/OS_X]"
"99","4","http://dbpedia.org/resource/PlayStation_Portable"
"11","4","http://dbpedia.org/resource/Wii"
"12","4","http://dbpedia.org/resource/Nintendo_DS"
"13","4","[http://dbpedia.org/resource/PlayStation_3, http://dbpedia.org/resource/Xbox_360]"
"14","4","[http://dbpedia.org/resource/Microsoft_Windows, http://dbpedia.org/resource/OS_X]"
"15","4","[http://dbpedia.org/resource/Microsoft_Windows, http://dbpedia.org/resource/PlayStation_3, http://dbpedia.org/resource/Wii, http://dbpedia.org/resource/Xbox_360]"
"16","4","[http://dbpedia.org/resource/Microsoft_Windows, http://dbpedia.org/resource/PlayStation_3, http://dbpedia.org/resource/Xbox_360]"
"17","4","[http://dbpedia.org/resource/Microsoft_Windows, http://dbpedia.org/resource/PlayStation_3, http://dbpedia.org/resource/Nintendo_3DS, http://dbpedia.org/resource/Xbox_360, http://dbpedia.org/resource/Wii_U]"
"18","4","[http://dbpedia.org/resource/Microsoft_Windows, http://dbpedia.org/resource/PlayStation_3, http://dbpedia.org/resource/PlayStation_4]"
"1","4","[http://dbpedia.org/resource/Microsoft_Windows, http://dbpedia.org/resource/PlayStation_3, http://dbpedia.org/resource/Xbox_360]"
"2","4","[http://dbpedia.org/resource/PlayStation_3, http://dbpedia.org/resource/Xbox_360]"
"3","4","[http://dbpedia.org/resource/Microsoft_Windows, http://dbpedia.org/resource/PlayStation_3, http://dbpedia.org/resource/Xbox_360]"
"4","4","[http://dbpedia.org/resource/PlayStation_3, http://dbpedia.org/resource/Xbox_360]"
"5","4","[http://dbpedia.org/resource/Microsoft_Windows, http://dbpedia.org/resource/PlayStation_3, http://dbpedia.org/resource/Xbox_360]"
"6","4","http://dbpedia.org/resource/Microsoft_Windows"
"7","4","[http://dbpedia.org/resource/PlayStation_3, http://dbpedia.org/resource/Xbox_360]"
"8","4","[http://dbpedia.org/resource/Microsoft_Windows, http://dbpedia.org/resource/PlayStation_3, http://dbpedia.org/resource/Xbox_360]"
"9","4","[http://dbpedia.org/resource/PlayStation_3, http://dbpedia.org/resource/Xbox_360]"
"20","4","[http://dbpedia.org/resource/Microsoft_Windows, http://dbpedia.org/resource/PlayStation_3, http://dbpedia.org/resource/Xbox_360, http://dbpedia.org/resource/Wii_U]"
"21","4","[http://dbpedia.org/resource/PlayStation_3, http://dbpedia.org/resource/PlayStation_Vita, http://dbpedia.org/resource/Xbox_360]"
"22","4","[http://dbpedia.org/resource/Microsoft_Windows, http://dbpedia.org/resource/PlayStation_3, http://dbpedia.org/resource/Xbox_360]"
"23","4","[http://dbpedia.org/resource/PlayStation_3, http://dbpedia.org/resource/Wii, http://dbpedia.org/resource/Xbox_360]"
"24","4","[http://dbpedia.org/resource/Microsoft_Windows, http://dbpedia.org/resource/PlayStation_3, http://dbpedia.org/resource/Xbox_360]"
"25","4","[http://dbpedia.org/resource/Microsoft_Windows, http://dbpedia.org/resource/PlayStation_(console)]"
"27","4","[http://dbpedia.org/resource/PlayStation_3, http://dbpedia.org/resource/Xbox_360]"
"28","4","[http://dbpedia.org/resource/Java_applet, http://dbpedia.org/resource/Microsoft_Windows, http://dbpedia.org/resource/OS_X, http://dbpedia.org/resource/PlayStation_3, http://dbpedia.org/resource/PlayStation_Vita, http://dbpedia.org/resource/Linux, http://dbpedia.org/resource/Java_(software_platform), http://dbpedia.org/resource/IOS, http://dbpedia.org/resource/PlayStation_4, http://dbpedia.org/resource/Xbox_360, http://dbpedia.org/resource/Xbox_One, http://dbpedia.org/resource/Android_(operating_system), http://dbpedia.org/resource/Raspberry_Pi, http://dbpedia.org/resource/Wii_U]"
"29","4","[http://dbpedia.org/resource/Microsoft_Windows, http://dbpedia.org/resource/PlayStation_3, http://dbpedia.org/resource/Wii, http://dbpedia.org/resource/Xbox_360]"
"30","4","[http://dbpedia.org/resource/Microsoft_Windows, http://dbpedia.org/resource/OS_X, http://dbpedia.org/resource/Linux]"
"31","4","[http://dbpedia.org/resource/Microsoft_Windows, http://dbpedia.org/resource/PlayStation_3, http://dbpedia.org/resource/Xbox_360]"
"33","4","[http://dbpedia.org/resource/Microsoft_Windows, http://dbpedia.org/resource/PlayStation_3, http://dbpedia.org/resource/Xbox_360]"
"34","4","http://dbpedia.org/resource/PlayStation_2"
"35","4","[http://dbpedia.org/resource/PlayStation_3, http://dbpedia.org/resource/Wii, http://dbpedia.org/resource/Xbox_360]"
"36","4","[http://dbpedia.org/resource/Microsoft_Windows, http://dbpedia.org/resource/PlayStation_3, http://dbpedia.org/resource/Xbox_360]"
"37","4","[http://dbpedia.org/resource/Microsoft_Windows, http://dbpedia.org/resource/OS_X, http://dbpedia.org/resource/PlayStation_3, http://dbpedia.org/resource/Linux, http://dbpedia.org/resource/Xbox_360]"
"39","4","[http://dbpedia.org/resource/Microsoft_Windows, http://dbpedia.org/resource/OS_X]"
"40","4","[http://dbpedia.org/resource/PlayStation_3, http://dbpedia.org/resource/PlayStation_Vita, http://dbpedia.org/resource/PlayStation_2]"
"42","4","[http://dbpedia.org/resource/PlayStation_3, http://dbpedia.org/resource/Xbox_360]"
"43","4","[http://dbpedia.org/resource/Microsoft_Windows, http://dbpedia.org/resource/OS_X, http://dbpedia.org/resource/Mac_OS]"
"44","4","http://dbpedia.org/resource/Game_Boy_Advance"
"45","4","[http://dbpedia.org/resource/Microsoft_Windows, http://dbpedia.org/resource/PlayStation_3, http://dbpedia.org/resource/Xbox_360]"
"46","4","[http://dbpedia.org/resource/Microsoft_Windows, http://dbpedia.org/resource/PlayStation_3, http://dbpedia.org/resource/Xbox_360]"
"47","4","[http://dbpedia.org/resource/Microsoft_Windows, http://dbpedia.org/resource/PlayStation_(console)]"
"48","4","http://dbpedia.org/resource/PlayStation_3"
"49","4","[http://dbpedia.org/resource/Microsoft_Windows, http://dbpedia.org/resource/PlayStation_3, http://dbpedia.org/resource/Xbox_360]"
"50","4","http://dbpedia.org/resource/PlayStation_(console)"
"51","4","http://dbpedia.org/resource/Game_Boy_Advance"
"52","4","[http://dbpedia.org/resource/PlayStation_3, http://dbpedia.org/resource/Wii]"
"53","4","[http://dbpedia.org/resource/Microsoft_Windows, http://dbpedia.org/resource/Windows_7, http://dbpedia.org/resource/Windows_Vista, http://dbpedia.org/resource/Windows_8]"
"54","4","[http://dbpedia.org/resource/Microsoft_Windows, http://dbpedia.org/resource/OS_X, http://dbpedia.org/resource/PlayStation_3, http://dbpedia.org/resource/Xbox_360]"
"55","4","http://dbpedia.org/resource/Nintendo_DS"
"56","4","http://dbpedia.org/resource/PlayStation_Portable"
"57","4","[http://dbpedia.org/resource/PlayStation_3, http://dbpedia.org/resource/PlayStation_Vita, http://dbpedia.org/resource/PlayStation_2]"
"58","4","[http://dbpedia.org/resource/Microsoft_Windows, http://dbpedia.org/resource/PlayStation_3, http://dbpedia.org/resource/PlayStation_Vita, http://dbpedia.org/resource/IOS, http://dbpedia.org/resource/Xbox_360]"
"59","4","http://dbpedia.org/resource/Nintendo_3DS"
"60","4","http://dbpedia.org/resource/Wii"
"61","4","[http://dbpedia.org/resource/Nintendo_64, http://dbpedia.org/resource/Virtual_Console, http://dbpedia.org/resource/GameCube, http://dbpedia.org/resource/IQue_Player]"
"62","4","[http://dbpedia.org/resource/Nintendo_3DS, http://dbpedia.org/resource/Nintendo_DS, http://dbpedia.org/resource/Nintendo_DSi, http://dbpedia.org/resource/Nintendo_2DS, http://dbpedia.org/resource/Nintendo_3DS_XL]"
"63","4","http://dbpedia.org/resource/Nintendo_DS"
"64","4","[http://dbpedia.org/resource/Wii, http://dbpedia.org/resource/Nintendo_3DS, http://dbpedia.org/resource/Wii_U]"
"65","4","[http://dbpedia.org/resource/Microsoft_Windows, http://dbpedia.org/resource/PlayStation_3, http://dbpedia.org/resource/Xbox_360]"
"66","4","http://dbpedia.org/resource/PlayStation_Portable"
"67","4","[http://dbpedia.org/resource/Microsoft_Windows, http://dbpedia.org/resource/PlayStation_3, http://dbpedia.org/resource/Xbox_360]"
"69","4","http://dbpedia.org/resource/Nintendo_3DS"
"70","4","http://dbpedia.org/resource/Nintendo_DS"
"71","4","[http://dbpedia.org/resource/Microsoft_Windows, http://dbpedia.org/resource/OS_X, http://dbpedia.org/resource/PlayStation_3, http://dbpedia.org/resource/IOS, http://dbpedia.org/resource/Xbox_(console), http://dbpedia.org/resource/Xbox_360, http://dbpedia.org/resource/Windows_Phone, http://dbpedia.org/resource/Android_(operating_system), http://dbpedia.org/resource/Amazon_Kindle, http://dbpedia.org/resource/PlayStation_2]"
"72","4","http://dbpedia.org/resource/PlayStation_3"
"73","4","[http://dbpedia.org/resource/Microsoft_Windows, http://dbpedia.org/resource/PlayStation_3, http://dbpedia.org/resource/Xbox_360]"
"74","4","[http://dbpedia.org/resource/Microsoft_Windows, http://dbpedia.org/resource/PlayStation_3, http://dbpedia.org/resource/Wii, http://dbpedia.org/resource/Cloud_computing, http://dbpedia.org/resource/IOS, http://dbpedia.org/resource/PlayStation_Portable, http://dbpedia.org/resource/Xbox_360, http://dbpedia.org/resource/PlayStation_2]"
"75","4","[http://dbpedia.org/resource/Microsoft_Windows, http://dbpedia.org/resource/OS_X, http://dbpedia.org/resource/Linux, http://dbpedia.org/resource/Xbox_360]"
"76","4","[http://dbpedia.org/resource/Nintendo_3DS, http://dbpedia.org/resource/Wii_U]"
"77","4","[http://dbpedia.org/resource/Microsoft_Windows, http://dbpedia.org/resource/PlayStation_3, http://dbpedia.org/resource/Xbox_360]"
"78","4","[http://dbpedia.org/resource/PlayStation_3, http://dbpedia.org/resource/Xbox_360]"
"79","4","[http://dbpedia.org/resource/Microsoft_Windows, http://dbpedia.org/resource/PlayStation_3, http://dbpedia.org/resource/Wii, http://dbpedia.org/resource/Cloud_computing, http://dbpedia.org/resource/IOS, http://dbpedia.org/resource/PlayStation_Portable, http://dbpedia.org/resource/Xbox_360, http://dbpedia.org/resource/PlayStation_2]"
"100","4","[http://dbpedia.org/resource/Microsoft_Windows, http://dbpedia.org/resource/OS_X, http://dbpedia.org/resource/PlayStation_3, http://dbpedia.org/resource/IOS, http://dbpedia.org/resource/Xbox_(console), http://dbpedia.org/resource/Xbox_360, http://dbpedia.org/resource/Windows_Phone, http://dbpedia.org/resource/Android_(operating_system), http://dbpedia.org/resource/Amazon_Kindle, http://dbpedia.org/resource/PlayStation_2]"
"81","4","[http://dbpedia.org/resource/PlayStation_3, http://dbpedia.org/resource/PlayStation_Portable, http://dbpedia.org/resource/Xbox_360]"
"82","4","http://dbpedia.org/resource/Nintendo_3DS"
"84","4","[http://dbpedia.org/resource/Microsoft_Windows, http://dbpedia.org/resource/OS_X, http://dbpedia.org/resource/PlayStation_Vita, http://dbpedia.org/resource/Nintendo_DS, http://dbpedia.org/resource/Bada, http://dbpedia.org/resource/Xbox_Live_Arcade, http://dbpedia.org/resource/PlayStation_Network, http://dbpedia.org/resource/IOS, http://dbpedia.org/resource/Windows_Phone, http://dbpedia.org/resource/Google_Chrome, http://dbpedia.org/resource/List_of_DSiWare_games_and_applications, http://dbpedia.org/resource/BlackBerry_Tablet_OS, http://dbpedia.org/resource/BlackBerry_10, http://dbpedia.org/resource/Android_(operating_system)]"
"85","4","http://dbpedia.org/resource/PlayStation_3"
"86","4","[http://dbpedia.org/resource/PlayStation_3, http://dbpedia.org/resource/PlayStation_Portable]"
"87","4","[http://dbpedia.org/resource/PlayStation_3, http://dbpedia.org/resource/PlayStation_Vita]"
