"88","3","http://dbpedia.org/resource/George_Stevens"
"89","3","http://dbpedia.org/resource/Clint_Eastwood"
"90","3","http://dbpedia.org/resource/Andrew_Stanton"
"91","3","http://dbpedia.org/resource/James_Cameron"
"92","3","http://dbpedia.org/resource/David_O._Russell"
"93","3","http://dbpedia.org/resource/John_Huston"
"94","3","http://dbpedia.org/resource/Steven_Spielberg"
"95","3","http://dbpedia.org/resource/Chris_Columbus_(filmmaker)"
"96","3","[http://dbpedia.org/resource/Zoltan_Korda, http://dbpedia.org/resource/Alexander_Korda, http://dbpedia.org/resource/Michael_Powell, http://dbpedia.org/resource/Tim_Whelan, http://dbpedia.org/resource/Ludwig_Berger_(director), http://dbpedia.org/resource/William_Cameron_Menzies]"
"97","3","http://dbpedia.org/resource/Steven_Lisberger"
"98","3","[http://dbpedia.org/resource/Zoltan_Korda, http://dbpedia.org/resource/Alexander_Korda, http://dbpedia.org/resource/Michael_Powell, http://dbpedia.org/resource/Tim_Whelan, http://dbpedia.org/resource/Ludwig_Berger_(director), http://dbpedia.org/resource/William_Cameron_Menzies]"
"11","3","http://dbpedia.org/resource/Irvin_Kershner"
"99","3","http://dbpedia.org/resource/Don_Chaffey"
"12","3","[http://dbpedia.org/resource/Merian_C._Cooper, http://dbpedia.org/resource/Ernest_B._Schoedsack]"
"13","3","http://dbpedia.org/resource/David_Lean"
"14","3","http://dbpedia.org/resource/Peter_Jackson"
"15","3","http://dbpedia.org/resource/James_Cameron"
"16","3","http://dbpedia.org/resource/John_Lasseter"
"17","3","http://dbpedia.org/resource/Robert_Zemeckis"
"18","3","http://dbpedia.org/resource/John_Huston"
"19","3","http://dbpedia.org/resource/Peter_Jackson"
"1","3","http://dbpedia.org/resource/Stanley_Kubrick"
"2","3","http://dbpedia.org/resource/Victor_Fleming"
"3","3","http://dbpedia.org/resource/George_Lucas"
"4","3","http://dbpedia.org/resource/David_Lean"
"5","3","http://dbpedia.org/resource/Steven_Spielberg"
"6","3","http://dbpedia.org/resource/John_Ford"
"7","3","http://dbpedia.org/resource/Steven_Spielberg"
"8","3","http://dbpedia.org/resource/Alfred_Hitchcock"
"9","3","http://dbpedia.org/resource/Akira_Kurosawa"
"20","3","http://dbpedia.org/resource/Charlie_Chaplin"
"21","3","http://dbpedia.org/resource/Ridley_Scott"
"22","3","http://dbpedia.org/resource/George_Roy_Hill"
"23","3","http://dbpedia.org/resource/John_Huston"
"24","3","http://dbpedia.org/resource/Peter_Jackson"
"25","3","http://dbpedia.org/resource/Preston_Sturges"
"26","3","http://dbpedia.org/resource/Rob_Reiner"
"27","3","[http://dbpedia.org/resource/Terry_Gilliam, http://dbpedia.org/resource/Terry_Jones]"
"28","3","http://dbpedia.org/resource/William_Wyler"
"29","3","http://dbpedia.org/resource/Steven_Spielberg"
"30","3","[http://dbpedia.org/resource/William_Keighley, http://dbpedia.org/resource/Michael_Curtiz]"
"32","3","http://dbpedia.org/resource/John_Sturges"
"33","3","http://dbpedia.org/resource/Hayao_Miyazaki"
"34","3","http://dbpedia.org/resource/Richard_Marquand"
"35","3","http://dbpedia.org/resource/Guy_Hamilton"
"36","3","http://dbpedia.org/resource/Werner_Herzog"
"37","3","http://dbpedia.org/resource/Stanley_Kubrick"
"38","3","http://dbpedia.org/resource/Kevin_Costner"
"39","3","[http://dbpedia.org/resource/Ben_Sharpsteen, http://dbpedia.org/resource/Norm_Ferguson_(animator), http://dbpedia.org/resource/Wilfred_Jackson, http://dbpedia.org/resource/Hamilton_Luske, http://dbpedia.org/resource/Jack_Kinney, http://dbpedia.org/resource/T._Hee]"
"40","3","http://dbpedia.org/resource/Howard_Hawks"
"41","3","http://dbpedia.org/resource/Franklin_J._Schaffner"
"42","3","http://dbpedia.org/resource/John_Lasseter"
"46","3","http://dbpedia.org/resource/George_Miller_(filmmaker)"
"47","3","http://dbpedia.org/resource/Ivan_Reitman"
"48","3","http://dbpedia.org/resource/Rob_Reiner"
"49","3","http://dbpedia.org/resource/John_Sturges"
"50","3","http://dbpedia.org/resource/John_Boorman"
"51","3","http://dbpedia.org/resource/Philip_Kaufman"
"52","3","http://dbpedia.org/resource/Chris_Noonan"
"53","3","http://dbpedia.org/resource/Andrew_Stanton"
"54","3","http://dbpedia.org/resource/Andrei_Tarkovsky"
"55","3","http://dbpedia.org/resource/Gore_Verbinski"
"56","3","http://dbpedia.org/resource/Howard_Hawks"
"57","3","http://dbpedia.org/resource/Brad_Bird"
"58","3","http://dbpedia.org/resource/Jay_Roach"
"59","3","http://dbpedia.org/resource/Cecil_B._DeMille"
"60","3","http://dbpedia.org/resource/Roland_Emmerich"
"61","3","http://dbpedia.org/resource/Tony_Richardson"
"62","3","http://dbpedia.org/resource/Paul_Verhoeven"
"63","3","http://dbpedia.org/resource/Frank_Lloyd"
"64","3","http://dbpedia.org/resource/Wolfgang_Reitherman"
"65","3","http://dbpedia.org/resource/Steven_Spielberg"
"66","3","http://dbpedia.org/resource/Brad_Bird"
"67","3","http://dbpedia.org/resource/Michael_Mann_(director)"
"68","3","http://dbpedia.org/resource/Ron_Howard"
"70","3","http://dbpedia.org/resource/Andrew_Davis_(director)"
"71","3","http://dbpedia.org/resource/Sydney_Pollack"
"72","3","http://dbpedia.org/resource/Sam_Raimi"
"73","3","http://dbpedia.org/resource/Nicholas_Meyer"
"74","3","http://dbpedia.org/resource/Andrei_Tarkovsky"
"75","3","http://dbpedia.org/resource/Georges_M%C3%A9li%C3%A8s"
"76","3","http://dbpedia.org/resource/Terence_Young_(director)"
"77","3","http://dbpedia.org/resource/Coen_brothers"
"78","3","http://dbpedia.org/resource/Hayao_Miyazaki"
"79","3","http://dbpedia.org/resource/Werner_Herzog"
"100","3","http://dbpedia.org/resource/Terence_Young_(director)"
"80","3","http://dbpedia.org/resource/Hayao_Miyazaki"
"81","3","http://dbpedia.org/resource/Barry_Sonnenfeld"
"82","3","http://dbpedia.org/resource/Stanley_Donen"
"83","3","http://dbpedia.org/resource/Steven_Spielberg"
"84","3","http://dbpedia.org/resource/Peter_Weir"
"85","3","http://dbpedia.org/resource/George_Miller_(filmmaker)"
"86","3","http://dbpedia.org/resource/Pete_Docter"
"87","3","http://dbpedia.org/resource/Alfonso_Cuar%C3%B3n"
