"350","2","[http://dbpedia.org/resource/Acclaim_Studios_Austin, http://dbpedia.org/resource/Bit_Managers]"
"350","3","http://dbpedia.org/resource/Acclaim_Entertainment"
"350","7","http://dbpedia.org/resource/First-person_shooter"
"351","2","[http://dbpedia.org/resource/Acclaim_Studios_Austin, http://dbpedia.org/resource/Bit_Managers]"
"351","3","[http://dbpedia.org/resource/Acclaim_Entertainment, http://dbpedia.org/resource/Western_Publishing]"
"351","7","[http://dbpedia.org/resource/Platform_game, http://dbpedia.org/resource/First-person_shooter]"
"230","2","http://dbpedia.org/resource/Midway_Games"
"230","3","http://dbpedia.org/resource/Midway_Games"
"110","2","http://dbpedia.org/resource/Core_Design"
"110","3","[http://dbpedia.org/resource/Microsoft_Windows, http://dbpedia.org/resource/Eidos_Interactive, http://dbpedia.org/resource/Crave_Entertainment]"
"110","7","http://dbpedia.org/resource/Beat_'em_up"
"352","2","http://dbpedia.org/resource/Boss_Game_Studios"
"352","3","http://dbpedia.org/resource/Midway_Games"
"352","7","http://dbpedia.org/resource/Sports_game"
"231","2","http://dbpedia.org/resource/Midway_Games"
"231","3","http://dbpedia.org/resource/Midway_Games"
"111","2","http://dbpedia.org/resource/Culture_Brain"
"111","3","[http://dbpedia.org/resource/Culture_Brain, http://dbpedia.org/resource/Natsume_(company)]"
"111","7","[http://dbpedia.org/resource/Fighting_game, http://dbpedia.org/resource/Role-playing_video_game]"
"112","2","[http://dbpedia.org/resource/Acclaim_Studios_Austin, http://dbpedia.org/resource/Acclaim_Cheltenham]"
"112","3","http://dbpedia.org/resource/Acclaim_Entertainment"
"112","7","http://dbpedia.org/resource/First-person_shooter"
"354","2","[http://dbpedia.org/resource/Infogrames_Entertainment,_SA, http://dbpedia.org/resource/Eden_Games, http://dbpedia.org/resource/Velez_&_Dubail]"
"354","3","[http://dbpedia.org/resource/Atari, http://dbpedia.org/resource/Infogrames_Entertainment,_SA, http://dbpedia.org/resource/Electronic_Arts, http://dbpedia.org/resource/Ocean_Software, http://dbpedia.org/resource/Spike_(company)]"
"354","7","http://dbpedia.org/resource/Racing_video_game"
"113","2","http://dbpedia.org/resource/Underground_Development"
"113","3","http://dbpedia.org/resource/Fox_Interactive"
"113","7","http://dbpedia.org/resource/Sports_game"
"234","2","http://dbpedia.org/resource/Acclaim_Studios_Austin"
"234","3","http://dbpedia.org/resource/Acclaim_Entertainment"
"234","7","[http://dbpedia.org/resource/Sports_game, http://dbpedia.org/resource/American_football]"
"355","2","http://dbpedia.org/resource/Luxoflux"
"355","3","http://dbpedia.org/resource/Activision"
"355","7","http://dbpedia.org/resource/Vehicular_combat_game"
"356","2","http://dbpedia.org/resource/Luxoflux"
"356","3","http://dbpedia.org/resource/Activision"
"356","7","[http://dbpedia.org/resource/Action_game, http://dbpedia.org/resource/Vehicular_combat_game]"
"114","2","http://dbpedia.org/resource/Chunsoft"
"114","3","http://dbpedia.org/resource/Chunsoft"
"114","7","http://dbpedia.org/resource/Roguelike"
"235","2","http://dbpedia.org/resource/High_Voltage_Software"
"235","3","http://dbpedia.org/resource/Acclaim_Entertainment"
"235","7","[http://dbpedia.org/resource/Sports_game, http://dbpedia.org/resource/American_football]"
"236","2","http://dbpedia.org/resource/EA_Canada"
"236","3","http://dbpedia.org/resource/EA_Sports"
"236","7","http://dbpedia.org/resource/Sports_game"
"115","2","http://dbpedia.org/resource/Konami"
"115","3","http://dbpedia.org/resource/Konami"
"115","7","http://dbpedia.org/resource/Fighting_game"
"357","2","http://dbpedia.org/resource/Titus_Software"
"357","3","http://dbpedia.org/resource/Titus_Software"
"357","7","http://dbpedia.org/resource/Strategy"
"358","2","http://dbpedia.org/resource/Celeris"
"358","3","http://dbpedia.org/resource/Crave_Entertainment"
"358","7","[http://dbpedia.org/resource/Sports_game, http://dbpedia.org/resource/Pool_(cue_sports)]"
"116","2","http://dbpedia.org/resource/Atari_Games"
"116","3","http://dbpedia.org/resource/Atari_Games"
"116","7","[http://dbpedia.org/resource/Hack_and_slash, http://dbpedia.org/resource/Beat_'em_up]"
"237","2","http://dbpedia.org/resource/Konami"
"237","3","http://dbpedia.org/resource/Konami"
"237","7","http://dbpedia.org/resource/Sports_game"
"359","2","[http://dbpedia.org/resource/Asmik_Ace_Entertainment, http://dbpedia.org/resource/Syn_Sophia]"
"359","3","http://dbpedia.org/resource/Asmik_Ace_Entertainment"
"359","7","http://dbpedia.org/resource/Professional_wrestling"
"117","2","http://dbpedia.org/resource/Hudson_Soft"
"117","3","http://dbpedia.org/resource/Hudson_Soft"
"117","7","http://dbpedia.org/resource/Party_game"
"118","2","http://dbpedia.org/resource/Crystal_Dynamics"
"118","3","[http://dbpedia.org/resource/Eidos_Interactive, http://dbpedia.org/resource/Crave_Entertainment]"
"118","7","http://dbpedia.org/resource/Platform_game"
"10","2","http://dbpedia.org/resource/Human_Entertainment"
"10","7","http://dbpedia.org/resource/Racing_video_game"
"14","2","http://dbpedia.org/resource/Smart_Dog"
"14","3","http://dbpedia.org/resource/Ubisoft"
"14","7","http://dbpedia.org/resource/Sports_game"
"16","2","[http://dbpedia.org/resource/Acclaim_Cheltenham, http://dbpedia.org/resource/NEON_Enterprise_Software]"
"16","3","http://dbpedia.org/resource/Acclaim_Entertainment"
"16","7","http://dbpedia.org/resource/First-person_shooter"
"17","2","http://dbpedia.org/resource/The_3DO_Company"
"17","3","http://dbpedia.org/resource/The_3DO_Company"
"17","7","http://dbpedia.org/resource/Shooter_game"
"18","2","http://dbpedia.org/resource/The_3DO_Company"
"18","3","http://dbpedia.org/resource/The_3DO_Company"
"19","2","http://dbpedia.org/resource/The_3DO_Company"
"19","3","http://dbpedia.org/resource/The_3DO_Company"
"360","2","[http://dbpedia.org/resource/Asmik_Ace_Entertainment, http://dbpedia.org/resource/Syn_Sophia]"
"360","3","http://dbpedia.org/resource/Asmik_Ace_Entertainment"
"360","7","http://dbpedia.org/resource/Professional_wrestling"
"361","2","http://dbpedia.org/resource/Technology_and_Entertainment_Software"
"361","3","http://dbpedia.org/resource/Nintendo"
"361","7","http://dbpedia.org/resource/Sports_game"
"240","2","http://dbpedia.org/resource/Kalisto_Entertainment"
"240","7","http://dbpedia.org/resource/Survival_horror"
"120","2","http://dbpedia.org/resource/Blitz_Games"
"120","3","http://dbpedia.org/resource/Hasbro_Interactive"
"120","7","http://dbpedia.org/resource/Platform_game"
"362","2","[http://dbpedia.org/resource/Midway_Games, http://dbpedia.org/resource/Eurocom]"
"362","3","http://dbpedia.org/resource/GT_Interactive_Software"
"362","7","http://dbpedia.org/resource/Fighting_game"
"121","2","http://dbpedia.org/resource/Konami"
"121","3","http://dbpedia.org/resource/Konami"
"121","7","http://dbpedia.org/resource/Board_game"
"363","2","http://dbpedia.org/resource/Nintendo_Entertainment_Analysis_&_Development"
"363","3","http://dbpedia.org/resource/Nintendo"
"363","7","http://dbpedia.org/resource/Racing_video_game"
"242","2","[http://dbpedia.org/resource/THQ, http://dbpedia.org/resource/Electronic_Arts]"
"242","3","http://dbpedia.org/resource/Electronic_Arts"
"242","7","http://dbpedia.org/resource/Shooter_game"
"243","2","http://dbpedia.org/resource/Pack-In-Video"
"243","3","http://dbpedia.org/resource/Victor_Interactive_Software"
"243","7","http://dbpedia.org/resource/Sports_game"
"364","2","http://dbpedia.org/resource/WMS_Industries"
"364","3","[http://dbpedia.org/resource/Atari_Games, http://dbpedia.org/resource/Midway_Games]"
"364","7","http://dbpedia.org/resource/Sports_game"
"1","2","http://dbpedia.org/resource/Nintendo_Entertainment_Analysis_&_Development"
"1","3","http://dbpedia.org/resource/Nintendo"
"1","7","http://dbpedia.org/resource/Racing_video_game"
"122","2","http://dbpedia.org/resource/Konami"
"122","3","http://dbpedia.org/resource/Konami"
"122","7","http://dbpedia.org/resource/Platform_game"
"123","2","http://dbpedia.org/resource/Westwood_Studios"
"123","3","http://dbpedia.org/resource/Electronic_Arts"
"123","7","http://dbpedia.org/resource/Casino_game"
"365","2","http://dbpedia.org/resource/Software_Creations_(UK)"
"365","3","http://dbpedia.org/resource/Midway_Games"
"365","7","http://dbpedia.org/resource/Sports_game"
"244","2","http://dbpedia.org/resource/VIS_Entertainment"
"244","3","http://dbpedia.org/resource/VIS_Entertainment"
"244","7","http://dbpedia.org/resource/Sports_game"
"366","2","[http://dbpedia.org/resource/Kodiak_Interactive, http://dbpedia.org/resource/Electronic_Arts]"
"366","3","http://dbpedia.org/resource/Electronic_Arts"
"366","7","http://dbpedia.org/resource/Professional_wrestling"
"124","2","http://dbpedia.org/resource/Rare_Ltd."
"124","3","http://dbpedia.org/resource/Nintendo"
"124","7","[http://dbpedia.org/resource/Stealth_game, http://dbpedia.org/resource/First-person_shooter]"
"245","2","[http://dbpedia.org/resource/Midway_Games, http://dbpedia.org/resource/Avalanche_Software]"
"245","3","[http://dbpedia.org/resource/Midway_Games, http://dbpedia.org/resource/GT_Interactive_Software]"
"245","7","http://dbpedia.org/resource/Racing_video_game"
"3","2","http://dbpedia.org/resource/Bottom_Up_(company)"
"3","3","http://dbpedia.org/resource/Bottom_Up_(company)"
"3","7","http://dbpedia.org/resource/Sports_game"
"246","2","[http://dbpedia.org/resource/Quest_Corporation, http://dbpedia.org/resource/Dual_Corporation]"
"246","3","http://dbpedia.org/resource/Square_Enix"
"246","7","[http://dbpedia.org/resource/Real-time_strategy, http://dbpedia.org/resource/Tactical_role-playing_game]"
"367","2","[http://dbpedia.org/resource/Kodiak_Interactive, http://dbpedia.org/resource/Electronic_Arts]"
"367","3","http://dbpedia.org/resource/Electronic_Arts"
"367","7","http://dbpedia.org/resource/Professional_wrestling"
"4","2","http://dbpedia.org/resource/Bottom_Up_(company)"
"4","3","http://dbpedia.org/resource/Bottom_Up_(company)"
"4","7","http://dbpedia.org/resource/Sports_game"
"125","3","[http://dbpedia.org/resource/Imagineer_(Japanese_company), http://dbpedia.org/resource/Ocean_Software]"
"125","7","http://dbpedia.org/resource/Racing_video_game"
"368","2","http://dbpedia.org/resource/Inland_Productions"
"368","3","http://dbpedia.org/resource/THQ"
"368","7","[http://dbpedia.org/resource/Professional_wrestling, http://dbpedia.org/resource/Fighting_game]"
"126","2","http://dbpedia.org/resource/Culture_Brain"
"126","3","http://dbpedia.org/resource/Culture_Brain"
"126","7","http://dbpedia.org/resource/Life_simulation_game"
"5","2","http://dbpedia.org/resource/Bottom_Up_(company)"
"5","3","http://dbpedia.org/resource/Bottom_Up_(company)"
"5","7","http://dbpedia.org/resource/Card_game"
"247","2","[http://dbpedia.org/resource/Atari_Games, http://dbpedia.org/resource/Treyarch]"
"247","3","http://dbpedia.org/resource/Midway_Games"
"247","7","http://dbpedia.org/resource/Sports_game"
"369","2","[http://dbpedia.org/resource/Asmik_Ace_Entertainment, http://dbpedia.org/resource/Syn_Sophia]"
"369","3","http://dbpedia.org/resource/THQ"
"369","7","http://dbpedia.org/resource/Sports_game"
"127","2","[http://dbpedia.org/resource/Marvelous_Entertainment, http://dbpedia.org/resource/Victor_Interactive_Software]"
"127","3","http://dbpedia.org/resource/Natsume_(company)"
"127","7","http://dbpedia.org/resource/Construction_and_management_simulation"
"248","2","http://dbpedia.org/resource/Bottom_Up_(company)"
"248","3","http://dbpedia.org/resource/Bottom_Up_(company)"
"248","7","http://dbpedia.org/resource/Strategy_game"
"6","2","http://dbpedia.org/resource/Paradigm_Entertainment"
"6","3","http://dbpedia.org/resource/Video_System"
"6","7","http://dbpedia.org/resource/Combat_flight_simulator"
"128","2","http://dbpedia.org/resource/Shouei_System"
"128","3","http://dbpedia.org/resource/Shouei_System"
"128","7","http://dbpedia.org/resource/Pachinko"
"7","2","http://dbpedia.org/resource/Locomotive_Games"
"7","3","http://dbpedia.org/resource/ASCII_Corporation"
"7","7","http://dbpedia.org/resource/Racing_video_game"
"129","2","http://dbpedia.org/resource/Player_1"
"129","3","http://dbpedia.org/resource/Titus_Software"
"129","7","http://dbpedia.org/resource/Action-adventure_game"
"9","3","http://dbpedia.org/resource/THQ"
"9","7","http://dbpedia.org/resource/Role-playing_video_game"
"21","2","http://dbpedia.org/resource/Titus_Software"
"21","3","http://dbpedia.org/resource/Titus_Software"
"21","7","http://dbpedia.org/resource/Racing_video_game"
"22","2","http://dbpedia.org/resource/Treasure_(company)"
"22","3","[http://dbpedia.org/resource/D3_Publisher, http://dbpedia.org/resource/Entertainment_Software_Publishing, http://dbpedia.org/resource/Conspiracy_Entertainment]"
"22","7","http://dbpedia.org/resource/Shoot_'em_up"
"23","2","http://dbpedia.org/resource/Taito_Corporation"
"23","3","http://dbpedia.org/resource/Taito_Corporation"
"23","7","http://dbpedia.org/resource/Board_game"
"24","2","[http://dbpedia.org/resource/Rare_Ltd., http://dbpedia.org/resource/4J_Studios]"
"24","3","[http://dbpedia.org/resource/Nintendo, http://dbpedia.org/resource/Microsoft_Studios]"
"24","7","[http://dbpedia.org/resource/Action-adventure_game, http://dbpedia.org/resource/Platform_game]"
"25","2","[http://dbpedia.org/resource/Rare_Ltd., http://dbpedia.org/resource/4J_Studios]"
"25","3","[http://dbpedia.org/resource/Nintendo, http://dbpedia.org/resource/Microsoft_Studios]"
"25","7","[http://dbpedia.org/resource/Action-adventure_game, http://dbpedia.org/resource/Platform_game]"
"26","2","http://dbpedia.org/resource/Gear_Head_Studios"
"26","3","http://dbpedia.org/resource/Take-Two_Interactive"
"26","7","http://dbpedia.org/resource/Fishing"
"27","2","http://dbpedia.org/resource/Mass_Media_Inc."
"27","3","http://dbpedia.org/resource/THQ"
"27","7","http://dbpedia.org/resource/Fishing"
"28","2","http://dbpedia.org/resource/Visco_Corporation"
"28","3","http://dbpedia.org/resource/Visco_Corporation"
"28","7","http://dbpedia.org/resource/Sports_game"
"29","2","http://dbpedia.org/resource/Kemco"
"29","3","http://dbpedia.org/resource/Ubisoft"
"29","7","http://dbpedia.org/resource/Beat_'em_up"
"250","2","http://dbpedia.org/resource/Intelligent_Systems"
"250","3","http://dbpedia.org/resource/Nintendo"
"250","7","http://dbpedia.org/resource/Role-playing_video_game"
"371","2","http://dbpedia.org/resource/Zed_Two"
"371","3","[http://dbpedia.org/resource/Imagineer_(Japanese_company), http://dbpedia.org/resource/Take-Two_Interactive, http://dbpedia.org/resource/Ocean_Software, http://dbpedia.org/resource/Xicat_Interactive]"
"371","7","http://dbpedia.org/resource/Puzzle_video_game"
"251","2","http://dbpedia.org/resource/Atari_Games"
"251","3","[http://dbpedia.org/resource/Atari_Games, http://dbpedia.org/resource/Mindscape, http://dbpedia.org/resource/Elite_Systems]"
"251","7","http://dbpedia.org/resource/Action_game"
"130","2","http://dbpedia.org/resource/Raven_Software"
"130","3","http://dbpedia.org/resource/Id_Software"
"130","7","http://dbpedia.org/resource/First-person_shooter"
"131","2","http://dbpedia.org/resource/Ambrella"
"131","3","http://dbpedia.org/resource/Nintendo"
"131","7","http://dbpedia.org/resource/Life_simulation_game"
"252","2","http://dbpedia.org/resource/Telenet_Japan"
"252","3","http://dbpedia.org/resource/Telenet_Japan"
"252","7","http://dbpedia.org/resource/Pachinko"
"373","2","http://dbpedia.org/resource/Tecmo_Koei"
"373","3","http://dbpedia.org/resource/Koei"
"373","7","http://dbpedia.org/resource/Third-person_shooter"
"132","2","http://dbpedia.org/resource/Stormfront_Studios"
"132","3","http://dbpedia.org/resource/Electronic_Arts"
"132","7","http://dbpedia.org/resource/Racing_video_game"
"374","2","http://dbpedia.org/resource/SCE_Studio_Liverpool"
"374","3","http://dbpedia.org/resource/Midway_Games"
"374","7","http://dbpedia.org/resource/Racing_video_game"
"253","2","http://dbpedia.org/resource/Bandai"
"253","3","http://dbpedia.org/resource/Bandai"
"253","7","http://dbpedia.org/resource/Role-playing_game"
"254","2","http://dbpedia.org/resource/Locomotive_Games"
"254","3","http://dbpedia.org/resource/THQ"
"254","7","http://dbpedia.org/resource/Racing_video_game"
"375","2","http://dbpedia.org/resource/Givro"
"375","3","http://dbpedia.org/resource/Enix"
"375","7","http://dbpedia.org/resource/Life_simulation_game"
"133","2","http://dbpedia.org/resource/Konami"
"133","3","http://dbpedia.org/resource/Konami"
"133","7","http://dbpedia.org/resource/Action_role-playing_game"
"255","2","http://dbpedia.org/resource/Rare_Ltd."
"255","7","[http://dbpedia.org/resource/Stealth_game, http://dbpedia.org/resource/First-person_shooter]"
"376","2","[http://dbpedia.org/resource/Tiertex_Design_Studios, http://dbpedia.org/resource/EA_Canada]"
"376","3","[http://dbpedia.org/resource/EA_Sports, http://dbpedia.org/resource/THQ]"
"376","7","http://dbpedia.org/resource/Sports_game"
"134","2","http://dbpedia.org/resource/Midway_San_Diego"
"134","3","http://dbpedia.org/resource/Midway_Games"
"134","7","http://dbpedia.org/resource/Racing_video_game"
"377","2","http://dbpedia.org/resource/Boss_Game_Studios"
"377","3","http://dbpedia.org/resource/Midway_Games"
"377","7","http://dbpedia.org/resource/Racing_video_game"
"256","2","http://dbpedia.org/resource/Infogrames_Entertainment,_SA"
"256","3","http://dbpedia.org/resource/Infogrames_Entertainment,_SA"
"256","7","http://dbpedia.org/resource/Sports_game"
"378","2","[http://dbpedia.org/resource/Black_Ops_Entertainment, http://dbpedia.org/resource/Eurocom, http://dbpedia.org/resource/2n_Productions]"
"378","3","http://dbpedia.org/resource/Electronic_Arts"
"378","7","[http://dbpedia.org/resource/Stealth_game, http://dbpedia.org/resource/First-person_shooter]"
"136","2","http://dbpedia.org/resource/Acclaim_Studios_Austin"
"136","3","http://dbpedia.org/resource/Acclaim_Entertainment"
"136","7","[http://dbpedia.org/resource/Racing_video_game, http://dbpedia.org/resource/Platform_game]"
"257","2","[http://dbpedia.org/resource/Nintendo, http://dbpedia.org/resource/Paradigm_Entertainment]"
"257","3","http://dbpedia.org/resource/Nintendo"
"257","7","http://dbpedia.org/resource/Amateur_flight_simulation"
"379","2","[http://dbpedia.org/resource/Infogrames_Entertainment,_SA, http://dbpedia.org/resource/Team17]"
"379","3","[http://dbpedia.org/resource/Atari, http://dbpedia.org/resource/Infogrames_Entertainment,_SA, http://dbpedia.org/resource/Team17]"
"379","7","[http://dbpedia.org/resource/Strategy_game, http://dbpedia.org/resource/Artillery_game]"
"137","7","http://dbpedia.org/resource/Action-adventure_game"
"258","2","http://dbpedia.org/resource/Nintendo_Software_Technology"
"258","3","http://dbpedia.org/resource/Nintendo"
"258","7","http://dbpedia.org/resource/Puzzle_video_game"
"259","2","[http://dbpedia.org/resource/HAL_Laboratory, http://dbpedia.org/resource/Pax_Softnica]"
"259","3","http://dbpedia.org/resource/Nintendo"
"259","7","[http://dbpedia.org/resource/Simulation_video_game, http://dbpedia.org/resource/First-person_shooter]"
"138","2","http://dbpedia.org/resource/Paradigm_Entertainment"
"138","3","http://dbpedia.org/resource/Infogrames_Entertainment,_SA"
"138","7","http://dbpedia.org/resource/Racing_video_game"
"139","2","http://dbpedia.org/resource/Konami"
"139","3","http://dbpedia.org/resource/Konami"
"139","7","http://dbpedia.org/resource/Sports_game"
"30","2","http://dbpedia.org/resource/The_3DO_Company"
"30","3","http://dbpedia.org/resource/The_3DO_Company"
"30","7","http://dbpedia.org/resource/Action_game"
"31","2","http://dbpedia.org/resource/The_3DO_Company"
"31","3","http://dbpedia.org/resource/The_3DO_Company"
"31","7","http://dbpedia.org/resource/Action_game"
"32","2","http://dbpedia.org/resource/Climax_Group"
"32","3","http://dbpedia.org/resource/Crave_Entertainment"
"32","7","http://dbpedia.org/resource/Real-time_strategy"
"33","2","http://dbpedia.org/resource/Paradigm_Entertainment"
"33","3","http://dbpedia.org/resource/Electronic_Arts"
"33","7","http://dbpedia.org/resource/Racing_video_game"
"34","2","http://dbpedia.org/resource/Natsume_(company)"
"34","7","http://dbpedia.org/resource/Sports_game"
"35","2","http://dbpedia.org/resource/Saffire_(video_game_developer)"
"35","3","http://dbpedia.org/resource/Midway_Games"
"35","7","http://dbpedia.org/resource/Fighting_game"
"36","2","http://dbpedia.org/resource/Rare_Ltd."
"36","3","http://dbpedia.org/resource/Nintendo"
"36","7","[http://dbpedia.org/resource/Action_game, http://dbpedia.org/resource/Puzzle_video_game]"
"37","2","http://dbpedia.org/resource/Player_1"
"37","3","http://dbpedia.org/resource/Titus_Software"
"37","7","[http://dbpedia.org/resource/Music_video_game, http://dbpedia.org/resource/Platform_game]"
"38","2","http://dbpedia.org/resource/Rockstar_North"
"38","3","[http://dbpedia.org/resource/Midway_Games, http://dbpedia.org/resource/Gremlin_Interactive]"
"38","7","[http://dbpedia.org/resource/Action-adventure_game, http://dbpedia.org/resource/Open_world, http://dbpedia.org/resource/Third-person_shooter]"
"39","2","http://dbpedia.org/resource/Hudson_Soft"
"39","3","http://dbpedia.org/resource/Nintendo"
"39","7","http://dbpedia.org/resource/Action-adventure_game"
"380","2","http://dbpedia.org/resource/Acclaim_Studios_Austin"
"380","3","http://dbpedia.org/resource/Acclaim_Entertainment"
"380","7","http://dbpedia.org/resource/Professional_wrestling"
"381","2","[http://dbpedia.org/resource/Asmik_Ace_Entertainment, http://dbpedia.org/resource/Syn_Sophia]"
"381","3","http://dbpedia.org/resource/THQ"
"381","7","[http://dbpedia.org/resource/Sports_game, http://dbpedia.org/resource/Fighting_game]"
"260","2","[http://dbpedia.org/resource/HAL_Laboratory, http://dbpedia.org/resource/Nintendo_Entertainment_Analysis_&_Development]"
"260","3","http://dbpedia.org/resource/Nintendo"
"260","7","http://dbpedia.org/resource/Strategy_video_game"
"382","2","[http://dbpedia.org/resource/Acclaim_Cheltenham, http://dbpedia.org/resource/Sculptured_Software]"
"382","3","http://dbpedia.org/resource/Acclaim_Entertainment"
"382","7","[http://dbpedia.org/resource/Sports_game, http://dbpedia.org/resource/Fighting_game]"
"261","2","[http://dbpedia.org/resource/HAL_Laboratory, http://dbpedia.org/resource/Nintendo_Entertainment_Analysis_&_Development]"
"261","3","http://dbpedia.org/resource/Nintendo"
"261","7","http://dbpedia.org/resource/Strategy_game"
"140","2","http://dbpedia.org/resource/Konami"
"140","3","http://dbpedia.org/resource/Konami"
"140","7","http://dbpedia.org/resource/Sports_game"
"141","2","http://dbpedia.org/resource/Konami"
"141","3","http://dbpedia.org/resource/Konami"
"141","7","http://dbpedia.org/resource/Sports_game"
"383","2","[http://dbpedia.org/resource/Asmik_Ace_Entertainment, http://dbpedia.org/resource/Syn_Sophia, http://dbpedia.org/resource/Natsume_(company)]"
"383","7","[http://dbpedia.org/resource/Professional_wrestling, http://dbpedia.org/resource/Fighting_game]"
"262","2","http://dbpedia.org/resource/Vicarious_Visions"
"262","3","http://dbpedia.org/resource/Vatical_Entertainment"
"262","7","http://dbpedia.org/resource/Racing_video_game"
"384","2","http://dbpedia.org/resource/Saffire_(video_game_developer)"
"384","3","http://dbpedia.org/resource/Titus_Software"
"384","7","http://dbpedia.org/resource/Fighting_game"
"142","2","http://dbpedia.org/resource/Konami"
"142","3","http://dbpedia.org/resource/Konami"
"142","7","http://dbpedia.org/resource/Sports_game"
"263","2","http://dbpedia.org/resource/Hudson_Soft"
"263","3","http://dbpedia.org/resource/Hudson_Soft"
"263","7","http://dbpedia.org/resource/Sports_game"
"143","2","http://dbpedia.org/resource/HAL_Laboratory"
"143","3","http://dbpedia.org/resource/Nintendo"
"143","7","http://dbpedia.org/resource/Sports_game"
"385","2","http://dbpedia.org/resource/Athena_(company)"
"385","3","http://dbpedia.org/resource/Athena_(company)"
"385","7","http://dbpedia.org/resource/Adventure_game"
"264","2","[http://dbpedia.org/resource/Microsoft_Windows, http://dbpedia.org/resource/Natsume_(company), http://dbpedia.org/resource/Climax_Studios, http://dbpedia.org/resource/Mass_Media_Inc., http://dbpedia.org/resource/Red_Sky_Interactive]"
"264","3","[http://dbpedia.org/resource/Bandai, http://dbpedia.org/resource/THQ, http://dbpedia.org/resource/Fox_Kids]"
"264","7","[http://dbpedia.org/resource/Action_game, http://dbpedia.org/resource/Platform_game, http://dbpedia.org/resource/Beat_'em_up]"
"386","2","http://dbpedia.org/resource/Nintendo_Entertainment_Analysis_&_Development"
"386","3","http://dbpedia.org/resource/Nintendo"
"386","7","http://dbpedia.org/resource/Platform_game"
"144","2","http://dbpedia.org/resource/A-Max"
"144","3","http://dbpedia.org/resource/Imagineer_(Japanese_company)"
"144","7","http://dbpedia.org/resource/Sports_game"
"266","2","http://dbpedia.org/resource/Gremlin_Interactive"
"266","3","http://dbpedia.org/resource/Gremlin_Interactive"
"266","7","http://dbpedia.org/resource/Sports_game"
"145","2","http://dbpedia.org/resource/Hudson_Soft"
"145","3","http://dbpedia.org/resource/Hudson_Soft"
"145","7","http://dbpedia.org/resource/Sports_game"
"387","2","http://dbpedia.org/resource/Pandora_Box_(developer)"
"387","3","http://dbpedia.org/resource/Imagineer_(Japanese_company)"
"387","7","http://dbpedia.org/resource/Role-playing_video_game"
"146","2","http://dbpedia.org/resource/Electronic_Arts_Victor"
"146","3","http://dbpedia.org/resource/Electronic_Arts_Victor"
"146","7","http://dbpedia.org/resource/Sports_game"
"147","2","http://dbpedia.org/resource/ASCII_Corporation"
"147","3","http://dbpedia.org/resource/ASCII_Corporation"
"147","7","http://dbpedia.org/resource/Sports_game"
"269","2","http://dbpedia.org/resource/Compile_(publisher)"
"269","3","http://dbpedia.org/resource/Compile_(publisher)"
"269","7","http://dbpedia.org/resource/Puzzle"
"40","2","http://dbpedia.org/resource/Racjin"
"40","3","http://dbpedia.org/resource/Hudson_Soft"
"40","7","http://dbpedia.org/resource/Action_game"
"41","2","http://dbpedia.org/resource/Hudson_Soft"
"41","3","http://dbpedia.org/resource/Vatical_Entertainment"
"41","7","http://dbpedia.org/resource/Action_game"
"42","2","http://dbpedia.org/resource/Hudson_Soft"
"42","3","http://dbpedia.org/resource/Nintendo"
"42","7","http://dbpedia.org/resource/Platform_game"
"43","2","http://dbpedia.org/resource/Konami"
"43","3","http://dbpedia.org/resource/Konami"
"43","7","http://dbpedia.org/resource/Sports_game"
"44","2","[http://dbpedia.org/resource/Point_of_View,_Inc., http://dbpedia.org/resource/Adrenalin_Entertainment]"
"44","3","http://dbpedia.org/resource/THQ"
"44","7","http://dbpedia.org/resource/Ten-pin_bowling"
"45","2","http://dbpedia.org/resource/Argonaut_Games"
"45","3","http://dbpedia.org/resource/Ubisoft"
"45","7","http://dbpedia.org/resource/Action_game"
"46","2","[http://dbpedia.org/resource/Tiertex_Design_Studios, http://dbpedia.org/resource/Traveller's_Tales]"
"46","3","[http://dbpedia.org/resource/THQ, http://dbpedia.org/resource/Activision, http://dbpedia.org/resource/Sony_Computer_Entertainment, http://dbpedia.org/resource/Disney_Interactive_Studios]"
"46","7","http://dbpedia.org/resource/Platform_game"
"47","2","http://dbpedia.org/resource/Taito_Corporation"
"47","3","[http://dbpedia.org/resource/Taito_Corporation, http://dbpedia.org/resource/Acclaim_Entertainment]"
"47","7","http://dbpedia.org/resource/Puzzle_video_game"
"48","2","[http://dbpedia.org/resource/Taito_Corporation, http://dbpedia.org/resource/Acclaim_Cheltenham]"
"48","7","http://dbpedia.org/resource/Puzzle_video_game"
"49","2","http://dbpedia.org/resource/Atari_Games"
"49","3","http://dbpedia.org/resource/Midway_Games"
"49","7","http://dbpedia.org/resource/Racing_video_game"
"271","2","[http://dbpedia.org/resource/Id_Software, http://dbpedia.org/resource/Midway_Games, http://dbpedia.org/resource/ClickBoom, http://dbpedia.org/resource/Lobotomy_Software]"
"271","3","[http://dbpedia.org/resource/Midway_Games, http://dbpedia.org/resource/GT_Interactive_Software, http://dbpedia.org/resource/Macmillan_Publishers_(United_States), http://dbpedia.org/resource/Sega, http://dbpedia.org/resource/MacSoft_Games]"
"271","7","http://dbpedia.org/resource/Multiplayer_online_battle_arena"
"150","2","http://dbpedia.org/resource/Acclaim_Entertainment"
"150","3","http://dbpedia.org/resource/Acclaim_Entertainment"
"150","7","http://dbpedia.org/resource/Racing_video_game"
"151","2","http://dbpedia.org/resource/Rare_Ltd."
"151","7","[http://dbpedia.org/resource/Action-adventure_game, http://dbpedia.org/resource/Platform_game, http://dbpedia.org/resource/Third-person_shooter]"
"272","2","http://dbpedia.org/resource/Id_Software"
"272","3","[http://dbpedia.org/resource/Activision, http://dbpedia.org/resource/Macmillan_Digital_Publishing_USA]"
"272","7","http://dbpedia.org/resource/First-person_shooter"
"273","2","http://dbpedia.org/resource/Imagineer_(Japanese_company)"
"273","7","http://dbpedia.org/resource/Role-playing_video_game"
"152","2","http://dbpedia.org/resource/Konami_Computer_Entertainment_Nagoya"
"152","3","http://dbpedia.org/resource/Konami"
"152","7","http://dbpedia.org/resource/Sports_game"
"274","2","http://dbpedia.org/resource/Ubisoft_Red_Storm"
"274","3","http://dbpedia.org/resource/Ubisoft_Red_Storm"
"274","7","http://dbpedia.org/resource/Tactical_shooter"
"153","2","http://dbpedia.org/resource/Konami"
"153","3","http://dbpedia.org/resource/Konami"
"153","7","http://dbpedia.org/resource/Sports_game"
"275","2","http://dbpedia.org/resource/Konami"
"275","3","http://dbpedia.org/resource/Konami"
"275","7","http://dbpedia.org/resource/Fighting_game"
"154","2","http://dbpedia.org/resource/Konami"
"154","3","http://dbpedia.org/resource/Konami"
"154","7","http://dbpedia.org/resource/Sports_game"
"276","2","[http://dbpedia.org/resource/Genki_(company), http://dbpedia.org/resource/Xicat_Interactive]"
"276","3","http://dbpedia.org/resource/SouthPeak_Games"
"276","7","http://dbpedia.org/resource/Racing_video_game"
"155","2","http://dbpedia.org/resource/Konami"
"155","3","http://dbpedia.org/resource/Konami"
"155","7","http://dbpedia.org/resource/Sports_game"
"156","2","http://dbpedia.org/resource/Konami"
"156","3","http://dbpedia.org/resource/Konami"
"156","7","http://dbpedia.org/resource/Sports_game"
"277","2","http://dbpedia.org/resource/Avalanche_Software"
"277","3","http://dbpedia.org/resource/Midway_Games"
"277","7","http://dbpedia.org/resource/Action_game"
"157","2","http://dbpedia.org/resource/Konami"
"157","3","http://dbpedia.org/resource/Konami"
"157","7","http://dbpedia.org/resource/Sports_game"
"278","2","[http://dbpedia.org/resource/Midway_Games, http://dbpedia.org/resource/Personal_computer, http://dbpedia.org/resource/Saffire_(video_game_developer), http://dbpedia.org/resource/Game_Refuge_Inc., http://dbpedia.org/resource/Backbone_Entertainment, http://dbpedia.org/resource/Point_of_View,_Inc.]"
"278","3","[http://dbpedia.org/resource/Midway_Games, http://dbpedia.org/resource/GT_Interactive_Software]"
"278","7","http://dbpedia.org/resource/Action_game"
"279","2","http://dbpedia.org/resource/Pure_(developer)"
"279","3","http://dbpedia.org/resource/Mindscape"
"279","7","http://dbpedia.org/resource/Puzzle_video_game"
"158","2","http://dbpedia.org/resource/Konami"
"158","3","http://dbpedia.org/resource/Konami"
"158","7","http://dbpedia.org/resource/Sports_game"
"159","2","http://dbpedia.org/resource/Takara"
"159","3","http://dbpedia.org/resource/Takara"
"159","7","http://dbpedia.org/resource/Board_game"
"50","2","http://dbpedia.org/resource/Stainless_Games"
"50","3","[http://dbpedia.org/resource/Interplay_Entertainment, http://dbpedia.org/resource/Square_Enix_Europe]"
"50","7","[http://dbpedia.org/resource/Vehicular_combat_game, http://dbpedia.org/resource/Open_world]"
"51","2","http://dbpedia.org/resource/Konami"
"51","3","http://dbpedia.org/resource/Konami"
"51","7","http://dbpedia.org/resource/Platform_game"
"52","2","http://dbpedia.org/resource/Konami"
"52","3","http://dbpedia.org/resource/Konami"
"52","7","[http://dbpedia.org/resource/Action-adventure_game, http://dbpedia.org/resource/Platform_game]"
"53","2","http://dbpedia.org/resource/Hudson_Soft"
"53","7","http://dbpedia.org/resource/Sports_game"
"54","2","http://dbpedia.org/resource/Japan_System_Supply"
"54","3","http://dbpedia.org/resource/Sunsoft"
"54","7","http://dbpedia.org/resource/Platform_game"
"55","2","http://dbpedia.org/resource/Japan_System_Supply"
"55","3","http://dbpedia.org/resource/Sunsoft"
"55","7","http://dbpedia.org/resource/Platform_game"
"56","2","[http://dbpedia.org/resource/Realtime_Associates, http://dbpedia.org/resource/Kemco]"
"56","3","http://dbpedia.org/resource/Kemco"
"56","7","http://dbpedia.org/resource/Puzzle_video_game"
"57","2","http://dbpedia.org/resource/SETA_Corporation"
"57","3","http://dbpedia.org/resource/Midway_Games"
"57","7","http://dbpedia.org/resource/Third-person_shooter"
"58","2","http://dbpedia.org/resource/Locomotive_Staff"
"58","3","http://dbpedia.org/resource/Takara"
"58","7","http://dbpedia.org/resource/Racing_video_game"
"59","2","http://dbpedia.org/resource/Genki_(company)"
"59","3","http://dbpedia.org/resource/Imagineer_(Japanese_company)"
"59","7","http://dbpedia.org/resource/Sports_game"
"280","2","[http://dbpedia.org/resource/Ubisoft, http://dbpedia.org/resource/Ubisoft_Montpellier, http://dbpedia.org/resource/Gameloft]"
"280","3","[http://dbpedia.org/resource/Ubisoft, http://dbpedia.org/resource/Gameloft]"
"280","7","http://dbpedia.org/resource/Platform_game"
"160","2","[http://dbpedia.org/resource/Software_Creations_(UK), http://dbpedia.org/resource/Rockstar_San_Diego]"
"160","3","http://dbpedia.org/resource/Nintendo"
"160","7","http://dbpedia.org/resource/Sports_game"
"281","2","[http://dbpedia.org/resource/Shaba_Games, http://dbpedia.org/resource/Crave_Entertainment, http://dbpedia.org/resource/Crawfish_Interactive, http://dbpedia.org/resource/Titanium_Studios]"
"281","7","http://dbpedia.org/resource/Extreme_sport"
"161","2","http://dbpedia.org/resource/Rare_Ltd."
"161","3","[http://dbpedia.org/resource/Nintendo, http://dbpedia.org/resource/Midway_Games]"
"161","7","http://dbpedia.org/resource/Fighting_game"
"282","2","[http://dbpedia.org/resource/Acclaim_Cheltenham, http://dbpedia.org/resource/Big_Bit_Ltd]"
"282","3","[http://dbpedia.org/resource/Acclaim_Entertainment, http://dbpedia.org/resource/Throwback_Entertainment]"
"282","7","http://dbpedia.org/resource/Racing_video_game"
"162","2","http://dbpedia.org/resource/Pandora_Box_(company)"
"162","3","http://dbpedia.org/resource/Imagineer_(Japanese_company)"
"162","7","http://dbpedia.org/resource/Party_game"
"283","2","http://dbpedia.org/resource/Midway_Games"
"283","3","http://dbpedia.org/resource/Midway_Games"
"283","7","http://dbpedia.org/resource/Sports_game"
"163","2","http://dbpedia.org/resource/HAL_Laboratory"
"163","3","http://dbpedia.org/resource/Nintendo"
"163","7","http://dbpedia.org/resource/Platform_game"
"284","2","[http://dbpedia.org/resource/Midway_Games, http://dbpedia.org/resource/Point_of_View,_Inc.]"
"284","7","http://dbpedia.org/resource/Sports_game"
"285","7","http://dbpedia.org/resource/Survival_horror"
"164","2","http://dbpedia.org/resource/Kemco"
"164","3","http://dbpedia.org/resource/Kemco"
"164","7","http://dbpedia.org/resource/3D_computer_graphics"
"165","3","http://dbpedia.org/resource/EA_Sports"
"165","7","http://dbpedia.org/resource/Sports_game"
"286","2","[http://dbpedia.org/resource/Namco, http://dbpedia.org/resource/Nintendo_Software_Technology]"
"286","3","http://dbpedia.org/resource/Nintendo"
"286","7","http://dbpedia.org/resource/Racing_video_game"
"166","2","http://dbpedia.org/resource/Left_Field_Productions"
"166","3","http://dbpedia.org/resource/Nintendo"
"166","7","http://dbpedia.org/resource/Sports_game"
"287","2","http://dbpedia.org/resource/Locomotive_Games"
"287","3","http://dbpedia.org/resource/THQ"
"287","7","[http://dbpedia.org/resource/Racing_video_game, http://dbpedia.org/resource/Vehicular_combat_game]"
"167","2","http://dbpedia.org/resource/Yuke's"
"167","3","http://dbpedia.org/resource/Hudson_Soft"
"167","7","http://dbpedia.org/resource/Platform_game"
"288","2","http://dbpedia.org/resource/Titus_Software"
"288","3","http://dbpedia.org/resource/Titus_Software"
"288","7","http://dbpedia.org/resource/Racing_video_game"
"289","2","http://dbpedia.org/resource/Red_Entertainment"
"289","3","http://dbpedia.org/resource/Hudson_Soft"
"289","7","http://dbpedia.org/resource/Role-playing_video_game"
"168","2","http://dbpedia.org/resource/Nintendo_Entertainment_Analysis_&_Development"
"168","3","http://dbpedia.org/resource/Nintendo"
"168","7","http://dbpedia.org/resource/Action-adventure_game"
"169","2","http://dbpedia.org/resource/Nintendo_Entertainment_Analysis_&_Development"
"169","3","http://dbpedia.org/resource/Nintendo"
"169","7","http://dbpedia.org/resource/Action-adventure_game"
"60","2","http://dbpedia.org/resource/Genki_(company)"
"60","3","http://dbpedia.org/resource/Imagineer_(Japanese_company)"
"60","7","http://dbpedia.org/resource/Sports_game"
"61","2","http://dbpedia.org/resource/Interplay_Entertainment"
"61","3","http://dbpedia.org/resource/Interplay_Entertainment"
"61","7","http://dbpedia.org/resource/Fighting_game"
"62","2","http://dbpedia.org/resource/Interplay_Entertainment"
"62","3","http://dbpedia.org/resource/Interplay_Entertainment"
"62","7","http://dbpedia.org/resource/Fighting_game"
"64","2","http://dbpedia.org/resource/Rare_Ltd."
"64","7","[http://dbpedia.org/resource/Action_game, http://dbpedia.org/resource/Platform_game]"
"65","2","http://dbpedia.org/resource/Kung_Fu_Factory"
"65","3","http://dbpedia.org/resource/Midway_Games"
"65","7","http://dbpedia.org/resource/Video_game_genres"
"66","2","[http://dbpedia.org/resource/Midway_Games, http://dbpedia.org/resource/WMS_Industries]"
"66","3","http://dbpedia.org/resource/Nintendo"
"66","7","http://dbpedia.org/resource/Racing_video_game"
"67","2","[http://dbpedia.org/resource/Midway_Games, http://dbpedia.org/resource/Eurocom]"
"67","7","http://dbpedia.org/resource/Video_game_genres"
"68","2","http://dbpedia.org/resource/Noise_(company)"
"68","3","http://dbpedia.org/resource/Nintendo"
"68","7","http://dbpedia.org/resource/Action_role-playing_game"
"69","2","http://dbpedia.org/resource/Noise_(company)"
"69","3","http://dbpedia.org/resource/Nintendo"
"69","7","http://dbpedia.org/resource/Action_role-playing_game"
"291","2","http://dbpedia.org/resource/Sucker_Punch_Productions"
"291","3","http://dbpedia.org/resource/Ubisoft"
"291","7","http://dbpedia.org/resource/Platform_game"
"170","2","http://dbpedia.org/resource/High_Voltage_Software"
"170","3","http://dbpedia.org/resource/The_Lego_Group"
"170","7","http://dbpedia.org/resource/Racing_video_game"
"292","2","[http://dbpedia.org/resource/Software_Creations_(UK), http://dbpedia.org/resource/Avalanche_Software, http://dbpedia.org/resource/KnowWonder]"
"292","3","http://dbpedia.org/resource/THQ"
"292","7","http://dbpedia.org/resource/Platform_game"
"171","2","http://dbpedia.org/resource/Big_Bang_(developer)"
"171","7","http://dbpedia.org/resource/Puzzle"
"293","2","http://dbpedia.org/resource/Realtime_Associates"
"293","3","http://dbpedia.org/resource/THQ"
"293","7","http://dbpedia.org/resource/Board_game"
"172","2","[http://dbpedia.org/resource/Atari_Games, http://dbpedia.org/resource/Midway_Games]"
"172","3","http://dbpedia.org/resource/Midway_Games"
"172","7","http://dbpedia.org/resource/Fighting_game"
"173","2","http://dbpedia.org/resource/EA_Tiburon"
"173","3","http://dbpedia.org/resource/EA_Sports"
"173","7","http://dbpedia.org/resource/Sport"
"294","2","http://dbpedia.org/resource/Atari_Games"
"294","3","http://dbpedia.org/resource/Midway_Games"
"294","7","http://dbpedia.org/resource/Racing_video_game"
"174","2","http://dbpedia.org/resource/EA_Tiburon"
"174","3","http://dbpedia.org/resource/EA_Sports"
"174","7","http://dbpedia.org/resource/Sport"
"295","2","http://dbpedia.org/resource/Vivid_Image"
"295","3","http://dbpedia.org/resource/Ubisoft"
"295","7","http://dbpedia.org/resource/Platform_game"
"175","2","http://dbpedia.org/resource/EA_Tiburon"
"175","3","http://dbpedia.org/resource/EA_Sports"
"175","7","http://dbpedia.org/resource/Sport"
"296","2","http://dbpedia.org/resource/SETA_Corporation"
"296","3","http://dbpedia.org/resource/SETA_Corporation"
"296","7","http://dbpedia.org/resource/Board_game"
"297","2","[http://dbpedia.org/resource/Atari_Games, http://dbpedia.org/resource/Midway_Games, http://dbpedia.org/resource/Climax_Group]"
"297","3","[http://dbpedia.org/resource/Atari_Games, http://dbpedia.org/resource/Midway_Games]"
"297","7","http://dbpedia.org/resource/Racing_video_game"
"176","2","[http://dbpedia.org/resource/EA_Tiburon, http://dbpedia.org/resource/3d6_Games]"
"176","3","http://dbpedia.org/resource/EA_Sports"
"176","7","http://dbpedia.org/resource/American_football"
"177","2","[http://dbpedia.org/resource/EA_Tiburon, http://dbpedia.org/resource/Budcat_Creations]"
"177","3","http://dbpedia.org/resource/EA_Sports"
"177","7","http://dbpedia.org/resource/Sports_game"
"298","2","http://dbpedia.org/resource/Atari_Games"
"298","3","http://dbpedia.org/resource/Midway_Games"
"298","7","http://dbpedia.org/resource/Racing_video_game"
"299","2","[http://dbpedia.org/resource/Backbone_Entertainment, http://dbpedia.org/resource/Terraglyph_Interactive_Studios]"
"299","3","http://dbpedia.org/resource/THQ"
"299","7","http://dbpedia.org/resource/Platform_game"
"178","2","http://dbpedia.org/resource/Capcom"
"178","7","http://dbpedia.org/resource/Puzzle_video_game"
"70","2","[http://dbpedia.org/resource/Electronic_Arts, http://dbpedia.org/resource/Xantera]"
"70","3","http://dbpedia.org/resource/Electronic_Arts"
"70","7","http://dbpedia.org/resource/Sports_game"
"71","2","[http://dbpedia.org/resource/Ion_Storm, http://dbpedia.org/resource/Kemco]"
"71","3","http://dbpedia.org/resource/Eidos_Interactive"
"71","7","http://dbpedia.org/resource/First-person_shooter"
"72","2","http://dbpedia.org/resource/List_of_Bemani_series"
"72","3","http://dbpedia.org/resource/Konami"
"72","7","[http://dbpedia.org/resource/Music_video_game, http://dbpedia.org/resource/Exergaming]"
"73","2","http://dbpedia.org/resource/Kronos_Digital_Entertainment"
"73","3","http://dbpedia.org/resource/Tokai_Communications"
"73","7","http://dbpedia.org/resource/Fighting_game"
"74","2","http://dbpedia.org/resource/Taito_Corporation"
"74","3","http://dbpedia.org/resource/Taito_Corporation"
"74","7","http://dbpedia.org/resource/Vehicle_simulation_game"
"75","2","[http://dbpedia.org/resource/ASCII_Corporation, http://dbpedia.org/resource/Parity_Bit_(company)]"
"75","3","[http://dbpedia.org/resource/ASCII_Corporation, http://dbpedia.org/resource/Media_Factory]"
"75","7","[http://dbpedia.org/resource/Racing_video_game, http://dbpedia.org/resource/Business_simulation_game]"
"76","2","[http://dbpedia.org/resource/Looking_Glass_Studios, http://dbpedia.org/resource/Ubisoft_Reflections]"
"76","3","http://dbpedia.org/resource/SCE_Studio_Liverpool"
"76","7","[http://dbpedia.org/resource/Racing_video_game, http://dbpedia.org/resource/Vehicular_combat_game]"
"77","2","http://dbpedia.org/resource/Athena_(company)"
"77","3","http://dbpedia.org/resource/Athena_(company)"
"77","7","http://dbpedia.org/resource/Non-game"
"79","2","[http://dbpedia.org/resource/Ubisoft_Montreal, http://dbpedia.org/resource/Ubisoft_Milan]"
"79","3","[http://dbpedia.org/resource/Disney_Interactive, http://dbpedia.org/resource/Ubisoft]"
"79","7","http://dbpedia.org/resource/Platform_game"
"182","2","http://dbpedia.org/resource/Rockstar_San_Diego"
"182","3","http://dbpedia.org/resource/Nintendo"
"182","7","http://dbpedia.org/resource/Sports_game"
"183","2","http://dbpedia.org/resource/Camelot_Software_Planning"
"183","3","http://dbpedia.org/resource/Nintendo"
"183","7","http://dbpedia.org/resource/Sports_game"
"184","2","http://dbpedia.org/resource/Nintendo_Entertainment_Analysis_&_Development"
"184","3","http://dbpedia.org/resource/Nintendo"
"184","7","http://dbpedia.org/resource/Racing_video_game"
"185","2","http://dbpedia.org/resource/Tokyo_Electron"
"185","3","http://dbpedia.org/resource/Tokyo_Electron"
"185","7","http://dbpedia.org/resource/Educational_game"
"187","2","http://dbpedia.org/resource/Hudson_Soft"
"187","3","http://dbpedia.org/resource/Nintendo"
"187","7","http://dbpedia.org/resource/Party_game"
"188","2","http://dbpedia.org/resource/Hudson_Soft"
"188","3","http://dbpedia.org/resource/Nintendo"
"188","7","http://dbpedia.org/resource/Party_game"
"189","2","[http://dbpedia.org/resource/Nintendo, http://dbpedia.org/resource/Camelot_Software_Planning]"
"189","3","http://dbpedia.org/resource/Nintendo"
"189","7","http://dbpedia.org/resource/Sports_game"
"81","2","http://dbpedia.org/resource/Rare_Ltd."
"81","3","http://dbpedia.org/resource/Nintendo"
"81","7","http://dbpedia.org/resource/Platform_game"
"82","2","[http://dbpedia.org/resource/Id_Software, http://dbpedia.org/resource/Midway_Games]"
"82","3","http://dbpedia.org/resource/Midway_Games"
"82","7","http://dbpedia.org/resource/First-person_shooter"
"83","2","http://dbpedia.org/resource/Epoch_Co."
"83","3","http://dbpedia.org/resource/Epoch_Co."
"83","7","http://dbpedia.org/resource/Action_game"
"84","2","http://dbpedia.org/resource/Epoch_Co."
"84","3","http://dbpedia.org/resource/Epoch_Co."
"84","7","http://dbpedia.org/resource/Action_game"
"85","2","http://dbpedia.org/resource/Epoch_Co."
"85","3","http://dbpedia.org/resource/Epoch_Co."
"85","7","http://dbpedia.org/resource/Action_game"
"86","2","http://dbpedia.org/resource/Nintendo"
"86","3","http://dbpedia.org/resource/Nintendo"
"86","7","http://dbpedia.org/resource/Puzzle_video_game"
"87","2","http://dbpedia.org/resource/Produce_(company)"
"87","3","[http://dbpedia.org/resource/Hudson_Soft, http://dbpedia.org/resource/Electro_Brain]"
"87","7","http://dbpedia.org/resource/Fighting_game"
"88","2","http://dbpedia.org/resource/Paradigm_Entertainment"
"88","3","[http://dbpedia.org/resource/Infogrames_Entertainment,_SA, http://dbpedia.org/resource/Warner_Bros._Interactive_Entertainment]"
"88","7","http://dbpedia.org/resource/Platform_game"
"89","2","[http://dbpedia.org/resource/3D_Realms, http://dbpedia.org/resource/Tiger_Electronics, http://dbpedia.org/resource/Eurocom, http://dbpedia.org/resource/Tectoy, http://dbpedia.org/resource/Lobotomy_Software]"
"89","3","[http://dbpedia.org/resource/GT_Interactive_Software, http://dbpedia.org/resource/Sega, http://dbpedia.org/resource/MacSoft_Games, http://dbpedia.org/resource/Devolver_Digital]"
"89","7","http://dbpedia.org/resource/First-person_shooter"
"190","2","http://dbpedia.org/resource/Technology_and_Entertainment_Software"
"190","3","http://dbpedia.org/resource/Technology_and_Entertainment_Software"
"190","7","http://dbpedia.org/resource/Sports_game"
"191","2","http://dbpedia.org/resource/Capcom"
"191","3","http://dbpedia.org/resource/Capcom"
"191","7","[http://dbpedia.org/resource/Action-adventure_game, http://dbpedia.org/resource/Action_role-playing_game]"
"192","2","http://dbpedia.org/resource/Silicon_Dreams_Studio"
"192","3","[http://dbpedia.org/resource/THQ, http://dbpedia.org/resource/SouthPeak_Games]"
"192","7","http://dbpedia.org/resource/Sports_game"
"193","2","http://dbpedia.org/resource/Rare_Ltd."
"193","3","http://dbpedia.org/resource/Nintendo"
"193","7","http://dbpedia.org/resource/Racing_video_game"
"194","2","[http://dbpedia.org/resource/Mindscape, http://dbpedia.org/resource/Atari,_SA, http://dbpedia.org/resource/Supersonic_Software, http://dbpedia.org/resource/Codemasters, http://dbpedia.org/resource/Big_Red_Software]"
"194","3","[http://dbpedia.org/resource/THQ, http://dbpedia.org/resource/Atari,_SA, http://dbpedia.org/resource/Xbox_(console), http://dbpedia.org/resource/Ocean_Software, http://dbpedia.org/resource/Camerica, http://dbpedia.org/resource/Codemasters]"
"195","2","http://dbpedia.org/resource/Backbone_Entertainment"
"195","3","http://dbpedia.org/resource/Midway_Games"
"195","7","http://dbpedia.org/resource/Arcade_game"
"196","2","http://dbpedia.org/resource/Devil's_Thumb_Entertainment"
"196","3","http://dbpedia.org/resource/GT_Interactive_Software"
"196","7","http://dbpedia.org/resource/Sports_game"
"197","2","http://dbpedia.org/resource/Player_1"
"197","3","http://dbpedia.org/resource/Crave_Entertainment"
"197","7","http://dbpedia.org/resource/Sport"
"198","2","http://dbpedia.org/resource/Treasure_(company)"
"198","7","http://dbpedia.org/resource/Platform_game"
"199","2","[http://dbpedia.org/resource/Infogrames_Entertainment,_SA, http://dbpedia.org/resource/Ocean_Software]"
"199","3","[http://dbpedia.org/resource/Infogrames_Entertainment,_SA, http://dbpedia.org/resource/Ocean_Software]"
"199","7","[http://dbpedia.org/resource/Stealth_game, http://dbpedia.org/resource/Third-person_shooter]"
"90","2","http://dbpedia.org/resource/Eurocom"
"90","3","http://dbpedia.org/resource/GT_Interactive_Software"
"90","7","http://dbpedia.org/resource/Third-person_shooter"
"91","2","http://dbpedia.org/resource/VIS_Entertainment"
"91","3","[http://dbpedia.org/resource/Interplay_Entertainment, http://dbpedia.org/resource/Rockstar_Games]"
"91","7","http://dbpedia.org/resource/Platform_game"
"92","3","http://dbpedia.org/resource/Acclaim_Entertainment"
"92","7","[http://dbpedia.org/resource/Sports_game, http://dbpedia.org/resource/Fighting_game]"
"93","2","http://dbpedia.org/resource/SETA_Corporation"
"93","3","http://dbpedia.org/resource/SETA_Corporation"
"93","7","http://dbpedia.org/resource/Sports_game"
"96","2","http://dbpedia.org/resource/Left_Field_Productions"
"96","3","http://dbpedia.org/resource/Nintendo"
"96","7","http://dbpedia.org/resource/Racing_video_game"
"97","2","http://dbpedia.org/resource/Acclaim_Cheltenham"
"97","3","http://dbpedia.org/resource/Acclaim_Entertainment"
"97","7","http://dbpedia.org/resource/Racing_video_game"
"98","2","http://dbpedia.org/resource/Acclaim_Cheltenham"
"98","3","http://dbpedia.org/resource/Acclaim_Entertainment"
"98","7","http://dbpedia.org/resource/Racing_video_game"
"99","2","[http://dbpedia.org/resource/Video_System, http://dbpedia.org/resource/Paradigm_Entertainment]"
"99","3","[http://dbpedia.org/resource/Nintendo, http://dbpedia.org/resource/Video_System]"
"99","7","http://dbpedia.org/resource/Sim_racing"
"300","2","http://dbpedia.org/resource/Culture_Brain"
"300","3","[http://dbpedia.org/resource/Culture_Brain, http://dbpedia.org/resource/Natsume_(company)]"
"300","7","[http://dbpedia.org/resource/Fighting_game, http://dbpedia.org/resource/Role-playing_video_game]"
"301","2","http://dbpedia.org/resource/Acclaim_Studios_Teesside"
"301","3","http://dbpedia.org/resource/Acclaim_Entertainment"
"301","7","http://dbpedia.org/resource/Action-adventure_game"
"302","2","http://dbpedia.org/resource/ICOM_Simulations"
"302","3","http://dbpedia.org/resource/Kemco"
"302","7","http://dbpedia.org/resource/Adventure_game"
"303","2","[http://dbpedia.org/resource/Maxis, http://dbpedia.org/resource/Full_Fat]"
"303","3","[http://dbpedia.org/resource/Maxis, http://dbpedia.org/resource/Zushi_Games, http://dbpedia.org/resource/Electronic_Arts]"
"303","7","[http://dbpedia.org/resource/City-building_game, http://dbpedia.org/resource/Simulation_game]"
"304","2","[http://dbpedia.org/resource/Nintendo_Research_&_Development_1, http://dbpedia.org/resource/Treasure_(company), http://dbpedia.org/resource/Nintendo_Software_Technology]"
"304","3","http://dbpedia.org/resource/Nintendo"
"304","7","http://dbpedia.org/resource/Shoot_'em_up"
"305","2","http://dbpedia.org/resource/Racjin"
"305","3","http://dbpedia.org/resource/Atlus"
"305","7","http://dbpedia.org/resource/Racing_video_game"
"306","2","http://dbpedia.org/resource/Racjin"
"306","3","http://dbpedia.org/resource/Atlus"
"306","7","http://dbpedia.org/resource/Racing_video_game"
"307","2","[http://dbpedia.org/resource/Acclaim_Studios_Austin, http://dbpedia.org/resource/Appaloosa_Interactive]"
"307","3","http://dbpedia.org/resource/Acclaim_Entertainment"
"307","7","http://dbpedia.org/resource/First-person_shooter"
"308","2","http://dbpedia.org/resource/Tantalus_Media"
"308","3","http://dbpedia.org/resource/Acclaim_Entertainment"
"308","7","http://dbpedia.org/resource/Racing_video_game"
"309","2","http://dbpedia.org/resource/Acclaim_Studios_Austin"
"309","3","http://dbpedia.org/resource/Acclaim_Entertainment"
"309","7","http://dbpedia.org/resource/List_of_party_video_games"
"311","2","http://dbpedia.org/resource/Rockstar_North"
"311","3","http://dbpedia.org/resource/Take-Two_Interactive"
"311","7","http://dbpedia.org/resource/Platform_game"
"312","2","[http://dbpedia.org/resource/Edge_of_Reality, http://dbpedia.org/resource/Gray_Matter_Interactive, http://dbpedia.org/resource/Neversoft, http://dbpedia.org/resource/Treyarch, http://dbpedia.org/resource/Vicarious_Visions]"
"312","3","http://dbpedia.org/resource/Activision"
"312","7","[http://dbpedia.org/resource/Action-adventure_game, http://dbpedia.org/resource/Beat_'em_up]"
"313","2","http://dbpedia.org/resource/Nintendo_Entertainment_Analysis_&_Development"
"313","3","http://dbpedia.org/resource/Nintendo"
"313","7","http://dbpedia.org/resource/Action_game"
"314","2","http://dbpedia.org/resource/Hudson_Soft"
"314","3","http://dbpedia.org/resource/SETA_Corporation"
"314","7","http://dbpedia.org/resource/Shooter_game"
"315","2","[http://dbpedia.org/resource/LucasArts, http://dbpedia.org/resource/Factor_5]"
"315","7","[http://dbpedia.org/resource/Action_game, http://dbpedia.org/resource/Shooter_game]"
"316","2","http://dbpedia.org/resource/LucasArts"
"316","3","[http://dbpedia.org/resource/LucasArts, http://dbpedia.org/resource/Nintendo]"
"316","7","http://dbpedia.org/resource/Racing_video_game"
"317","2","[http://dbpedia.org/resource/LucasArts, http://dbpedia.org/resource/Factor_5]"
"317","7","[http://dbpedia.org/resource/Action_game, http://dbpedia.org/resource/Shooter_game]"
"318","2","http://dbpedia.org/resource/LucasArts"
"318","3","http://dbpedia.org/resource/Nintendo"
"318","7","http://dbpedia.org/resource/Action_game"
"320","2","http://dbpedia.org/resource/Infogrames_Entertainment,_SA"
"320","3","http://dbpedia.org/resource/Infogrames_Entertainment,_SA"
"320","7","http://dbpedia.org/resource/Platform_game"
"200","2","http://dbpedia.org/resource/Ubisoft"
"200","3","http://dbpedia.org/resource/Ubisoft"
"200","7","http://dbpedia.org/resource/Racing_video_game"
"321","2","http://dbpedia.org/resource/Boss_Game_Studios"
"321","3","http://dbpedia.org/resource/Midway_Games"
"321","7","http://dbpedia.org/resource/Racing_video_game"
"322","3","http://dbpedia.org/resource/Hudson_Soft"
"322","7","http://dbpedia.org/resource/Action_game"
"202","2","[http://dbpedia.org/resource/Terminal_Reality, http://dbpedia.org/resource/Edge_of_Reality]"
"202","3","[http://dbpedia.org/resource/Microsoft_Studios, http://dbpedia.org/resource/Rockstar_Games]"
"202","7","http://dbpedia.org/resource/Racing_video_game"
"323","2","http://dbpedia.org/resource/KID"
"323","3","[http://dbpedia.org/resource/Techn%C5%8Ds_Japan, http://dbpedia.org/resource/Athena_(company)]"
"323","7","http://dbpedia.org/resource/Sports_game"
"203","2","http://dbpedia.org/resource/SETA_Corporation"
"203","3","http://dbpedia.org/resource/SETA_Corporation"
"203","7","http://dbpedia.org/resource/Board_game"
"324","2","http://dbpedia.org/resource/Nintendo_Entertainment_Analysis_&_Development"
"324","3","http://dbpedia.org/resource/Nintendo"
"324","7","http://dbpedia.org/resource/Platform_game"
"325","2","http://dbpedia.org/resource/Banpresto"
"325","3","http://dbpedia.org/resource/Banpresto"
"325","7","http://dbpedia.org/resource/Fighting_game"
"204","2","[http://dbpedia.org/resource/Midway_Games, http://dbpedia.org/resource/Personal_computer, http://dbpedia.org/resource/Backbone_Entertainment, http://dbpedia.org/resource/Eurocom]"
"204","3","http://dbpedia.org/resource/Midway_Games"
"204","7","http://dbpedia.org/resource/Fighting_game"
"205","2","[http://dbpedia.org/resource/Midway_Games, http://dbpedia.org/resource/Avalanche_Software]"
"205","3","http://dbpedia.org/resource/Midway_Games"
"205","7","[http://dbpedia.org/resource/Action-adventure_game, http://dbpedia.org/resource/Platform_game, http://dbpedia.org/resource/Beat_'em_up]"
"326","2","http://dbpedia.org/resource/Banpresto"
"326","3","http://dbpedia.org/resource/Banpresto"
"326","7","http://dbpedia.org/resource/Tactical_role-playing_game"
"327","2","http://dbpedia.org/resource/HAL_Laboratory"
"327","3","http://dbpedia.org/resource/Nintendo"
"327","7","http://dbpedia.org/resource/Fighting_game"
"206","2","[http://dbpedia.org/resource/Midway_Games, http://dbpedia.org/resource/Avalanche_Software, http://dbpedia.org/resource/Point_of_View,_Inc.]"
"206","3","[http://dbpedia.org/resource/Midway_Games, http://dbpedia.org/resource/GT_Interactive_Software, http://dbpedia.org/resource/SoftBank, http://dbpedia.org/resource/WMS_Industries]"
"206","7","http://dbpedia.org/resource/Fighting_game"
"207","2","[http://dbpedia.org/resource/Namco, http://dbpedia.org/resource/Full_Fat, http://dbpedia.org/resource/Mass_Media_Inc.]"
"207","3","http://dbpedia.org/resource/Namco"
"207","7","http://dbpedia.org/resource/List_of_maze_video_games"
"328","2","http://dbpedia.org/resource/MBL_Research"
"328","3","http://dbpedia.org/resource/Electronic_Arts"
"328","7","http://dbpedia.org/resource/Racing_video_game"
"208","2","http://dbpedia.org/resource/Genki_(company)"
"208","3","[http://dbpedia.org/resource/Imagineer_(Japanese_company), http://dbpedia.org/resource/Ocean_Software]"
"208","7","http://dbpedia.org/resource/Racing_video_game"
"209","2","http://dbpedia.org/resource/Konami"
"209","3","http://dbpedia.org/resource/Konami"
"209","7","http://dbpedia.org/resource/Action-adventure_game"
"210","2","http://dbpedia.org/resource/Konami"
"210","3","http://dbpedia.org/resource/Konami"
"210","7","http://dbpedia.org/resource/Sports_game"
"331","2","http://dbpedia.org/resource/Bandai"
"331","3","http://dbpedia.org/resource/Bandai"
"331","7","http://dbpedia.org/resource/Board_game"
"211","2","[http://dbpedia.org/resource/Namco, http://dbpedia.org/resource/M2_(game_developer), http://dbpedia.org/resource/Tose_Co.,_Ltd., http://dbpedia.org/resource/Mass_Media_Inc., http://dbpedia.org/resource/Bandai_Namco_Games, http://dbpedia.org/resource/Now_Production]"
"211","3","[http://dbpedia.org/resource/Namco, http://dbpedia.org/resource/Bandai_Namco_Games]"
"332","2","http://dbpedia.org/resource/Zed_Two"
"332","3","http://dbpedia.org/resource/Infogrames_Entertainment,_SA"
"332","7","http://dbpedia.org/resource/Action_game"
"333","2","http://dbpedia.org/resource/Amtex"
"333","3","http://dbpedia.org/resource/SETA_Corporation"
"333","7","http://dbpedia.org/resource/Puzzle_video_game"
"212","2","[http://dbpedia.org/resource/EA_Sports, http://dbpedia.org/resource/Stormfront_Studios]"
"212","3","http://dbpedia.org/resource/EA_Sports"
"212","7","http://dbpedia.org/resource/Racing"
"213","2","[http://dbpedia.org/resource/EA_Sports, http://dbpedia.org/resource/Stormfront_Studios, http://dbpedia.org/resource/Software_Creations_(UK)]"
"213","3","[http://dbpedia.org/resource/Game_Boy_Color, http://dbpedia.org/resource/PlayStation_(console), http://dbpedia.org/resource/EA_Sports]"
"213","7","http://dbpedia.org/resource/Racing"
"334","3","http://dbpedia.org/resource/Nintendo"
"334","7","http://dbpedia.org/resource/Puzzle_video_game"
"335","2","[http://dbpedia.org/resource/Disney_Interactive, http://dbpedia.org/resource/DokiDenki_Studio]"
"335","7","http://dbpedia.org/resource/Adventure_game"
"214","2","http://dbpedia.org/resource/Left_Field_Productions"
"214","3","http://dbpedia.org/resource/Nintendo"
"214","7","http://dbpedia.org/resource/Sports_game"
"336","2","http://dbpedia.org/resource/VIS_Entertainment"
"336","3","[http://dbpedia.org/resource/Warner_Bros._Interactive_Entertainment, http://dbpedia.org/resource/NewKidCo]"
"336","7","http://dbpedia.org/resource/Fighting_game"
"215","2","[http://dbpedia.org/resource/Midway_Games, http://dbpedia.org/resource/Funcom]"
"215","3","http://dbpedia.org/resource/Midway_Games"
"215","7","http://dbpedia.org/resource/Sports_game"
"337","2","[http://dbpedia.org/resource/Ubisoft_Montreal, http://dbpedia.org/resource/RFX_Interactive]"
"337","3","http://dbpedia.org/resource/Ubisoft"
"337","7","http://dbpedia.org/resource/Platform_game"
"338","2","[http://dbpedia.org/resource/Edge_of_Reality, http://dbpedia.org/resource/Neversoft, http://dbpedia.org/resource/Treyarch, http://dbpedia.org/resource/Natsume_(company)]"
"338","3","[http://dbpedia.org/resource/Nokia, http://dbpedia.org/resource/Activision, http://dbpedia.org/resource/Crave_Entertainment]"
"338","7","http://dbpedia.org/resource/Sports_game"
"339","2","[http://dbpedia.org/resource/Edge_of_Reality, http://dbpedia.org/resource/Activision, http://dbpedia.org/resource/Neversoft, http://dbpedia.org/resource/Treyarch, http://dbpedia.org/resource/Natsume_(company), http://dbpedia.org/resource/Vicarious_Visions]"
"339","3","http://dbpedia.org/resource/Activision"
"339","7","http://dbpedia.org/resource/Sports_game"
"340","2","[http://dbpedia.org/resource/Edge_of_Reality, http://dbpedia.org/resource/Neversoft, http://dbpedia.org/resource/Shaba_Games, http://dbpedia.org/resource/HotGen, http://dbpedia.org/resource/Gearbox_Software, http://dbpedia.org/resource/Vicarious_Visions]"
"340","3","http://dbpedia.org/resource/Activision"
"340","7","http://dbpedia.org/resource/Sports_game"
"220","2","http://dbpedia.org/resource/Acclaim_Entertainment"
"220","3","http://dbpedia.org/resource/Acclaim_Entertainment"
"220","7","http://dbpedia.org/resource/Sport"
"341","2","http://dbpedia.org/resource/Snowblind_Studios"
"341","7","http://dbpedia.org/resource/Racing_video_game"
"221","2","http://dbpedia.org/resource/EA_Canada"
"221","3","[http://dbpedia.org/resource/EA_Sports, http://dbpedia.org/resource/Electronic_Arts]"
"221","7","http://dbpedia.org/resource/Sports_game"
"342","2","http://dbpedia.org/resource/Snowblind_Studios"
"342","3","http://dbpedia.org/resource/Kemco"
"342","7","http://dbpedia.org/resource/Racing_video_game"
"100","2","[http://dbpedia.org/resource/Video_System, http://dbpedia.org/resource/Paradigm_Entertainment]"
"100","3","http://dbpedia.org/resource/Video_System"
"100","7","http://dbpedia.org/resource/Sim_racing"
"222","2","http://dbpedia.org/resource/EA_Sports"
"222","3","[http://dbpedia.org/resource/EA_Sports, http://dbpedia.org/resource/Electronic_Arts]"
"222","7","http://dbpedia.org/resource/Sports_game"
"343","2","[http://dbpedia.org/resource/Boss_Game_Studios, http://dbpedia.org/resource/Tantalus_Media]"
"343","7","http://dbpedia.org/resource/Racing_video_game"
"101","2","http://dbpedia.org/resource/Nintendo_Entertainment_Analysis_&_Development"
"101","3","http://dbpedia.org/resource/Nintendo"
"101","7","http://dbpedia.org/resource/Racing_video_game"
"223","2","[http://dbpedia.org/resource/Midway_Games, http://dbpedia.org/resource/Eurocom]"
"223","3","http://dbpedia.org/resource/Midway_Games"
"223","7","http://dbpedia.org/resource/Sports_game"
"102","2","http://dbpedia.org/resource/Human_Entertainment"
"102","3","http://dbpedia.org/resource/Ubisoft"
"102","7","http://dbpedia.org/resource/Racing_video_game"
"344","2","http://dbpedia.org/resource/Saffire_(video_game_developer)"
"344","3","http://dbpedia.org/resource/Kemco"
"344","7","http://dbpedia.org/resource/Racing_video_game"
"103","2","[http://dbpedia.org/resource/Ubisoft_Shanghai, http://dbpedia.org/resource/Ubisoft_Milan]"
"103","3","[http://dbpedia.org/resource/Video_System, http://dbpedia.org/resource/Ubisoft]"
"103","7","http://dbpedia.org/resource/Sim_racing"
"345","2","[http://dbpedia.org/resource/Tiertex_Design_Studios, http://dbpedia.org/resource/Traveller's_Tales]"
"345","3","[http://dbpedia.org/resource/THQ, http://dbpedia.org/resource/Activision]"
"345","7","http://dbpedia.org/resource/Platform_game"
"225","2","http://dbpedia.org/resource/Yuke's"
"225","3","http://dbpedia.org/resource/Hudson_Soft"
"225","7","http://dbpedia.org/resource/Sports_game"
"104","2","http://dbpedia.org/resource/Namco"
"104","3","http://dbpedia.org/resource/Namco"
"104","7","http://dbpedia.org/resource/Sports_game"
"346","2","[http://dbpedia.org/resource/Takara, http://dbpedia.org/resource/Locomotive_(company), http://dbpedia.org/resource/WAVEDGE]"
"346","7","http://dbpedia.org/resource/Fighting_game"
"226","2","http://dbpedia.org/resource/Yuke's"
"226","3","http://dbpedia.org/resource/Hudson_Soft"
"226","7","[http://dbpedia.org/resource/Sports_game, http://dbpedia.org/resource/Fighting_game]"
"347","2","http://dbpedia.org/resource/Treyarch"
"347","3","http://dbpedia.org/resource/EA_Sports"
"347","7","http://dbpedia.org/resource/Sports_game"
"227","3","http://dbpedia.org/resource/Nintendo"
"227","7","http://dbpedia.org/resource/Puzzle_video_game"
"348","2","[http://dbpedia.org/resource/Acclaim_Entertainment, http://dbpedia.org/resource/Acclaim_Studios_Austin]"
"348","3","http://dbpedia.org/resource/Acclaim_Entertainment"
"348","7","http://dbpedia.org/resource/First-person_shooter"
"106","2","[http://dbpedia.org/resource/Tiertex_Design_Studios, http://dbpedia.org/resource/EA_Canada, http://dbpedia.org/resource/Climax_Studios]"
"106","3","[http://dbpedia.org/resource/THQ, http://dbpedia.org/resource/Electronic_Arts]"
"106","7","http://dbpedia.org/resource/Sports_game"
"228","2","http://dbpedia.org/resource/Midway_Games"
"228","3","http://dbpedia.org/resource/Midway_Games"
"107","2","[http://dbpedia.org/resource/EA_Canada, http://dbpedia.org/resource/Rage_Software, http://dbpedia.org/resource/Perfect_Entertainment]"
"107","3","[http://dbpedia.org/resource/EA_Sports, http://dbpedia.org/resource/THQ]"
"107","7","http://dbpedia.org/resource/Sports_game"
"349","2","[http://dbpedia.org/resource/Acclaim_Studios_Austin, http://dbpedia.org/resource/Bit_Managers]"
"349","3","http://dbpedia.org/resource/Acclaim_Entertainment"
"349","7","http://dbpedia.org/resource/First-person_shooter"
"108","2","[http://dbpedia.org/resource/Imagineer_(Japanese_company), http://dbpedia.org/resource/Genki_(company), http://dbpedia.org/resource/Opus_Corp.]"
"108","3","[http://dbpedia.org/resource/Imagineer_(Japanese_company), http://dbpedia.org/resource/SouthPeak_Games, http://dbpedia.org/resource/Ocean_Software, http://dbpedia.org/resource/Xicat_Interactive]"
"108","7","http://dbpedia.org/resource/Fighting_game"
"229","2","http://dbpedia.org/resource/Midway_Games"
"229","3","http://dbpedia.org/resource/Midway_Games"
"109","2","[http://dbpedia.org/resource/Imagineer_(Japanese_company), http://dbpedia.org/resource/Genki_(company), http://dbpedia.org/resource/Opus_Corp.]"
"109","3","[http://dbpedia.org/resource/Imagineer_(Japanese_company), http://dbpedia.org/resource/SouthPeak_Games, http://dbpedia.org/resource/Ocean_Software, http://dbpedia.org/resource/Xicat_Interactive]"
"109","7","http://dbpedia.org/resource/Fighting_game"
