"88","2","[http://dbpedia.org/resource/Switzerland, http://dbpedia.org/resource/Graub%C3%BCnden, http://dbpedia.org/resource/Ticino]"
"89","2","[http://dbpedia.org/resource/Switzerland, http://dbpedia.org/resource/Canton_of_Uri]"
"190","2","[http://dbpedia.org/resource/Switzerland, http://dbpedia.org/resource/Canton_of_Schwyz, http://dbpedia.org/resource/Canton_of_Uri]"
"192","2","[http://dbpedia.org/resource/Switzerland, http://dbpedia.org/resource/Appenzell_Innerrhoden, http://dbpedia.org/resource/Canton_of_St._Gallen]"
"194","2","[http://dbpedia.org/resource/Switzerland, http://dbpedia.org/resource/Nidwalden, http://dbpedia.org/resource/Canton_of_Uri]"
"231","2","[http://dbpedia.org/resource/Germany, http://dbpedia.org/resource/Bad_S%C3%A4ckingen, http://dbpedia.org/resource/Baden-W%C3%BCrttemberg]"
"110","2","[http://dbpedia.org/resource/Switzerland, http://dbpedia.org/resource/Canton_of_Uri, http://dbpedia.org/resource/Valais]"
"111","2","[http://dbpedia.org/resource/Switzerland, http://dbpedia.org/resource/Ticino, http://dbpedia.org/resource/Valais]"
"199","2","[http://dbpedia.org/resource/Switzerland, http://dbpedia.org/resource/Graub%C3%BCnden]"
"112","2","[http://dbpedia.org/resource/Switzerland, http://dbpedia.org/resource/Graub%C3%BCnden]"
"113","2","[http://dbpedia.org/resource/Switzerland, http://dbpedia.org/resource/Graub%C3%BCnden]"
"114","2","[http://dbpedia.org/resource/Switzerland, http://dbpedia.org/resource/Canton_of_Uri, http://dbpedia.org/resource/Valais]"
"116","2","[http://dbpedia.org/resource/Switzerland, http://dbpedia.org/resource/Graub%C3%BCnden]"
"90","2","[http://dbpedia.org/resource/Switzerland, http://dbpedia.org/resource/Canton_of_Uri]"
"118","2","http://dbpedia.org/resource/Switzerland"
"239","2","[http://dbpedia.org/resource/Switzerland, http://dbpedia.org/resource/Canton_of_Bern]"
"92","2","[http://dbpedia.org/resource/Switzerland, http://dbpedia.org/resource/Graub%C3%BCnden]"
"119","2","[http://dbpedia.org/resource/Switzerland, http://dbpedia.org/resource/Graub%C3%BCnden]"
"93","2","[http://dbpedia.org/resource/Switzerland, http://dbpedia.org/resource/Ticino, http://dbpedia.org/resource/Valais]"
"94","2","[http://dbpedia.org/resource/Switzerland, http://dbpedia.org/resource/Canton_of_Bern]"
"95","2","[http://dbpedia.org/resource/Switzerland, http://dbpedia.org/resource/Canton_of_Uri]"
"97","2","[http://dbpedia.org/resource/Switzerland, http://dbpedia.org/resource/Canton_of_Uri, http://dbpedia.org/resource/Valais]"
"10","2","[http://dbpedia.org/resource/Switzerland, http://dbpedia.org/resource/Valais]"
"98","2","[http://dbpedia.org/resource/Switzerland, http://dbpedia.org/resource/Graub%C3%BCnden, http://dbpedia.org/resource/Canton_of_Uri]"
"11","2","[http://dbpedia.org/resource/Switzerland, http://dbpedia.org/resource/Valais]"
"12","2","[http://dbpedia.org/resource/Switzerland, http://dbpedia.org/resource/Valais]"
"13","2","[http://dbpedia.org/resource/Switzerland, http://dbpedia.org/resource/Canton_of_Bern, http://dbpedia.org/resource/Valais]"
"14","2","http://dbpedia.org/resource/Switzerland"
"15","2","[http://dbpedia.org/resource/Switzerland, http://dbpedia.org/resource/Canton_of_Bern, http://dbpedia.org/resource/Valais]"
"16","2","[http://dbpedia.org/resource/Switzerland, http://dbpedia.org/resource/Canton_of_Bern, http://dbpedia.org/resource/Valais]"
"17","2","[http://dbpedia.org/resource/Italy, http://dbpedia.org/resource/Switzerland, http://dbpedia.org/resource/Graub%C3%BCnden]"
"18","2","[http://dbpedia.org/resource/Switzerland, http://dbpedia.org/resource/Valais]"
"19","2","[http://dbpedia.org/resource/Switzerland, http://dbpedia.org/resource/Valais]"
"120","2","[http://dbpedia.org/resource/Switzerland, http://dbpedia.org/resource/Ticino, http://dbpedia.org/resource/Canton_of_Uri]"
"121","2","[http://dbpedia.org/resource/Switzerland, http://dbpedia.org/resource/Graub%C3%BCnden]"
"243","2","[http://dbpedia.org/resource/Switzerland, http://dbpedia.org/resource/Canton_of_St._Gallen]"
"1","2","[http://dbpedia.org/resource/Italy, http://dbpedia.org/resource/Switzerland, http://dbpedia.org/resource/Valais]"
"2","2","[http://dbpedia.org/resource/Italy, http://dbpedia.org/resource/Piedmont, http://dbpedia.org/resource/Switzerland, http://dbpedia.org/resource/Valais]"
"123","2","[http://dbpedia.org/resource/Switzerland, http://dbpedia.org/resource/Canton_of_Uri]"
"245","2","[http://dbpedia.org/resource/Switzerland, http://dbpedia.org/resource/Canton_of_Glarus, http://dbpedia.org/resource/Canton_of_Schwyz]"
"3","2","[http://dbpedia.org/resource/Switzerland, http://dbpedia.org/resource/Valais]"
"124","2","[http://dbpedia.org/resource/Switzerland, http://dbpedia.org/resource/Canton_of_Glarus, http://dbpedia.org/resource/Canton_of_Uri]"
"4","2","http://dbpedia.org/resource/Switzerland"
"125","2","http://dbpedia.org/resource/Switzerland"
"5","2","[http://dbpedia.org/resource/Switzerland, http://dbpedia.org/resource/Valais]"
"126","2","[http://dbpedia.org/resource/Italy, http://dbpedia.org/resource/Piedmont, http://dbpedia.org/resource/Switzerland, http://dbpedia.org/resource/Ticino]"
"248","2","[http://dbpedia.org/resource/Switzerland, http://dbpedia.org/resource/Canton_of_Schwyz]"
"6","2","http://dbpedia.org/resource/Switzerland"
"127","2","[http://dbpedia.org/resource/Switzerland, http://dbpedia.org/resource/Canton_of_Uri]"
"7","2","[http://dbpedia.org/resource/Switzerland, http://dbpedia.org/resource/Canton_of_Bern, http://dbpedia.org/resource/Valais]"
"128","2","[http://dbpedia.org/resource/Switzerland, http://dbpedia.org/resource/Canton_of_Uri]"
"249","2","[http://dbpedia.org/resource/Switzerland, http://dbpedia.org/resource/Nidwalden, http://dbpedia.org/resource/Obwalden]"
"8","2","[http://dbpedia.org/resource/Switzerland, http://dbpedia.org/resource/Valais]"
"9","2","[http://dbpedia.org/resource/Switzerland, http://dbpedia.org/resource/Valais]"
"20","2","[http://dbpedia.org/resource/Switzerland, http://dbpedia.org/resource/Valais]"
"21","2","[http://dbpedia.org/resource/Switzerland, http://dbpedia.org/resource/Canton_of_Bern]"
"22","2","[http://dbpedia.org/resource/Switzerland, http://dbpedia.org/resource/Valais]"
"23","2","[http://dbpedia.org/resource/Switzerland, http://dbpedia.org/resource/Valais]"
"24","2","[http://dbpedia.org/resource/Italy, http://dbpedia.org/resource/Switzerland, http://dbpedia.org/resource/Graub%C3%BCnden]"
"25","2","[http://dbpedia.org/resource/Switzerland, http://dbpedia.org/resource/Haute-Savoie, http://dbpedia.org/resource/France, http://dbpedia.org/resource/Valais]"
"26","2","[http://dbpedia.org/resource/Switzerland, http://dbpedia.org/resource/Canton_of_Bern, http://dbpedia.org/resource/Valais]"
"28","2","[http://dbpedia.org/resource/Italy, http://dbpedia.org/resource/Piedmont, http://dbpedia.org/resource/Switzerland, http://dbpedia.org/resource/Valais]"
"29","2","[http://dbpedia.org/resource/Switzerland, http://dbpedia.org/resource/Valais]"
"251","2","[http://dbpedia.org/resource/Switzerland, http://dbpedia.org/resource/Graub%C3%BCnden]"
"130","2","[http://dbpedia.org/resource/Switzerland, http://dbpedia.org/resource/Obwalden, http://dbpedia.org/resource/Canton_of_Uri]"
"131","2","[http://dbpedia.org/resource/Switzerland, http://dbpedia.org/resource/Canton_of_Bern, http://dbpedia.org/resource/Obwalden, http://dbpedia.org/resource/Canton_of_Uri]"
"253","2","[http://dbpedia.org/resource/Switzerland, http://dbpedia.org/resource/Canton_of_St._Gallen]"
"133","2","[http://dbpedia.org/resource/Switzerland, http://dbpedia.org/resource/Graub%C3%BCnden, http://dbpedia.org/resource/Canton_of_Uri]"
"255","2","[http://dbpedia.org/resource/Switzerland, http://dbpedia.org/resource/Canton_of_Glarus, http://dbpedia.org/resource/Canton_of_Schwyz]"
"134","2","[http://dbpedia.org/resource/Switzerland, http://dbpedia.org/resource/Canton_of_Uri]"
"135","2","[http://dbpedia.org/resource/Switzerland, http://dbpedia.org/resource/Canton_of_Glarus]"
"256","2","[http://dbpedia.org/resource/Switzerland, http://dbpedia.org/resource/Canton_of_Schwyz]"
"257","2","[http://dbpedia.org/resource/Switzerland, http://dbpedia.org/resource/Graub%C3%BCnden, http://dbpedia.org/resource/Ticino]"
"137","2","[http://dbpedia.org/resource/Switzerland, http://dbpedia.org/resource/Ticino]"
"259","2","[http://dbpedia.org/resource/Switzerland, http://dbpedia.org/resource/Canton_of_Bern]"
"138","2","[http://dbpedia.org/resource/Switzerland, http://dbpedia.org/resource/Canton_of_Glarus]"
"30","2","[http://dbpedia.org/resource/Switzerland, http://dbpedia.org/resource/Canton_of_Bern, http://dbpedia.org/resource/Valais]"
"31","2","http://dbpedia.org/resource/Switzerland"
"32","2","[http://dbpedia.org/resource/Switzerland, http://dbpedia.org/resource/Canton_of_Bern, http://dbpedia.org/resource/Valais]"
"33","2","[http://dbpedia.org/resource/Switzerland, http://dbpedia.org/resource/Canton_of_Bern]"
"34","2","[http://dbpedia.org/resource/Switzerland, http://dbpedia.org/resource/Canton_of_Bern]"
"35","2","[http://dbpedia.org/resource/Switzerland, http://dbpedia.org/resource/Canton_of_Uri, http://dbpedia.org/resource/Valais]"
"36","2","[http://dbpedia.org/resource/Canton_of_Bern, http://dbpedia.org/resource/Valais]"
"37","2","[http://dbpedia.org/resource/Switzerland, http://dbpedia.org/resource/Valais]"
"38","2","[http://dbpedia.org/resource/Switzerland, http://dbpedia.org/resource/Canton_of_Bern]"
"39","2","[http://dbpedia.org/resource/Switzerland, http://dbpedia.org/resource/Canton_of_Glarus, http://dbpedia.org/resource/Graub%C3%BCnden]"
"261","2","[http://dbpedia.org/resource/Switzerland, http://dbpedia.org/resource/Canton_of_Bern]"
"140","2","[http://dbpedia.org/resource/Switzerland, http://dbpedia.org/resource/Graub%C3%BCnden]"
"144","2","[http://dbpedia.org/resource/Switzerland, http://dbpedia.org/resource/Canton_of_St._Gallen]"
"146","2","[http://dbpedia.org/resource/Switzerland, http://dbpedia.org/resource/Graub%C3%BCnden, http://dbpedia.org/resource/Canton_of_Uri]"
"148","2","[http://dbpedia.org/resource/Switzerland, http://dbpedia.org/resource/Graub%C3%BCnden]"
"303","2","[http://dbpedia.org/resource/Switzerland, http://dbpedia.org/resource/Canton_of_Solothurn]"
"304","2","[http://dbpedia.org/resource/Switzerland, http://dbpedia.org/resource/Canton_of_Z%C3%BCrich]"
"40","2","[http://dbpedia.org/resource/Switzerland, http://dbpedia.org/resource/Canton_of_Uri, http://dbpedia.org/resource/Valais]"
"41","2","[http://dbpedia.org/resource/Switzerland, http://dbpedia.org/resource/Canton_of_Uri, http://dbpedia.org/resource/Valais]"
"42","2","[http://dbpedia.org/resource/Switzerland, http://dbpedia.org/resource/Canton_of_Uri, http://dbpedia.org/resource/Valais]"
"44","2","[http://dbpedia.org/resource/Italy, http://dbpedia.org/resource/Piedmont, http://dbpedia.org/resource/Switzerland, http://dbpedia.org/resource/Valais]"
"46","2","[http://dbpedia.org/resource/Switzerland, http://dbpedia.org/resource/Valais]"
"47","2","[http://dbpedia.org/resource/Switzerland, http://dbpedia.org/resource/Canton_of_Uri, http://dbpedia.org/resource/Valais]"
"48","2","[http://dbpedia.org/resource/Switzerland, http://dbpedia.org/resource/Canton_of_Bern, http://dbpedia.org/resource/Canton_of_Uri]"
"49","2","[http://dbpedia.org/resource/Switzerland, http://dbpedia.org/resource/Valais]"
"271","2","[http://dbpedia.org/resource/Switzerland, http://dbpedia.org/resource/Valais]"
"151","2","[http://dbpedia.org/resource/Switzerland, http://dbpedia.org/resource/Graub%C3%BCnden, http://dbpedia.org/resource/Vorarlberg, http://dbpedia.org/resource/Austria]"
"152","2","[http://dbpedia.org/resource/Switzerland, http://dbpedia.org/resource/Nidwalden, http://dbpedia.org/resource/Canton_of_Uri]"
"154","2","[http://dbpedia.org/resource/Switzerland, http://dbpedia.org/resource/Canton_of_Glarus]"
"155","2","[http://dbpedia.org/resource/Switzerland, http://dbpedia.org/resource/Canton_of_Bern]"
"277","2","[http://dbpedia.org/resource/Switzerland, http://dbpedia.org/resource/Bernese_Oberland]"
"156","2","[http://dbpedia.org/resource/Switzerland, http://dbpedia.org/resource/Canton_of_Bern, http://dbpedia.org/resource/Valais]"
"50","2","[http://dbpedia.org/resource/Switzerland, http://dbpedia.org/resource/Canton_of_Bern, http://dbpedia.org/resource/Canton_of_Uri]"
"51","2","[http://dbpedia.org/resource/Switzerland, http://dbpedia.org/resource/Canton_of_Bern, http://dbpedia.org/resource/Canton_of_Uri]"
"52","2","[http://dbpedia.org/resource/Switzerland, http://dbpedia.org/resource/Graub%C3%BCnden]"
"53","2","[http://dbpedia.org/resource/Switzerland, http://dbpedia.org/resource/Graub%C3%BCnden, http://dbpedia.org/resource/Ticino]"
"54","2","[http://dbpedia.org/resource/Switzerland, http://dbpedia.org/resource/Graub%C3%BCnden]"
"55","2","[http://dbpedia.org/resource/Switzerland, http://dbpedia.org/resource/Graub%C3%BCnden]"
"56","2","[http://dbpedia.org/resource/Switzerland, http://dbpedia.org/resource/Graub%C3%BCnden]"
"57","2","[http://dbpedia.org/resource/Switzerland, http://dbpedia.org/resource/Canton_of_Bern]"
"58","2","[http://dbpedia.org/resource/Switzerland, http://dbpedia.org/resource/Graub%C3%BCnden]"
"59","2","[http://dbpedia.org/resource/Switzerland, http://dbpedia.org/resource/Graub%C3%BCnden, http://dbpedia.org/resource/Canton_of_Uri]"
"161","2","[http://dbpedia.org/resource/Switzerland, http://dbpedia.org/resource/Ticino]"
"283","2","[http://dbpedia.org/resource/Switzerland, http://dbpedia.org/resource/Canton_of_Schwyz]"
"284","2","[http://dbpedia.org/resource/Switzerland, http://dbpedia.org/resource/Canton_of_Glarus, http://dbpedia.org/resource/Canton_of_Schwyz]"
"286","2","[http://dbpedia.org/resource/Switzerland, http://dbpedia.org/resource/Canton_of_St._Gallen]"
"165","2","[http://dbpedia.org/resource/Switzerland, http://dbpedia.org/resource/Ticino]"
"200","2","[http://dbpedia.org/resource/Switzerland, http://dbpedia.org/resource/Canton_of_St._Gallen]"
"289","2","[http://dbpedia.org/resource/Switzerland, http://dbpedia.org/resource/Canton_of_Schwyz]"
"203","2","[http://dbpedia.org/resource/Switzerland, http://dbpedia.org/resource/Canton_of_Bern, http://dbpedia.org/resource/Canton_of_Lucerne, http://dbpedia.org/resource/Obwalden]"
"60","2","[http://dbpedia.org/resource/Switzerland, http://dbpedia.org/resource/Graub%C3%BCnden]"
"61","2","[http://dbpedia.org/resource/Switzerland, http://dbpedia.org/resource/Canton_of_Uri]"
"209","2","[http://dbpedia.org/resource/Switzerland, http://dbpedia.org/resource/Canton_of_Schwyz]"
"63","2","[http://dbpedia.org/resource/Switzerland, http://dbpedia.org/resource/Canton_of_Bern, http://dbpedia.org/resource/Canton_of_Uri]"
"64","2","[http://dbpedia.org/resource/Switzerland, http://dbpedia.org/resource/Canton_of_Uri]"
"65","2","[http://dbpedia.org/resource/Italy, http://dbpedia.org/resource/Switzerland, http://dbpedia.org/resource/Lombardy, http://dbpedia.org/resource/Graub%C3%BCnden]"
"66","2","[http://dbpedia.org/resource/Italy, http://dbpedia.org/resource/Piedmont, http://dbpedia.org/resource/Switzerland, http://dbpedia.org/resource/Ticino]"
"67","2","[http://dbpedia.org/resource/Switzerland, http://dbpedia.org/resource/Canton_of_Glarus, http://dbpedia.org/resource/Canton_of_Uri]"
"68","2","[http://dbpedia.org/resource/Switzerland, http://dbpedia.org/resource/Graub%C3%BCnden, http://dbpedia.org/resource/Canton_of_Uri]"
"69","2","[http://dbpedia.org/resource/Switzerland, http://dbpedia.org/resource/Graub%C3%BCnden]"
"172","2","[http://dbpedia.org/resource/Switzerland, http://dbpedia.org/resource/Austria]"
"293","2","[http://dbpedia.org/resource/Switzerland, http://dbpedia.org/resource/Canton_of_Schwyz]"
"173","2","[http://dbpedia.org/resource/Switzerland, http://dbpedia.org/resource/Graub%C3%BCnden, http://dbpedia.org/resource/Vorarlberg, http://dbpedia.org/resource/Austria]"
"294","2","[http://dbpedia.org/resource/Switzerland, http://dbpedia.org/resource/Canton_of_Schwyz]"
"174","2","[http://dbpedia.org/resource/Switzerland, http://dbpedia.org/resource/Graub%C3%BCnden]"
"296","2","[http://dbpedia.org/resource/Switzerland, http://dbpedia.org/resource/Canton_of_Glarus, http://dbpedia.org/resource/Canton_of_Schwyz]"
"177","2","[http://dbpedia.org/resource/Switzerland, http://dbpedia.org/resource/Canton_of_Schwyz]"
"210","2","[http://dbpedia.org/resource/Switzerland, http://dbpedia.org/resource/Canton_of_St._Gallen]"
"211","2","[http://dbpedia.org/resource/Switzerland, http://dbpedia.org/resource/Canton_of_Glarus]"
"213","2","http://dbpedia.org/resource/Switzerland"
"215","2","http://dbpedia.org/resource/Switzerland"
"216","2","[http://dbpedia.org/resource/Switzerland, http://dbpedia.org/resource/Canton_of_Schwyz]"
"218","2","[http://dbpedia.org/resource/Switzerland, http://dbpedia.org/resource/Canton_of_St._Gallen]"
"70","2","[http://dbpedia.org/resource/Switzerland, http://dbpedia.org/resource/Canton_of_Bern, http://dbpedia.org/resource/Valais]"
"71","2","[http://dbpedia.org/resource/Switzerland, http://dbpedia.org/resource/Canton_of_St._Gallen, http://dbpedia.org/resource/Graub%C3%BCnden]"
"72","2","[http://dbpedia.org/resource/Switzerland, http://dbpedia.org/resource/Canton_of_Bern, http://dbpedia.org/resource/Obwalden]"
"74","2","[http://dbpedia.org/resource/Switzerland, http://dbpedia.org/resource/Canton_of_Bern, http://dbpedia.org/resource/Canton_of_Uri]"
"75","2","[http://dbpedia.org/resource/Switzerland, http://dbpedia.org/resource/Canton_of_Uri]"
"76","2","[http://dbpedia.org/resource/Italy, http://dbpedia.org/resource/Switzerland, http://dbpedia.org/resource/Lombardy, http://dbpedia.org/resource/Graub%C3%BCnden]"
"77","2","[http://dbpedia.org/resource/Switzerland, http://dbpedia.org/resource/Graub%C3%BCnden]"
"78","2","[http://dbpedia.org/resource/Switzerland, http://dbpedia.org/resource/Canton_of_Uri]"
"79","2","[http://dbpedia.org/resource/Switzerland, http://dbpedia.org/resource/Canton_of_Uri]"
"180","2","http://dbpedia.org/resource/Liechtenstein"
"181","2","[http://dbpedia.org/resource/Switzerland, http://dbpedia.org/resource/Canton_of_Uri]"
"183","2","[http://dbpedia.org/resource/Switzerland, http://dbpedia.org/resource/Canton_of_Glarus, http://dbpedia.org/resource/Canton_of_St._Gallen]"
"184","2","[http://dbpedia.org/resource/Switzerland, http://dbpedia.org/resource/Appenzell_Ausserrhoden, http://dbpedia.org/resource/Appenzell_Innerrhoden, http://dbpedia.org/resource/Canton_of_St._Gallen]"
"220","2","[http://dbpedia.org/resource/Switzerland, http://dbpedia.org/resource/Canton_of_St._Gallen]"
"100","2","[http://dbpedia.org/resource/Switzerland, http://dbpedia.org/resource/Graub%C3%BCnden]"
"221","2","[http://dbpedia.org/resource/Switzerland, http://dbpedia.org/resource/Canton_of_St._Gallen]"
"223","2","[http://dbpedia.org/resource/Switzerland, http://dbpedia.org/resource/Graub%C3%BCnden]"
"103","2","[http://dbpedia.org/resource/Switzerland, http://dbpedia.org/resource/Canton_of_Uri]"
"104","2","[http://dbpedia.org/resource/Switzerland, http://dbpedia.org/resource/Graub%C3%BCnden]"
"105","2","[http://dbpedia.org/resource/Switzerland, http://dbpedia.org/resource/Canton_of_Uri]"
"106","2","[http://dbpedia.org/resource/Switzerland, http://dbpedia.org/resource/Ticino]"
"80","2","[http://dbpedia.org/resource/Switzerland, http://dbpedia.org/resource/Graub%C3%BCnden]"
"107","2","[http://dbpedia.org/resource/Switzerland, http://dbpedia.org/resource/Ticino, http://dbpedia.org/resource/Valais]"
"81","2","[http://dbpedia.org/resource/Italy, http://dbpedia.org/resource/Piedmont, http://dbpedia.org/resource/Switzerland, http://dbpedia.org/resource/Valais]"
"108","2","[http://dbpedia.org/resource/Switzerland, http://dbpedia.org/resource/Canton_of_Uri, http://dbpedia.org/resource/Valais]"
"82","2","[http://dbpedia.org/resource/Switzerland, http://dbpedia.org/resource/Ticino, http://dbpedia.org/resource/Valais]"
"109","2","[http://dbpedia.org/resource/Switzerland, http://dbpedia.org/resource/Canton_of_Glarus, http://dbpedia.org/resource/Graub%C3%BCnden, http://dbpedia.org/resource/Canton_of_Uri]"
"83","2","[http://dbpedia.org/resource/Switzerland, http://dbpedia.org/resource/Graub%C3%BCnden]"
"84","2","[http://dbpedia.org/resource/Switzerland, http://dbpedia.org/resource/Valais]"
"86","2","[http://dbpedia.org/resource/Switzerland, http://dbpedia.org/resource/Canton_of_Glarus, http://dbpedia.org/resource/Graub%C3%BCnden]"
