"89","3","http://dbpedia.org/resource/Conglomerate_(company)"
"110","3","http://dbpedia.org/resource/Financial_services"
"112","3","http://dbpedia.org/resource/Financial_services"
"113","3","http://dbpedia.org/resource/Computer"
"114","3","http://dbpedia.org/resource/Semiconductor"
"115","3","http://dbpedia.org/resource/Financial_services"
"116","3","http://dbpedia.org/resource/Mass_media"
"90","3","http://dbpedia.org/resource/Hospitality_industry"
"117","3","http://dbpedia.org/resource/Steel"
"91","3","http://dbpedia.org/resource/Chemical_industry"
"118","3","http://dbpedia.org/resource/Automotive_industry"
"92","3","http://dbpedia.org/resource/Investment_management"
"93","3","[http://dbpedia.org/resource/Mass_media, http://dbpedia.org/resource/Telecommunication]"
"94","3","http://dbpedia.org/resource/Retail"
"95","3","http://dbpedia.org/resource/Metal"
"96","3","http://dbpedia.org/resource/Telecommunication"
"97","3","http://dbpedia.org/resource/Conglomerate_(company)"
"98","3","http://dbpedia.org/resource/Chemical_industry"
"10","3","[http://dbpedia.org/resource/Insurance, http://dbpedia.org/resource/Asset_management]"
"99","3","http://dbpedia.org/resource/Wireless"
"11","3","[http://dbpedia.org/resource/Financial_services, http://dbpedia.org/resource/Heavy_equipment]"
"12","3","http://dbpedia.org/resource/Automotive_industry"
"13","3","http://dbpedia.org/resource/Retail"
"14","3","http://dbpedia.org/resource/Pharmaceutical_industry"
"15","3","http://dbpedia.org/resource/Telecommunication"
"17","3","http://dbpedia.org/resource/Heavy_equipment"
"19","3","[http://dbpedia.org/resource/Software, http://dbpedia.org/resource/Computer_hardware]"
"120","3","[http://dbpedia.org/resource/Gambling, http://dbpedia.org/resource/Tourism, http://dbpedia.org/resource/Hospitality]"
"2","3","http://dbpedia.org/resource/Restaurant"
"4","3","http://dbpedia.org/resource/Mass_media"
"5","3","http://dbpedia.org/resource/Retail"
"8","3","[http://dbpedia.org/resource/Software, http://dbpedia.org/resource/Information_technology_consulting, http://dbpedia.org/resource/IT_service_management, http://dbpedia.org/resource/Computer_hardware]"
"9","3","http://dbpedia.org/resource/Semiconductor"
"20","3","http://dbpedia.org/resource/Chemical_industry"
"22","3","http://dbpedia.org/resource/Transport"
"23","3","http://dbpedia.org/resource/Conglomerate_(company)"
"24","3","http://dbpedia.org/resource/Semiconductor"
"25","3","http://dbpedia.org/resource/Mass_media"
"26","3","[http://dbpedia.org/resource/Tourism, http://dbpedia.org/resource/Hospitality]"
"27","3","http://dbpedia.org/resource/Retail"
"28","3","http://dbpedia.org/resource/Mass_media"
"29","3","http://dbpedia.org/resource/Heavy_equipment"
"30","3","http://dbpedia.org/resource/List_of_oil_exploration_and_production_companies"
"31","3","[http://dbpedia.org/resource/Renting, http://dbpedia.org/resource/Leasing]"
"32","3","http://dbpedia.org/resource/Managed_care"
"33","3","http://dbpedia.org/resource/Semiconductor_industry"
"34","3","[http://dbpedia.org/resource/Document_management_system, http://dbpedia.org/resource/Digital_imaging, http://dbpedia.org/resource/Information_technology_consulting, http://dbpedia.org/resource/IT_service_management]"
"36","3","http://dbpedia.org/resource/Software"
"37","3","http://dbpedia.org/resource/Bank"
"38","3","http://dbpedia.org/resource/Conglomerate_(company)"
"39","3","[http://dbpedia.org/resource/Pest_control, http://dbpedia.org/resource/Hygiene, http://dbpedia.org/resource/Public_utility, http://dbpedia.org/resource/Food_safety, http://dbpedia.org/resource/Sanitary_engineering]"
"40","3","http://dbpedia.org/resource/Aviation"
"42","3","[http://dbpedia.org/resource/Internet, http://dbpedia.org/resource/Software, http://dbpedia.org/resource/Telecommunications_equipment]"
"43","3","http://dbpedia.org/resource/Financial_services"
"44","3","http://dbpedia.org/resource/Final_good"
"45","3","http://dbpedia.org/resource/Heavy_equipment"
"46","3","http://dbpedia.org/resource/Conglomerate_(company)"
"47","3","[http://dbpedia.org/resource/Agriculture, http://dbpedia.org/resource/Fertilizer]"
"49","3","[http://dbpedia.org/resource/Military, http://dbpedia.org/resource/Aerospace_engineering]"
"50","3","[http://dbpedia.org/resource/Enterprise_software, http://dbpedia.org/resource/Computer_hardware]"
"51","3","http://dbpedia.org/resource/Meat_packing_industry"
"52","3","[http://dbpedia.org/resource/Metal, http://dbpedia.org/resource/Mining]"
"54","3","http://dbpedia.org/resource/Aerospace_engineering"
"55","3","http://dbpedia.org/resource/Retail"
"56","3","http://dbpedia.org/resource/Computer_data_storage"
"57","3","http://dbpedia.org/resource/Non-ferrous_metal"
"58","3","http://dbpedia.org/resource/Managed_care"
"59","3","http://dbpedia.org/resource/Steel"
"60","3","http://dbpedia.org/resource/Conglomerate_(company)"
"61","3","http://dbpedia.org/resource/Food_processing"
"62","3","http://dbpedia.org/resource/Retail"
"65","3","http://dbpedia.org/resource/Aerospace_engineering"
"66","3","[http://dbpedia.org/resource/HVAC, http://dbpedia.org/resource/Automobile, http://dbpedia.org/resource/Battery_(electricity)]"
"67","3","[http://dbpedia.org/resource/Tourism, http://dbpedia.org/resource/Hospitality]"
"69","3","http://dbpedia.org/resource/Financial_services"
"70","3","[http://dbpedia.org/resource/Interactive_entertainment, http://dbpedia.org/resource/Video_game_industry]"
"72","3","[http://dbpedia.org/resource/Public_relations, http://dbpedia.org/resource/Advertising_agency]"
"73","3","http://dbpedia.org/resource/Transport"
"74","3","http://dbpedia.org/resource/Computer_data_storage"
"75","3","http://dbpedia.org/resource/Managed_care"
"77","3","http://dbpedia.org/resource/Pharmaceutical_drug"
"79","3","http://dbpedia.org/resource/Financial_services"
"100","3","http://dbpedia.org/resource/Conglomerate_(company)"
"101","3","http://dbpedia.org/resource/Mass_media"
"102","3","http://dbpedia.org/resource/Software"
"103","3","http://dbpedia.org/resource/Investment"
"104","3","http://dbpedia.org/resource/Mass_media"
"105","3","[http://dbpedia.org/resource/Financial_services, http://dbpedia.org/resource/Bank]"
"106","3","http://dbpedia.org/resource/Drink"
"107","3","http://dbpedia.org/resource/Automotive_industry"
"81","3","http://dbpedia.org/resource/Conglomerate_(company)"
"108","3","http://dbpedia.org/resource/Investment_management"
"82","3","http://dbpedia.org/resource/Pulp_and_paper_industry"
"109","3","http://dbpedia.org/resource/Financial_services"
"83","3","[http://dbpedia.org/resource/Financial_services, http://dbpedia.org/resource/Bank]"
"84","3","http://dbpedia.org/resource/Home_appliance"
"85","3","http://dbpedia.org/resource/Conglomerate_(company)"
"86","3","http://dbpedia.org/resource/Fast-moving_consumer_goods"
