"88","3","http://dbpedia.org/resource/Tobacco_industry"
"89","3","[http://dbpedia.org/resource/Financial_services, http://dbpedia.org/resource/Bank]"
"90","3","http://dbpedia.org/resource/Networking_hardware"
"91","3","http://dbpedia.org/resource/Financial_services"
"92","3","http://dbpedia.org/resource/Financial_services"
"93","3","http://dbpedia.org/resource/Semiconductor"
"94","3","http://dbpedia.org/resource/Fast-moving_consumer_goods"
"95","3","http://dbpedia.org/resource/Financial_services"
"96","3","[http://dbpedia.org/resource/Financial_services, http://dbpedia.org/resource/Automotive_industry]"
"97","3","http://dbpedia.org/resource/Investment"
"10","3","http://dbpedia.org/resource/Conglomerate_(company)"
"11","3","http://dbpedia.org/resource/Financial_services"
"99","3","[http://dbpedia.org/resource/Financial_services, http://dbpedia.org/resource/Bank]"
"12","3","http://dbpedia.org/resource/Wireless"
"13","3","http://dbpedia.org/resource/Financial_services"
"14","3","http://dbpedia.org/resource/Financial_services"
"15","3","http://dbpedia.org/resource/Petroleum_industry"
"16","3","http://dbpedia.org/resource/Retail"
"17","3","http://dbpedia.org/resource/Petroleum_industry"
"18","3","http://dbpedia.org/resource/Financial_services"
"19","3","http://dbpedia.org/resource/Petroleum_industry"
"1","3","[http://dbpedia.org/resource/Financial_services, http://dbpedia.org/resource/Bank]"
"2","3","http://dbpedia.org/resource/Conglomerate_(company)"
"3","3","[http://dbpedia.org/resource/Financial_services, http://dbpedia.org/resource/Bank]"
"4","3","[http://dbpedia.org/resource/Financial_services, http://dbpedia.org/resource/Bank]"
"5","3","http://dbpedia.org/resource/List_of_oil_exploration_and_production_companies"
"6","3","http://dbpedia.org/resource/List_of_oil_exploration_and_production_companies"
"7","3","http://dbpedia.org/resource/Petroleum_industry"
"8","3","http://dbpedia.org/resource/Automotive_industry"
"9","3","[http://dbpedia.org/resource/Financial_services, http://dbpedia.org/resource/Bank]"
"20","3","http://dbpedia.org/resource/Financial_services"
"21","3","http://dbpedia.org/resource/Financial_services"
"22","3","http://dbpedia.org/resource/List_of_oil_exploration_and_production_companies"
"23","3","[http://dbpedia.org/resource/Financial_services, http://dbpedia.org/resource/Bank]"
"24","3","http://dbpedia.org/resource/Financial_services"
"25","3","http://dbpedia.org/resource/Financial_services"
"26","3","http://dbpedia.org/resource/Electric_utility"
"27","3","http://dbpedia.org/resource/Electric_utility"
"28","3","http://dbpedia.org/resource/Petroleum_industry"
"29","3","http://dbpedia.org/resource/Petroleum_industry"
"30","3","http://dbpedia.org/resource/List_of_oil_exploration_and_production_companies"
"31","3","http://dbpedia.org/resource/Fast-moving_consumer_goods"
"32","3","[http://dbpedia.org/resource/Financial_services, http://dbpedia.org/resource/Bank]"
"33","3","http://dbpedia.org/resource/Financial_services"
"34","3","http://dbpedia.org/resource/Telecommunication"
"35","3","[http://dbpedia.org/resource/Financial_services, http://dbpedia.org/resource/Bank]"
"36","3","http://dbpedia.org/resource/Automotive_industry"
"37","3","[http://dbpedia.org/resource/Software, http://dbpedia.org/resource/Information_technology_consulting, http://dbpedia.org/resource/IT_service_management, http://dbpedia.org/resource/Computer_hardware]"
"38","3","http://dbpedia.org/resource/Steel"
"39","3","http://dbpedia.org/resource/Automotive_industry"
"40","3","http://dbpedia.org/resource/Financial_services"
"41","3","[http://dbpedia.org/resource/Financial_services, http://dbpedia.org/resource/Investment_banking, http://dbpedia.org/resource/Bank]"
"42","3","[http://dbpedia.org/resource/Financial_services, http://dbpedia.org/resource/Investment, http://dbpedia.org/resource/Bank]"
"43","3","http://dbpedia.org/resource/Financial_services"
"44","3","http://dbpedia.org/resource/Financial_services"
"45","3","http://dbpedia.org/resource/Financial_services"
"46","3","http://dbpedia.org/resource/Food_processing"
"47","3","http://dbpedia.org/resource/Financial_services"
"48","3","http://dbpedia.org/resource/Telecommunication"
"49","3","http://dbpedia.org/resource/Telecommunication"
"50","3","http://dbpedia.org/resource/Conglomerate_(company)"
"52","3","http://dbpedia.org/resource/Petroleum_industry"
"53","3","[http://dbpedia.org/resource/Software, http://dbpedia.org/resource/Information_technology_consulting, http://dbpedia.org/resource/IT_service_management, http://dbpedia.org/resource/Computer_hardware]"
"54","3","http://dbpedia.org/resource/Financial_services"
"55","3","http://dbpedia.org/resource/Financial_services"
"56","3","[http://dbpedia.org/resource/Financial_services, http://dbpedia.org/resource/Bank]"
"57","3","http://dbpedia.org/resource/Pharmaceutical_industry"
"58","3","[http://dbpedia.org/resource/Medical_equipment, http://dbpedia.org/resource/Pharmaceutical_industry]"
"59","3","[http://dbpedia.org/resource/Semiconductor, http://dbpedia.org/resource/Consumer_electronics, http://dbpedia.org/resource/Home_appliance, http://dbpedia.org/resource/Telecommunications_equipment]"
"60","3","http://dbpedia.org/resource/Petroleum_industry"
"61","3","http://dbpedia.org/resource/Financial_services"
"62","3","[http://dbpedia.org/resource/Financial_services, http://dbpedia.org/resource/Investment, http://dbpedia.org/resource/Bank]"
"63","3","[http://dbpedia.org/resource/Software, http://dbpedia.org/resource/Computer_hardware]"
"64","3","[http://dbpedia.org/resource/Water, http://dbpedia.org/resource/Energy_industry, http://dbpedia.org/resource/Waste_management]"
"65","3","http://dbpedia.org/resource/Financial_services"
"66","3","http://dbpedia.org/resource/Telecommunication"
"67","3","http://dbpedia.org/resource/Pharmaceutical_industry"
"68","3","[http://dbpedia.org/resource/Aviation, http://dbpedia.org/resource/Automotive_industry, http://dbpedia.org/resource/Telematics]"
"70","3","http://dbpedia.org/resource/Financial_services"
"71","3","[http://dbpedia.org/resource/Financial_services, http://dbpedia.org/resource/Bank]"
"72","3","http://dbpedia.org/resource/Pharmaceutical_industry"
"73","3","http://dbpedia.org/resource/Financial_services"
"74","3","http://dbpedia.org/resource/Pharmaceutical_industry"
"75","3","http://dbpedia.org/resource/Financial_services"
"76","3","[http://dbpedia.org/resource/Metal, http://dbpedia.org/resource/Mining]"
"77","3","[http://dbpedia.org/resource/Metal, http://dbpedia.org/resource/Mining]"
"78","3","http://dbpedia.org/resource/Telecommunication"
"79","3","[http://dbpedia.org/resource/Biotechnology, http://dbpedia.org/resource/Pharmaceutical_industry]"
"80","3","http://dbpedia.org/resource/Chemical_industry"
"80","3","http://dbpedia.org/resource/Chemical_industry"
"81","3","http://dbpedia.org/resource/Electric_utility"
"82","3","[http://dbpedia.org/resource/Financial_services, http://dbpedia.org/resource/Bank]"
"83","3","[http://dbpedia.org/resource/Metal, http://dbpedia.org/resource/Mining]"
"84","3","http://dbpedia.org/resource/Mass_media"
"85","3","http://dbpedia.org/resource/Financial_services"
"86","3","http://dbpedia.org/resource/Financial_services"
"87","3","http://dbpedia.org/resource/Financial_services"
