"1","1","http://dbpedia.org/resource/Outline_of_entertainment"
"2","1","[http://dbpedia.org/resource/Software, http://dbpedia.org/resource/Information_technology_consulting, http://dbpedia.org/resource/IT_service_management, http://dbpedia.org/resource/Computer_hardware]"
"3","1","http://dbpedia.org/resource/Conglomerate_(company)"
"4","1","[http://dbpedia.org/resource/Software, http://dbpedia.org/resource/Information_technology_consulting, http://dbpedia.org/resource/IT_service_management, http://dbpedia.org/resource/Computer_hardware]"
"6","1","http://dbpedia.org/resource/Consumer_electronics"
"7","1","http://dbpedia.org/resource/Electronics"
"8","1","http://dbpedia.org/resource/Conglomerate_(company)"
"10","1","http://dbpedia.org/resource/Mass_media"
