"88","2","http://dbpedia.org/resource/Organic_compound"
"89","2","http://dbpedia.org/resource/Obstetrics"
"113","2","[http://dbpedia.org/resource/Speed_of_light, http://dbpedia.org/resource/Michelson%E2%80%93Morley_experiment]"
"115","2","http://dbpedia.org/resource/Electrocardiography"
"90","2","[http://dbpedia.org/resource/Panspermia, http://dbpedia.org/resource/Junkyard_tornado, http://dbpedia.org/resource/B2FH_paper, http://dbpedia.org/resource/Hoyle%E2%80%93Narlikar_theory_of_gravity, http://dbpedia.org/resource/Triple-alpha_process, http://dbpedia.org/resource/Steady_State_theory]"
"118","2","[http://dbpedia.org/resource/Vitamin, http://dbpedia.org/resource/Beriberi]"
"92","2","[http://dbpedia.org/resource/Smallpox_vaccine, http://dbpedia.org/resource/Vaccination]"
"93","2","[http://dbpedia.org/resource/Probability_amplitude, http://dbpedia.org/resource/Born%E2%80%93Haber_cycle, http://dbpedia.org/resource/Born_equation, http://dbpedia.org/resource/Born_approximation, http://dbpedia.org/resource/Born_rigidity, http://dbpedia.org/resource/Born%E2%80%93Huang_approximation, http://dbpedia.org/resource/Born_coordinates, http://dbpedia.org/resource/Born%E2%80%93Land%C3%A9_equation, http://dbpedia.org/resource/Born%E2%80%93von_Karman_boundary_condition, http://dbpedia.org/resource/Born_rule, http://dbpedia.org/resource/Born%E2%80%93Infeld_model]"
"94","2","http://dbpedia.org/resource/Geologic_map"
"95","2","[http://dbpedia.org/resource/Malaria, http://dbpedia.org/resource/Trypanosomiasis]"
"97","2","[http://dbpedia.org/resource/Nuclear_physics, http://dbpedia.org/resource/Proton, http://dbpedia.org/resource/Rutherford_scattering, http://dbpedia.org/resource/Rutherford_(unit), http://dbpedia.org/resource/Rutherford_model, http://dbpedia.org/resource/Rutherford_backscattering_spectrometry]"
"98","2","[http://dbpedia.org/resource/Ohm's_law, http://dbpedia.org/resource/Ohm's_acoustic_law]"
"10","2","http://dbpedia.org/resource/Halley's_Comet"
"99","2","http://dbpedia.org/resource/Coulomb's_law"
"11","2","[http://dbpedia.org/resource/Cauchy%E2%80%93Riemann_equations, http://dbpedia.org/resource/Fluid_dynamics, http://dbpedia.org/resource/Gambler's_fallacy, http://dbpedia.org/resource/D'Alembert_operator, http://dbpedia.org/resource/Ratio_test, http://dbpedia.org/resource/D'Alembert's_principle, http://dbpedia.org/resource/D'Alembert's_paradox, http://dbpedia.org/resource/Figurative_system_of_human_knowledge, http://dbpedia.org/resource/Wave_equation, http://dbpedia.org/resource/Encyclop%C3%A9die, http://dbpedia.org/resource/D'Alembert's_formula, http://dbpedia.org/resource/Three-body_problem, http://dbpedia.org/resource/Virtual_work, http://dbpedia.org/resource/D'Alembert%E2%80%93Euler_condition, http://dbpedia.org/resource/Fictitious_force]"
"13","2","[http://dbpedia.org/resource/Thermodynamics, http://dbpedia.org/resource/Bernoulli's_principle, http://dbpedia.org/resource/Kinetic_theory]"
"14","2","[http://dbpedia.org/resource/Hydrogen, http://dbpedia.org/resource/Cavendish_experiment]"
"15","2","http://dbpedia.org/resource/Coulomb's_law"
"16","2","[http://dbpedia.org/resource/Number_theory, http://dbpedia.org/resource/Analytical_mechanics, http://dbpedia.org/resource/Mathematical_analysis, http://dbpedia.org/resource/Celestial_mechanics, http://dbpedia.org/resource/List_of_things_named_after_Joseph-Louis_Lagrange]"
"17","2","http://dbpedia.org/resource/Steam_engine"
"19","2","http://dbpedia.org/resource/Iridium"
"120","2","[http://dbpedia.org/resource/Picard%E2%80%93Lefschetz_theory, http://dbpedia.org/resource/Hairy_ball_theorem, http://dbpedia.org/resource/Lefschetz_pencil, http://dbpedia.org/resource/Lefschetz_zeta_function, http://dbpedia.org/resource/Lefschetz_fixed-point_theorem, http://dbpedia.org/resource/Lefschetz_duality, http://dbpedia.org/resource/Lefschetz_theorem_on_(1,1)-classes, http://dbpedia.org/resource/Lefschetz_hyperplane_theorem, http://dbpedia.org/resource/Lefschetz_manifold]"
"122","2","http://dbpedia.org/resource/Atom"
"124","2","[http://dbpedia.org/resource/Non-topological_soliton, http://dbpedia.org/resource/Parity_(physics), http://dbpedia.org/resource/Lee_model, http://dbpedia.org/resource/Relativistic_heavy-ion_physics]"
"3","2","http://dbpedia.org/resource/De_humani_corporis_fabrica"
"125","2","[http://dbpedia.org/resource/DNA, http://dbpedia.org/resource/X-ray_crystallography]"
"126","2","[http://dbpedia.org/resource/Analytic_geometry, http://dbpedia.org/resource/Number_theory, http://dbpedia.org/resource/Probability, http://dbpedia.org/resource/Adequality, http://dbpedia.org/resource/Fermat's_principle, http://dbpedia.org/resource/Fermat's_Last_Theorem]"
"5","2","[http://dbpedia.org/resource/Brouwer_fixed-point_theorem, http://dbpedia.org/resource/Chaos_theory, http://dbpedia.org/resource/Poincar%C3%A9_conjecture, http://dbpedia.org/resource/Special_relativity, http://dbpedia.org/resource/Topology, http://dbpedia.org/resource/Poincar%C3%A9_duality, http://dbpedia.org/resource/Sphere-world, http://dbpedia.org/resource/Poincar%C3%A9_recurrence_theorem, http://dbpedia.org/resource/Poincar%C3%A9%E2%80%93Lindstedt_method, http://dbpedia.org/resource/Bifurcation_theory, http://dbpedia.org/resource/Poincar%C3%A9%E2%80%93Bendixson_theorem, http://dbpedia.org/resource/Poincar%C3%A9_inequality, http://dbpedia.org/resource/Betti_number, http://dbpedia.org/resource/Three-body_problem, http://dbpedia.org/resource/Hilbert%E2%80%93Poincar%C3%A9_series, http://dbpedia.org/resource/Poincar%C3%A9%E2%80%93Hopf_theorem, http://dbpedia.org/resource/Poincar%C3%A9_metric, http://dbpedia.org/resource/Rotation_number]"
"6","2","[http://dbpedia.org/resource/Acid%E2%80%93base_reaction, http://dbpedia.org/resource/Arrhenius_equation, http://dbpedia.org/resource/Dissociation_(chemistry)]"
"129","2","[http://dbpedia.org/resource/Electron, http://dbpedia.org/resource/De_Broglie%E2%80%93Bohm_theory, http://dbpedia.org/resource/Matter_wave]"
"9","2","[http://dbpedia.org/resource/Legendre_transformation, http://dbpedia.org/resource/Elliptic_function]"
"20","2","http://dbpedia.org/resource/Smithsonian_Institution"
"21","2","[http://dbpedia.org/resource/Fourier_series, http://dbpedia.org/resource/Fourier_transform, http://dbpedia.org/resource/Thermal_conduction]"
"22","2","http://dbpedia.org/resource/Biot%E2%80%93Savart_law"
"23","2","[http://dbpedia.org/resource/Avogadro_constant, http://dbpedia.org/resource/Avogadro's_law]"
"24","2","http://dbpedia.org/resource/Diffraction"
"25","2","http://dbpedia.org/resource/Wave"
"26","2","[http://dbpedia.org/resource/Ohm's_law, http://dbpedia.org/resource/Ohm's_acoustic_law]"
"29","2","[http://dbpedia.org/resource/Carnot_heat_engine, http://dbpedia.org/resource/Carnot's_theorem_(thermodynamics), http://dbpedia.org/resource/Carnot_cycle, http://dbpedia.org/resource/Exergy_efficiency]"
"130","2","[http://dbpedia.org/resource/Spacetime, http://dbpedia.org/resource/Spinor, http://dbpedia.org/resource/Ehrenfest_theorem, http://dbpedia.org/resource/Ehrenfest_paradox, http://dbpedia.org/resource/Ehrenfest_equations, http://dbpedia.org/resource/Phase_transition, http://dbpedia.org/resource/Ehrenfest_model, http://dbpedia.org/resource/Ultraviolet_catastrophe, http://dbpedia.org/resource/Nonradiation_condition, http://dbpedia.org/resource/Ehrenfest%E2%80%93Tolman_effect, http://dbpedia.org/resource/Ehrenfest_time]"
"133","2","http://dbpedia.org/resource/Snell's_law"
"134","2","[http://dbpedia.org/resource/Electron, http://dbpedia.org/resource/Plum_pudding_model, http://dbpedia.org/resource/Mass_spectrometry, http://dbpedia.org/resource/Thomson_scattering, http://dbpedia.org/resource/Thomson_problem, http://dbpedia.org/resource/Isotope, http://dbpedia.org/resource/Epsilon_radiation, http://dbpedia.org/resource/Waveguide_(electromagnetism), http://dbpedia.org/resource/Thomson_(unit), http://dbpedia.org/resource/Delta_ray, http://dbpedia.org/resource/Mass-to-charge_ratio]"
"136","2","[http://dbpedia.org/resource/Van_der_Waals_force, http://dbpedia.org/resource/Van_der_Waals_equation]"
"137","2","[http://dbpedia.org/resource/Nuclear_fission, http://dbpedia.org/resource/Protactinium, http://dbpedia.org/resource/Fajans%E2%80%93Paneth%E2%80%93Hahn_Law, http://dbpedia.org/resource/Nuclear_isomer]"
"138","2","http://dbpedia.org/resource/History_of_penicillin"
"31","2","http://dbpedia.org/resource/Doppler_effect"
"32","2","[http://dbpedia.org/resource/Magnetism, http://dbpedia.org/resource/Telegraphy, http://dbpedia.org/resource/Wattmeter]"
"33","2","[http://dbpedia.org/resource/Hamiltonian_(quantum_mechanics), http://dbpedia.org/resource/Tensor, http://dbpedia.org/resource/Icosian_calculus, http://dbpedia.org/resource/Nabla_symbol, http://dbpedia.org/resource/Versor, http://dbpedia.org/resource/Quaternion, http://dbpedia.org/resource/Universal_algebra, http://dbpedia.org/resource/Cayley%E2%80%93Hamilton_theorem, http://dbpedia.org/resource/Dedekind_group, http://dbpedia.org/resource/Hamiltonian_vector_field, http://dbpedia.org/resource/Hamiltonian_path, http://dbpedia.org/resource/Icosian_game, http://dbpedia.org/resource/Hamiltonian_mechanics, http://dbpedia.org/resource/Hamilton%E2%80%93Jacobi_equation, http://dbpedia.org/resource/Biquaternion, http://dbpedia.org/resource/Hodograph, http://dbpedia.org/resource/Hamilton's_principle]"
"34","2","http://dbpedia.org/resource/Magnetism"
"35","2","http://dbpedia.org/resource/Weierstrass_function"
"36","2","[http://dbpedia.org/resource/Doppler_effect, http://dbpedia.org/resource/Fizeau%E2%80%93Foucault_apparatus, http://dbpedia.org/resource/Capacitor]"
"37","2","http://dbpedia.org/resource/Foucault_pendulum"
"39","2","[http://dbpedia.org/resource/Entropy, http://dbpedia.org/resource/Thermodynamics]"
"140","2","http://dbpedia.org/resource/Nylon"
"141","2","http://dbpedia.org/resource/Atom"
"142","2","[http://dbpedia.org/resource/Paleomagnetism, http://dbpedia.org/resource/Cloud_chamber, http://dbpedia.org/resource/Cosmic_ray]"
"143","2","http://dbpedia.org/resource/Penicillin"
"145","2","[http://dbpedia.org/resource/Pauli_effect, http://dbpedia.org/resource/Pauli_exclusion_principle, http://dbpedia.org/resource/Pauli_matrices, http://dbpedia.org/resource/Exchange_interaction, http://dbpedia.org/resource/Pauli_group, http://dbpedia.org/resource/Not_even_wrong, http://dbpedia.org/resource/Pauli_equation, http://dbpedia.org/resource/Pauli%E2%80%93Villars_regularization, http://dbpedia.org/resource/Pauli%E2%80%93Lubanski_pseudovector]"
"147","2","http://dbpedia.org/resource/Ribozyme"
"149","2","[http://dbpedia.org/resource/Alpha_decay, http://dbpedia.org/resource/Big_Bang, http://dbpedia.org/resource/Quantum_tunnelling, http://dbpedia.org/resource/Alpher%E2%80%93Bethe%E2%80%93Gamow_paper, http://dbpedia.org/resource/One_Two_Three_..._Infinity, http://dbpedia.org/resource/Gamow%E2%80%93Teller_transition, http://dbpedia.org/resource/Semi-empirical_mass_formula, http://dbpedia.org/resource/Gamow_factor]"
"41","2","[http://dbpedia.org/resource/Kirchhoff's_circuit_laws, http://dbpedia.org/resource/Kirchhoff's_law_of_thermal_radiation]"
"43","2","http://dbpedia.org/resource/Uranometria"
"44","2","[http://dbpedia.org/resource/Beta_decay, http://dbpedia.org/resource/Nuclear_chain_reaction, http://dbpedia.org/resource/Fermi%E2%80%93Dirac_statistics]"
"45","2","http://dbpedia.org/resource/Navier%E2%80%93Stokes_equations"
"46","2","[http://dbpedia.org/resource/Evolution, http://dbpedia.org/resource/%C3%89tienne_Geoffroy_Saint-Hilaire, http://dbpedia.org/resource/Inheritance_of_acquired_characteristics]"
"150","2","http://dbpedia.org/resource/Nuclear_weapon"
"151","2","[http://dbpedia.org/resource/Nuclear_weapon, http://dbpedia.org/resource/Tolman%E2%80%93Oppenheimer%E2%80%93Volkoff_limit, http://dbpedia.org/resource/Born%E2%80%93Oppenheimer_approximation, http://dbpedia.org/resource/Oppenheimer%E2%80%93Phillips_process]"
"152","2","[http://dbpedia.org/resource/Astatine, http://dbpedia.org/resource/Technetium, http://dbpedia.org/resource/Antiproton]"
"153","2","http://dbpedia.org/resource/Particle_physics"
"154","2","[http://dbpedia.org/resource/Laser, http://dbpedia.org/resource/Maser]"
"155","2","[http://dbpedia.org/resource/Ising_model, http://dbpedia.org/resource/Onsager_reciprocal_relations, http://dbpedia.org/resource/De_Haas%E2%80%93van_Alphen_effect]"
"156","2","[http://dbpedia.org/resource/Planck_constant, http://dbpedia.org/resource/Planck_postulate, http://dbpedia.org/resource/Planck's_law]"
"157","2","[http://dbpedia.org/resource/Atomic_orbital, http://dbpedia.org/resource/Bohr_model, http://dbpedia.org/resource/Copenhagen_interpretation, http://dbpedia.org/resource/Hafnium, http://dbpedia.org/resource/Bohr_magneton, http://dbpedia.org/resource/Bohr_radius, http://dbpedia.org/resource/BKS_theory, http://dbpedia.org/resource/Bohr%E2%80%93Einstein_debates, http://dbpedia.org/resource/Old_quantum_theory, http://dbpedia.org/resource/Complementarity_(physics), http://dbpedia.org/resource/Bohr%E2%80%93van_Leeuwen_theorem]"
"158","2","http://dbpedia.org/resource/Hubble_sequence"
"159","2","http://dbpedia.org/resource/X-ray"
"50","2","http://dbpedia.org/resource/Symmedian"
"51","2","[http://dbpedia.org/resource/Mythology, http://dbpedia.org/resource/Comparative_religion]"
"53","2","http://dbpedia.org/resource/Thermodynamics"
"54","2","http://dbpedia.org/resource/Friedel%E2%80%93Crafts_reaction"
"56","2","[http://dbpedia.org/resource/Beer%E2%80%93Lambert_law, http://dbpedia.org/resource/Transverse_Mercator_projection, http://dbpedia.org/resource/Irrational_number]"
"57","2","http://dbpedia.org/resource/Incandescent_light_bulb"
"59","2","[http://dbpedia.org/resource/Stefan_problem, http://dbpedia.org/resource/Stefan%E2%80%93Boltzmann_constant, http://dbpedia.org/resource/Stefan%E2%80%93Boltzmann_law, http://dbpedia.org/resource/Stefan_flow, http://dbpedia.org/resource/Stefan's_equation, http://dbpedia.org/resource/Maxwell%E2%80%93Stefan_diffusion, http://dbpedia.org/resource/Stefan_number, http://dbpedia.org/resource/Stefan's_formula]"
"161","2","http://dbpedia.org/resource/Photovoltaic_effect"
"163","2","http://dbpedia.org/resource/Radioactive_decay"
"60","2","[http://dbpedia.org/resource/Mach_number, http://dbpedia.org/resource/Mach_wave, http://dbpedia.org/resource/Mach_reflection, http://dbpedia.org/resource/Shock_wave, http://dbpedia.org/resource/Mach's_principle]"
"63","2","[http://dbpedia.org/resource/Boltzmann_distribution, http://dbpedia.org/resource/Maxwell%E2%80%93Boltzmann_distribution, http://dbpedia.org/resource/H-theorem, http://dbpedia.org/resource/Boltzmann_constant, http://dbpedia.org/resource/Stefan%E2%80%93Boltzmann_constant, http://dbpedia.org/resource/Stefan%E2%80%93Boltzmann_law, http://dbpedia.org/resource/Boltzmann_equation]"
"64","2","http://dbpedia.org/resource/Set_theory"
"65","2","http://dbpedia.org/resource/Radiocarbon_dating"
"66","2","[http://dbpedia.org/resource/E%C3%B6tv%C3%B6s_experiment, http://dbpedia.org/resource/E%C3%B6tv%C3%B6s_rule, http://dbpedia.org/resource/E%C3%B6tv%C3%B6s_pendulum]"
"68","2","http://dbpedia.org/resource/Fluid_dynamics"
"69","2","[http://dbpedia.org/resource/Frobenius_method, http://dbpedia.org/resource/Group_theory, http://dbpedia.org/resource/Cayley%E2%80%93Hamilton_theorem, http://dbpedia.org/resource/Differential_equation]"
"70","2","[http://dbpedia.org/resource/Kennelly%E2%80%93Heaviside_layer, http://dbpedia.org/resource/Coaxial_cable, http://dbpedia.org/resource/Vector_calculus, http://dbpedia.org/resource/Heaviside_step_function, http://dbpedia.org/resource/Differential_operator, http://dbpedia.org/resource/Electrical_reactance, http://dbpedia.org/resource/Heaviside_condition, http://dbpedia.org/resource/Heaviside_cover-up_method]"
"72","2","[http://dbpedia.org/resource/Poynting_vector, http://dbpedia.org/resource/Poynting%E2%80%93Robertson_effect, http://dbpedia.org/resource/Poynting's_theorem, http://dbpedia.org/resource/Poynting_effect]"
"73","2","[http://dbpedia.org/resource/Brouwer_fixed-point_theorem, http://dbpedia.org/resource/Chaos_theory, http://dbpedia.org/resource/Poincar%C3%A9_conjecture, http://dbpedia.org/resource/Special_relativity, http://dbpedia.org/resource/Topology, http://dbpedia.org/resource/Poincar%C3%A9_duality, http://dbpedia.org/resource/Sphere-world, http://dbpedia.org/resource/Poincar%C3%A9_recurrence_theorem, http://dbpedia.org/resource/Poincar%C3%A9%E2%80%93Lindstedt_method, http://dbpedia.org/resource/Bifurcation_theory, http://dbpedia.org/resource/Poincar%C3%A9%E2%80%93Bendixson_theorem, http://dbpedia.org/resource/Poincar%C3%A9_inequality, http://dbpedia.org/resource/Betti_number, http://dbpedia.org/resource/Three-body_problem, http://dbpedia.org/resource/Hilbert%E2%80%93Poincar%C3%A9_series, http://dbpedia.org/resource/Poincar%C3%A9%E2%80%93Hopf_theorem, http://dbpedia.org/resource/Poincar%C3%A9_metric, http://dbpedia.org/resource/Rotation_number]"
"74","2","http://dbpedia.org/resource/Rydberg_formula"
"75","2","http://dbpedia.org/resource/Hall_effect"
"76","2","[http://dbpedia.org/resource/Electromagnetic_radiation, http://dbpedia.org/resource/Photoelectric_effect]"
"79","2","http://dbpedia.org/resource/Lyapunov_function"
"101","2","[http://dbpedia.org/resource/Electromagnetic_radiation, http://dbpedia.org/resource/Photoelectric_effect]"
"102","2","[http://dbpedia.org/resource/First_law_of_thermodynamics, http://dbpedia.org/resource/Caloric_theory]"
"103","2","[http://dbpedia.org/resource/Mach_number, http://dbpedia.org/resource/Mach_wave, http://dbpedia.org/resource/Mach_reflection, http://dbpedia.org/resource/Shock_wave, http://dbpedia.org/resource/Mach's_principle]"
"106","2","[http://dbpedia.org/resource/Methane, http://dbpedia.org/resource/Volt, http://dbpedia.org/resource/Voltage, http://dbpedia.org/resource/Voltmeter, http://dbpedia.org/resource/Battery_(electricity)]"
"80","2","[http://dbpedia.org/resource/Peristalsis, http://dbpedia.org/resource/Secretin]"
"107","2","http://dbpedia.org/resource/Steam_engine"
"108","2","[http://dbpedia.org/resource/Magnetism, http://dbpedia.org/resource/Telegraphy, http://dbpedia.org/resource/Wattmeter]"
"109","2","[http://dbpedia.org/resource/Explosive_material, http://dbpedia.org/resource/Haber_process, http://dbpedia.org/resource/Born%E2%80%93Haber_cycle, http://dbpedia.org/resource/Chemical_warfare, http://dbpedia.org/resource/Fertilizer, http://dbpedia.org/resource/Haber%E2%80%93Weiss_reaction]"
"83","2","[http://dbpedia.org/resource/Chemical_thermodynamics, http://dbpedia.org/resource/Covalent_bond, http://dbpedia.org/resource/Heavy_water, http://dbpedia.org/resource/Photon, http://dbpedia.org/resource/Phosphorescence, http://dbpedia.org/resource/Lewis_structure, http://dbpedia.org/resource/Valence_bond_theory, http://dbpedia.org/resource/Lewis_acids_and_bases]"
"84","2","[http://dbpedia.org/resource/Br%C3%B8nsted%E2%80%93Lowry_acid%E2%80%93base_theory, http://dbpedia.org/resource/Br%C3%B8nsted_catalysis_equation]"
"85","2","[http://dbpedia.org/resource/Nuclear_magnetic_resonance, http://dbpedia.org/resource/Rabi_problem, http://dbpedia.org/resource/Rabi_cycle]"
"86","2","[http://dbpedia.org/resource/Stern%E2%80%93Gerlach_experiment, http://dbpedia.org/resource/Spin_(physics), http://dbpedia.org/resource/Molecular_ray_method]"
"87","2","http://dbpedia.org/resource/Abiogenesis"
