"23","3","[http://dbpedia.org/resource/Switzerland, http://dbpedia.org/resource/Canton_of_Glarus, http://dbpedia.org/resource/Canton_of_Schwyz]"
"24","3","[http://dbpedia.org/resource/Switzerland, http://dbpedia.org/resource/Canton_of_Glarus]"
"46","3","[http://dbpedia.org/resource/Switzerland, http://dbpedia.org/resource/Canton_of_Schwyz]"
"47","3","[http://dbpedia.org/resource/Switzerland, http://dbpedia.org/resource/Canton_of_Glarus, http://dbpedia.org/resource/Canton_of_Uri]"
"70","3","[http://dbpedia.org/resource/Switzerland, http://dbpedia.org/resource/Canton_of_Schwyz]"
"51","3","[http://dbpedia.org/resource/Switzerland, http://dbpedia.org/resource/Canton_of_Glarus, http://dbpedia.org/resource/Graub%C3%BCnden]"
"73","3","[http://dbpedia.org/resource/Switzerland, http://dbpedia.org/resource/Canton_of_Uri]"
"74","3","[http://dbpedia.org/resource/Switzerland, http://dbpedia.org/resource/Canton_of_Uri]"
"52","3","[http://dbpedia.org/resource/Switzerland, http://dbpedia.org/resource/Canton_of_Glarus, http://dbpedia.org/resource/Graub%C3%BCnden]"
"31","3","http://dbpedia.org/resource/Switzerland"
"11","3","[http://dbpedia.org/resource/Switzerland, http://dbpedia.org/resource/Canton_of_Glarus, http://dbpedia.org/resource/Canton_of_Schwyz]"
"12","3","http://dbpedia.org/resource/Switzerland"
"57","3","[http://dbpedia.org/resource/Switzerland, http://dbpedia.org/resource/Canton_of_Schwyz]"
"58","3","[http://dbpedia.org/resource/Switzerland, http://dbpedia.org/resource/Canton_of_Glarus, http://dbpedia.org/resource/Canton_of_Uri]"
"36","3","[http://dbpedia.org/resource/Switzerland, http://dbpedia.org/resource/Canton_of_Glarus, http://dbpedia.org/resource/Canton_of_Schwyz]"
"14","3","[http://dbpedia.org/resource/Switzerland, http://dbpedia.org/resource/Canton_of_Glarus, http://dbpedia.org/resource/Canton_of_Schwyz]"
"39","3","[http://dbpedia.org/resource/Switzerland, http://dbpedia.org/resource/Canton_of_Schwyz]"
"2","3","[http://dbpedia.org/resource/Switzerland, http://dbpedia.org/resource/Canton_of_Glarus]"
"4","3","http://dbpedia.org/resource/Switzerland"
"40","3","http://dbpedia.org/resource/Switzerland"
"41","3","[http://dbpedia.org/resource/Switzerland, http://dbpedia.org/resource/Canton_of_Glarus, http://dbpedia.org/resource/Graub%C3%BCnden]"
"63","3","[http://dbpedia.org/resource/Switzerland, http://dbpedia.org/resource/Canton_of_Glarus, http://dbpedia.org/resource/Canton_of_Uri]"
"20","3","[http://dbpedia.org/resource/Switzerland, http://dbpedia.org/resource/Graub%C3%BCnden, http://dbpedia.org/resource/Ticino]"
"42","3","[http://dbpedia.org/resource/Switzerland, http://dbpedia.org/resource/Canton_of_Schwyz]"
"43","3","[http://dbpedia.org/resource/Switzerland, http://dbpedia.org/resource/Canton_of_Schwyz]"
"21","3","[http://dbpedia.org/resource/Switzerland, http://dbpedia.org/resource/Canton_of_Glarus]"
