"11","2","http://dbpedia.org/resource/Action-adventure_game"
"11","3","[http://dbpedia.org/resource/Microsoft_Windows, http://dbpedia.org/resource/OS_X, http://dbpedia.org/resource/PlayStation_3, http://dbpedia.org/resource/IOS, http://dbpedia.org/resource/Xbox_(console), http://dbpedia.org/resource/Android_(operating_system), http://dbpedia.org/resource/PlayStation_2]"
"11","4","http://dbpedia.org/resource/Rockstar_North"
"12","2","http://dbpedia.org/resource/Action_role-playing_game"
"12","3","[http://dbpedia.org/resource/Microsoft_Windows, http://dbpedia.org/resource/PlayStation_3, http://dbpedia.org/resource/Cloud_computing, http://dbpedia.org/resource/Mac_OS, http://dbpedia.org/resource/PlayStation_2]"
"12","4","http://dbpedia.org/resource/Ion_Storm"
"13","2","http://dbpedia.org/resource/First-person_shooter"
"13","3","[http://dbpedia.org/resource/Dreamcast, http://dbpedia.org/resource/Microsoft_Windows, http://dbpedia.org/resource/OS_X, http://dbpedia.org/resource/Linux, http://dbpedia.org/resource/Mac_OS, http://dbpedia.org/resource/PlayStation_2]"
"13","4","[http://dbpedia.org/resource/Epic_Games, http://dbpedia.org/resource/Digital_Extremes]"
"1","2","http://dbpedia.org/resource/Action_role-playing_game"
"1","3","[http://dbpedia.org/resource/Microsoft_Windows, http://dbpedia.org/resource/PlayStation_3, http://dbpedia.org/resource/Xbox_360]"
"1","4","http://dbpedia.org/resource/Bethesda_Game_Studios"
"2","2","http://dbpedia.org/resource/Action-adventure_game"
"2","3","[http://dbpedia.org/resource/PlayStation_3, http://dbpedia.org/resource/Xbox_360]"
"2","4","http://dbpedia.org/resource/Rockstar_San_Diego"
"3","2","http://dbpedia.org/resource/First-person_shooter"
"3","3","[http://dbpedia.org/resource/Microsoft_Windows, http://dbpedia.org/resource/PlayStation_3, http://dbpedia.org/resource/Xbox_360]"
"3","4","http://dbpedia.org/resource/Infinity_Ward"
"4","2","http://dbpedia.org/resource/Action_role-playing_game"
"4","3","[http://dbpedia.org/resource/Microsoft_Windows, http://dbpedia.org/resource/PlayStation_3, http://dbpedia.org/resource/Xbox_360]"
"4","4","http://dbpedia.org/resource/Bethesda_Game_Studios"
"5","2","http://dbpedia.org/resource/First-person_shooter"
"5","3","[http://dbpedia.org/resource/Microsoft_Windows, http://dbpedia.org/resource/OS_X, http://dbpedia.org/resource/PlayStation_3, http://dbpedia.org/resource/Wii, http://dbpedia.org/resource/Xbox_360]"
"5","4","[http://dbpedia.org/resource/Infinity_Ward, http://dbpedia.org/resource/Treyarch, http://dbpedia.org/resource/Aspyr]"
"6","2","http://dbpedia.org/resource/Action-adventure_game"
"6","3","[http://dbpedia.org/resource/Wii, http://dbpedia.org/resource/GameCube]"
"6","4","http://dbpedia.org/resource/Nintendo_Entertainment_Analysis_&_Development"
"7","2","[http://dbpedia.org/resource/4X, http://dbpedia.org/resource/Turn-based_strategy]"
"7","3","[http://dbpedia.org/resource/Microsoft_Windows, http://dbpedia.org/resource/OS_X]"
"7","4","http://dbpedia.org/resource/Firaxis_Games"
"8","2","http://dbpedia.org/resource/First-person_shooter"
"8","3","[http://dbpedia.org/resource/Microsoft_Windows, http://dbpedia.org/resource/Xbox_(console)]"
"8","4","[http://dbpedia.org/resource/Microsoft_Studios, http://dbpedia.org/resource/Pi_Studios, http://dbpedia.org/resource/Bungie]"
"9","2","http://dbpedia.org/resource/Role-playing_video_game"
"9","3","[http://dbpedia.org/resource/Microsoft_Windows, http://dbpedia.org/resource/OS_X, http://dbpedia.org/resource/Xbox_(console), http://dbpedia.org/resource/IPod_Touch, http://dbpedia.org/resource/IPad, http://dbpedia.org/resource/IPhone]"
"9","4","[http://dbpedia.org/resource/BioWare, http://dbpedia.org/resource/Aspyr]"
"10","2","http://dbpedia.org/resource/First-person_(video_games)"
"10","3","[http://dbpedia.org/resource/Wii, http://dbpedia.org/resource/GameCube]"
"10","4","[http://dbpedia.org/resource/Nintendo, http://dbpedia.org/resource/Retro_Studios]"
