"11","2","http://dbpedia.org/resource/Action-adventure_game"
"11","3","[http://dbpedia.org/resource/Microsoft_Windows, http://dbpedia.org/resource/OS_X, http://dbpedia.org/resource/PlayStation_3, http://dbpedia.org/resource/IOS, http://dbpedia.org/resource/Xbox_(console), http://dbpedia.org/resource/Android_(operating_system), http://dbpedia.org/resource/PlayStation_2]"
"11","4","http://dbpedia.org/resource/Rockstar_North"
"12","2","[http://dbpedia.org/resource/Stealth_game, http://dbpedia.org/resource/First-person_shooter]"
"12","3","http://dbpedia.org/resource/Nintendo_64"
"12","4","http://dbpedia.org/resource/Rare_Ltd."
"13","2","http://dbpedia.org/resource/Fighting_game"
"13","3","[http://dbpedia.org/resource/Dreamcast, http://dbpedia.org/resource/Arcade_game, http://dbpedia.org/resource/Xbox_Live_Arcade, http://dbpedia.org/resource/IOS, http://dbpedia.org/resource/Android_(operating_system)]"
"13","4","http://dbpedia.org/resource/Namco"
"14","2","http://dbpedia.org/resource/Action-adventure_game"
"14","3","[http://dbpedia.org/resource/Nintendo_64, http://dbpedia.org/resource/Virtual_Console, http://dbpedia.org/resource/GameCube, http://dbpedia.org/resource/IQue_Player]"
"14","4","http://dbpedia.org/resource/Nintendo_Entertainment_Analysis_&_Development"
"15","2","[http://dbpedia.org/resource/Stealth_game, http://dbpedia.org/resource/First-person_shooter]"
"15","3","http://dbpedia.org/resource/Nintendo_64"
"15","4","http://dbpedia.org/resource/Rare_Ltd."
"16","2","http://dbpedia.org/resource/Platform_game"
"16","3","[http://dbpedia.org/resource/Nintendo_64, http://dbpedia.org/resource/Virtual_Console, http://dbpedia.org/resource/IQue_Player]"
"16","4","http://dbpedia.org/resource/Nintendo_Entertainment_Analysis_&_Development"
"1","2","http://dbpedia.org/resource/Action-adventure_game"
"1","4","http://dbpedia.org/resource/Rocksteady_Studios"
"2","2","http://dbpedia.org/resource/Platform_game"
"2","3","http://dbpedia.org/resource/Wii"
"2","4","http://dbpedia.org/resource/Nintendo_Entertainment_Analysis_&_Development"
"3","2","[http://dbpedia.org/resource/Action-adventure_game, http://dbpedia.org/resource/Platform_game, http://dbpedia.org/resource/Third-person_shooter]"
"3","3","http://dbpedia.org/resource/PlayStation_3"
"3","4","http://dbpedia.org/resource/Naughty_Dog"
"4","2","[http://dbpedia.org/resource/Action-adventure_game, http://dbpedia.org/resource/Open_world]"
"4","3","[http://dbpedia.org/resource/Microsoft_Windows, http://dbpedia.org/resource/PlayStation_3, http://dbpedia.org/resource/Xbox_360]"
"4","4","http://dbpedia.org/resource/Rockstar_North"
"5","2","http://dbpedia.org/resource/Platform_game"
"5","3","http://dbpedia.org/resource/Wii"
"5","4","http://dbpedia.org/resource/Nintendo_Entertainment_Analysis_&_Development"
"6","2","http://dbpedia.org/resource/Action-adventure_game"
"6","3","[http://dbpedia.org/resource/Wii, http://dbpedia.org/resource/GameCube]"
"6","4","http://dbpedia.org/resource/Nintendo_Entertainment_Analysis_&_Development"
"7","2","http://dbpedia.org/resource/Survival_horror"
"7","3","[http://dbpedia.org/resource/Microsoft_Windows, http://dbpedia.org/resource/PlayStation_3, http://dbpedia.org/resource/Wii, http://dbpedia.org/resource/GameCube, http://dbpedia.org/resource/IOS, http://dbpedia.org/resource/Zeebo, http://dbpedia.org/resource/Xbox_360, http://dbpedia.org/resource/Mobile_game, http://dbpedia.org/resource/PlayStation_2]"
"7","4","http://dbpedia.org/resource/Capcom"
"8","2","http://dbpedia.org/resource/First-person_shooter"
"8","3","[http://dbpedia.org/resource/Microsoft_Windows, http://dbpedia.org/resource/OS_X, http://dbpedia.org/resource/PlayStation_3, http://dbpedia.org/resource/Linux, http://dbpedia.org/resource/Xbox_(console), http://dbpedia.org/resource/Xbox_360]"
"8","4","http://dbpedia.org/resource/Valve_Corporation"
"9","2","http://dbpedia.org/resource/Action-adventure_game"
"9","3","http://dbpedia.org/resource/GameCube"
"9","4","http://dbpedia.org/resource/Nintendo_Entertainment_Analysis_&_Development"
"10","2","http://dbpedia.org/resource/First-person_(video_games)"
"10","3","[http://dbpedia.org/resource/Wii, http://dbpedia.org/resource/GameCube]"
"10","4","[http://dbpedia.org/resource/Nintendo, http://dbpedia.org/resource/Retro_Studios]"
