"11","2","http://dbpedia.org/resource/First-person_shooter"
"11","3","[http://dbpedia.org/resource/Microsoft_Windows, http://dbpedia.org/resource/OS_X, http://dbpedia.org/resource/Xbox_(console), http://dbpedia.org/resource/Xbox_360]"
"11","4","[http://dbpedia.org/resource/MacSoft_Games, http://dbpedia.org/resource/Gearbox_Software, http://dbpedia.org/resource/Bungie]"
"22","2","[http://dbpedia.org/resource/Racing_video_game, http://dbpedia.org/resource/Platform_game]"
"22","3","http://dbpedia.org/resource/Game_Boy"
"22","4","http://dbpedia.org/resource/Konami"
"23","2","http://dbpedia.org/resource/Puzzle_video_game"
"12","2","[http://dbpedia.org/resource/Action-adventure_game, http://dbpedia.org/resource/Stealth_game]"
"12","3","[http://dbpedia.org/resource/Microsoft_Windows, http://dbpedia.org/resource/PlayStation_(console), http://dbpedia.org/resource/PlayStation_3, http://dbpedia.org/resource/PlayStation_Vita, http://dbpedia.org/resource/PlayStation_Portable]"
"12","4","http://dbpedia.org/resource/Konami"
"13","2","http://dbpedia.org/resource/Fighting_game"
"13","3","[http://dbpedia.org/resource/Dreamcast, http://dbpedia.org/resource/Arcade_game, http://dbpedia.org/resource/Xbox_Live_Arcade, http://dbpedia.org/resource/IOS, http://dbpedia.org/resource/Android_(operating_system)]"
"13","4","http://dbpedia.org/resource/Namco"
"24","2","http://dbpedia.org/resource/Role-playing_video_game"
"24","3","[http://dbpedia.org/resource/Dreamcast, http://dbpedia.org/resource/Game_Boy_Advance, http://dbpedia.org/resource/Microsoft_Windows, http://dbpedia.org/resource/Sega_Genesis, http://dbpedia.org/resource/Virtual_Console, http://dbpedia.org/resource/IOS, http://dbpedia.org/resource/Xbox_360, http://dbpedia.org/resource/PlayStation_2]"
"24","4","http://dbpedia.org/resource/Sega"
"14","2","http://dbpedia.org/resource/Action-adventure_game"
"14","3","[http://dbpedia.org/resource/Nintendo_64, http://dbpedia.org/resource/Virtual_Console, http://dbpedia.org/resource/GameCube, http://dbpedia.org/resource/IQue_Player]"
"14","4","http://dbpedia.org/resource/Nintendo_Entertainment_Analysis_&_Development"
"15","2","[http://dbpedia.org/resource/Stealth_game, http://dbpedia.org/resource/First-person_shooter]"
"15","3","http://dbpedia.org/resource/Nintendo_64"
"15","4","http://dbpedia.org/resource/Rare_Ltd."
"16","2","http://dbpedia.org/resource/Platform_game"
"16","3","[http://dbpedia.org/resource/Nintendo_64, http://dbpedia.org/resource/Virtual_Console, http://dbpedia.org/resource/IQue_Player]"
"16","4","http://dbpedia.org/resource/Nintendo_Entertainment_Analysis_&_Development"
"17","2","http://dbpedia.org/resource/Role-playing_video_game"
"17","3","[http://dbpedia.org/resource/PlayStation_(console), http://dbpedia.org/resource/Super_Nintendo_Entertainment_System, http://dbpedia.org/resource/Virtual_Console, http://dbpedia.org/resource/Nintendo_DS, http://dbpedia.org/resource/Mobile_phone, http://dbpedia.org/resource/IOS, http://dbpedia.org/resource/Android_(operating_system)]"
"17","4","[http://dbpedia.org/resource/Square_(company), http://dbpedia.org/resource/Tose_Co.,_Ltd., http://dbpedia.org/resource/Square_Enix]"
"18","2","http://dbpedia.org/resource/Role-playing_video_game"
"18","3","[http://dbpedia.org/resource/Game_Boy_Advance, http://dbpedia.org/resource/PlayStation_(console), http://dbpedia.org/resource/Super_Nintendo_Entertainment_System, http://dbpedia.org/resource/IOS, http://dbpedia.org/resource/Android_(operating_system)]"
"18","4","[http://dbpedia.org/resource/Square_(company), http://dbpedia.org/resource/Tose_Co.,_Ltd.]"
"19","2","http://dbpedia.org/resource/Action-adventure_game"
"19","3","[http://dbpedia.org/resource/Game_Boy_Color, http://dbpedia.org/resource/Game_Boy, http://dbpedia.org/resource/Nintendo_eShop]"
"19","4","http://dbpedia.org/resource/Nintendo_Entertainment_Analysis_&_Development"
"1","2","http://dbpedia.org/resource/Action-adventure_game"
"1","4","http://dbpedia.org/resource/Rocksteady_Studios"
"2","2","http://dbpedia.org/resource/Platform_game"
"2","3","http://dbpedia.org/resource/Wii"
"2","4","http://dbpedia.org/resource/Nintendo_Entertainment_Analysis_&_Development"
"3","2","[http://dbpedia.org/resource/Action-adventure_game, http://dbpedia.org/resource/Platform_game, http://dbpedia.org/resource/Third-person_shooter]"
"3","3","http://dbpedia.org/resource/PlayStation_3"
"3","4","http://dbpedia.org/resource/Naughty_Dog"
"4","2","[http://dbpedia.org/resource/Action-adventure_game, http://dbpedia.org/resource/Open_world]"
"4","3","[http://dbpedia.org/resource/Microsoft_Windows, http://dbpedia.org/resource/PlayStation_3, http://dbpedia.org/resource/Xbox_360]"
"4","4","http://dbpedia.org/resource/Rockstar_North"
"5","2","http://dbpedia.org/resource/Platform_game"
"5","3","http://dbpedia.org/resource/Wii"
"5","4","http://dbpedia.org/resource/Nintendo_Entertainment_Analysis_&_Development"
"6","2","http://dbpedia.org/resource/Action-adventure_game"
"6","3","[http://dbpedia.org/resource/Wii, http://dbpedia.org/resource/GameCube]"
"6","4","http://dbpedia.org/resource/Nintendo_Entertainment_Analysis_&_Development"
"7","2","http://dbpedia.org/resource/Survival_horror"
"7","3","[http://dbpedia.org/resource/Microsoft_Windows, http://dbpedia.org/resource/PlayStation_3, http://dbpedia.org/resource/Wii, http://dbpedia.org/resource/GameCube, http://dbpedia.org/resource/IOS, http://dbpedia.org/resource/Zeebo, http://dbpedia.org/resource/Xbox_360, http://dbpedia.org/resource/Mobile_game, http://dbpedia.org/resource/PlayStation_2]"
"7","4","http://dbpedia.org/resource/Capcom"
"8","2","http://dbpedia.org/resource/First-person_shooter"
"8","3","[http://dbpedia.org/resource/Microsoft_Windows, http://dbpedia.org/resource/OS_X, http://dbpedia.org/resource/PlayStation_3, http://dbpedia.org/resource/Linux, http://dbpedia.org/resource/Xbox_(console), http://dbpedia.org/resource/Xbox_360]"
"8","4","http://dbpedia.org/resource/Valve_Corporation"
"9","2","http://dbpedia.org/resource/Action-adventure_game"
"9","3","http://dbpedia.org/resource/GameCube"
"9","4","http://dbpedia.org/resource/Nintendo_Entertainment_Analysis_&_Development"
"20","2","http://dbpedia.org/resource/Action-adventure_game"
"20","3","[http://dbpedia.org/resource/Game_Boy_Advance, http://dbpedia.org/resource/Super_Nintendo_Entertainment_System, http://dbpedia.org/resource/Virtual_Console, http://dbpedia.org/resource/Satellaview]"
"20","4","http://dbpedia.org/resource/Nintendo_Entertainment_Analysis_&_Development"
"10","2","http://dbpedia.org/resource/First-person_(video_games)"
"10","3","[http://dbpedia.org/resource/Wii, http://dbpedia.org/resource/GameCube]"
"10","4","[http://dbpedia.org/resource/Nintendo, http://dbpedia.org/resource/Retro_Studios]"
"21","2","http://dbpedia.org/resource/Platform_game"
"21","4","http://dbpedia.org/resource/Sonic_Team"
