"88","1","[http://dbpedia.org/resource/Louisiana, http://dbpedia.org/resource/New_Orleans, http://dbpedia.org/resource/City_Park_(New_Orleans), http://dbpedia.org/resource/United_States]"
"88","2","[http://dbpedia.org/resource/Louisiana, http://dbpedia.org/resource/New_Orleans, http://dbpedia.org/resource/City_Park_(New_Orleans), http://dbpedia.org/resource/United_States]"
"89","1","http://dbpedia.org/resource/Raleigh,_North_Carolina"
"89","2","http://dbpedia.org/resource/Raleigh,_North_Carolina"
"90","1","http://dbpedia.org/resource/West_Palm_Beach,_Florida"
"90","2","http://dbpedia.org/resource/West_Palm_Beach,_Florida"
"91","1","http://dbpedia.org/resource/Pasadena,_California"
"91","2","http://dbpedia.org/resource/Pasadena,_California"
"92","1","[http://dbpedia.org/resource/Louisiana, http://dbpedia.org/resource/New_Orleans, http://dbpedia.org/resource/United_States]"
"92","2","[http://dbpedia.org/resource/Louisiana, http://dbpedia.org/resource/New_Orleans, http://dbpedia.org/resource/United_States]"
"94","1","[http://dbpedia.org/resource/New_York_City, http://dbpedia.org/resource/Long_Island_City, http://dbpedia.org/resource/Queens, http://dbpedia.org/resource/United_States, http://dbpedia.org/resource/New_York]"
"94","2","[http://dbpedia.org/resource/New_York_City, http://dbpedia.org/resource/Long_Island_City, http://dbpedia.org/resource/Queens, http://dbpedia.org/resource/United_States, http://dbpedia.org/resource/New_York]"
"95","1","http://dbpedia.org/resource/Salem,_Massachusetts"
"95","2","http://dbpedia.org/resource/Salem,_Massachusetts"
"96","1","[http://dbpedia.org/resource/Philadelphia, http://dbpedia.org/resource/Benjamin_Franklin_Parkway]"
"96","2","[http://dbpedia.org/resource/Philadelphia, http://dbpedia.org/resource/Benjamin_Franklin_Parkway]"
"97","1","http://dbpedia.org/resource/Washington,_D.C."
"97","2","http://dbpedia.org/resource/Washington,_D.C."
"98","1","[http://dbpedia.org/resource/Phoenix,_Arizona, http://dbpedia.org/resource/Arizona]"
"98","2","[http://dbpedia.org/resource/Phoenix,_Arizona, http://dbpedia.org/resource/Arizona]"
"10","1","[http://dbpedia.org/resource/Pennsylvania, http://dbpedia.org/resource/Philadelphia]"
"10","2","[http://dbpedia.org/resource/Pennsylvania, http://dbpedia.org/resource/Philadelphia]"
"99","1","http://dbpedia.org/resource/Portland,_Oregon"
"99","2","http://dbpedia.org/resource/Portland,_Oregon"
"11","1","[http://dbpedia.org/resource/Miami_Beach,_Florida, http://dbpedia.org/resource/United_States]"
"11","2","[http://dbpedia.org/resource/Miami_Beach,_Florida, http://dbpedia.org/resource/United_States]"
"12","1","http://dbpedia.org/resource/Birmingham,_Alabama"
"12","2","http://dbpedia.org/resource/Birmingham,_Alabama"
"13","1","[http://dbpedia.org/resource/Texas, http://dbpedia.org/resource/San_Antonio, http://dbpedia.org/resource/United_States]"
"13","2","[http://dbpedia.org/resource/Texas, http://dbpedia.org/resource/San_Antonio, http://dbpedia.org/resource/United_States]"
"14","1","[http://dbpedia.org/resource/Huntington_Avenue, http://dbpedia.org/resource/Boston, http://dbpedia.org/resource/Massachusetts]"
"14","2","[http://dbpedia.org/resource/Huntington_Avenue, http://dbpedia.org/resource/Boston, http://dbpedia.org/resource/Massachusetts]"
"16","1","http://dbpedia.org/resource/U.S._Route_1"
"16","2","http://dbpedia.org/resource/U.S._Route_1"
"18","1","[http://dbpedia.org/resource/California, http://dbpedia.org/resource/San_Francisco, http://dbpedia.org/resource/United_States]"
"18","2","[http://dbpedia.org/resource/California, http://dbpedia.org/resource/San_Francisco, http://dbpedia.org/resource/United_States]"
"19","1","http://dbpedia.org/resource/Pittsburgh"
"19","2","http://dbpedia.org/resource/Pittsburgh"
"2","1","http://dbpedia.org/resource/Oberlin_College"
"2","2","http://dbpedia.org/resource/Oberlin_College"
"3","1","http://dbpedia.org/resource/Fort_Worth,_Texas"
"3","2","http://dbpedia.org/resource/Fort_Worth,_Texas"
"4","1","[http://dbpedia.org/resource/Pennsylvania, http://dbpedia.org/resource/Pittsburgh]"
"4","2","[http://dbpedia.org/resource/Pennsylvania, http://dbpedia.org/resource/Pittsburgh]"
"6","1","[http://dbpedia.org/resource/Chicago, http://dbpedia.org/resource/Illinois, http://dbpedia.org/resource/Michigan_Avenue_(Chicago), http://dbpedia.org/resource/United_States]"
"6","2","[http://dbpedia.org/resource/Chicago, http://dbpedia.org/resource/Illinois, http://dbpedia.org/resource/Michigan_Avenue_(Chicago), http://dbpedia.org/resource/United_States]"
"7","1","[http://dbpedia.org/resource/Texas, http://dbpedia.org/resource/San_Antonio, http://dbpedia.org/resource/United_States]"
"7","2","[http://dbpedia.org/resource/Texas, http://dbpedia.org/resource/San_Antonio, http://dbpedia.org/resource/United_States]"
"8","1","[http://dbpedia.org/resource/Manhattan, http://dbpedia.org/resource/New_York]"
"8","2","[http://dbpedia.org/resource/Manhattan, http://dbpedia.org/resource/New_York]"
"9","1","[http://dbpedia.org/resource/United_States, http://dbpedia.org/resource/Baltimore]"
"9","2","[http://dbpedia.org/resource/United_States, http://dbpedia.org/resource/Baltimore]"
"20","1","http://dbpedia.org/resource/Norfolk,_Virginia"
"20","2","http://dbpedia.org/resource/Norfolk,_Virginia"
"21","1","http://dbpedia.org/resource/Cincinnati"
"21","2","http://dbpedia.org/resource/Cincinnati"
"23","1","[http://dbpedia.org/resource/South_Carolina, http://dbpedia.org/resource/Columbia,_South_Carolina]"
"23","2","[http://dbpedia.org/resource/South_Carolina, http://dbpedia.org/resource/Columbia,_South_Carolina]"
"25","1","[http://dbpedia.org/resource/New_York_City, http://dbpedia.org/resource/United_States, http://dbpedia.org/resource/New_York]"
"25","2","[http://dbpedia.org/resource/New_York_City, http://dbpedia.org/resource/United_States, http://dbpedia.org/resource/New_York]"
"28","1","[http://dbpedia.org/resource/New_Hampshire, http://dbpedia.org/resource/Manchester,_New_Hampshire]"
"28","2","[http://dbpedia.org/resource/New_Hampshire, http://dbpedia.org/resource/Manchester,_New_Hampshire]"
"29","1","http://dbpedia.org/resource/Sixth_Avenue_(Manhattan)"
"29","2","http://dbpedia.org/resource/Sixth_Avenue_(Manhattan)"
"30","1","[http://dbpedia.org/resource/Texas_State_Highway_Spur_366, http://dbpedia.org/resource/Dallas, http://dbpedia.org/resource/United_States]"
"30","2","[http://dbpedia.org/resource/Texas_State_Highway_Spur_366, http://dbpedia.org/resource/Dallas, http://dbpedia.org/resource/United_States]"
"31","1","[http://dbpedia.org/resource/Delaware, http://dbpedia.org/resource/Wilmington,_Delaware, http://dbpedia.org/resource/United_States]"
"31","2","[http://dbpedia.org/resource/Delaware, http://dbpedia.org/resource/Wilmington,_Delaware, http://dbpedia.org/resource/United_States]"
"33","1","http://dbpedia.org/resource/Des_Moines,_Iowa"
"33","2","http://dbpedia.org/resource/Des_Moines,_Iowa"
"37","1","[http://dbpedia.org/resource/Cooperstown,_New_York, http://dbpedia.org/resource/New_York]"
"37","2","[http://dbpedia.org/resource/Cooperstown,_New_York, http://dbpedia.org/resource/New_York]"
"38","1","http://dbpedia.org/resource/New_York_City"
"38","2","http://dbpedia.org/resource/New_York_City"
"39","1","[http://dbpedia.org/resource/Florida_International_University, http://dbpedia.org/resource/Miami, http://dbpedia.org/resource/United_States]"
"39","2","[http://dbpedia.org/resource/Florida_International_University, http://dbpedia.org/resource/Miami, http://dbpedia.org/resource/United_States]"
"40","1","http://dbpedia.org/resource/Charleston,_South_Carolina"
"40","2","http://dbpedia.org/resource/Charleston,_South_Carolina"
"41","1","http://dbpedia.org/resource/Grand_Rapids,_Michigan"
"41","2","http://dbpedia.org/resource/Grand_Rapids,_Michigan"
"42","1","[http://dbpedia.org/resource/Upper_East_Side, http://dbpedia.org/resource/Manhattan, http://dbpedia.org/resource/New_York]"
"42","2","[http://dbpedia.org/resource/Upper_East_Side, http://dbpedia.org/resource/Manhattan, http://dbpedia.org/resource/New_York]"
"43","1","[http://dbpedia.org/resource/Cambridge,_Massachusetts, http://dbpedia.org/resource/United_States]"
"43","2","[http://dbpedia.org/resource/Cambridge,_Massachusetts, http://dbpedia.org/resource/United_States]"
"45","1","[http://dbpedia.org/resource/Atlanta, http://dbpedia.org/resource/Peachtree_Street]"
"45","2","[http://dbpedia.org/resource/Atlanta, http://dbpedia.org/resource/Peachtree_Street]"
"46","1","[http://dbpedia.org/resource/National_Mall, http://dbpedia.org/resource/Washington,_D.C.]"
"46","2","[http://dbpedia.org/resource/National_Mall, http://dbpedia.org/resource/Washington,_D.C.]"
"47","1","[http://dbpedia.org/resource/New_York_City, http://dbpedia.org/resource/New_York]"
"47","2","[http://dbpedia.org/resource/New_York_City, http://dbpedia.org/resource/New_York]"
"48","1","http://dbpedia.org/resource/Honolulu"
"48","2","http://dbpedia.org/resource/Honolulu"
"50","1","http://dbpedia.org/resource/Yonkers,_New_York"
"50","2","http://dbpedia.org/resource/Yonkers,_New_York"
"53","1","http://dbpedia.org/resource/Boston"
"53","2","http://dbpedia.org/resource/Boston"
"54","1","[http://dbpedia.org/resource/Los_Angeles, http://dbpedia.org/resource/Pacific_Palisades,_Los_Angeles]"
"54","2","[http://dbpedia.org/resource/Los_Angeles, http://dbpedia.org/resource/Pacific_Palisades,_Los_Angeles]"
"55","1","[http://dbpedia.org/resource/Staten_Island, http://dbpedia.org/resource/United_States, http://dbpedia.org/resource/New_York]"
"55","2","[http://dbpedia.org/resource/Staten_Island, http://dbpedia.org/resource/United_States, http://dbpedia.org/resource/New_York]"
"56","1","[http://dbpedia.org/resource/Nebraska, http://dbpedia.org/resource/Omaha,_Nebraska]"
"56","2","[http://dbpedia.org/resource/Nebraska, http://dbpedia.org/resource/Omaha,_Nebraska]"
"59","1","http://dbpedia.org/resource/Wilshire_Boulevard"
"59","2","http://dbpedia.org/resource/Wilshire_Boulevard"
"60","1","[http://dbpedia.org/resource/University_of_Miami, http://dbpedia.org/resource/Coral_Gables,_Florida, http://dbpedia.org/resource/United_States]"
"60","2","[http://dbpedia.org/resource/University_of_Miami, http://dbpedia.org/resource/Coral_Gables,_Florida, http://dbpedia.org/resource/United_States]"
"61","1","[http://dbpedia.org/resource/California, http://dbpedia.org/resource/San_Francisco]"
"61","2","[http://dbpedia.org/resource/California, http://dbpedia.org/resource/San_Francisco]"
"62","1","http://dbpedia.org/resource/North_Adams,_Massachusetts"
"62","2","http://dbpedia.org/resource/North_Adams,_Massachusetts"
"63","1","[http://dbpedia.org/resource/Texas, http://dbpedia.org/resource/San_Antonio, http://dbpedia.org/resource/United_States]"
"63","2","[http://dbpedia.org/resource/Texas, http://dbpedia.org/resource/San_Antonio, http://dbpedia.org/resource/United_States]"
"64","1","[http://dbpedia.org/resource/Texas, http://dbpedia.org/resource/Southern_Methodist_University, http://dbpedia.org/resource/Dallas]"
"64","2","[http://dbpedia.org/resource/Texas, http://dbpedia.org/resource/Southern_Methodist_University, http://dbpedia.org/resource/Dallas]"
"65","1","[http://dbpedia.org/resource/Tennessee, http://dbpedia.org/resource/Memphis,_Tennessee]"
"65","2","[http://dbpedia.org/resource/Tennessee, http://dbpedia.org/resource/Memphis,_Tennessee]"
"67","1","[http://dbpedia.org/resource/New_York_City, http://dbpedia.org/resource/Fifth_Avenue, http://dbpedia.org/resource/New_York]"
"67","2","[http://dbpedia.org/resource/New_York_City, http://dbpedia.org/resource/Fifth_Avenue, http://dbpedia.org/resource/New_York]"
"68","1","[http://dbpedia.org/resource/U.S._Route_1_in_Florida, http://dbpedia.org/resource/Miami, http://dbpedia.org/resource/Florida, http://dbpedia.org/resource/United_States]"
"68","2","[http://dbpedia.org/resource/U.S._Route_1_in_Florida, http://dbpedia.org/resource/Miami, http://dbpedia.org/resource/Florida, http://dbpedia.org/resource/United_States]"
"69","1","[http://dbpedia.org/resource/Atlanta, http://dbpedia.org/resource/United_States]"
"69","2","[http://dbpedia.org/resource/Atlanta, http://dbpedia.org/resource/United_States]"
"70","1","http://dbpedia.org/resource/Milwaukee"
"70","2","http://dbpedia.org/resource/Milwaukee"
"71","1","[http://dbpedia.org/resource/Minnesota, http://dbpedia.org/resource/Minneapolis]"
"71","2","[http://dbpedia.org/resource/Minnesota, http://dbpedia.org/resource/Minneapolis]"
"72","1","http://dbpedia.org/resource/Charlotte,_North_Carolina"
"72","2","http://dbpedia.org/resource/Charlotte,_North_Carolina"
"73","1","[http://dbpedia.org/resource/Alabama, http://dbpedia.org/resource/Montgomery,_Alabama]"
"73","2","[http://dbpedia.org/resource/Alabama, http://dbpedia.org/resource/Montgomery,_Alabama]"
"74","1","[http://dbpedia.org/resource/Chicago, http://dbpedia.org/resource/Illinois, http://dbpedia.org/resource/Chicago_Avenue, http://dbpedia.org/resource/United_States]"
"74","2","[http://dbpedia.org/resource/Chicago, http://dbpedia.org/resource/Illinois, http://dbpedia.org/resource/Chicago_Avenue, http://dbpedia.org/resource/United_States]"
"75","1","[http://dbpedia.org/resource/North_Miami,_Florida, http://dbpedia.org/resource/United_States]"
"75","2","[http://dbpedia.org/resource/North_Miami,_Florida, http://dbpedia.org/resource/United_States]"
"76","1","http://dbpedia.org/resource/Jacksonville,_Florida"
"76","2","http://dbpedia.org/resource/Jacksonville,_Florida"
"77","1","http://dbpedia.org/resource/Houston"
"77","2","http://dbpedia.org/resource/Houston"
"78","1","[http://dbpedia.org/resource/New_York_City, http://dbpedia.org/resource/53rd_Street_(Manhattan), http://dbpedia.org/resource/New_York]"
"78","2","[http://dbpedia.org/resource/New_York_City, http://dbpedia.org/resource/53rd_Street_(Manhattan), http://dbpedia.org/resource/New_York]"
"100","1","http://dbpedia.org/resource/Princeton,_New_Jersey"
"100","2","http://dbpedia.org/resource/Princeton,_New_Jersey"
"80","1","http://dbpedia.org/resource/National_Mall"
"80","2","http://dbpedia.org/resource/National_Mall"
"81","1","[http://dbpedia.org/resource/Wyoming, http://dbpedia.org/resource/Jackson,_Wyoming]"
"81","2","[http://dbpedia.org/resource/Wyoming, http://dbpedia.org/resource/Jackson,_Wyoming]"
"83","1","http://dbpedia.org/resource/Washington,_D.C."
"83","2","http://dbpedia.org/resource/Washington,_D.C."
"85","1","[http://dbpedia.org/resource/Manhattan, http://dbpedia.org/resource/Fifth_Avenue, http://dbpedia.org/resource/86th_Street_(Manhattan), http://dbpedia.org/resource/New_York]"
"85","2","[http://dbpedia.org/resource/Manhattan, http://dbpedia.org/resource/Fifth_Avenue, http://dbpedia.org/resource/86th_Street_(Manhattan), http://dbpedia.org/resource/New_York]"
"87","1","[http://dbpedia.org/resource/Bowery, http://dbpedia.org/resource/Manhattan, http://dbpedia.org/resource/New_York]"
"87","2","[http://dbpedia.org/resource/Bowery, http://dbpedia.org/resource/Manhattan, http://dbpedia.org/resource/New_York]"
