"11","2","http://dbpedia.org/resource/Sports_game"
"11","3","[http://dbpedia.org/resource/Dreamcast, http://dbpedia.org/resource/Game_Boy_Advance, http://dbpedia.org/resource/Game_Boy_Color, http://dbpedia.org/resource/Microsoft_Windows, http://dbpedia.org/resource/Nintendo_64, http://dbpedia.org/resource/PlayStation_(console), http://dbpedia.org/resource/IOS, http://dbpedia.org/resource/Xbox_(console), http://dbpedia.org/resource/Macintosh]"
"11","4","[http://dbpedia.org/resource/Edge_of_Reality, http://dbpedia.org/resource/Activision, http://dbpedia.org/resource/Neversoft, http://dbpedia.org/resource/Treyarch, http://dbpedia.org/resource/Natsume_(company), http://dbpedia.org/resource/Vicarious_Visions]"
"12","2","http://dbpedia.org/resource/Fighting_game"
"12","3","[http://dbpedia.org/resource/Dreamcast, http://dbpedia.org/resource/Arcade_game, http://dbpedia.org/resource/Xbox_Live_Arcade, http://dbpedia.org/resource/IOS, http://dbpedia.org/resource/Android_(operating_system)]"
"12","4","http://dbpedia.org/resource/Namco"
"13","2","http://dbpedia.org/resource/Action-adventure_game"
"13","3","[http://dbpedia.org/resource/Nintendo_64, http://dbpedia.org/resource/Virtual_Console, http://dbpedia.org/resource/GameCube, http://dbpedia.org/resource/IQue_Player]"
"13","4","http://dbpedia.org/resource/Nintendo_Entertainment_Analysis_&_Development"
"14","2","[http://dbpedia.org/resource/Stealth_game, http://dbpedia.org/resource/First-person_shooter]"
"14","3","http://dbpedia.org/resource/Nintendo_64"
"14","4","http://dbpedia.org/resource/Rare_Ltd."
"15","2","http://dbpedia.org/resource/Platform_game"
"15","3","[http://dbpedia.org/resource/Nintendo_64, http://dbpedia.org/resource/Virtual_Console, http://dbpedia.org/resource/IQue_Player]"
"15","4","http://dbpedia.org/resource/Nintendo_Entertainment_Analysis_&_Development"
"17","2","http://dbpedia.org/resource/Platform_game"
"17","3","[http://dbpedia.org/resource/Game_Boy_Advance, http://dbpedia.org/resource/Game_Boy_Color, http://dbpedia.org/resource/Super_Nintendo_Entertainment_System, http://dbpedia.org/resource/Virtual_Console]"
"17","4","http://dbpedia.org/resource/Rare_Ltd."
"18","2","http://dbpedia.org/resource/Fighting_game"
"18","3","[http://dbpedia.org/resource/Neo_Geo_(system), http://dbpedia.org/resource/Neo_Geo_CD, http://dbpedia.org/resource/Sega_CD, http://dbpedia.org/resource/Sega_Game_Gear, http://dbpedia.org/resource/Super_Nintendo_Entertainment_System, http://dbpedia.org/resource/Wii, http://dbpedia.org/resource/Sega_Genesis, http://dbpedia.org/resource/Virtual_Console, http://dbpedia.org/resource/3DO_Interactive_Multiplayer, http://dbpedia.org/resource/Arcade_game, http://dbpedia.org/resource/Master_System, http://dbpedia.org/resource/PlayStation_Network, http://dbpedia.org/resource/Game_Boy, http://dbpedia.org/resource/PlayStation_2]"
"18","4","http://dbpedia.org/resource/SNK_Playmore"
"19","2","http://dbpedia.org/resource/Fighting_game"
"19","4","[http://dbpedia.org/resource/Capcom, http://dbpedia.org/resource/U.S._Gold]"
"1","2","http://dbpedia.org/resource/Action-adventure_game"
"1","3","[http://dbpedia.org/resource/PlayStation_3, http://dbpedia.org/resource/Xbox_360]"
"1","4","http://dbpedia.org/resource/Rockstar_San_Diego"
"2","2","[http://dbpedia.org/resource/Action-adventure_game, http://dbpedia.org/resource/Platform_game, http://dbpedia.org/resource/Third-person_shooter]"
"2","3","http://dbpedia.org/resource/PlayStation_3"
"2","4","http://dbpedia.org/resource/Naughty_Dog"
"3","2","[http://dbpedia.org/resource/Action-adventure_game, http://dbpedia.org/resource/Open_world]"
"3","3","[http://dbpedia.org/resource/Microsoft_Windows, http://dbpedia.org/resource/PlayStation_3, http://dbpedia.org/resource/Xbox_360]"
"3","4","http://dbpedia.org/resource/Rockstar_North"
"4","2","http://dbpedia.org/resource/First-person_shooter"
"4","3","[http://dbpedia.org/resource/Microsoft_Windows, http://dbpedia.org/resource/OS_X, http://dbpedia.org/resource/PlayStation_3, http://dbpedia.org/resource/Cloud_computing, http://dbpedia.org/resource/Xbox_360]"
"4","4","[http://dbpedia.org/resource/Irrational_Games, http://dbpedia.org/resource/2K_Australia]"
"5","2","http://dbpedia.org/resource/Action-adventure_game"
"5","3","[http://dbpedia.org/resource/Wii, http://dbpedia.org/resource/GameCube]"
"5","4","http://dbpedia.org/resource/Nintendo_Entertainment_Analysis_&_Development"
"6","2","http://dbpedia.org/resource/Survival_horror"
"6","3","[http://dbpedia.org/resource/Microsoft_Windows, http://dbpedia.org/resource/PlayStation_3, http://dbpedia.org/resource/Wii, http://dbpedia.org/resource/GameCube, http://dbpedia.org/resource/IOS, http://dbpedia.org/resource/Zeebo, http://dbpedia.org/resource/Xbox_360, http://dbpedia.org/resource/Mobile_game, http://dbpedia.org/resource/PlayStation_2]"
"6","4","http://dbpedia.org/resource/Capcom"
"7","2","http://dbpedia.org/resource/First-person_shooter"
"7","3","[http://dbpedia.org/resource/Microsoft_Windows, http://dbpedia.org/resource/Xbox_(console)]"
"7","4","[http://dbpedia.org/resource/Microsoft_Studios, http://dbpedia.org/resource/Pi_Studios, http://dbpedia.org/resource/Bungie]"
"8","2","[http://dbpedia.org/resource/Action-adventure_game, http://dbpedia.org/resource/Platform_game, http://dbpedia.org/resource/Hack_and_slash]"
"8","3","[http://dbpedia.org/resource/Game_Boy_Advance, http://dbpedia.org/resource/Microsoft_Windows, http://dbpedia.org/resource/PlayStation_3, http://dbpedia.org/resource/GameCube, http://dbpedia.org/resource/Xbox_(console), http://dbpedia.org/resource/PlayStation_2]"
"8","4","http://dbpedia.org/resource/Ubisoft_Montreal"
"9","2","http://dbpedia.org/resource/First-person_(video_games)"
"9","3","[http://dbpedia.org/resource/Wii, http://dbpedia.org/resource/GameCube]"
"9","4","[http://dbpedia.org/resource/Nintendo, http://dbpedia.org/resource/Retro_Studios]"
"20","2","http://dbpedia.org/resource/Platform_game"
"20","4","http://dbpedia.org/resource/Sonic_Team"
"10","2","http://dbpedia.org/resource/First-person_shooter"
"10","3","[http://dbpedia.org/resource/Microsoft_Windows, http://dbpedia.org/resource/OS_X, http://dbpedia.org/resource/Xbox_(console), http://dbpedia.org/resource/Xbox_360]"
"10","4","[http://dbpedia.org/resource/MacSoft_Games, http://dbpedia.org/resource/Gearbox_Software, http://dbpedia.org/resource/Bungie]"
"21","2","[http://dbpedia.org/resource/Platform_game, http://dbpedia.org/resource/Hack_and_slash]"
"21","3","[http://dbpedia.org/resource/Amiga, http://dbpedia.org/resource/Amstrad_CPC, http://dbpedia.org/resource/Atari_ST, http://dbpedia.org/resource/Commodore_64, http://dbpedia.org/resource/TurboGrafx-16, http://dbpedia.org/resource/Wii, http://dbpedia.org/resource/X68000, http://dbpedia.org/resource/Sega_Genesis, http://dbpedia.org/resource/Virtual_Console, http://dbpedia.org/resource/Arcade_game, http://dbpedia.org/resource/ZX_Spectrum, http://dbpedia.org/resource/Master_System, http://dbpedia.org/resource/DOS]"
"21","4","http://dbpedia.org/resource/Capcom"
