"230","2","http://dbpedia.org/resource/China"
"110","2","http://dbpedia.org/resource/China"
"111","2","http://dbpedia.org/resource/China"
"113","2","http://dbpedia.org/resource/China"
"234","2","http://dbpedia.org/resource/China"
"114","2","http://dbpedia.org/resource/China"
"115","2","http://dbpedia.org/resource/China"
"236","2","http://dbpedia.org/resource/Colombia"
"116","2","http://dbpedia.org/resource/China"
"238","2","http://dbpedia.org/resource/Colombia"
"118","2","http://dbpedia.org/resource/China"
"119","2","http://dbpedia.org/resource/China"
"11","2","http://dbpedia.org/resource/Argentina"
"13","2","http://dbpedia.org/resource/Australia"
"14","2","http://dbpedia.org/resource/Australia"
"15","2","http://dbpedia.org/resource/Australia"
"16","2","http://dbpedia.org/resource/Australia"
"17","2","http://dbpedia.org/resource/Australia"
"120","2","http://dbpedia.org/resource/China"
"122","2","http://dbpedia.org/resource/China"
"1","2","http://dbpedia.org/resource/Afghanistan"
"243","2","http://dbpedia.org/resource/The_Democratic_Republic_Of_Congo"
"123","2","http://dbpedia.org/resource/China"
"124","2","http://dbpedia.org/resource/China"
"125","2","http://dbpedia.org/resource/China"
"4","2","http://dbpedia.org/resource/Angola"
"126","2","http://dbpedia.org/resource/China"
"127","2","http://dbpedia.org/resource/China"
"128","2","http://dbpedia.org/resource/China"
"249","2","http://dbpedia.org/resource/Croatia"
"129","2","http://dbpedia.org/resource/China"
"8","2","http://dbpedia.org/resource/Argentina"
"21","2","http://dbpedia.org/resource/Bangladesh"
"22","2","http://dbpedia.org/resource/Bangladesh"
"23","2","http://dbpedia.org/resource/Belarus"
"28","2","http://dbpedia.org/resource/Bolivia"
"250","2","http://dbpedia.org/resource/Cuba"
"251","2","http://dbpedia.org/resource/Czech_Republic"
"130","2","http://dbpedia.org/resource/China"
"131","2","http://dbpedia.org/resource/China"
"253","2","http://dbpedia.org/resource/Dominican_Republic"
"132","2","http://dbpedia.org/resource/China"
"133","2","http://dbpedia.org/resource/China"
"254","2","http://dbpedia.org/resource/Dominican_Republic"
"134","2","http://dbpedia.org/resource/China"
"137","2","http://dbpedia.org/resource/China"
"138","2","http://dbpedia.org/resource/China"
"139","2","http://dbpedia.org/resource/China"
"37","2","http://dbpedia.org/resource/Brazil"
"140","2","http://dbpedia.org/resource/China"
"142","2","http://dbpedia.org/resource/China"
"143","2","http://dbpedia.org/resource/China"
"144","2","http://dbpedia.org/resource/China"
"145","2","http://dbpedia.org/resource/China"
"146","2","http://dbpedia.org/resource/China"
"149","2","http://dbpedia.org/resource/China"
"150","2","http://dbpedia.org/resource/China"
"155","2","http://dbpedia.org/resource/China"
"156","2","http://dbpedia.org/resource/China"
"157","2","http://dbpedia.org/resource/China"
"158","2","http://dbpedia.org/resource/China"
"159","2","http://dbpedia.org/resource/China"
"58","2","http://dbpedia.org/resource/Sri_Lanka"
"160","2","http://dbpedia.org/resource/China"
"161","2","http://dbpedia.org/resource/China"
"163","2","http://dbpedia.org/resource/China"
"164","2","http://dbpedia.org/resource/China"
"165","2","http://dbpedia.org/resource/China"
"166","2","http://dbpedia.org/resource/China"
"168","2","http://dbpedia.org/resource/China"
"64","2","http://dbpedia.org/resource/Canada"
"65","2","http://dbpedia.org/resource/Canada"
"66","2","http://dbpedia.org/resource/Canada"
"67","2","http://dbpedia.org/resource/Canada"
"68","2","http://dbpedia.org/resource/Canada"
"69","2","http://dbpedia.org/resource/Canada"
"171","2","http://dbpedia.org/resource/China"
"172","2","http://dbpedia.org/resource/China"
"174","2","http://dbpedia.org/resource/China"
"175","2","http://dbpedia.org/resource/China"
"176","2","http://dbpedia.org/resource/China"
"177","2","http://dbpedia.org/resource/China"
"178","2","http://dbpedia.org/resource/China"
"73","2","http://dbpedia.org/resource/Chile"
"79","2","http://dbpedia.org/resource/China"
"180","2","http://dbpedia.org/resource/China"
"181","2","http://dbpedia.org/resource/China"
"183","2","http://dbpedia.org/resource/China"
"184","2","http://dbpedia.org/resource/China"
"185","2","http://dbpedia.org/resource/China"
"186","2","http://dbpedia.org/resource/China"
"187","2","http://dbpedia.org/resource/China"
"188","2","http://dbpedia.org/resource/China"
"80","2","http://dbpedia.org/resource/China"
"81","2","http://dbpedia.org/resource/China"
"83","2","http://dbpedia.org/resource/China"
"84","2","http://dbpedia.org/resource/China"
"85","2","http://dbpedia.org/resource/China"
"86","2","http://dbpedia.org/resource/China"
"87","2","http://dbpedia.org/resource/China"
"88","2","http://dbpedia.org/resource/China"
"89","2","http://dbpedia.org/resource/China"
"190","2","http://dbpedia.org/resource/China"
"191","2","http://dbpedia.org/resource/China"
"192","2","http://dbpedia.org/resource/China"
"194","2","http://dbpedia.org/resource/China"
"195","2","http://dbpedia.org/resource/China"
"199","2","http://dbpedia.org/resource/China"
"90","2","http://dbpedia.org/resource/China"
"91","2","http://dbpedia.org/resource/China"
"92","2","http://dbpedia.org/resource/China"
"93","2","http://dbpedia.org/resource/China"
"94","2","http://dbpedia.org/resource/China"
"95","2","http://dbpedia.org/resource/China"
"96","2","http://dbpedia.org/resource/China"
"98","2","http://dbpedia.org/resource/China"
"99","2","http://dbpedia.org/resource/China"
"200","2","http://dbpedia.org/resource/China"
"202","2","http://dbpedia.org/resource/China"
"204","2","http://dbpedia.org/resource/China"
"205","2","http://dbpedia.org/resource/China"
"206","2","http://dbpedia.org/resource/China"
"208","2","http://dbpedia.org/resource/China"
"209","2","http://dbpedia.org/resource/China"
"210","2","http://dbpedia.org/resource/China"
"212","2","http://dbpedia.org/resource/China"
"213","2","http://dbpedia.org/resource/China"
"217","2","http://dbpedia.org/resource/China"
"218","2","http://dbpedia.org/resource/China"
"219","2","http://dbpedia.org/resource/China"
"221","2","http://dbpedia.org/resource/China"
"222","2","http://dbpedia.org/resource/China"
"102","2","http://dbpedia.org/resource/China"
"223","2","http://dbpedia.org/resource/China"
"103","2","http://dbpedia.org/resource/China"
"224","2","http://dbpedia.org/resource/China"
"104","2","http://dbpedia.org/resource/China"
"226","2","http://dbpedia.org/resource/China"
"105","2","http://dbpedia.org/resource/China"
"106","2","http://dbpedia.org/resource/China"
"227","2","http://dbpedia.org/resource/China"
"107","2","http://dbpedia.org/resource/China"
"228","2","http://dbpedia.org/resource/China"
"229","2","http://dbpedia.org/resource/China"
"109","2","http://dbpedia.org/resource/China"
