"88","0","[http://dbpedia.org/resource/Nobel_Prize_in_Physics, http://dbpedia.org/resource/Vannevar_Bush_Award, http://dbpedia.org/resource/Wolf_Prize_in_Physics, http://dbpedia.org/resource/William_Procter_Prize_for_Scientific_Achievement, http://dbpedia.org/resource/National_Medal_of_Science]"
"89","0","[http://dbpedia.org/resource/Oersted_Medal, http://dbpedia.org/resource/Nobel_Prize_in_Physics, http://dbpedia.org/resource/Davisson%E2%80%93Germer_Prize_in_Atomic_or_Surface_Physics, http://dbpedia.org/resource/National_Medal_of_Science, http://dbpedia.org/resource/Ernest_Orlando_Lawrence_Award, http://dbpedia.org/resource/IEEE_Medal_of_Honor]"
"90","0","http://dbpedia.org/resource/Nobel_Prize_in_Physics"
"91","0","[http://dbpedia.org/resource/Nobel_Prize_in_Physics, http://dbpedia.org/resource/Wolf_Prize, http://dbpedia.org/resource/Lorentz_Medal, http://dbpedia.org/resource/Harvey_Prize]"
"92","0","http://dbpedia.org/resource/Nobel_Prize_in_Physics"
"93","0","http://dbpedia.org/resource/Nobel_Prize_in_Physics"
"94","0","http://dbpedia.org/resource/Nobel_Prize_in_Physics"
"95","0","http://dbpedia.org/resource/Nobel_Prize_in_Physics"
"96","0","[http://dbpedia.org/resource/Oliver_E._Buckley_Condensed_Matter_Prize, http://dbpedia.org/resource/Nobel_Prize_in_Physics, http://dbpedia.org/resource/Francis_Simon]"
"98","0","[http://dbpedia.org/resource/Nobel_Prize_in_Physics, http://dbpedia.org/resource/Franklin_Institute]"
"10","0","http://dbpedia.org/resource/Nobel_Prize_in_Physics"
"11","0","http://dbpedia.org/resource/Nobel_Prize_in_Physics"
"99","0","[http://dbpedia.org/resource/Franklin_Medal, http://dbpedia.org/resource/Lomonosov_Gold_Medal, http://dbpedia.org/resource/Nobel_Prize_in_Physics, http://dbpedia.org/resource/Spinoza_Prize, http://dbpedia.org/resource/Wolf_Prize, http://dbpedia.org/resource/Lorentz_Medal]"
"12","0","http://dbpedia.org/resource/Nobel_Prize_in_Physics"
"17","0","[http://dbpedia.org/resource/Hughes_Medal, http://dbpedia.org/resource/Nobel_Prize_in_Physics]"
"19","0","http://dbpedia.org/resource/Nobel_Prize_in_Physics"
"3","0","http://dbpedia.org/resource/Nobel_Prize_in_Physics"
"5","0","http://dbpedia.org/resource/Nobel_Prize_in_Physics"
"7","0","[http://dbpedia.org/resource/Henry_Draper_Medal, http://dbpedia.org/resource/Nobel_Prize_in_Physics, http://dbpedia.org/resource/Copley_Medal]"
"8","0","http://dbpedia.org/resource/Nobel_Prize_in_Physics"
"20","0","[http://dbpedia.org/resource/Nobel_Prize_in_Physics, http://dbpedia.org/resource/Franklin_Institute]"
"21","0","[http://dbpedia.org/resource/Max_Planck_Medal, http://dbpedia.org/resource/Nobel_Prize_in_Physics, http://dbpedia.org/resource/Matteucci_Medal, http://dbpedia.org/resource/Copley_Medal, http://dbpedia.org/resource/Time_100:_The_Most_Important_People_of_the_Century]"
"22","0","[http://dbpedia.org/resource/Hughes_Medal, http://dbpedia.org/resource/Royal_Society, http://dbpedia.org/resource/Franklin_Medal, http://dbpedia.org/resource/Nobel_Prize_in_Physics, http://dbpedia.org/resource/Matteucci_Medal, http://dbpedia.org/resource/Sonning_Prize, http://dbpedia.org/resource/Copley_Medal, http://dbpedia.org/resource/Atoms_for_Peace_Award, http://dbpedia.org/resource/Order_of_the_Elephant]"
"23","0","[http://dbpedia.org/resource/Franklin_Medal, http://dbpedia.org/resource/Nobel_Prize_in_Physics, http://dbpedia.org/resource/Comstock_Prize_in_Physics]"
"24","0","http://dbpedia.org/resource/Nobel_Prize_in_Physics"
"25","0","http://dbpedia.org/resource/Nobel_Prize_in_Physics"
"26","0","http://dbpedia.org/resource/Nobel_Prize_in_Physics"
"28","0","http://dbpedia.org/resource/Hughes_Medal"
"29","0","http://dbpedia.org/resource/Nobel_Prize_in_Physics"
"30","0","http://dbpedia.org/resource/Royal_Society"
"32","0","http://dbpedia.org/resource/Max_Planck_Medal"
"33","0","http://dbpedia.org/resource/Max_Planck_Medal"
"36","0","http://dbpedia.org/resource/Nobel_Prize_in_Physics"
"37","0","[http://dbpedia.org/resource/Comstock_Prize_in_Physics, http://dbpedia.org/resource/Elliott_Cresson_Medal]"
"38","0","[http://dbpedia.org/resource/Hughes_Medal, http://dbpedia.org/resource/Royal_Society, http://dbpedia.org/resource/Rumford_Prize, http://dbpedia.org/resource/Franklin_Medal, http://dbpedia.org/resource/Nobel_Prize_in_Physics, http://dbpedia.org/resource/Matteucci_Medal, http://dbpedia.org/resource/Medal_for_Merit]"
"39","0","[http://dbpedia.org/resource/Hughes_Medal, http://dbpedia.org/resource/Faraday_Medal, http://dbpedia.org/resource/Nobel_Prize_in_Physics, http://dbpedia.org/resource/Enrico_Fermi_Award, http://dbpedia.org/resource/Legion_of_Honour, http://dbpedia.org/resource/Comstock_Prize_in_Physics, http://dbpedia.org/resource/Sylvanus_Thayer_Award, http://dbpedia.org/resource/Elliott_Cresson_Medal, http://dbpedia.org/resource/Medal_for_Merit]"
"43","0","http://dbpedia.org/resource/Nobel_Prize_in_Physics"
"44","0","[http://dbpedia.org/resource/Public_Welfare_Medal, http://dbpedia.org/resource/Nobel_Prize_in_Physics, http://dbpedia.org/resource/Elliott_Cresson_Medal, http://dbpedia.org/resource/Medal_for_Merit]"
"45","0","[http://dbpedia.org/resource/Max_Planck_Medal, http://dbpedia.org/resource/Matteucci_Medal, http://dbpedia.org/resource/Lorentz_Medal]"
"46","0","[http://dbpedia.org/resource/Royal_Society, http://dbpedia.org/resource/Rumford_Prize, http://dbpedia.org/resource/Nobel_Prize_in_Physics, http://dbpedia.org/resource/Elliott_Cresson_Medal]"
"47","0","[http://dbpedia.org/resource/Hughes_Medal, http://dbpedia.org/resource/Royal_Society, http://dbpedia.org/resource/Faraday_Medal, http://dbpedia.org/resource/Appleton_Medal_and_Prize, http://dbpedia.org/resource/Royal_Medal]"
"48","0","http://dbpedia.org/resource/Nobel_Prize_in_Physics"
"49","0","http://dbpedia.org/resource/Nobel_Prize_in_Physics"
"50","0","[http://dbpedia.org/resource/Royal_Society, http://dbpedia.org/resource/Nobel_Prize_in_Physics, http://dbpedia.org/resource/Royal_Medal]"
"53","0","[http://dbpedia.org/resource/Royal_Society, http://dbpedia.org/resource/Rumford_Medal, http://dbpedia.org/resource/Nobel_Prize_in_Physics]"
"54","0","http://dbpedia.org/resource/Royal_Society"
"57","0","[http://dbpedia.org/resource/Rumford_Prize, http://dbpedia.org/resource/Nobel_Prize_in_Physics, http://dbpedia.org/resource/National_Medal_of_Science, http://dbpedia.org/resource/Benjamin_Franklin_Medal_(American_Philosophical_Society), http://dbpedia.org/resource/Albert_Einstein_Medal]"
"58","0","http://dbpedia.org/resource/Nobel_Prize_in_Physics"
"60","0","[http://dbpedia.org/resource/Nobel_Prize_in_Physics, http://dbpedia.org/resource/Elliott_Cresson_Medal]"
"61","0","http://dbpedia.org/resource/Nobel_Prize_in_Physics"
"62","0","[http://dbpedia.org/resource/USSR_State_Prize, http://dbpedia.org/resource/Max_Planck_Medal, http://dbpedia.org/resource/Nobel_Prize_in_Physics]"
"63","0","[http://dbpedia.org/resource/Max_Planck_Medal, http://dbpedia.org/resource/Nobel_Prize_in_Physics, http://dbpedia.org/resource/Enrico_Fermi_Award, http://dbpedia.org/resource/National_Medal_of_Science]"
"65","0","[http://dbpedia.org/resource/Nobel_Prize_in_Physics, http://dbpedia.org/resource/Asahi_Prize]"
"66","0","http://dbpedia.org/resource/Nobel_Prize_in_Physics"
"68","0","[http://dbpedia.org/resource/Enrico_Fermi_Award, http://dbpedia.org/resource/Medal_for_Merit]"
"69","0","http://dbpedia.org/resource/Nobel_Prize_in_Physics"
"71","0","[http://dbpedia.org/resource/Nobel_Prize_in_Physics, http://dbpedia.org/resource/IEEE_Medal_of_Honor]"
"73","0","[http://dbpedia.org/resource/Stuart_Ballantine_Medal, http://dbpedia.org/resource/Nobel_Prize_in_Physics, http://dbpedia.org/resource/IEEE_Medal_of_Honor]"
"74","0","[http://dbpedia.org/resource/Hughes_Medal, http://dbpedia.org/resource/Henry_Draper_Medal, http://dbpedia.org/resource/Nobel_Prize_in_Physics, http://dbpedia.org/resource/Bruce_Medal, http://dbpedia.org/resource/Gold_Medal_of_the_Royal_Astronomical_Society, http://dbpedia.org/resource/Royal_Medal]"
"75","0","[http://dbpedia.org/resource/Nobel_Prize_in_Physics, http://dbpedia.org/resource/Franklin_Institute]"
"79","0","http://dbpedia.org/resource/Nobel_Prize_in_Physics"
"100","0","[http://dbpedia.org/resource/USSR_State_Prize, http://dbpedia.org/resource/Demidov_Prize, http://dbpedia.org/resource/Kyoto_Prize, http://dbpedia.org/resource/Lenin_Prize]"
"101","0","[http://dbpedia.org/resource/Nobel_Prize_in_Physics, http://dbpedia.org/resource/Franklin_Institute, http://dbpedia.org/resource/King_Faisal_International_Prize, http://dbpedia.org/resource/Lorentz_Medal]"
"102","0","[http://dbpedia.org/resource/Nobel_Prize_in_Physics, http://dbpedia.org/resource/Beatrice_M._Tinsley_Prize, http://dbpedia.org/resource/Wolf_Prize_in_Physics, http://dbpedia.org/resource/Comstock_Prize_in_Physics, http://dbpedia.org/resource/National_Medal_of_Science, http://dbpedia.org/resource/Tom_W._Bonner_Prize_in_Nuclear_Physics]"
"103","0","http://dbpedia.org/resource/Nobel_Prize_in_Physics"
"104","0","[http://dbpedia.org/resource/Nobel_Prize_in_Physics, http://dbpedia.org/resource/Dirac_Prize, http://dbpedia.org/resource/Harvey_Prize]"
"80","0","[http://dbpedia.org/resource/Nobel_Prize_in_Physics, http://dbpedia.org/resource/National_Medal_of_Science, http://dbpedia.org/resource/Franklin_Institute]"
"81","0","[http://dbpedia.org/resource/Nobel_Prize_in_Physics, http://dbpedia.org/resource/Lorentz_Medal, http://dbpedia.org/resource/IEEE_Medal_of_Honor]"
"82","0","[http://dbpedia.org/resource/Nobel_Prize_in_Physics, http://dbpedia.org/resource/Wolf_Prize]"
"84","0","http://dbpedia.org/resource/Nobel_Prize_in_Physics"
"85","0","http://dbpedia.org/resource/Nobel_Prize_in_Physics"
"86","0","http://dbpedia.org/resource/Nobel_Prize_in_Physics"
"87","0","http://dbpedia.org/resource/Nobel_Prize_in_Physics"
