"47","1","http://dbpedia.org/resource/Celebration,_Florida"
"192","1","http://dbpedia.org/resource/Tampa,_Florida"
"52","1","[http://dbpedia.org/resource/Sun_'n_Lake_of_Sebring,_Florida, http://dbpedia.org/resource/Sebring,_Florida]"
"54","1","http://dbpedia.org/resource/Highlands_County,_Florida"
"160","1","http://dbpedia.org/resource/Okeechobee,_Florida"
"5","1","http://dbpedia.org/resource/Coral_Gables,_Florida"
"209","1","http://dbpedia.org/resource/Winter_Haven,_Florida"
"69","1","http://dbpedia.org/resource/Ocoee,_Florida"
"75","1","http://dbpedia.org/resource/Sebring,_Florida"
"38","1","http://dbpedia.org/resource/Orlando,_Florida"
"187","1","http://dbpedia.org/resource/Longwood,_Florida"
"145","1","http://dbpedia.org/resource/Orlando,_Florida"
"105","1","http://dbpedia.org/resource/Orlando,_Florida"
"82","1","http://dbpedia.org/resource/Miami"
"43","1","http://dbpedia.org/resource/St._Augustine,_Florida"
