"46","3","[http://dbpedia.org/resource/Switzerland, http://dbpedia.org/resource/Canton_of_Bern, http://dbpedia.org/resource/Valais]"
"26","3","http://dbpedia.org/resource/Switzerland"
"49","3","[http://dbpedia.org/resource/Switzerland, http://dbpedia.org/resource/Canton_of_Glarus, http://dbpedia.org/resource/Graub%C3%BCnden]"
"72","3","[http://dbpedia.org/resource/Switzerland, http://dbpedia.org/resource/Canton_of_St._Gallen]"
"52","3","[http://dbpedia.org/resource/Switzerland, http://dbpedia.org/resource/Canton_of_St._Gallen, http://dbpedia.org/resource/Graub%C3%BCnden]"
"30","3","[http://dbpedia.org/resource/Switzerland, http://dbpedia.org/resource/Graub%C3%BCnden]"
"74","3","http://dbpedia.org/resource/Switzerland"
"31","3","[http://dbpedia.org/resource/Switzerland, http://dbpedia.org/resource/Canton_of_Glarus, http://dbpedia.org/resource/Graub%C3%BCnden]"
"10","3","[http://dbpedia.org/resource/Switzerland, http://dbpedia.org/resource/Canton_of_Uri]"
"77","3","[http://dbpedia.org/resource/Switzerland, http://dbpedia.org/resource/Canton_of_St._Gallen]"
"34","3","[http://dbpedia.org/resource/Switzerland, http://dbpedia.org/resource/Graub%C3%BCnden]"
"56","3","[http://dbpedia.org/resource/Switzerland, http://dbpedia.org/resource/Graub%C3%BCnden]"
"35","3","[http://dbpedia.org/resource/Switzerland, http://dbpedia.org/resource/Canton_of_Glarus, http://dbpedia.org/resource/Graub%C3%BCnden]"
"58","3","[http://dbpedia.org/resource/Switzerland, http://dbpedia.org/resource/Canton_of_St._Gallen, http://dbpedia.org/resource/Graub%C3%BCnden]"
"37","3","[http://dbpedia.org/resource/Switzerland, http://dbpedia.org/resource/Canton_of_Glarus, http://dbpedia.org/resource/Graub%C3%BCnden]"
"15","3","[http://dbpedia.org/resource/Switzerland, http://dbpedia.org/resource/Canton_of_Uri]"
"17","3","[http://dbpedia.org/resource/Switzerland, http://dbpedia.org/resource/Canton_of_Glarus]"
"39","3","[http://dbpedia.org/resource/Switzerland, http://dbpedia.org/resource/Canton_of_Glarus, http://dbpedia.org/resource/Graub%C3%BCnden]"
"18","3","[http://dbpedia.org/resource/Switzerland, http://dbpedia.org/resource/Canton_of_Glarus, http://dbpedia.org/resource/Canton_of_Uri]"
"1","3","[http://dbpedia.org/resource/Switzerland, http://dbpedia.org/resource/Graub%C3%BCnden, http://dbpedia.org/resource/Canton_of_Uri]"
"2","3","[http://dbpedia.org/resource/Switzerland, http://dbpedia.org/resource/Canton_of_Glarus, http://dbpedia.org/resource/Graub%C3%BCnden]"
"5","3","[http://dbpedia.org/resource/Switzerland, http://dbpedia.org/resource/Graub%C3%BCnden]"
"6","3","[http://dbpedia.org/resource/Switzerland, http://dbpedia.org/resource/Canton_of_Glarus, http://dbpedia.org/resource/Graub%C3%BCnden]"
"8","3","[http://dbpedia.org/resource/Switzerland, http://dbpedia.org/resource/Canton_of_Glarus, http://dbpedia.org/resource/Graub%C3%BCnden]"
"60","3","[http://dbpedia.org/resource/Switzerland, http://dbpedia.org/resource/Canton_of_St._Gallen, http://dbpedia.org/resource/Graub%C3%BCnden]"
"62","3","[http://dbpedia.org/resource/Switzerland, http://dbpedia.org/resource/Canton_of_St._Gallen, http://dbpedia.org/resource/Graub%C3%BCnden]"
"41","3","[http://dbpedia.org/resource/Switzerland, http://dbpedia.org/resource/Canton_of_Bern, http://dbpedia.org/resource/Valais]"
"42","3","[http://dbpedia.org/resource/Switzerland, http://dbpedia.org/resource/Canton_of_Glarus, http://dbpedia.org/resource/Graub%C3%BCnden]"
"64","3","[http://dbpedia.org/resource/Switzerland, http://dbpedia.org/resource/Graub%C3%BCnden]"
"20","3","[http://dbpedia.org/resource/Switzerland, http://dbpedia.org/resource/Canton_of_Glarus, http://dbpedia.org/resource/Canton_of_Uri]"
"43","3","[http://dbpedia.org/resource/Switzerland, http://dbpedia.org/resource/Graub%C3%BCnden]"
"21","3","[http://dbpedia.org/resource/Switzerland, http://dbpedia.org/resource/Graub%C3%BCnden]"
