"22","2","[http://dbpedia.org/resource/Switzerland, http://dbpedia.org/resource/Z%C3%BCrich]"
"23","2","http://dbpedia.org/resource/Greater_Toronto_Area"
"24","2","[http://dbpedia.org/resource/Italy, http://dbpedia.org/resource/Rome]"
"25","2","http://dbpedia.org/resource/Milan"
"26","2","[http://dbpedia.org/resource/Belgium, http://dbpedia.org/resource/Brussels]"
"27","2","http://dbpedia.org/resource/Antalya"
"28","2","[http://dbpedia.org/resource/Spain, http://dbpedia.org/resource/Majorca]"
"29","2","[http://dbpedia.org/resource/Slovakia, http://dbpedia.org/resource/Vienna, http://dbpedia.org/resource/Bratislava, http://dbpedia.org/resource/Austria]"
"30","2","http://dbpedia.org/resource/Shanghai"
"10","2","http://dbpedia.org/resource/Seoul_Capital_Area"
"11","2","[http://dbpedia.org/resource/United_Arab_Emirates, http://dbpedia.org/resource/Dubai]"
"13","2","[http://dbpedia.org/resource/Germany, http://dbpedia.org/resource/Munich]"
"14","2","[http://dbpedia.org/resource/Turkey, http://dbpedia.org/resource/Istanbul]"
"15","2","[http://dbpedia.org/resource/London, http://dbpedia.org/resource/United_Kingdom]"
"16","2","[http://dbpedia.org/resource/Hsinchu, http://dbpedia.org/resource/Taipei%E2%80%93Keelung_metropolitan_area, http://dbpedia.org/resource/Taoyuan%E2%80%93Zhongli_metropolitan_area]"
"17","2","[http://dbpedia.org/resource/Manchester, http://dbpedia.org/resource/United_Kingdom]"
"18","2","http://dbpedia.org/resource/New_York_City"
"19","2","[http://dbpedia.org/resource/Copenhagen, http://dbpedia.org/resource/Denmark]"
"1","2","[http://dbpedia.org/resource/London, http://dbpedia.org/resource/United_Kingdom]"
"2","2","[http://dbpedia.org/resource/Paris, http://dbpedia.org/resource/France]"
"3","2","[http://dbpedia.org/resource/Frankfurt, http://dbpedia.org/resource/Germany]"
"4","2","[http://dbpedia.org/resource/Amsterdam, http://dbpedia.org/resource/Netherlands]"
"5","2","http://dbpedia.org/resource/Hong_Kong"
"6","2","http://dbpedia.org/resource/Singapore"
"7","2","[http://dbpedia.org/resource/London, http://dbpedia.org/resource/United_Kingdom]"
"8","2","http://dbpedia.org/resource/Greater_Tokyo_Area"
"9","2","http://dbpedia.org/resource/Bangkok"
"20","2","[http://dbpedia.org/resource/Dublin, http://dbpedia.org/resource/Republic_of_Ireland]"
"21","2","http://dbpedia.org/resource/Greater_Los_Angeles_Area"
