"44","1","http://dbpedia.org/resource/Icelandic_kr%C3%B3na"
"88","1","http://dbpedia.org/resource/Tunisian_dinar"
"89","1","http://dbpedia.org/resource/Turkish_lira"
"45","1","http://dbpedia.org/resource/Indian_rupee"
"46","1","http://dbpedia.org/resource/Indonesian_rupiah"
"47","1","http://dbpedia.org/resource/Euro"
"48","1","[http://dbpedia.org/resource/Pound_sterling, http://dbpedia.org/resource/Manx_pound]"
"49","1","http://dbpedia.org/resource/Israeli_new_shekel"
"90","1","http://dbpedia.org/resource/United_Arab_Emirates_dirham"
"91","1","http://dbpedia.org/resource/Uruguayan_peso"
"92","1","http://dbpedia.org/resource/Venezuelan_bol%C3%ADvar"
"50","1","http://dbpedia.org/resource/Euro_sign"
"51","1","http://dbpedia.org/resource/Jamaican_dollar"
"52","1","http://dbpedia.org/resource/Pound_sterling"
"53","1","http://dbpedia.org/resource/Jordanian_dinar"
"54","1","http://dbpedia.org/resource/Kenyan_shilling"
"10","1","http://dbpedia.org/resource/Swedish_krona"
"55","1","http://dbpedia.org/resource/Kuwaiti_dinar"
"56","1","http://dbpedia.org/resource/Euro"
"12","1","http://dbpedia.org/resource/Aruban_florin"
"13","1","http://dbpedia.org/resource/Euro"
"57","1","http://dbpedia.org/resource/Lithuanian_litas"
"14","1","http://dbpedia.org/resource/Bahamian_dollar"
"58","1","http://dbpedia.org/resource/Euro"
"59","1","http://dbpedia.org/resource/Malaysian_ringgit"
"15","1","http://dbpedia.org/resource/Bahraini_dinar"
"16","1","http://dbpedia.org/resource/Barbadian_dollar"
"17","1","http://dbpedia.org/resource/Euro"
"18","1","http://dbpedia.org/resource/Belize_dollar"
"19","1","http://dbpedia.org/resource/Bermudian_dollar"
"1","1","http://dbpedia.org/resource/%7B%7B"
"3","1","http://dbpedia.org/resource/Pound_sterling"
"4","1","http://dbpedia.org/resource/Swiss_franc"
"5","1","http://dbpedia.org/resource/Japanese_yen"
"6","1","http://dbpedia.org/resource/Australian_dollar"
"7","1","http://dbpedia.org/resource/New_Zealand_dollar"
"8","1","http://dbpedia.org/resource/Danish_krone"
"9","1","http://dbpedia.org/resource/Norwegian_krone"
"60","1","http://dbpedia.org/resource/Euro_sign"
"61","1","http://dbpedia.org/resource/Mauritian_rupee"
"62","1","http://dbpedia.org/resource/Mexican_peso"
"63","1","http://dbpedia.org/resource/Moroccan_dirham"
"64","1","http://dbpedia.org/resource/Euro"
"20","1","http://dbpedia.org/resource/Brazilian_real"
"21","1","http://dbpedia.org/resource/Brunei_dollar"
"22","1","http://dbpedia.org/resource/Cayman_Islands_dollar"
"66","1","http://dbpedia.org/resource/Pound_sterling"
"67","1","http://dbpedia.org/resource/Omani_rial"
"23","1","http://dbpedia.org/resource/Chilean_peso"
"68","1","http://dbpedia.org/resource/Pakistani_rupee"
"24","1","http://dbpedia.org/resource/Renminbi"
"69","1","http://dbpedia.org/resource/Paraguayan_guaran%C3%AD"
"25","1","http://dbpedia.org/resource/Colombian_peso"
"26","1","http://dbpedia.org/resource/Costa_Rican_col%C3%B3n"
"27","1","http://dbpedia.org/resource/Euro"
"28","1","http://dbpedia.org/resource/Czech_koruna"
"29","1","http://dbpedia.org/resource/Dominican_peso"
"70","1","http://dbpedia.org/resource/Peruvian_nuevo_sol"
"72","1","http://dbpedia.org/resource/Polish_z%C5%82oty"
"73","1","http://dbpedia.org/resource/Euro"
"74","1","http://dbpedia.org/resource/Qatari_riyal"
"75","1","[http://dbpedia.org/resource/Ukrainian_hryvnia, http://dbpedia.org/resource/Russian_ruble]"
"31","1","http://dbpedia.org/resource/Egyptian_pound"
"31","1","http://dbpedia.org/resource/Egyptian_pound"
"76","1","http://dbpedia.org/resource/Saudi_riyal"
"32","1","http://dbpedia.org/resource/Euro"
"33","1","http://dbpedia.org/resource/Fijian_dollar"
"77","1","http://dbpedia.org/resource/Pound_sterling"
"78","1","http://dbpedia.org/resource/Singapore_dollar"
"34","1","http://dbpedia.org/resource/Euro"
"79","1","http://dbpedia.org/resource/Euro_sign"
"36","1","http://dbpedia.org/resource/Euro"
"37","1","http://dbpedia.org/resource/Gibraltar_pound"
"38","1","http://dbpedia.org/resource/Euro"
"39","1","http://dbpedia.org/resource/Guatemalan_quetzal"
"80","1","http://dbpedia.org/resource/Euro"
"81","1","http://dbpedia.org/resource/South_African_rand"
"83","1","http://dbpedia.org/resource/Euro"
"40","1","http://dbpedia.org/resource/Pound_sterling"
"84","1","[http://dbpedia.org/resource/French_franc, http://dbpedia.org/resource/Pound_sterling]"
"85","1","http://dbpedia.org/resource/New_Taiwan_dollar"
"41","1","http://dbpedia.org/resource/Honduran_lempira"
"86","1","http://dbpedia.org/resource/Thai_baht"
"42","1","http://dbpedia.org/resource/Hong_Kong_dollar"
"43","1","http://dbpedia.org/resource/Hungarian_forint"
