"88","3","http://dbpedia.org/resource/Tony_Scott"
"89","3","http://dbpedia.org/resource/Peter_Weir"
"110","3","http://dbpedia.org/resource/Bryan_Singer"
"111","3","http://dbpedia.org/resource/Bryan_Singer"
"112","3","http://dbpedia.org/resource/Akira_Kurosawa"
"113","3","http://dbpedia.org/resource/Mel_Brooks"
"90","3","http://dbpedia.org/resource/Terry_Gilliam"
"91","3","http://dbpedia.org/resource/Kenji_Mizoguchi"
"92","3","http://dbpedia.org/resource/Luis_Bu%C3%B1uel"
"93","3","http://dbpedia.org/resource/M._Night_Shyamalan"
"94","3","http://dbpedia.org/resource/Clint_Eastwood"
"95","3","http://dbpedia.org/resource/Brian_De_Palma"
"96","3","http://dbpedia.org/resource/Bryan_Singer"
"97","3","http://dbpedia.org/resource/Alfred_Hitchcock"
"98","3","http://dbpedia.org/resource/Henri-Georges_Clouzot"
"10","3","http://dbpedia.org/resource/Akira_Kurosawa"
"11","3","http://dbpedia.org/resource/Ingmar_Bergman"
"99","3","[http://dbpedia.org/resource/Jerome_Robbins, http://dbpedia.org/resource/Robert_Wise]"
"12","3","http://dbpedia.org/resource/Alfred_Hitchcock"
"13","3","http://dbpedia.org/resource/John_Madden_(director)"
"14","3","http://dbpedia.org/resource/George_Stevens"
"15","3","http://dbpedia.org/resource/Frank_Darabont"
"16","3","[http://dbpedia.org/resource/Buster_Keaton, http://dbpedia.org/resource/Roscoe_Arbuckle]"
"17","3","http://dbpedia.org/resource/Stanley_Kubrick"
"18","3","http://dbpedia.org/resource/Robert_Altman"
"1","3","http://dbpedia.org/resource/Steven_Spielberg"
"2","3","http://dbpedia.org/resource/Cameron_Crowe"
"3","3","http://dbpedia.org/resource/Brian_De_Palma"
"4","3","http://dbpedia.org/resource/Martin_Brest"
"5","3","http://dbpedia.org/resource/Steven_Spielberg"
"6","3","http://dbpedia.org/resource/Wes_Craven"
"7","3","http://dbpedia.org/resource/John_Ford"
"8","3","http://dbpedia.org/resource/Ang_Lee"
"9","3","http://dbpedia.org/resource/David_Fincher"
"20","3","http://dbpedia.org/resource/M._Night_Shyamalan"
"21","3","http://dbpedia.org/resource/Jonathan_Demme"
"22","3","http://dbpedia.org/resource/Sam_Raimi"
"24","3","[http://dbpedia.org/resource/Gene_Kelly, http://dbpedia.org/resource/Stanley_Donen]"
"25","3","http://dbpedia.org/resource/M._Night_Shyamalan"
"26","3","http://dbpedia.org/resource/Woody_Allen"
"27","3","http://dbpedia.org/resource/Tim_Burton"
"28","3","http://dbpedia.org/resource/Billy_Bob_Thornton"
"29","3","http://dbpedia.org/resource/Guy_Ritchie"
"30","3","[http://dbpedia.org/resource/Ben_Sharpsteen, http://dbpedia.org/resource/Larry_Morey, http://dbpedia.org/resource/Wilfred_Jackson, http://dbpedia.org/resource/David_Hand_(animator), http://dbpedia.org/resource/Perce_Pearce]"
"31","3","http://dbpedia.org/resource/Andrei_Tarkovsky"
"32","3","http://dbpedia.org/resource/Billy_Wilder"
"33","3","http://dbpedia.org/resource/Robert_Wise"
"34","3","http://dbpedia.org/resource/Trey_Parker"
"35","3","http://dbpedia.org/resource/Stanley_Kubrick"
"36","3","http://dbpedia.org/resource/Jan_de_Bont"
"37","3","http://dbpedia.org/resource/Sam_Raimi"
"38","3","http://dbpedia.org/resource/Sam_Raimi"
"39","3","http://dbpedia.org/resource/Hayao_Miyazaki"
"40","3","http://dbpedia.org/resource/John_Ford"
"41","3","http://dbpedia.org/resource/Billy_Wilder"
"42","3","http://dbpedia.org/resource/Andrei_Tarkovsky"
"43","3","http://dbpedia.org/resource/Rob_Reiner"
"44","3","http://dbpedia.org/resource/Nicholas_Meyer"
"45","3","http://dbpedia.org/resource/George_Lucas"
"46","3","http://dbpedia.org/resource/George_Lucas"
"47","3","http://dbpedia.org/resource/George_Roy_Hill"
"48","3","http://dbpedia.org/resource/Federico_Fellini"
"49","3","http://dbpedia.org/resource/Alfred_Hitchcock"
"50","3","http://dbpedia.org/resource/Elia_Kazan"
"51","3","http://dbpedia.org/resource/Preston_Sturges"
"52","3","http://dbpedia.org/resource/F._W._Murnau"
"53","3","http://dbpedia.org/resource/Billy_Wilder"
"55","3","http://dbpedia.org/resource/Atom_Egoyan"
"56","3","http://dbpedia.org/resource/Alexander_Mackendrick"
"57","3","http://dbpedia.org/resource/Doug_Liman"
"58","3","http://dbpedia.org/resource/Martin_Scorsese"
"59","3","http://dbpedia.org/resource/Cecil_B._DeMille"
"60","3","http://dbpedia.org/resource/James_Cameron"
"61","3","http://dbpedia.org/resource/James_Cameron"
"62","3","http://dbpedia.org/resource/Tobe_Hooper"
"63","3","http://dbpedia.org/resource/Ridley_Scott"
"64","3","http://dbpedia.org/resource/Farrelly_brothers"
"65","3","http://dbpedia.org/resource/W._S._Van_Dyke"
"66","3","http://dbpedia.org/resource/Terrence_Malick"
"67","3","http://dbpedia.org/resource/John_Carpenter"
"68","3","http://dbpedia.org/resource/Carol_Reed"
"69","3","http://dbpedia.org/resource/Rob_Reiner"
"70","3","http://dbpedia.org/resource/Krzysztof_Kie%C5%9Blowski"
"71","3","http://dbpedia.org/resource/Krzysztof_Kie%C5%9Blowski"
"72","3","http://dbpedia.org/resource/David_O._Russell"
"73","3","http://dbpedia.org/resource/Akira_Kurosawa"
"74","3","http://dbpedia.org/resource/James_Cameron"
"75","3","http://dbpedia.org/resource/Robert_Mulligan"
"76","3","http://dbpedia.org/resource/Yasujir%C5%8D_Ozu"
"77","3","http://dbpedia.org/resource/George_P._Cosmatos"
"78","3","http://dbpedia.org/resource/Sydney_Pollack"
"79","3","http://dbpedia.org/resource/Tony_Scott"
"100","3","http://dbpedia.org/resource/Lasse_Hallstr%C3%B6m"
"101","3","http://dbpedia.org/resource/Rob_Reiner"
"102","3","http://dbpedia.org/resource/Robert_Zemeckis"
"103","3","http://dbpedia.org/resource/Mike_Nichols"
"104","3","http://dbpedia.org/resource/Sam_Peckinpah"
"105","3","http://dbpedia.org/resource/Ingmar_Bergman"
"106","3","http://dbpedia.org/resource/Mel_Stuart"
"107","3","http://dbpedia.org/resource/Wim_Wenders"
"80","3","http://dbpedia.org/resource/Mark_Sandrich"
"108","3","http://dbpedia.org/resource/Peter_Weir"
"82","3","http://dbpedia.org/resource/Orson_Welles"
"109","3","http://dbpedia.org/resource/Victor_Fleming"
"83","3","http://dbpedia.org/resource/John_Lasseter"
"84","3","http://dbpedia.org/resource/John_Lasseter"
"85","3","http://dbpedia.org/resource/Steven_Soderbergh"
"86","3","http://dbpedia.org/resource/Danny_Boyle"
"87","3","http://dbpedia.org/resource/John_Huston"
