"13","3","[http://dbpedia.org/resource/Switzerland, http://dbpedia.org/resource/Ticino]"
"16","3","http://dbpedia.org/resource/Switzerland"
"7","3","[http://dbpedia.org/resource/Italy, http://dbpedia.org/resource/Switzerland, http://dbpedia.org/resource/Lombardy, http://dbpedia.org/resource/Ticino]"
"8","3","[http://dbpedia.org/resource/Switzerland, http://dbpedia.org/resource/Ticino]"
"9","3","[http://dbpedia.org/resource/Italy, http://dbpedia.org/resource/Switzerland, http://dbpedia.org/resource/Lombardy, http://dbpedia.org/resource/Ticino]"
