"350","0","http://dbpedia.org/resource/PlayStation_2"
"350","1","http://dbpedia.org/resource/Yuke's"
"230","0","http://dbpedia.org/resource/GameCube"
"230","1","http://dbpedia.org/resource/Hudson_Soft"
"351","0","[http://dbpedia.org/resource/Game_Boy_Advance, http://dbpedia.org/resource/Microsoft_Windows, http://dbpedia.org/resource/OS_X, http://dbpedia.org/resource/GameCube, http://dbpedia.org/resource/Xbox_(console), http://dbpedia.org/resource/PlayStation_2]"
"351","1","[http://dbpedia.org/resource/Traveller's_Tales, http://dbpedia.org/resource/KnowWonder, http://dbpedia.org/resource/Vicarious_Visions]"
"352","1","http://dbpedia.org/resource/Heavy_Iron_Studios"
"231","0","http://dbpedia.org/resource/GameCube"
"231","1","http://dbpedia.org/resource/Intelligent_Systems"
"110","0","[http://dbpedia.org/resource/Game_Boy_Advance, http://dbpedia.org/resource/Microsoft_Windows, http://dbpedia.org/resource/N-Gage_(device), http://dbpedia.org/resource/GameCube, http://dbpedia.org/resource/Xbox_(console), http://dbpedia.org/resource/Mobile_game, http://dbpedia.org/resource/PlayStation_2]"
"110","1","http://dbpedia.org/resource/EA_Sports"
"232","0","http://dbpedia.org/resource/GameCube"
"232","1","http://dbpedia.org/resource/Camelot_Software_Planning"
"111","0","[http://dbpedia.org/resource/Xbox_(console), http://dbpedia.org/resource/PlayStation_2]"
"111","1","http://dbpedia.org/resource/EA_Sports"
"353","0","[http://dbpedia.org/resource/Game_Boy_Advance, http://dbpedia.org/resource/Microsoft_Windows, http://dbpedia.org/resource/OS_X, http://dbpedia.org/resource/GameCube, http://dbpedia.org/resource/Xbox_(console), http://dbpedia.org/resource/PlayStation_2]"
"353","1","[http://dbpedia.org/resource/Traveller's_Tales, http://dbpedia.org/resource/KnowWonder, http://dbpedia.org/resource/Vicarious_Visions]"
"233","0","http://dbpedia.org/resource/Nintendo_DS"
"233","1","http://dbpedia.org/resource/Nintendo_Entertainment_Analysis_&_Development"
"354","0","[http://dbpedia.org/resource/Game_Boy_Advance, http://dbpedia.org/resource/N-Gage_(device), http://dbpedia.org/resource/Android_(operating_system)]"
"354","1","[http://dbpedia.org/resource/Sonic_Team, http://dbpedia.org/resource/Dimps]"
"112","0","[http://dbpedia.org/resource/Game_Boy_Advance, http://dbpedia.org/resource/Microsoft_Windows, http://dbpedia.org/resource/Nintendo_DS, http://dbpedia.org/resource/GameCube, http://dbpedia.org/resource/Xbox_(console), http://dbpedia.org/resource/PlayStation_Portable, http://dbpedia.org/resource/Xbox_360, http://dbpedia.org/resource/Mobile_game, http://dbpedia.org/resource/Windows_Mobile, http://dbpedia.org/resource/PlayStation_2]"
"112","1","[http://dbpedia.org/resource/Exient_Entertainment, http://dbpedia.org/resource/EA_Tiburon, http://dbpedia.org/resource/Budcat_Creations]"
"355","0","[http://dbpedia.org/resource/Game_Boy_Advance, http://dbpedia.org/resource/Microsoft_Windows, http://dbpedia.org/resource/OS_X, http://dbpedia.org/resource/GameCube, http://dbpedia.org/resource/Xbox_(console), http://dbpedia.org/resource/PlayStation_2]"
"355","1","[http://dbpedia.org/resource/Helixe, http://dbpedia.org/resource/Heavy_Iron_Studios]"
"234","0","http://dbpedia.org/resource/Nintendo_DS"
"234","1","http://dbpedia.org/resource/Nintendo_Entertainment_Analysis_&_Development"
"113","0","[http://dbpedia.org/resource/Game_Boy_Advance, http://dbpedia.org/resource/Microsoft_Windows, http://dbpedia.org/resource/PlayStation_(console), http://dbpedia.org/resource/Tapwave_Zodiac, http://dbpedia.org/resource/Nintendo_DS, http://dbpedia.org/resource/GameCube, http://dbpedia.org/resource/Xbox_(console), http://dbpedia.org/resource/PlayStation_2]"
"113","1","[http://dbpedia.org/resource/EA_Tiburon, http://dbpedia.org/resource/Budcat_Creations]"
"114","0","[http://dbpedia.org/resource/Game_Boy_Advance, http://dbpedia.org/resource/Microsoft_Windows, http://dbpedia.org/resource/Nintendo_DS, http://dbpedia.org/resource/GameCube, http://dbpedia.org/resource/Xbox_(console), http://dbpedia.org/resource/PlayStation_Portable, http://dbpedia.org/resource/PlayStation_2]"
"114","1","[http://dbpedia.org/resource/EA_Canada, http://dbpedia.org/resource/Pocketeers]"
"235","0","http://dbpedia.org/resource/Nintendo_DS"
"235","1","http://dbpedia.org/resource/Nintendo_Entertainment_Analysis_&_Development"
"115","0","[http://dbpedia.org/resource/Game_Boy_Advance, http://dbpedia.org/resource/Microsoft_Windows, http://dbpedia.org/resource/Xbox, http://dbpedia.org/resource/GameCube, http://dbpedia.org/resource/PlayStation_2]"
"115","1","http://dbpedia.org/resource/EA_Black_Box"
"116","0","[http://dbpedia.org/resource/Game_Boy_Advance, http://dbpedia.org/resource/Microsoft_Windows, http://dbpedia.org/resource/PlayStation_3, http://dbpedia.org/resource/Wii, http://dbpedia.org/resource/Nintendo_DS, http://dbpedia.org/resource/GameCube, http://dbpedia.org/resource/Xbox_(console), http://dbpedia.org/resource/PlayStation_Portable, http://dbpedia.org/resource/Xbox_360, http://dbpedia.org/resource/PlayStation_2]"
"116","1","[http://dbpedia.org/resource/HB_Studios, http://dbpedia.org/resource/EA_Canada, http://dbpedia.org/resource/Exient_Entertainment, http://dbpedia.org/resource/EA_Tiburon]"
"237","0","http://dbpedia.org/resource/Nintendo_DS"
"237","1","http://dbpedia.org/resource/Nintendo_Entertainment_Analysis_&_Development"
"238","0","http://dbpedia.org/resource/Nintendo_DS"
"238","1","http://dbpedia.org/resource/Nintendo_Software_Planning_&_Development"
"117","0","[http://dbpedia.org/resource/Microsoft_Windows, http://dbpedia.org/resource/OS_X, http://dbpedia.org/resource/PlayStation_3, http://dbpedia.org/resource/Wii, http://dbpedia.org/resource/Nintendo_DS, http://dbpedia.org/resource/GameCube, http://dbpedia.org/resource/Xbox_(console), http://dbpedia.org/resource/PlayStation_Portable, http://dbpedia.org/resource/Xbox_360, http://dbpedia.org/resource/PlayStation_2]"
"117","1","[http://dbpedia.org/resource/Exient_Entertainment, http://dbpedia.org/resource/EA_Tiburon]"
"239","0","http://dbpedia.org/resource/Nintendo_DS"
"239","1","http://dbpedia.org/resource/Nintendo_System_Development"
"118","0","[http://dbpedia.org/resource/PlayStation_3, http://dbpedia.org/resource/Xbox_(console), http://dbpedia.org/resource/PlayStation_Portable, http://dbpedia.org/resource/Xbox_360, http://dbpedia.org/resource/PlayStation_2]"
"118","1","http://dbpedia.org/resource/Electronic_Arts"
"119","0","[http://dbpedia.org/resource/Game_Boy_Advance, http://dbpedia.org/resource/Game_Boy_Color, http://dbpedia.org/resource/PlayStation_(console), http://dbpedia.org/resource/Personal_computer, http://dbpedia.org/resource/GameCube, http://dbpedia.org/resource/Xbox_(console), http://dbpedia.org/resource/Macintosh, http://dbpedia.org/resource/PlayStation_2]"
"119","1","[http://dbpedia.org/resource/Griptonite_Games, http://dbpedia.org/resource/Xbox_(console), http://dbpedia.org/resource/KnowWonder, http://dbpedia.org/resource/Argonaut_Games, http://dbpedia.org/resource/Eurocom, http://dbpedia.org/resource/Aspyr]"
"10","0","[http://dbpedia.org/resource/Sega_CD, http://dbpedia.org/resource/Sega_Game_Gear, http://dbpedia.org/resource/Super_Nintendo_Entertainment_System, http://dbpedia.org/resource/Sega_Genesis, http://dbpedia.org/resource/Arcade_game, http://dbpedia.org/resource/Game_Boy]"
"10","1","http://dbpedia.org/resource/Midway_Games"
"12","0","[http://dbpedia.org/resource/Dreamcast, http://dbpedia.org/resource/Game_Boy_Color, http://dbpedia.org/resource/Nintendo_64, http://dbpedia.org/resource/PlayStation_(console), http://dbpedia.org/resource/N-Gage_(device)]"
"12","1","[http://dbpedia.org/resource/Edge_of_Reality, http://dbpedia.org/resource/Neversoft, http://dbpedia.org/resource/Treyarch, http://dbpedia.org/resource/Natsume_(company)]"
"13","0","[http://dbpedia.org/resource/Dreamcast, http://dbpedia.org/resource/Game_Boy_Advance, http://dbpedia.org/resource/Game_Boy_Color, http://dbpedia.org/resource/Microsoft_Windows, http://dbpedia.org/resource/Nintendo_64, http://dbpedia.org/resource/PlayStation_(console), http://dbpedia.org/resource/IOS, http://dbpedia.org/resource/Xbox_(console), http://dbpedia.org/resource/Macintosh]"
"13","1","[http://dbpedia.org/resource/Edge_of_Reality, http://dbpedia.org/resource/Activision, http://dbpedia.org/resource/Neversoft, http://dbpedia.org/resource/Treyarch, http://dbpedia.org/resource/Natsume_(company), http://dbpedia.org/resource/Vicarious_Visions]"
"14","0","[http://dbpedia.org/resource/Game_Boy_Advance, http://dbpedia.org/resource/Game_Boy_Color, http://dbpedia.org/resource/Microsoft_Windows, http://dbpedia.org/resource/Nintendo_64, http://dbpedia.org/resource/OS_X, http://dbpedia.org/resource/PlayStation_(console), http://dbpedia.org/resource/GameCube, http://dbpedia.org/resource/Xbox_(console), http://dbpedia.org/resource/PlayStation_2]"
"14","1","[http://dbpedia.org/resource/Edge_of_Reality, http://dbpedia.org/resource/Neversoft, http://dbpedia.org/resource/Shaba_Games, http://dbpedia.org/resource/HotGen, http://dbpedia.org/resource/Gearbox_Software, http://dbpedia.org/resource/Vicarious_Visions]"
"15","0","[http://dbpedia.org/resource/Dreamcast, http://dbpedia.org/resource/Game_Boy_Color, http://dbpedia.org/resource/Microsoft_Windows, http://dbpedia.org/resource/Nintendo_64, http://dbpedia.org/resource/PlayStation_(console)]"
"15","1","[http://dbpedia.org/resource/Edge_of_Reality, http://dbpedia.org/resource/Gray_Matter_Interactive, http://dbpedia.org/resource/Neversoft, http://dbpedia.org/resource/Treyarch, http://dbpedia.org/resource/Vicarious_Visions]"
"16","0","[http://dbpedia.org/resource/Dreamcast, http://dbpedia.org/resource/Game_Boy_Color, http://dbpedia.org/resource/Nintendo_64, http://dbpedia.org/resource/PlayStation_(console), http://dbpedia.org/resource/N-Gage_(device)]"
"16","1","[http://dbpedia.org/resource/Edge_of_Reality, http://dbpedia.org/resource/Neversoft, http://dbpedia.org/resource/Treyarch, http://dbpedia.org/resource/Natsume_(company)]"
"17","0","[http://dbpedia.org/resource/Game_Boy_Advance, http://dbpedia.org/resource/Game_Boy_Color, http://dbpedia.org/resource/Microsoft_Windows, http://dbpedia.org/resource/Nintendo_64, http://dbpedia.org/resource/OS_X, http://dbpedia.org/resource/PlayStation_(console), http://dbpedia.org/resource/GameCube, http://dbpedia.org/resource/Xbox_(console), http://dbpedia.org/resource/PlayStation_2]"
"17","1","[http://dbpedia.org/resource/Edge_of_Reality, http://dbpedia.org/resource/Neversoft, http://dbpedia.org/resource/Shaba_Games, http://dbpedia.org/resource/HotGen, http://dbpedia.org/resource/Gearbox_Software, http://dbpedia.org/resource/Vicarious_Visions]"
"18","0","[http://dbpedia.org/resource/Game_Boy_Advance, http://dbpedia.org/resource/Microsoft_Windows, http://dbpedia.org/resource/GameCube, http://dbpedia.org/resource/Xbox_(console), http://dbpedia.org/resource/PlayStation_2]"
"18","1","[http://dbpedia.org/resource/Gray_Matter_Interactive, http://dbpedia.org/resource/Treyarch, http://dbpedia.org/resource/Backbone_Entertainment]"
"19","0","[http://dbpedia.org/resource/Game_Boy_Advance, http://dbpedia.org/resource/Microsoft_Windows, http://dbpedia.org/resource/GameCube, http://dbpedia.org/resource/Xbox_(console), http://dbpedia.org/resource/PlayStation_2]"
"19","1","[http://dbpedia.org/resource/Neversoft, http://dbpedia.org/resource/Beenox, http://dbpedia.org/resource/Vicarious_Visions]"
"240","0","http://dbpedia.org/resource/Nintendo_DS"
"240","1","http://dbpedia.org/resource/Nintendo_Entertainment_Analysis_&_Development"
"361","0","[http://dbpedia.org/resource/Game_Boy_Advance, http://dbpedia.org/resource/Microsoft_Windows, http://dbpedia.org/resource/OS_X, http://dbpedia.org/resource/PlayStation_3, http://dbpedia.org/resource/N-Gage_(device), http://dbpedia.org/resource/GameCube, http://dbpedia.org/resource/Mobile_phone, http://dbpedia.org/resource/Xbox_(console), http://dbpedia.org/resource/PlayStation_2]"
"361","1","[http://dbpedia.org/resource/Ubisoft_Montreal, http://dbpedia.org/resource/Gameloft, http://dbpedia.org/resource/Ubisoft_Shanghai]"
"241","0","[http://dbpedia.org/resource/Nintendo_3DS, http://dbpedia.org/resource/Nintendo_DS, http://dbpedia.org/resource/Nintendo_DSi, http://dbpedia.org/resource/Nintendo_2DS, http://dbpedia.org/resource/Nintendo_DS_Lite, http://dbpedia.org/resource/Nintendo_3DS_XL]"
"241","1","http://dbpedia.org/resource/Game_Freak"
"242","0","http://dbpedia.org/resource/Nintendo_DS"
"242","1","http://dbpedia.org/resource/Nintendo_Entertainment_Analysis_&_Development"
"1","0","[http://dbpedia.org/resource/Microsoft_Windows, http://dbpedia.org/resource/PlayStation_3, http://dbpedia.org/resource/Mobile_phone, http://dbpedia.org/resource/Xbox_360]"
"1","1","[http://dbpedia.org/resource/Superscape, http://dbpedia.org/resource/Bethesda_Game_Studios, http://dbpedia.org/resource/4J_Studios]"
"122","0","[http://dbpedia.org/resource/Game_Boy_Color, http://dbpedia.org/resource/Microsoft_Windows, http://dbpedia.org/resource/PlayStation_(console), http://dbpedia.org/resource/Sega_Saturn]"
"122","1","http://dbpedia.org/resource/Argonaut_Games"
"243","0","http://dbpedia.org/resource/Nintendo_DS"
"243","1","[http://dbpedia.org/resource/Nintendo, http://dbpedia.org/resource/Artoon]"
"365","0","[http://dbpedia.org/resource/Amiga, http://dbpedia.org/resource/Sega_Game_Gear, http://dbpedia.org/resource/Super_Nintendo_Entertainment_System, http://dbpedia.org/resource/Sega_Genesis, http://dbpedia.org/resource/Personal_computer, http://dbpedia.org/resource/Master_System, http://dbpedia.org/resource/Game_Boy, http://dbpedia.org/resource/Nintendo_Entertainment_System]"
"365","1","[http://dbpedia.org/resource/Westwood_Studios, http://dbpedia.org/resource/Virgin_Interactive, http://dbpedia.org/resource/Dark_Technologies]"
"244","0","http://dbpedia.org/resource/Wii"
"244","1","http://dbpedia.org/resource/Nintendo_Entertainment_Analysis_&_Development"
"245","0","http://dbpedia.org/resource/Wii"
"245","1","http://dbpedia.org/resource/Nintendo_Entertainment_Analysis_&_Development"
"3","0","[http://dbpedia.org/resource/Nintendo_64, http://dbpedia.org/resource/PlayStation_(console), http://dbpedia.org/resource/Game_Boy]"
"3","1","[http://dbpedia.org/resource/Acclaim_Cheltenham, http://dbpedia.org/resource/Sculptured_Software]"
"124","0","[http://dbpedia.org/resource/PlayStation_(console), http://dbpedia.org/resource/Sega_Saturn, http://dbpedia.org/resource/Arcade_game, http://dbpedia.org/resource/Game_Boy]"
"124","1","http://dbpedia.org/resource/Natsume_(company)"
"4","0","[http://dbpedia.org/resource/Game_Boy_Color, http://dbpedia.org/resource/Microsoft_Windows, http://dbpedia.org/resource/Nintendo_64]"
"4","1","[http://dbpedia.org/resource/Acclaim_Studios_Austin, http://dbpedia.org/resource/Bit_Managers]"
"367","0","[http://dbpedia.org/resource/GameCube, http://dbpedia.org/resource/Xbox_(console), http://dbpedia.org/resource/PlayStation_2]"
"367","1","http://dbpedia.org/resource/Traveller's_Tales"
"246","0","[http://dbpedia.org/resource/Wii, http://dbpedia.org/resource/GameCube]"
"246","1","http://dbpedia.org/resource/Nintendo_Entertainment_Analysis_&_Development"
"368","0","[http://dbpedia.org/resource/Microsoft_Windows, http://dbpedia.org/resource/Wii, http://dbpedia.org/resource/Xbox_(console), http://dbpedia.org/resource/PlayStation_2]"
"368","1","http://dbpedia.org/resource/Radical_Entertainment"
"126","0","[http://dbpedia.org/resource/Microsoft_Windows, http://dbpedia.org/resource/PlayStation_(console), http://dbpedia.org/resource/PlayStation_3, http://dbpedia.org/resource/PlayStation_Vita, http://dbpedia.org/resource/PlayStation_Portable]"
"126","1","http://dbpedia.org/resource/Konami"
"247","0","http://dbpedia.org/resource/Wii"
"247","1","http://dbpedia.org/resource/Nintendo_Entertainment_Analysis_&_Development"
"5","0","[http://dbpedia.org/resource/Sega_CD, http://dbpedia.org/resource/Sega_Game_Gear, http://dbpedia.org/resource/Super_Nintendo_Entertainment_System, http://dbpedia.org/resource/Sega_Genesis, http://dbpedia.org/resource/Arcade_game, http://dbpedia.org/resource/Game_Boy]"
"5","1","http://dbpedia.org/resource/Midway_Games"
"369","0","http://dbpedia.org/resource/Game_Boy_Advance"
"369","1","http://dbpedia.org/resource/Backbone_Entertainment"
"127","0","http://dbpedia.org/resource/PlayStation_(console)"
"127","1","http://dbpedia.org/resource/Konami"
"6","0","[http://dbpedia.org/resource/Amiga, http://dbpedia.org/resource/Microsoft_Windows, http://dbpedia.org/resource/PlayStation_(console), http://dbpedia.org/resource/PlayStation_3, http://dbpedia.org/resource/Sega_32X, http://dbpedia.org/resource/Sega_Game_Gear, http://dbpedia.org/resource/Sega_Saturn, http://dbpedia.org/resource/Super_Nintendo_Entertainment_System, http://dbpedia.org/resource/Sega_Genesis, http://dbpedia.org/resource/Arcade_game, http://dbpedia.org/resource/Master_System, http://dbpedia.org/resource/Game_Boy, http://dbpedia.org/resource/Xbox_360, http://dbpedia.org/resource/DOS]"
"248","0","http://dbpedia.org/resource/Wii"
"248","1","http://dbpedia.org/resource/Hudson_Soft"
"128","0","http://dbpedia.org/resource/PlayStation_2"
"128","1","http://dbpedia.org/resource/Konami"
"129","0","[http://dbpedia.org/resource/Microsoft_Windows, http://dbpedia.org/resource/PlayStation_3, http://dbpedia.org/resource/PlayStation_Vita, http://dbpedia.org/resource/Xbox_(console), http://dbpedia.org/resource/Xbox_360, http://dbpedia.org/resource/PlayStation_2]"
"129","1","[http://dbpedia.org/resource/Konami, http://dbpedia.org/resource/Bluepoint_Games, http://dbpedia.org/resource/Success_(company)]"
"8","0","[http://dbpedia.org/resource/Amiga, http://dbpedia.org/resource/Microsoft_Windows, http://dbpedia.org/resource/PlayStation_(console), http://dbpedia.org/resource/PlayStation_3, http://dbpedia.org/resource/Sega_32X, http://dbpedia.org/resource/Sega_Game_Gear, http://dbpedia.org/resource/Sega_Saturn, http://dbpedia.org/resource/Super_Nintendo_Entertainment_System, http://dbpedia.org/resource/Sega_Genesis, http://dbpedia.org/resource/Arcade_game, http://dbpedia.org/resource/Master_System, http://dbpedia.org/resource/Game_Boy, http://dbpedia.org/resource/Xbox_360, http://dbpedia.org/resource/DOS]"
"20","0","[http://dbpedia.org/resource/Game_Boy_Advance, http://dbpedia.org/resource/Microsoft_Windows, http://dbpedia.org/resource/GameCube, http://dbpedia.org/resource/Xbox_(console), http://dbpedia.org/resource/PlayStation_Portable, http://dbpedia.org/resource/PlayStation_2]"
"20","1","[http://dbpedia.org/resource/Neversoft, http://dbpedia.org/resource/Shaba_Games, http://dbpedia.org/resource/Xbox_(console), http://dbpedia.org/resource/Vicarious_Visions]"
"21","0","[http://dbpedia.org/resource/Game_Boy_Advance, http://dbpedia.org/resource/Microsoft_Windows, http://dbpedia.org/resource/OS_X, http://dbpedia.org/resource/PlayStation_(console), http://dbpedia.org/resource/GameCube, http://dbpedia.org/resource/Xbox_(console), http://dbpedia.org/resource/PlayStation_2]"
"21","1","[http://dbpedia.org/resource/Neversoft, http://dbpedia.org/resource/Beenox, http://dbpedia.org/resource/Vicarious_Visions]"
"22","0","[http://dbpedia.org/resource/Microsoft_Windows, http://dbpedia.org/resource/OS_X, http://dbpedia.org/resource/GameCube, http://dbpedia.org/resource/Xbox_(console), http://dbpedia.org/resource/PlayStation_2]"
"22","1","[http://dbpedia.org/resource/Luxoflux, http://dbpedia.org/resource/Xbox_(console), http://dbpedia.org/resource/Exakt_Entertainment]"
"23","0","[http://dbpedia.org/resource/Game_Boy_Advance, http://dbpedia.org/resource/Microsoft_Windows, http://dbpedia.org/resource/OS_X, http://dbpedia.org/resource/N-Gage_(device), http://dbpedia.org/resource/Nintendo_DS, http://dbpedia.org/resource/GameCube, http://dbpedia.org/resource/Xbox_(console), http://dbpedia.org/resource/PlayStation_Portable, http://dbpedia.org/resource/PlayStation_2]"
"23","1","[http://dbpedia.org/resource/Activision, http://dbpedia.org/resource/Treyarch, http://dbpedia.org/resource/The_Fizz_Factor, http://dbpedia.org/resource/Backbone_Entertainment, http://dbpedia.org/resource/Aspyr, http://dbpedia.org/resource/Vicarious_Visions]"
"24","0","http://dbpedia.org/resource/PlayStation_2"
"24","1","http://dbpedia.org/resource/Harmonix"
"25","0","[http://dbpedia.org/resource/Xbox_360, http://dbpedia.org/resource/PlayStation_2]"
"25","1","http://dbpedia.org/resource/Harmonix"
"26","0","[http://dbpedia.org/resource/Microsoft_Windows, http://dbpedia.org/resource/OS_X, http://dbpedia.org/resource/PlayStation_3, http://dbpedia.org/resource/Wii, http://dbpedia.org/resource/Xbox_360, http://dbpedia.org/resource/PlayStation_2]"
"26","1","[http://dbpedia.org/resource/Neversoft, http://dbpedia.org/resource/Vicarious_Visions, http://dbpedia.org/resource/Budcat_Creations]"
"27","0","[http://dbpedia.org/resource/GameCube, http://dbpedia.org/resource/Xbox_(console), http://dbpedia.org/resource/PlayStation_2]"
"27","1","[http://dbpedia.org/resource/Exakt_Entertainment, http://dbpedia.org/resource/Spark_Unlimited]"
"28","0","[http://dbpedia.org/resource/Game_Boy_Advance, http://dbpedia.org/resource/Microsoft_Windows, http://dbpedia.org/resource/OS_X, http://dbpedia.org/resource/GameCube, http://dbpedia.org/resource/Xbox_(console), http://dbpedia.org/resource/PlayStation_2]"
"28","1","[http://dbpedia.org/resource/Luxoflux, http://dbpedia.org/resource/KnowWonder, http://dbpedia.org/resource/Beenox, http://dbpedia.org/resource/Aspyr, http://dbpedia.org/resource/Vicarious_Visions, http://dbpedia.org/resource/Skyworks_Interactive]"
"29","0","[http://dbpedia.org/resource/Microsoft_Windows, http://dbpedia.org/resource/OS_X, http://dbpedia.org/resource/Mobile_phone, http://dbpedia.org/resource/Xbox_360]"
"29","1","[http://dbpedia.org/resource/Infinity_Ward, http://dbpedia.org/resource/Aspyr]"
"250","0","[http://dbpedia.org/resource/Xbox_(console), http://dbpedia.org/resource/PlayStation_2]"
"250","1","http://dbpedia.org/resource/Visual_Concepts"
"130","0","[http://dbpedia.org/resource/PlayStation_3, http://dbpedia.org/resource/Nintendo_3DS, http://dbpedia.org/resource/PlayStation_Vita, http://dbpedia.org/resource/Xbox_360, http://dbpedia.org/resource/PlayStation_2]"
"130","1","[http://dbpedia.org/resource/Konami, http://dbpedia.org/resource/Bluepoint_Games, http://dbpedia.org/resource/Kojima_Productions]"
"251","0","[http://dbpedia.org/resource/Microsoft_Windows, http://dbpedia.org/resource/GameCube, http://dbpedia.org/resource/Xbox_(console), http://dbpedia.org/resource/PlayStation_2]"
"251","1","http://dbpedia.org/resource/Sonic_Team"
"131","0","[http://dbpedia.org/resource/Arcade_game, http://dbpedia.org/resource/PlayStation_2]"
"131","1","http://dbpedia.org/resource/Konami"
"252","0","[http://dbpedia.org/resource/Microsoft_Windows, http://dbpedia.org/resource/GameCube, http://dbpedia.org/resource/PlayStation_Network, http://dbpedia.org/resource/Xbox_(console), http://dbpedia.org/resource/PlayStation_2]"
"252","1","http://dbpedia.org/resource/Sonic_Team"
"253","0","[http://dbpedia.org/resource/Dreamcast, http://dbpedia.org/resource/Microsoft_Windows, http://dbpedia.org/resource/Arcade_game, http://dbpedia.org/resource/GameCube, http://dbpedia.org/resource/Cloud_computing, http://dbpedia.org/resource/Xbox_Live_Arcade, http://dbpedia.org/resource/PlayStation_Network, http://dbpedia.org/resource/IOS, http://dbpedia.org/resource/Android_(operating_system), http://dbpedia.org/resource/PlayStation_2]"
"253","1","[http://dbpedia.org/resource/Strangelite, http://dbpedia.org/resource/Sega_AM3, http://dbpedia.org/resource/List_of_Sega_software_development_studios]"
"132","0","[http://dbpedia.org/resource/Microsoft_Windows, http://dbpedia.org/resource/GameCube, http://dbpedia.org/resource/PlayStation_2]"
"132","1","http://dbpedia.org/resource/Konami"
"254","0","[http://dbpedia.org/resource/Xbox_(console), http://dbpedia.org/resource/PlayStation_2]"
"254","1","http://dbpedia.org/resource/Visual_Concepts"
"255","0","[http://dbpedia.org/resource/Dreamcast, http://dbpedia.org/resource/Microsoft_Windows, http://dbpedia.org/resource/GameCube, http://dbpedia.org/resource/Xbox_Live_Arcade, http://dbpedia.org/resource/PlayStation_Network]"
"255","1","http://dbpedia.org/resource/Sonic_Team"
"135","0","[http://dbpedia.org/resource/Dreamcast, http://dbpedia.org/resource/Game_Boy_Color, http://dbpedia.org/resource/Microsoft_Windows, http://dbpedia.org/resource/Nintendo_64, http://dbpedia.org/resource/Macintosh]"
"135","1","http://dbpedia.org/resource/LucasArts"
"256","0","[http://dbpedia.org/resource/Dreamcast, http://dbpedia.org/resource/Microsoft_Windows, http://dbpedia.org/resource/GameCube, http://dbpedia.org/resource/Xbox_Live_Arcade, http://dbpedia.org/resource/PlayStation_Network]"
"256","1","[http://dbpedia.org/resource/Sonic_Team, http://dbpedia.org/resource/Now_Production]"
"257","0","[http://dbpedia.org/resource/Microsoft_Windows, http://dbpedia.org/resource/GameCube, http://dbpedia.org/resource/Xbox_(console), http://dbpedia.org/resource/PlayStation_2]"
"257","1","http://dbpedia.org/resource/Sonic_Team"
"136","0","[http://dbpedia.org/resource/Microsoft_Windows, http://dbpedia.org/resource/Nintendo_64]"
"136","1","[http://dbpedia.org/resource/LucasArts, http://dbpedia.org/resource/Factor_5]"
"137","0","[http://dbpedia.org/resource/Microsoft_Windows, http://dbpedia.org/resource/Xbox_(console), http://dbpedia.org/resource/PlayStation_Portable, http://dbpedia.org/resource/PlayStation_2]"
"137","1","[http://dbpedia.org/resource/Savage_Entertainment, http://dbpedia.org/resource/Pandemic_Studios]"
"138","0","[http://dbpedia.org/resource/Microsoft_Windows, http://dbpedia.org/resource/Mobile_phone, http://dbpedia.org/resource/Xbox_(console), http://dbpedia.org/resource/Macintosh, http://dbpedia.org/resource/PlayStation_2]"
"138","1","http://dbpedia.org/resource/Pandemic_Studios"
"139","0","[http://dbpedia.org/resource/Game_Boy_Advance, http://dbpedia.org/resource/Microsoft_Windows, http://dbpedia.org/resource/OS_X, http://dbpedia.org/resource/GameCube, http://dbpedia.org/resource/Xbox_(console), http://dbpedia.org/resource/PlayStation_2]"
"139","1","[http://dbpedia.org/resource/Traveller's_Tales, http://dbpedia.org/resource/Griptonite_Games, http://dbpedia.org/resource/Aspyr]"
"30","0","[http://dbpedia.org/resource/Xbox_360, http://dbpedia.org/resource/PlayStation_2]"
"30","1","http://dbpedia.org/resource/Harmonix"
"31","0","[http://dbpedia.org/resource/Game_Boy_Advance, http://dbpedia.org/resource/Microsoft_Windows, http://dbpedia.org/resource/PlayStation_3, http://dbpedia.org/resource/Wii, http://dbpedia.org/resource/Xbox_(console), http://dbpedia.org/resource/PlayStation_Portable, http://dbpedia.org/resource/Xbox_360, http://dbpedia.org/resource/PlayStation_2]"
"31","1","[http://dbpedia.org/resource/Raven_Software, http://dbpedia.org/resource/Barking_Lizards_Technologies, http://dbpedia.org/resource/Xbox_(console), http://dbpedia.org/resource/Beenox, http://dbpedia.org/resource/Vicarious_Visions]"
"32","0","[http://dbpedia.org/resource/PlayStation_3, http://dbpedia.org/resource/Wii, http://dbpedia.org/resource/Xbox_(console), http://dbpedia.org/resource/Xbox_360, http://dbpedia.org/resource/PlayStation_2]"
"32","1","[http://dbpedia.org/resource/Treyarch, http://dbpedia.org/resource/Exakt_Entertainment]"
"33","0","[http://dbpedia.org/resource/Microsoft_Windows, http://dbpedia.org/resource/OS_X, http://dbpedia.org/resource/PlayStation_3, http://dbpedia.org/resource/Wii, http://dbpedia.org/resource/Xbox_360]"
"33","1","[http://dbpedia.org/resource/Infinity_Ward, http://dbpedia.org/resource/Treyarch, http://dbpedia.org/resource/Aspyr]"
"34","0","[http://dbpedia.org/resource/Microsoft_Windows, http://dbpedia.org/resource/OS_X, http://dbpedia.org/resource/PlayStation_3, http://dbpedia.org/resource/Wii, http://dbpedia.org/resource/Xbox_360, http://dbpedia.org/resource/PlayStation_2]"
"34","1","[http://dbpedia.org/resource/Neversoft, http://dbpedia.org/resource/Vicarious_Visions, http://dbpedia.org/resource/Budcat_Creations]"
"35","0","[http://dbpedia.org/resource/Microsoft_Windows, http://dbpedia.org/resource/OS_X, http://dbpedia.org/resource/PlayStation_3, http://dbpedia.org/resource/Wii, http://dbpedia.org/resource/Xbox_360, http://dbpedia.org/resource/PlayStation_2]"
"35","1","[http://dbpedia.org/resource/Neversoft, http://dbpedia.org/resource/Vicarious_Visions, http://dbpedia.org/resource/Budcat_Creations]"
"37","0","[http://dbpedia.org/resource/Arcade_game, http://dbpedia.org/resource/Video_game_clone]"
"37","1","http://dbpedia.org/resource/Konami"
"38","0","[http://dbpedia.org/resource/Game_Boy_Color, http://dbpedia.org/resource/Microsoft_Windows, http://dbpedia.org/resource/PlayStation_(console), http://dbpedia.org/resource/PlayStation_Network, http://dbpedia.org/resource/IOS, http://dbpedia.org/resource/Macintosh]"
"38","1","[http://dbpedia.org/resource/Ubisoft_Reflections, http://dbpedia.org/resource/Gameloft]"
"39","0","[http://dbpedia.org/resource/Game_Boy_Advance, http://dbpedia.org/resource/PlayStation_(console)]"
"39","1","[http://dbpedia.org/resource/Ubisoft_Reflections, http://dbpedia.org/resource/Sennari_Interactive]"
"260","0","[http://dbpedia.org/resource/Dreamcast, http://dbpedia.org/resource/Microsoft_Windows, http://dbpedia.org/resource/Arcade_game, http://dbpedia.org/resource/GameCube, http://dbpedia.org/resource/Cloud_computing, http://dbpedia.org/resource/Xbox_Live_Arcade, http://dbpedia.org/resource/PlayStation_Network, http://dbpedia.org/resource/IOS, http://dbpedia.org/resource/Android_(operating_system), http://dbpedia.org/resource/PlayStation_2]"
"260","1","[http://dbpedia.org/resource/Strangelite, http://dbpedia.org/resource/Sega_AM3, http://dbpedia.org/resource/List_of_Sega_software_development_studios]"
"261","0","[http://dbpedia.org/resource/PlayStation_3, http://dbpedia.org/resource/Sega_Saturn, http://dbpedia.org/resource/Wii, http://dbpedia.org/resource/Sega_Genesis, http://dbpedia.org/resource/GameCube, http://dbpedia.org/resource/Xbox_(console), http://dbpedia.org/resource/Xbox_360, http://dbpedia.org/resource/Sega_PC, http://dbpedia.org/resource/PlayStation_2]"
"261","1","http://dbpedia.org/resource/Sonic_Team"
"140","0","[http://dbpedia.org/resource/Game_Boy_Advance, http://dbpedia.org/resource/Microsoft_Windows, http://dbpedia.org/resource/OS_X, http://dbpedia.org/resource/Nintendo_DS, http://dbpedia.org/resource/GameCube, http://dbpedia.org/resource/Mobile_phone, http://dbpedia.org/resource/Xbox_(console), http://dbpedia.org/resource/PlayStation_Portable, http://dbpedia.org/resource/Xbox_360, http://dbpedia.org/resource/PlayStation_2]"
"140","1","[http://dbpedia.org/resource/Robosoft_Technologies, http://dbpedia.org/resource/Traveller's_Tales]"
"262","0","[http://dbpedia.org/resource/Microsoft_Windows, http://dbpedia.org/resource/Wii, http://dbpedia.org/resource/Sega_Genesis, http://dbpedia.org/resource/Nintendo_DS, http://dbpedia.org/resource/Xbox_Live_Arcade]"
"262","1","http://dbpedia.org/resource/Sonic_Team"
"141","0","[http://dbpedia.org/resource/Game_Boy_Advance, http://dbpedia.org/resource/Handheld_TV_game, http://dbpedia.org/resource/Nintendo_DS, http://dbpedia.org/resource/Mobile_phone, http://dbpedia.org/resource/Xbox_(console), http://dbpedia.org/resource/PlayStation_2]"
"141","1","[http://dbpedia.org/resource/Ubisoft_Montreal, http://dbpedia.org/resource/The_Collective,_Inc.]"
"142","0","[http://dbpedia.org/resource/Microsoft_Windows, http://dbpedia.org/resource/OS_X, http://dbpedia.org/resource/Xbox_(console), http://dbpedia.org/resource/IPod_Touch, http://dbpedia.org/resource/IPad, http://dbpedia.org/resource/IPhone]"
"142","1","[http://dbpedia.org/resource/BioWare, http://dbpedia.org/resource/Aspyr]"
"264","0","http://dbpedia.org/resource/PlayStation_(console)"
"264","1","[http://dbpedia.org/resource/Arsys_Software, http://dbpedia.org/resource/Sony_Computer_Entertainment]"
"143","0","[http://dbpedia.org/resource/Microsoft_Windows, http://dbpedia.org/resource/Mobile_phone, http://dbpedia.org/resource/Xbox_(console), http://dbpedia.org/resource/Macintosh, http://dbpedia.org/resource/PlayStation_2]"
"143","1","http://dbpedia.org/resource/Pandemic_Studios"
"265","0","http://dbpedia.org/resource/PlayStation_(console)"
"265","1","http://dbpedia.org/resource/Polyphony_Digital"
"144","0","[http://dbpedia.org/resource/Microsoft_Windows, http://dbpedia.org/resource/Xbox_(console), http://dbpedia.org/resource/PlayStation_Portable, http://dbpedia.org/resource/PlayStation_2]"
"144","1","[http://dbpedia.org/resource/Savage_Entertainment, http://dbpedia.org/resource/Pandemic_Studios]"
"266","0","[http://dbpedia.org/resource/PlayStation_(console), http://dbpedia.org/resource/PlayStation_Network]"
"266","1","http://dbpedia.org/resource/Naughty_Dog"
"267","0","[http://dbpedia.org/resource/PlayStation_(console), http://dbpedia.org/resource/PlayStation_Network]"
"267","1","http://dbpedia.org/resource/Naughty_Dog"
"146","0","http://dbpedia.org/resource/Xbox_360"
"146","1","http://dbpedia.org/resource/Bungie"
"268","0","[http://dbpedia.org/resource/PlayStation_(console), http://dbpedia.org/resource/PlayStation_Network]"
"268","1","http://dbpedia.org/resource/Naughty_Dog"
"147","0","http://dbpedia.org/resource/Xbox_360"
"147","1","http://dbpedia.org/resource/Turn_10_Studios"
"269","0","http://dbpedia.org/resource/PlayStation_(console)"
"269","1","http://dbpedia.org/resource/Insomniac_Games"
"148","0","[http://dbpedia.org/resource/Microsoft_Windows, http://dbpedia.org/resource/Xbox_(console)]"
"148","1","[http://dbpedia.org/resource/Microsoft_Studios, http://dbpedia.org/resource/Pi_Studios, http://dbpedia.org/resource/Bungie]"
"149","0","[http://dbpedia.org/resource/Microsoft_Windows, http://dbpedia.org/resource/OS_X, http://dbpedia.org/resource/Xbox_(console), http://dbpedia.org/resource/Xbox_360]"
"149","1","[http://dbpedia.org/resource/MacSoft_Games, http://dbpedia.org/resource/Gearbox_Software, http://dbpedia.org/resource/Bungie]"
"41","0","[http://dbpedia.org/resource/Microsoft_Windows, http://dbpedia.org/resource/PlayStation_(console)]"
"41","1","http://dbpedia.org/resource/Midway_Studios_%E2%80%93_Newcastle"
"42","0","[http://dbpedia.org/resource/PlayStation_3, http://dbpedia.org/resource/GameCube, http://dbpedia.org/resource/PlayStation_Portable, http://dbpedia.org/resource/Xbox_360, http://dbpedia.org/resource/PlayStation_2]"
"42","1","http://dbpedia.org/resource/Dimps"
"43","0","[http://dbpedia.org/resource/PlayStation_3, http://dbpedia.org/resource/GameCube, http://dbpedia.org/resource/PlayStation_Portable, http://dbpedia.org/resource/Xbox_360, http://dbpedia.org/resource/PlayStation_2]"
"43","1","http://dbpedia.org/resource/Dimps"
"44","0","[http://dbpedia.org/resource/PlayStation_3, http://dbpedia.org/resource/GameCube, http://dbpedia.org/resource/PlayStation_Portable, http://dbpedia.org/resource/Xbox_360, http://dbpedia.org/resource/PlayStation_2]"
"44","1","http://dbpedia.org/resource/Dimps"
"45","0","[http://dbpedia.org/resource/Microsoft_Windows, http://dbpedia.org/resource/GameCube, http://dbpedia.org/resource/Xbox_(console), http://dbpedia.org/resource/PlayStation_2]"
"45","1","http://dbpedia.org/resource/Shiny_Entertainment"
"46","0","http://dbpedia.org/resource/Game_Boy_Advance"
"46","1","http://dbpedia.org/resource/Webfoot_Technologies"
"48","0","[http://dbpedia.org/resource/Microsoft_Windows, http://dbpedia.org/resource/Xbox_(console)]"
"48","1","http://dbpedia.org/resource/Bethesda_Game_Studios"
"270","0","[http://dbpedia.org/resource/Microsoft_Windows, http://dbpedia.org/resource/PlayStation_(console)]"
"270","1","http://dbpedia.org/resource/Square_Enix"
"271","0","[http://dbpedia.org/resource/PlayStation_(console), http://dbpedia.org/resource/PlayStation_Network]"
"271","1","http://dbpedia.org/resource/Naughty_Dog"
"151","0","http://dbpedia.org/resource/Xbox_(console)"
"151","1","http://dbpedia.org/resource/Bizarre_Creations"
"272","0","[http://dbpedia.org/resource/Microsoft_Windows, http://dbpedia.org/resource/PlayStation_(console), http://dbpedia.org/resource/PlayStation_Network]"
"272","1","[http://dbpedia.org/resource/989_Studios, http://dbpedia.org/resource/SingleTrac]"
"152","0","[http://dbpedia.org/resource/Microsoft_Windows, http://dbpedia.org/resource/Xbox_360]"
"152","1","[http://dbpedia.org/resource/Epic_Games, http://dbpedia.org/resource/Epic_Games_Poland]"
"273","0","http://dbpedia.org/resource/PlayStation_(console)"
"273","1","http://dbpedia.org/resource/Insomniac_Games"
"274","0","[http://dbpedia.org/resource/PlayStation_(console), http://dbpedia.org/resource/Android_(operating_system)]"
"274","1","http://dbpedia.org/resource/SCE_Bend_Studio"
"275","0","[http://dbpedia.org/resource/Game_Boy_Color, http://dbpedia.org/resource/Microsoft_Windows, http://dbpedia.org/resource/Nintendo_64, http://dbpedia.org/resource/PlayStation_(console)]"
"275","1","[http://dbpedia.org/resource/Tiertex_Design_Studios, http://dbpedia.org/resource/Traveller's_Tales]"
"154","0","[http://dbpedia.org/resource/Game_com, http://dbpedia.org/resource/Microsoft_Windows, http://dbpedia.org/resource/Nintendo_64, http://dbpedia.org/resource/PlayStation_(console), http://dbpedia.org/resource/Sega_Saturn, http://dbpedia.org/resource/MS-DOS, http://dbpedia.org/resource/R-Zone]"
"154","1","[http://dbpedia.org/resource/Midway_Games, http://dbpedia.org/resource/Avalanche_Software, http://dbpedia.org/resource/Point_of_View,_Inc.]"
"276","0","http://dbpedia.org/resource/PlayStation_(console)"
"276","1","http://dbpedia.org/resource/Insomniac_Games"
"155","0","[http://dbpedia.org/resource/Game_Boy_Advance, http://dbpedia.org/resource/GameCube, http://dbpedia.org/resource/Xbox_(console), http://dbpedia.org/resource/PlayStation_2]"
"155","1","http://dbpedia.org/resource/Midway_Games"
"156","0","[http://dbpedia.org/resource/Dreamcast, http://dbpedia.org/resource/Nintendo_64, http://dbpedia.org/resource/PlayStation_(console), http://dbpedia.org/resource/PlayStation_3, http://dbpedia.org/resource/Arcade_game, http://dbpedia.org/resource/Xbox_360]"
"156","1","http://dbpedia.org/resource/Midway_Games"
"157","0","[http://dbpedia.org/resource/Game_Boy_Advance, http://dbpedia.org/resource/Microsoft_Windows, http://dbpedia.org/resource/OS_X, http://dbpedia.org/resource/GameCube, http://dbpedia.org/resource/Xbox_(console), http://dbpedia.org/resource/PlayStation_2]"
"157","1","[http://dbpedia.org/resource/Midway_Games, http://dbpedia.org/resource/Sidhe_(game_developer), http://dbpedia.org/resource/Paradigm_Entertainment, http://dbpedia.org/resource/Point_of_View,_Inc.]"
"278","0","[http://dbpedia.org/resource/PlayStation_(console), http://dbpedia.org/resource/PlayStation_Network]"
"278","1","http://dbpedia.org/resource/Idol_Minds"
"279","0","[http://dbpedia.org/resource/PlayStation_(console), http://dbpedia.org/resource/PlayStation_Network]"
"279","1","http://dbpedia.org/resource/UEP_Systems"
"159","0","[http://dbpedia.org/resource/PlayStation_(console), http://dbpedia.org/resource/Arcade_game, http://dbpedia.org/resource/PlayStation_2]"
"159","1","http://dbpedia.org/resource/Namco"
"50","0","[http://dbpedia.org/resource/Microsoft_Windows, http://dbpedia.org/resource/PlayStation_(console), http://dbpedia.org/resource/Sega_Saturn, http://dbpedia.org/resource/Nintendo_DS, http://dbpedia.org/resource/PlayStation_Network]"
"51","0","[http://dbpedia.org/resource/Dreamcast, http://dbpedia.org/resource/Game_com, http://dbpedia.org/resource/Microsoft_Windows, http://dbpedia.org/resource/Nintendo_64, http://dbpedia.org/resource/PlayStation_(console), http://dbpedia.org/resource/GameCube, http://dbpedia.org/resource/PlayStation_Network]"
"52","0","[http://dbpedia.org/resource/Dreamcast, http://dbpedia.org/resource/Microsoft_Windows, http://dbpedia.org/resource/PlayStation_(console), http://dbpedia.org/resource/GameCube, http://dbpedia.org/resource/PlayStation_Network]"
"54","0","[http://dbpedia.org/resource/Dreamcast, http://dbpedia.org/resource/PlayStation_3, http://dbpedia.org/resource/GameCube, http://dbpedia.org/resource/Xbox_360, http://dbpedia.org/resource/PlayStation_2]"
"54","1","[http://dbpedia.org/resource/Sega, http://dbpedia.org/resource/Nex_Entertainment]"
"55","0","[http://dbpedia.org/resource/Microsoft_Windows, http://dbpedia.org/resource/PlayStation_3, http://dbpedia.org/resource/Wii, http://dbpedia.org/resource/GameCube, http://dbpedia.org/resource/IOS, http://dbpedia.org/resource/Zeebo, http://dbpedia.org/resource/Xbox_360, http://dbpedia.org/resource/Mobile_game, http://dbpedia.org/resource/PlayStation_2]"
"55","1","http://dbpedia.org/resource/Capcom"
"58","0","[http://dbpedia.org/resource/Microsoft_Windows, http://dbpedia.org/resource/PlayStation_(console), http://dbpedia.org/resource/Mac_OS]"
"58","1","[http://dbpedia.org/resource/Core_Design, http://dbpedia.org/resource/MacSoft_Games]"
"59","0","[http://dbpedia.org/resource/Microsoft_Windows, http://dbpedia.org/resource/PlayStation_(console), http://dbpedia.org/resource/Mac_OS]"
"59","1","http://dbpedia.org/resource/Core_Design"
"280","0","http://dbpedia.org/resource/PlayStation_(console)"
"280","1","http://dbpedia.org/resource/SCE_Bend_Studio"
"160","0","[http://dbpedia.org/resource/Dreamcast, http://dbpedia.org/resource/Game_Boy_Advance, http://dbpedia.org/resource/Microsoft_Windows, http://dbpedia.org/resource/Nintendo_64, http://dbpedia.org/resource/PlayStation_(console), http://dbpedia.org/resource/PlayStation_3, http://dbpedia.org/resource/Nintendo_DS, http://dbpedia.org/resource/GameCube, http://dbpedia.org/resource/Xbox_(console), http://dbpedia.org/resource/Xbox_360, http://dbpedia.org/resource/PlayStation_2, http://dbpedia.org/resource/Wii_U]"
"160","1","[http://dbpedia.org/resource/Namco, http://dbpedia.org/resource/M2_(game_developer), http://dbpedia.org/resource/Tose_Co.,_Ltd., http://dbpedia.org/resource/Mass_Media_Inc., http://dbpedia.org/resource/Bandai_Namco_Games, http://dbpedia.org/resource/Now_Production]"
"281","0","[http://dbpedia.org/resource/PlayStation_(console), http://dbpedia.org/resource/PlayStation_Network]"
"281","1","http://dbpedia.org/resource/SingleTrac"
"161","0","[http://dbpedia.org/resource/PlayStation_(console), http://dbpedia.org/resource/Verizon_Wireless, http://dbpedia.org/resource/Arcade_game, http://dbpedia.org/resource/PlayStation_Network, http://dbpedia.org/resource/Zeebo, http://dbpedia.org/resource/PlayStation_2]"
"161","1","http://dbpedia.org/resource/Namco"
"282","0","http://dbpedia.org/resource/PlayStation"
"282","1","http://dbpedia.org/resource/989_Studios"
"283","0","http://dbpedia.org/resource/PlayStation"
"283","1","http://dbpedia.org/resource/989_Studios"
"162","0","[http://dbpedia.org/resource/Dreamcast, http://dbpedia.org/resource/Game_Boy_Advance, http://dbpedia.org/resource/Microsoft_Windows, http://dbpedia.org/resource/Nintendo_64, http://dbpedia.org/resource/PlayStation_(console), http://dbpedia.org/resource/PlayStation_3, http://dbpedia.org/resource/Nintendo_DS, http://dbpedia.org/resource/GameCube, http://dbpedia.org/resource/Xbox_(console), http://dbpedia.org/resource/Xbox_360, http://dbpedia.org/resource/PlayStation_2, http://dbpedia.org/resource/Wii_U]"
"162","1","[http://dbpedia.org/resource/Namco, http://dbpedia.org/resource/M2_(game_developer), http://dbpedia.org/resource/Tose_Co.,_Ltd., http://dbpedia.org/resource/Mass_Media_Inc., http://dbpedia.org/resource/Bandai_Namco_Games, http://dbpedia.org/resource/Now_Production]"
"163","0","[http://dbpedia.org/resource/Game_Boy_Advance, http://dbpedia.org/resource/Microsoft_Windows, http://dbpedia.org/resource/Nintendo_64, http://dbpedia.org/resource/PlayStation_(console)]"
"163","1","[http://dbpedia.org/resource/Namco, http://dbpedia.org/resource/Full_Fat]"
"285","0","[http://dbpedia.org/resource/Microsoft_Windows, http://dbpedia.org/resource/PlayStation_(console), http://dbpedia.org/resource/PlayStation_Network]"
"285","1","http://dbpedia.org/resource/SingleTrac"
"164","0","[http://dbpedia.org/resource/Dreamcast, http://dbpedia.org/resource/Game_Boy_Advance, http://dbpedia.org/resource/Microsoft_Windows, http://dbpedia.org/resource/Nintendo_64, http://dbpedia.org/resource/PlayStation_(console), http://dbpedia.org/resource/PlayStation_3, http://dbpedia.org/resource/Nintendo_DS, http://dbpedia.org/resource/GameCube, http://dbpedia.org/resource/Xbox_(console), http://dbpedia.org/resource/Xbox_360, http://dbpedia.org/resource/PlayStation_2, http://dbpedia.org/resource/Wii_U]"
"164","1","[http://dbpedia.org/resource/Namco, http://dbpedia.org/resource/M2_(game_developer), http://dbpedia.org/resource/Tose_Co.,_Ltd., http://dbpedia.org/resource/Mass_Media_Inc., http://dbpedia.org/resource/Bandai_Namco_Games, http://dbpedia.org/resource/Now_Production]"
"165","0","[http://dbpedia.org/resource/Game_Boy_Advance, http://dbpedia.org/resource/Wii_U]"
"165","1","http://dbpedia.org/resource/Mass_Media_Inc."
"286","0","[http://dbpedia.org/resource/PlayStation_(console), http://dbpedia.org/resource/PlayStation_Network]"
"286","1","http://dbpedia.org/resource/Eurocom"
"166","0","[http://dbpedia.org/resource/Dreamcast, http://dbpedia.org/resource/Game_Boy_Advance, http://dbpedia.org/resource/Microsoft_Windows, http://dbpedia.org/resource/Nintendo_64, http://dbpedia.org/resource/PlayStation_(console), http://dbpedia.org/resource/PlayStation_3, http://dbpedia.org/resource/Nintendo_DS, http://dbpedia.org/resource/GameCube, http://dbpedia.org/resource/Xbox_(console), http://dbpedia.org/resource/Xbox_360, http://dbpedia.org/resource/PlayStation_2, http://dbpedia.org/resource/Wii_U]"
"166","1","[http://dbpedia.org/resource/Namco, http://dbpedia.org/resource/M2_(game_developer), http://dbpedia.org/resource/Tose_Co.,_Ltd., http://dbpedia.org/resource/Mass_Media_Inc., http://dbpedia.org/resource/Bandai_Namco_Games, http://dbpedia.org/resource/Now_Production]"
"167","0","[http://dbpedia.org/resource/PlayStation_3, http://dbpedia.org/resource/Arcade_game, http://dbpedia.org/resource/PlayStation_2]"
"167","1","http://dbpedia.org/resource/Namco"
"288","0","[http://dbpedia.org/resource/PlayStation_(console), http://dbpedia.org/resource/PlayStation_Network]"
"288","1","http://dbpedia.org/resource/989_Studios"
"289","0","http://dbpedia.org/resource/PlayStation_2"
"289","1","http://dbpedia.org/resource/Polyphony_Digital"
"168","0","[http://dbpedia.org/resource/Dreamcast, http://dbpedia.org/resource/Game_Boy_Advance, http://dbpedia.org/resource/Microsoft_Windows, http://dbpedia.org/resource/Nintendo_64, http://dbpedia.org/resource/PlayStation_(console), http://dbpedia.org/resource/PlayStation_3, http://dbpedia.org/resource/Nintendo_DS, http://dbpedia.org/resource/GameCube, http://dbpedia.org/resource/Xbox_(console), http://dbpedia.org/resource/Xbox_360, http://dbpedia.org/resource/PlayStation_2, http://dbpedia.org/resource/Wii_U]"
"168","1","[http://dbpedia.org/resource/Namco, http://dbpedia.org/resource/M2_(game_developer), http://dbpedia.org/resource/Tose_Co.,_Ltd., http://dbpedia.org/resource/Mass_Media_Inc., http://dbpedia.org/resource/Bandai_Namco_Games, http://dbpedia.org/resource/Now_Production]"
"169","0","[http://dbpedia.org/resource/Arcade_game, http://dbpedia.org/resource/PlayStation_2]"
"169","1","http://dbpedia.org/resource/Namco"
"60","0","[http://dbpedia.org/resource/Dreamcast, http://dbpedia.org/resource/Microsoft_Windows, http://dbpedia.org/resource/PlayStation_(console), http://dbpedia.org/resource/Mac_OS]"
"60","1","http://dbpedia.org/resource/Core_Design"
"61","0","[http://dbpedia.org/resource/Microsoft_Windows, http://dbpedia.org/resource/PlayStation_3, http://dbpedia.org/resource/GameCube, http://dbpedia.org/resource/Xbox_(console), http://dbpedia.org/resource/Xbox_360, http://dbpedia.org/resource/PlayStation_2]"
"61","1","http://dbpedia.org/resource/IO_Interactive"
"63","0","http://dbpedia.org/resource/Game_Boy"
"63","1","http://dbpedia.org/resource/Saffire_(video_game_developer)"
"64","0","[http://dbpedia.org/resource/Microsoft_Windows, http://dbpedia.org/resource/PlayStation_(console)]"
"64","1","[http://dbpedia.org/resource/EA_Canada, http://dbpedia.org/resource/Electronic_Arts]"
"65","0","http://dbpedia.org/resource/PlayStation_(console)"
"65","1","http://dbpedia.org/resource/Black_Ops_Entertainment"
"66","0","[http://dbpedia.org/resource/Microsoft_Windows, http://dbpedia.org/resource/Nintendo_64, http://dbpedia.org/resource/PlayStation_(console)]"
"66","1","http://dbpedia.org/resource/EA_Tiburon"
"67","0","[http://dbpedia.org/resource/Game_Boy_Color, http://dbpedia.org/resource/Microsoft_Windows, http://dbpedia.org/resource/Nintendo_64, http://dbpedia.org/resource/PlayStation_(console), http://dbpedia.org/resource/Macintosh]"
"67","1","http://dbpedia.org/resource/EA_Tiburon"
"69","0","[http://dbpedia.org/resource/Microsoft_Windows, http://dbpedia.org/resource/PlayStation_(console)]"
"69","1","[http://dbpedia.org/resource/EA_Canada, http://dbpedia.org/resource/Electronic_Arts]"
"290","0","http://dbpedia.org/resource/PlayStation_2"
"290","1","http://dbpedia.org/resource/Zipper_Interactive"
"291","0","http://dbpedia.org/resource/PlayStation_2"
"291","1","http://dbpedia.org/resource/Polyphony_Digital"
"170","0","http://dbpedia.org/resource/PlayStation_2"
"170","1","http://dbpedia.org/resource/Namco"
"171","0","[http://dbpedia.org/resource/Game_Boy_Advance, http://dbpedia.org/resource/Microsoft_Windows, http://dbpedia.org/resource/GameCube, http://dbpedia.org/resource/Xbox_(console), http://dbpedia.org/resource/PlayStation_2]"
"171","1","[http://dbpedia.org/resource/Namco, http://dbpedia.org/resource/Full_Fat]"
"292","0","http://dbpedia.org/resource/PlayStation_2"
"292","1","[http://dbpedia.org/resource/Zipper_Interactive, http://dbpedia.org/resource/United_States_Navy]"
"293","0","http://dbpedia.org/resource/PlayStation_2"
"293","1","http://dbpedia.org/resource/THQ"
"172","0","[http://dbpedia.org/resource/PlayStation_3, http://dbpedia.org/resource/Arcade_game, http://dbpedia.org/resource/GameCube, http://dbpedia.org/resource/Xbox_(console), http://dbpedia.org/resource/Xbox_360, http://dbpedia.org/resource/PlayStation_2]"
"172","1","http://dbpedia.org/resource/Soul_(series)"
"294","0","[http://dbpedia.org/resource/PlayStation_3, http://dbpedia.org/resource/PlayStation_Vita, http://dbpedia.org/resource/PlayStation_2]"
"294","1","[http://dbpedia.org/resource/Mass_Media_Inc., http://dbpedia.org/resource/Naughty_Dog]"
"295","0","http://dbpedia.org/resource/PlayStation_2"
"295","1","http://dbpedia.org/resource/THQ"
"174","0","[http://dbpedia.org/resource/Game_Boy_Advance, http://dbpedia.org/resource/Game_Boy_Color, http://dbpedia.org/resource/Super_Nintendo_Entertainment_System, http://dbpedia.org/resource/Virtual_Console]"
"174","1","http://dbpedia.org/resource/Rare_Ltd."
"296","0","[http://dbpedia.org/resource/PlayStation_3, http://dbpedia.org/resource/PlayStation_Vita, http://dbpedia.org/resource/PlayStation_2]"
"296","1","http://dbpedia.org/resource/SCE_Santa_Monica_Studio"
"175","0","[http://dbpedia.org/resource/Game_Boy_Advance, http://dbpedia.org/resource/Super_Nintendo_Entertainment_System, http://dbpedia.org/resource/Virtual_Console]"
"175","1","http://dbpedia.org/resource/Rare_Ltd."
"297","0","[http://dbpedia.org/resource/PlayStation_3, http://dbpedia.org/resource/PlayStation_Vita, http://dbpedia.org/resource/PlayStation_2]"
"297","1","http://dbpedia.org/resource/SCE_Santa_Monica_Studio"
"298","0","[http://dbpedia.org/resource/PlayStation_3, http://dbpedia.org/resource/PlayStation_Vita, http://dbpedia.org/resource/PlayStation_2]"
"298","1","[http://dbpedia.org/resource/Mass_Media_Inc., http://dbpedia.org/resource/Naughty_Dog]"
"177","0","[http://dbpedia.org/resource/Game_Boy_Advance, http://dbpedia.org/resource/Super_Nintendo_Entertainment_System, http://dbpedia.org/resource/Virtual_Console]"
"177","1","http://dbpedia.org/resource/Rare_Ltd."
"178","0","[http://dbpedia.org/resource/Nintendo_64, http://dbpedia.org/resource/Virtual_Console, http://dbpedia.org/resource/IQue_Player]"
"178","1","http://dbpedia.org/resource/Nintendo_Entertainment_Analysis_&_Development"
"299","0","[http://dbpedia.org/resource/PlayStation_3, http://dbpedia.org/resource/PlayStation_2]"
"299","1","[http://dbpedia.org/resource/Insomniac_Games, http://dbpedia.org/resource/Idol_Minds]"
"179","0","http://dbpedia.org/resource/Nintendo_64"
"179","1","http://dbpedia.org/resource/Rare_Ltd."
"70","0","[http://dbpedia.org/resource/PlayStation_(console), http://dbpedia.org/resource/Sega_Saturn]"
"70","1","http://dbpedia.org/resource/EA_Sports"
"71","0","[http://dbpedia.org/resource/Microsoft_Windows, http://dbpedia.org/resource/PlayStation_(console), http://dbpedia.org/resource/Sega_Saturn, http://dbpedia.org/resource/Super_Nintendo_Entertainment_System, http://dbpedia.org/resource/Sega_Genesis]"
"71","1","[http://dbpedia.org/resource/EA_Sports, http://dbpedia.org/resource/Realtime_Associates, http://dbpedia.org/resource/NuFX]"
"72","0","[http://dbpedia.org/resource/Nintendo_64, http://dbpedia.org/resource/PlayStation_(console)]"
"72","1","[http://dbpedia.org/resource/EA_Sports, http://dbpedia.org/resource/Stormfront_Studios]"
"73","0","[http://dbpedia.org/resource/Game_Boy_Advance, http://dbpedia.org/resource/Game_Boy_Color, http://dbpedia.org/resource/Microsoft_Windows, http://dbpedia.org/resource/OS_X, http://dbpedia.org/resource/PlayStation_(console), http://dbpedia.org/resource/GameCube, http://dbpedia.org/resource/Xbox_(console), http://dbpedia.org/resource/PlayStation_2]"
"73","1","[http://dbpedia.org/resource/Warthog_Games, http://dbpedia.org/resource/Griptonite_Games, http://dbpedia.org/resource/KnowWonder, http://dbpedia.org/resource/Argonaut_Games, http://dbpedia.org/resource/Eurocom, http://dbpedia.org/resource/Aspyr]"
"74","0","[http://dbpedia.org/resource/Microsoft_Windows, http://dbpedia.org/resource/PlayStation_(console), http://dbpedia.org/resource/Sega_Saturn, http://dbpedia.org/resource/Super_Nintendo_Entertainment_System, http://dbpedia.org/resource/Sega_Genesis]"
"74","1","http://dbpedia.org/resource/EA_Tiburon"
"75","0","[http://dbpedia.org/resource/Microsoft_Windows, http://dbpedia.org/resource/Nintendo_64, http://dbpedia.org/resource/PlayStation]"
"75","1","http://dbpedia.org/resource/EA_Sports"
"76","0","[http://dbpedia.org/resource/Microsoft_Windows, http://dbpedia.org/resource/OS_X, http://dbpedia.org/resource/PlayStation_3, http://dbpedia.org/resource/Wii, http://dbpedia.org/resource/Nintendo_DS, http://dbpedia.org/resource/GameCube, http://dbpedia.org/resource/Xbox_(console), http://dbpedia.org/resource/PlayStation_Portable, http://dbpedia.org/resource/Xbox_360, http://dbpedia.org/resource/PlayStation_2]"
"76","1","[http://dbpedia.org/resource/Exient_Entertainment, http://dbpedia.org/resource/EA_Tiburon]"
"77","0","[http://dbpedia.org/resource/Game_Boy_Advance, http://dbpedia.org/resource/Microsoft_Windows, http://dbpedia.org/resource/Nintendo_DS, http://dbpedia.org/resource/GameCube, http://dbpedia.org/resource/Xbox_(console), http://dbpedia.org/resource/PlayStation_Portable, http://dbpedia.org/resource/Xbox_360, http://dbpedia.org/resource/Mobile_game, http://dbpedia.org/resource/Windows_Mobile, http://dbpedia.org/resource/PlayStation_2]"
"77","1","[http://dbpedia.org/resource/Exient_Entertainment, http://dbpedia.org/resource/EA_Tiburon, http://dbpedia.org/resource/Budcat_Creations]"
"78","0","[http://dbpedia.org/resource/Game_Boy_Advance, http://dbpedia.org/resource/Microsoft_Windows, http://dbpedia.org/resource/PlayStation_(console), http://dbpedia.org/resource/Tapwave_Zodiac, http://dbpedia.org/resource/Nintendo_DS, http://dbpedia.org/resource/GameCube, http://dbpedia.org/resource/Xbox_(console), http://dbpedia.org/resource/PlayStation_2]"
"78","1","[http://dbpedia.org/resource/EA_Tiburon, http://dbpedia.org/resource/Budcat_Creations]"
"79","0","[http://dbpedia.org/resource/Game_Boy_Advance, http://dbpedia.org/resource/Microsoft_Windows, http://dbpedia.org/resource/PlayStation_(console), http://dbpedia.org/resource/GameCube, http://dbpedia.org/resource/Xbox_(console), http://dbpedia.org/resource/PlayStation_2]"
"79","1","[http://dbpedia.org/resource/EA_Tiburon, http://dbpedia.org/resource/Budcat_Creations]"
"180","0","[http://dbpedia.org/resource/Nintendo_64, http://dbpedia.org/resource/Virtual_Console, http://dbpedia.org/resource/IQue_Player]"
"180","1","http://dbpedia.org/resource/Nintendo_Entertainment_Analysis_&_Development"
"181","0","[http://dbpedia.org/resource/Nintendo_64, http://dbpedia.org/resource/Virtual_Console, http://dbpedia.org/resource/GameCube, http://dbpedia.org/resource/IQue_Player]"
"181","1","http://dbpedia.org/resource/Nintendo_Entertainment_Analysis_&_Development"
"182","0","http://dbpedia.org/resource/Nintendo_64"
"182","1","http://dbpedia.org/resource/Rare_Ltd."
"183","0","http://dbpedia.org/resource/Nintendo_64"
"183","1","[http://dbpedia.org/resource/HAL_Laboratory, http://dbpedia.org/resource/Nintendo_Entertainment_Analysis_&_Development]"
"184","0","http://dbpedia.org/resource/Nintendo_64"
"184","1","[http://dbpedia.org/resource/HAL_Laboratory, http://dbpedia.org/resource/Nintendo_Entertainment_Analysis_&_Development]"
"185","0","[http://dbpedia.org/resource/Nintendo_64, http://dbpedia.org/resource/Virtual_Console, http://dbpedia.org/resource/IQue_Player]"
"185","1","http://dbpedia.org/resource/HAL_Laboratory"
"187","0","[http://dbpedia.org/resource/Nintendo_64, http://dbpedia.org/resource/Virtual_Console, http://dbpedia.org/resource/IQue_Player]"
"187","1","http://dbpedia.org/resource/Nintendo_Entertainment_Analysis_&_Development"
"188","0","[http://dbpedia.org/resource/Nintendo_64, http://dbpedia.org/resource/Virtual_Console]"
"188","1","[http://dbpedia.org/resource/HAL_Laboratory, http://dbpedia.org/resource/Pax_Softnica]"
"189","0","[http://dbpedia.org/resource/Microsoft_Windows, http://dbpedia.org/resource/Nintendo_64]"
"189","1","http://dbpedia.org/resource/LucasArts"
"80","0","[http://dbpedia.org/resource/Game_Boy_Advance, http://dbpedia.org/resource/Microsoft_Windows, http://dbpedia.org/resource/Nintendo_DS, http://dbpedia.org/resource/GameCube, http://dbpedia.org/resource/Xbox_(console), http://dbpedia.org/resource/PlayStation_Portable, http://dbpedia.org/resource/Xbox_360, http://dbpedia.org/resource/Mobile_game, http://dbpedia.org/resource/Windows_Mobile, http://dbpedia.org/resource/PlayStation_2]"
"80","1","[http://dbpedia.org/resource/Exient_Entertainment, http://dbpedia.org/resource/EA_Tiburon, http://dbpedia.org/resource/Budcat_Creations]"
"81","0","[http://dbpedia.org/resource/Game_Boy_Advance, http://dbpedia.org/resource/Microsoft_Windows, http://dbpedia.org/resource/PlayStation_(console), http://dbpedia.org/resource/GameCube, http://dbpedia.org/resource/Xbox_(console), http://dbpedia.org/resource/PlayStation_2]"
"81","1","[http://dbpedia.org/resource/EA_Tiburon, http://dbpedia.org/resource/Budcat_Creations]"
"82","0","[http://dbpedia.org/resource/Game_Boy_Advance, http://dbpedia.org/resource/Microsoft_Windows, http://dbpedia.org/resource/Xbox, http://dbpedia.org/resource/GameCube, http://dbpedia.org/resource/PlayStation_2]"
"82","1","http://dbpedia.org/resource/EA_Black_Box"
"83","0","[http://dbpedia.org/resource/GameCube, http://dbpedia.org/resource/PlayStation_Network, http://dbpedia.org/resource/Xbox_(console), http://dbpedia.org/resource/PlayStation_2]"
"83","1","http://dbpedia.org/resource/EA_Los_Angeles"
"84","0","[http://dbpedia.org/resource/Game_Boy_Advance, http://dbpedia.org/resource/Microsoft_Windows, http://dbpedia.org/resource/PlayStation_3, http://dbpedia.org/resource/Wii, http://dbpedia.org/resource/Nintendo_DS, http://dbpedia.org/resource/GameCube, http://dbpedia.org/resource/Xbox_(console), http://dbpedia.org/resource/PlayStation_Portable, http://dbpedia.org/resource/Xbox_360, http://dbpedia.org/resource/PlayStation_2]"
"84","1","[http://dbpedia.org/resource/HB_Studios, http://dbpedia.org/resource/EA_Canada, http://dbpedia.org/resource/Exient_Entertainment, http://dbpedia.org/resource/EA_Tiburon]"
"85","0","[http://dbpedia.org/resource/Game_Boy_Advance, http://dbpedia.org/resource/Game_Boy_Color, http://dbpedia.org/resource/Microsoft_Windows, http://dbpedia.org/resource/Nintendo_64, http://dbpedia.org/resource/PlayStation_(console), http://dbpedia.org/resource/GameCube, http://dbpedia.org/resource/Xbox_(console), http://dbpedia.org/resource/PlayStation_2]"
"85","1","[http://dbpedia.org/resource/EA_Tiburon, http://dbpedia.org/resource/Budcat_Creations]"
"86","0","[http://dbpedia.org/resource/GameCube, http://dbpedia.org/resource/PlayStation_2]"
"86","1","http://dbpedia.org/resource/EA_Canada"
"87","0","[http://dbpedia.org/resource/Game_Boy_Advance, http://dbpedia.org/resource/GameCube, http://dbpedia.org/resource/Xbox_(console), http://dbpedia.org/resource/PlayStation_2]"
"87","1","[http://dbpedia.org/resource/Stormfront_Studios, http://dbpedia.org/resource/Hypnos_Entertainment]"
"88","0","[http://dbpedia.org/resource/Game_Boy_Advance, http://dbpedia.org/resource/Microsoft_Windows, http://dbpedia.org/resource/Nintendo_DS, http://dbpedia.org/resource/GameCube, http://dbpedia.org/resource/Xbox_(console), http://dbpedia.org/resource/PlayStation_Portable, http://dbpedia.org/resource/PlayStation_2]"
"88","1","[http://dbpedia.org/resource/EA_Canada, http://dbpedia.org/resource/Pocketeers]"
"89","0","[http://dbpedia.org/resource/Microsoft_Windows, http://dbpedia.org/resource/Xbox_(console), http://dbpedia.org/resource/PlayStation_2]"
"89","1","http://dbpedia.org/resource/EA_Canada"
"190","0","[http://dbpedia.org/resource/Nintendo_64, http://dbpedia.org/resource/Virtual_Console, http://dbpedia.org/resource/IQue_Player]"
"190","1","http://dbpedia.org/resource/Nintendo_Entertainment_Analysis_&_Development"
"191","0","[http://dbpedia.org/resource/Nintendo_64, http://dbpedia.org/resource/Xbox_360]"
"191","1","[http://dbpedia.org/resource/Rare_Ltd., http://dbpedia.org/resource/4J_Studios]"
"192","0","[http://dbpedia.org/resource/Nintendo_64, http://dbpedia.org/resource/Wii, http://dbpedia.org/resource/GameCube]"
"192","1","http://dbpedia.org/resource/Nintendo_Entertainment_Analysis_&_Development"
"193","0","[http://dbpedia.org/resource/Nintendo_64, http://dbpedia.org/resource/Virtual_Console, http://dbpedia.org/resource/Arcade_game]"
"193","1","[http://dbpedia.org/resource/Midway_Games, http://dbpedia.org/resource/WMS_Industries]"
"194","0","http://dbpedia.org/resource/Nintendo_64"
"194","1","http://dbpedia.org/resource/Rare_Ltd."
"195","0","[http://dbpedia.org/resource/Nintendo_64, http://dbpedia.org/resource/Wii, http://dbpedia.org/resource/IQue_Player]"
"195","1","http://dbpedia.org/resource/Nintendo_Entertainment_Analysis_&_Development"
"196","0","[http://dbpedia.org/resource/Nintendo_64, http://dbpedia.org/resource/Virtual_Console]"
"196","1","http://dbpedia.org/resource/Hudson_Soft"
"197","0","[http://dbpedia.org/resource/Nintendo_64, http://dbpedia.org/resource/Virtual_Console]"
"197","1","http://dbpedia.org/resource/Nintendo_Entertainment_Analysis_&_Development"
"199","0","[http://dbpedia.org/resource/Game_Boy_Color, http://dbpedia.org/resource/Game_Boy]"
"199","1","http://dbpedia.org/resource/Game_Freak"
"90","0","[http://dbpedia.org/resource/GameCube, http://dbpedia.org/resource/Xbox_(console), http://dbpedia.org/resource/PlayStation_2]"
"90","1","http://dbpedia.org/resource/EA_Los_Angeles"
"91","0","[http://dbpedia.org/resource/Game_Boy_Advance, http://dbpedia.org/resource/GameCube, http://dbpedia.org/resource/Xbox_(console), http://dbpedia.org/resource/PlayStation_2]"
"91","1","[http://dbpedia.org/resource/Radical_Entertainment, http://dbpedia.org/resource/Altron, http://dbpedia.org/resource/Fox_Interactive]"
"92","0","[http://dbpedia.org/resource/Microsoft_Windows, http://dbpedia.org/resource/GameCube, http://dbpedia.org/resource/Xbox_(console), http://dbpedia.org/resource/PlayStation_2]"
"92","1","[http://dbpedia.org/resource/Radical_Entertainment, http://dbpedia.org/resource/Fox_Interactive, http://dbpedia.org/resource/Gracie_Films]"
"93","0","[http://dbpedia.org/resource/GameCube, http://dbpedia.org/resource/Xbox_(console), http://dbpedia.org/resource/PlayStation_2]"
"93","1","[http://dbpedia.org/resource/Electronic_Arts, http://dbpedia.org/resource/Visceral_Games]"
"95","0","[http://dbpedia.org/resource/Microsoft_Windows, http://dbpedia.org/resource/GameCube, http://dbpedia.org/resource/Xbox_(console), http://dbpedia.org/resource/PlayStation_Portable, http://dbpedia.org/resource/Xbox_360, http://dbpedia.org/resource/Mobile_game, http://dbpedia.org/resource/PlayStation_2]"
"95","1","http://dbpedia.org/resource/EA_Canada"
"96","0","[http://dbpedia.org/resource/Game_Boy_Color, http://dbpedia.org/resource/Microsoft_Windows, http://dbpedia.org/resource/Nintendo_64, http://dbpedia.org/resource/PlayStation_(console), http://dbpedia.org/resource/PlayStation_2]"
"96","1","[http://dbpedia.org/resource/EA_Tiburon, http://dbpedia.org/resource/3d6_Games]"
"97","0","[http://dbpedia.org/resource/Microsoft_Windows, http://dbpedia.org/resource/GameCube, http://dbpedia.org/resource/Xbox_(console), http://dbpedia.org/resource/PlayStation_2]"
"97","1","http://dbpedia.org/resource/EA_Sports"
"98","0","[http://dbpedia.org/resource/GameCube, http://dbpedia.org/resource/Xbox_(console), http://dbpedia.org/resource/PlayStation_2]"
"98","1","http://dbpedia.org/resource/EA_Canada"
"99","0","[http://dbpedia.org/resource/Microsoft_Windows, http://dbpedia.org/resource/GameCube, http://dbpedia.org/resource/Xbox_(console), http://dbpedia.org/resource/PlayStation_2]"
"99","1","[http://dbpedia.org/resource/Electronic_Arts, http://dbpedia.org/resource/EA_Black_Box]"
"300","0","[http://dbpedia.org/resource/PlayStation_3, http://dbpedia.org/resource/PlayStation_2]"
"300","1","[http://dbpedia.org/resource/Insomniac_Games, http://dbpedia.org/resource/Idol_Minds]"
"301","0","[http://dbpedia.org/resource/PlayStation_3, http://dbpedia.org/resource/PlayStation_Vita, http://dbpedia.org/resource/PlayStation_2]"
"301","1","[http://dbpedia.org/resource/Mass_Media_Inc., http://dbpedia.org/resource/Naughty_Dog]"
"302","0","[http://dbpedia.org/resource/PlayStation_3, http://dbpedia.org/resource/PlayStation_2]"
"302","1","[http://dbpedia.org/resource/Insomniac_Games, http://dbpedia.org/resource/Idol_Minds]"
"303","0","http://dbpedia.org/resource/PlayStation_2"
"303","1","http://dbpedia.org/resource/Team_Soho"
"304","0","[http://dbpedia.org/resource/PlayStation_Network, http://dbpedia.org/resource/PlayStation_2]"
"304","1","http://dbpedia.org/resource/Incognito_Entertainment"
"305","0","http://dbpedia.org/resource/PlayStation_3"
"305","1","http://dbpedia.org/resource/Evolution_Studios"
"306","0","http://dbpedia.org/resource/PlayStation_3"
"306","1","http://dbpedia.org/resource/Insomniac_Games"
"307","0","[http://dbpedia.org/resource/PlayStation_Mobile, http://dbpedia.org/resource/PlayStation_Portable]"
"307","1","http://dbpedia.org/resource/Ready_at_Dawn"
"309","0","[http://dbpedia.org/resource/Microsoft_Windows, http://dbpedia.org/resource/PlayStation_(console)]"
"309","1","http://dbpedia.org/resource/Square_Enix"
"310","0","[http://dbpedia.org/resource/Microsoft_Windows, http://dbpedia.org/resource/PlayStation_(console)]"
"310","1","http://dbpedia.org/resource/Square_Enix"
"311","0","http://dbpedia.org/resource/PlayStation_(console)"
"311","1","http://dbpedia.org/resource/Square_(company)"
"312","0","[http://dbpedia.org/resource/PlayStation_3, http://dbpedia.org/resource/PlayStation_Vita, http://dbpedia.org/resource/PlayStation_2]"
"312","1","[http://dbpedia.org/resource/Square_(company), http://dbpedia.org/resource/Square_Enix, http://dbpedia.org/resource/Virtuos]"
"314","0","[http://dbpedia.org/resource/PlayStation_3, http://dbpedia.org/resource/PlayStation_Vita, http://dbpedia.org/resource/PlayStation_2]"
"314","1","http://dbpedia.org/resource/Square_Enix"
"315","0","[http://dbpedia.org/resource/PlayStation_3, http://dbpedia.org/resource/PlayStation_2]"
"315","1","http://dbpedia.org/resource/Square_Enix"
"316","0","http://dbpedia.org/resource/PlayStation_2"
"316","1","http://dbpedia.org/resource/Square_Enix"
"317","0","[http://dbpedia.org/resource/Game_Boy_Advance, http://dbpedia.org/resource/PlayStation_3, http://dbpedia.org/resource/PlayStation_2]"
"317","1","[http://dbpedia.org/resource/Jupiter_(company), http://dbpedia.org/resource/Square_Enix]"
"320","0","[http://dbpedia.org/resource/Dreamcast, http://dbpedia.org/resource/Game_Boy_Color, http://dbpedia.org/resource/Microsoft_Windows, http://dbpedia.org/resource/PlayStation_(console)]"
"320","1","http://dbpedia.org/resource/Rockstar_North"
"321","0","[http://dbpedia.org/resource/Microsoft_Windows, http://dbpedia.org/resource/OS_X, http://dbpedia.org/resource/PlayStation_3, http://dbpedia.org/resource/IOS, http://dbpedia.org/resource/Xbox_(console), http://dbpedia.org/resource/Xbox_360, http://dbpedia.org/resource/Windows_Phone, http://dbpedia.org/resource/Android_(operating_system), http://dbpedia.org/resource/Amazon_Kindle, http://dbpedia.org/resource/PlayStation_2]"
"321","1","http://dbpedia.org/resource/Rockstar_North"
"200","0","http://dbpedia.org/resource/Game_Boy"
"200","1","http://dbpedia.org/resource/Game_Freak"
"322","0","[http://dbpedia.org/resource/Microsoft_Windows, http://dbpedia.org/resource/OS_X, http://dbpedia.org/resource/PlayStation_3, http://dbpedia.org/resource/IOS, http://dbpedia.org/resource/Xbox_(console), http://dbpedia.org/resource/Android_(operating_system), http://dbpedia.org/resource/PlayStation_2]"
"322","1","http://dbpedia.org/resource/Rockstar_North"
"201","0","http://dbpedia.org/resource/Game_Boy"
"201","1","http://dbpedia.org/resource/Game_Freak"
"323","0","[http://dbpedia.org/resource/Microsoft_Windows, http://dbpedia.org/resource/OS_X, http://dbpedia.org/resource/PlayStation_3, http://dbpedia.org/resource/IOS, http://dbpedia.org/resource/Xbox_(console), http://dbpedia.org/resource/Android_(operating_system), http://dbpedia.org/resource/PlayStation_2]"
"323","1","http://dbpedia.org/resource/Rockstar_North"
"202","0","[http://dbpedia.org/resource/Game_Boy_Color, http://dbpedia.org/resource/Game_Boy]"
"202","1","http://dbpedia.org/resource/Game_Freak"
"324","0","[http://dbpedia.org/resource/Game_Boy_Advance, http://dbpedia.org/resource/Microsoft_Windows, http://dbpedia.org/resource/IOS, http://dbpedia.org/resource/Xbox_(console), http://dbpedia.org/resource/Mac_OS, http://dbpedia.org/resource/Android_(operating_system), http://dbpedia.org/resource/PlayStation_2]"
"324","1","[http://dbpedia.org/resource/MacSoft_Games, http://dbpedia.org/resource/Rockstar_Games, http://dbpedia.org/resource/Rockstar_Leeds, http://dbpedia.org/resource/Rockstar_Toronto, http://dbpedia.org/resource/Remedy_Entertainment, http://dbpedia.org/resource/Rockstar_Vienna]"
"203","0","[http://dbpedia.org/resource/Game_Boy_Color, http://dbpedia.org/resource/Game_Boy]"
"203","1","http://dbpedia.org/resource/Game_Freak"
"325","0","[http://dbpedia.org/resource/Game_Boy_Advance, http://dbpedia.org/resource/PlayStation_2]"
"325","1","[http://dbpedia.org/resource/Rebellion_Developments, http://dbpedia.org/resource/Rockstar_San_Diego]"
"205","0","[http://dbpedia.org/resource/Game_Boy_Color, http://dbpedia.org/resource/Game_Boy]"
"205","1","http://dbpedia.org/resource/Game_Freak"
"326","0","[http://dbpedia.org/resource/Microsoft_Windows, http://dbpedia.org/resource/Xbox_(console), http://dbpedia.org/resource/PlayStation_2]"
"326","1","http://dbpedia.org/resource/Rockstar_San_Diego"
"327","0","[http://dbpedia.org/resource/Xbox_(console), http://dbpedia.org/resource/PlayStation_Portable, http://dbpedia.org/resource/PlayStation_2]"
"327","1","[http://dbpedia.org/resource/Rockstar_Leeds, http://dbpedia.org/resource/Rockstar_San_Diego]"
"207","0","[http://dbpedia.org/resource/Game_Boy_Advance, http://dbpedia.org/resource/Super_Nintendo_Entertainment_System, http://dbpedia.org/resource/Virtual_Console]"
"207","1","http://dbpedia.org/resource/Nintendo_Entertainment_Analysis_&_Development"
"328","0","[http://dbpedia.org/resource/PlayStation_3, http://dbpedia.org/resource/PlayStation_Portable, http://dbpedia.org/resource/PlayStation_2]"
"328","1","[http://dbpedia.org/resource/Rockstar_North, http://dbpedia.org/resource/Rockstar_Leeds]"
"209","0","http://dbpedia.org/resource/Game_Boy_Advance"
"209","1","http://dbpedia.org/resource/Game_Freak"
"330","0","[http://dbpedia.org/resource/Microsoft_Windows, http://dbpedia.org/resource/OS_X, http://dbpedia.org/resource/PlayStation_3, http://dbpedia.org/resource/IOS, http://dbpedia.org/resource/Xbox_(console), http://dbpedia.org/resource/Xbox_360, http://dbpedia.org/resource/Windows_Phone, http://dbpedia.org/resource/Android_(operating_system), http://dbpedia.org/resource/Amazon_Kindle, http://dbpedia.org/resource/PlayStation_2]"
"330","1","http://dbpedia.org/resource/Rockstar_North"
"331","0","[http://dbpedia.org/resource/PlayStation_3, http://dbpedia.org/resource/PlayStation_Portable, http://dbpedia.org/resource/PlayStation_2]"
"331","1","[http://dbpedia.org/resource/Rockstar_North, http://dbpedia.org/resource/Rockstar_Leeds]"
"210","0","http://dbpedia.org/resource/Game_Boy_Advance"
"210","1","http://dbpedia.org/resource/Game_Freak"
"211","0","http://dbpedia.org/resource/Game_Boy_Advance"
"211","1","http://dbpedia.org/resource/Nintendo_Entertainment_Analysis_&_Development"
"332","0","[http://dbpedia.org/resource/Xbox_(console), http://dbpedia.org/resource/PlayStation_2]"
"332","1","http://dbpedia.org/resource/Visual_Concepts"
"212","0","http://dbpedia.org/resource/Game_Boy_Advance"
"212","1","http://dbpedia.org/resource/Game_Freak"
"334","0","http://dbpedia.org/resource/Xbox_(console)"
"334","1","http://dbpedia.org/resource/Team_Ninja"
"213","0","http://dbpedia.org/resource/Game_Boy_Advance"
"213","1","http://dbpedia.org/resource/Game_Freak"
"214","0","[http://dbpedia.org/resource/Game_Boy_Advance, http://dbpedia.org/resource/Nintendo_eShop]"
"214","1","http://dbpedia.org/resource/Intelligent_Systems"
"215","0","http://dbpedia.org/resource/Game_Boy_Advance"
"215","1","http://dbpedia.org/resource/Game_Freak"
"337","0","http://dbpedia.org/resource/Nintendo_64"
"337","1","[http://dbpedia.org/resource/Asmik_Ace_Entertainment, http://dbpedia.org/resource/Syn_Sophia]"
"216","0","[http://dbpedia.org/resource/Game_Boy_Advance, http://dbpedia.org/resource/List_of_DSiWare_games_and_applications]"
"216","1","[http://dbpedia.org/resource/Capcom, http://dbpedia.org/resource/Nintendo, http://dbpedia.org/resource/Grezzo]"
"218","0","[http://dbpedia.org/resource/Game_Boy_Advance, http://dbpedia.org/resource/Wii_U]"
"218","1","[http://dbpedia.org/resource/AlphaDream_Corporation, http://dbpedia.org/resource/Vanpool_(company)]"
"219","0","[http://dbpedia.org/resource/Game_Boy_Advance, http://dbpedia.org/resource/Virtual_Console]"
"219","1","http://dbpedia.org/resource/Nintendo_Research_&_Development_1"
"340","0","http://dbpedia.org/resource/PlayStation_(console)"
"340","1","http://dbpedia.org/resource/Yuke's"
"341","0","http://dbpedia.org/resource/PlayStation_(console)"
"341","1","http://dbpedia.org/resource/N-Space"
"100","0","[http://dbpedia.org/resource/Game_Boy_Advance, http://dbpedia.org/resource/Microsoft_Windows, http://dbpedia.org/resource/GameCube, http://dbpedia.org/resource/Xbox_(console), http://dbpedia.org/resource/Macintosh, http://dbpedia.org/resource/PlayStation_2]"
"100","1","[http://dbpedia.org/resource/JV_Games, http://dbpedia.org/resource/Xbox_(console), http://dbpedia.org/resource/TransGaming, http://dbpedia.org/resource/Eurocom, http://dbpedia.org/resource/Gearbox_Software]"
"221","0","[http://dbpedia.org/resource/Game_Boy_Advance, http://dbpedia.org/resource/Game_Boy_Color, http://dbpedia.org/resource/Super_Nintendo_Entertainment_System, http://dbpedia.org/resource/Virtual_Console]"
"221","1","http://dbpedia.org/resource/Rare_Ltd."
"343","0","[http://dbpedia.org/resource/Nintendo_64, http://dbpedia.org/resource/PlayStation_(console), http://dbpedia.org/resource/Personal_computer]"
"343","1","http://dbpedia.org/resource/Inland_Productions"
"101","0","[http://dbpedia.org/resource/Xbox_(console), http://dbpedia.org/resource/PlayStation_Portable, http://dbpedia.org/resource/Xbox_360, http://dbpedia.org/resource/PlayStation_2]"
"101","1","http://dbpedia.org/resource/EA_Tiburon"
"222","0","http://dbpedia.org/resource/GameCube"
"222","1","http://dbpedia.org/resource/HAL_Laboratory"
"102","0","[http://dbpedia.org/resource/Xbox_(console), http://dbpedia.org/resource/PlayStation_2]"
"102","1","http://dbpedia.org/resource/EA_Tiburon"
"223","0","http://dbpedia.org/resource/GameCube"
"223","1","http://dbpedia.org/resource/Nintendo_Entertainment_Analysis_&_Development"
"344","0","[http://dbpedia.org/resource/Game_Boy_Advance, http://dbpedia.org/resource/PlayStation_(console)]"
"344","1","http://dbpedia.org/resource/Climax_Group"
"103","0","[http://dbpedia.org/resource/N-Gage_(device), http://dbpedia.org/resource/GameCube, http://dbpedia.org/resource/Xbox_(console), http://dbpedia.org/resource/PlayStation_2]"
"103","1","[http://dbpedia.org/resource/Exient_Entertainment, http://dbpedia.org/resource/EA_Tiburon]"
"224","0","http://dbpedia.org/resource/GameCube"
"224","1","http://dbpedia.org/resource/Nintendo_Entertainment_Analysis_&_Development"
"345","0","http://dbpedia.org/resource/PlayStation_2"
"345","1","http://dbpedia.org/resource/Yuke's"
"104","0","[http://dbpedia.org/resource/Game_Boy_Advance, http://dbpedia.org/resource/Microsoft_Windows, http://dbpedia.org/resource/OS_X, http://dbpedia.org/resource/GameCube, http://dbpedia.org/resource/Xbox_(console), http://dbpedia.org/resource/PlayStation_2]"
"104","1","http://dbpedia.org/resource/Visceral_Games"
"225","0","http://dbpedia.org/resource/GameCube"
"225","1","http://dbpedia.org/resource/Nintendo_Entertainment_Analysis_&_Development"
"346","0","http://dbpedia.org/resource/PlayStation_2"
"346","1","http://dbpedia.org/resource/Yuke's"
"226","0","http://dbpedia.org/resource/GameCube"
"226","1","http://dbpedia.org/resource/Nintendo_Entertainment_Analysis_&_Development"
"347","0","[http://dbpedia.org/resource/PlayStation_Portable, http://dbpedia.org/resource/PlayStation_2]"
"347","1","http://dbpedia.org/resource/Yuke's"
"106","0","[http://dbpedia.org/resource/Microsoft_Windows, http://dbpedia.org/resource/PlayStation_(console), http://dbpedia.org/resource/PlayStation_3, http://dbpedia.org/resource/Sega_CD, http://dbpedia.org/resource/Super_Nintendo_Entertainment_System, http://dbpedia.org/resource/Wii, http://dbpedia.org/resource/Sega_Genesis, http://dbpedia.org/resource/GameCube, http://dbpedia.org/resource/IOS, http://dbpedia.org/resource/Xbox_(console), http://dbpedia.org/resource/PlayStation_Portable, http://dbpedia.org/resource/Xbox_360, http://dbpedia.org/resource/PlayStation_2]"
"106","1","[http://dbpedia.org/resource/EA_Sports, http://dbpedia.org/resource/Visual_Concepts, http://dbpedia.org/resource/EA_Canada, http://dbpedia.org/resource/EA_Tiburon, http://dbpedia.org/resource/High_Score_Productions]"
"348","1","http://dbpedia.org/resource/Yuke's"
"107","0","[http://dbpedia.org/resource/Microsoft_Windows, http://dbpedia.org/resource/PlayStation_(console), http://dbpedia.org/resource/GameCube, http://dbpedia.org/resource/Xbox_(console), http://dbpedia.org/resource/PlayStation_2]"
"107","1","http://dbpedia.org/resource/EA_Canada"
"349","0","[http://dbpedia.org/resource/PlayStation_3, http://dbpedia.org/resource/Wii, http://dbpedia.org/resource/Nintendo_DS, http://dbpedia.org/resource/PlayStation_Portable, http://dbpedia.org/resource/Xbox_360, http://dbpedia.org/resource/Mobile_game, http://dbpedia.org/resource/PlayStation_2]"
"349","1","[http://dbpedia.org/resource/Amaze_Entertainment, http://dbpedia.org/resource/Yuke's]"
"228","0","[http://dbpedia.org/resource/Wii, http://dbpedia.org/resource/GameCube]"
"228","1","[http://dbpedia.org/resource/Nintendo, http://dbpedia.org/resource/Retro_Studios]"
"108","0","[http://dbpedia.org/resource/Microsoft_Windows, http://dbpedia.org/resource/GameCube, http://dbpedia.org/resource/Xbox_(console), http://dbpedia.org/resource/PlayStation_2]"
"108","1","http://dbpedia.org/resource/EA_Canada"
"229","0","http://dbpedia.org/resource/GameCube"
"229","1","http://dbpedia.org/resource/Genius_Sonority"
