"44","1","http://dbpedia.org/resource/Montreal"
"22","0","http://dbpedia.org/resource/London,_Ontario"
"45","0","http://dbpedia.org/resource/Montreal"
"23","0","http://dbpedia.org/resource/London,_Ontario"
"24","0","http://dbpedia.org/resource/Toronto"
"25","0","http://dbpedia.org/resource/Toronto"
"48","0","http://dbpedia.org/resource/Quebec_City"
"26","0","http://dbpedia.org/resource/Toronto"
"27","0","http://dbpedia.org/resource/Toronto"
"49","0","http://dbpedia.org/resource/Moncton"
"28","0","http://dbpedia.org/resource/Toronto"
"29","0","http://dbpedia.org/resource/London"
"29","1","http://dbpedia.org/resource/Bloomsbury"
"50","0","http://dbpedia.org/resource/Halifax,_Nova_Scotia"
"51","0","http://dbpedia.org/resource/Halifax,_Nova_Scotia"
"30","0","http://dbpedia.org/resource/Kingston,_Ontario"
"53","1","http://dbpedia.org/resource/St._John's,_Newfoundland_and_Labrador"
"11","0","http://dbpedia.org/resource/Calgary"
"12","0","http://dbpedia.org/resource/Calgary"
"13","0","http://dbpedia.org/resource/Calgary"
"36","0","http://dbpedia.org/resource/Ottawa"
"14","0","http://dbpedia.org/resource/Calgary"
"15","0","http://dbpedia.org/resource/Edmonton"
"16","0","http://dbpedia.org/resource/Edmonton"
"39","0","http://dbpedia.org/resource/Ottawa"
"17","0","http://dbpedia.org/resource/Saskatoon"
"1","1","http://dbpedia.org/resource/Vancouver"
"2","1","http://dbpedia.org/resource/Richmond,_British_Columbia"
"7","0","http://dbpedia.org/resource/Victoria,_British_Columbia"
"8","1","http://dbpedia.org/resource/Victoria,_British_Columbia"
"42","0","http://dbpedia.org/resource/Montreal"
"42","1","http://dbpedia.org/resource/Rosemont%E2%80%93La_Petite-Patrie"
"21","1","http://dbpedia.org/resource/London,_Ontario"
"43","0","http://dbpedia.org/resource/Montreal"
