"88","3","http://dbpedia.org/resource/Akira_Kurosawa"
"89","3","http://dbpedia.org/resource/Alfred_Hitchcock"
"110","3","http://dbpedia.org/resource/Wes_Anderson"
"111","3","http://dbpedia.org/resource/Jean_Renoir"
"112","3","http://dbpedia.org/resource/Tom_Tykwer"
"113","3","http://dbpedia.org/resource/Wes_Anderson"
"90","3","http://dbpedia.org/resource/Alfred_Hitchcock"
"91","3","http://dbpedia.org/resource/Nicholas_Ray"
"92","3","http://dbpedia.org/resource/Howard_Hawks"
"93","3","[http://dbpedia.org/resource/Michael_Powell, http://dbpedia.org/resource/Emeric_Pressburger]"
"94","3","http://dbpedia.org/resource/James_Ivory_(director)"
"95","3","http://dbpedia.org/resource/Roman_Polanski"
"96","3","http://dbpedia.org/resource/Darren_Aronofsky"
"97","3","http://dbpedia.org/resource/Quentin_Tarantino"
"98","3","http://dbpedia.org/resource/Richard_Marquand"
"10","3","http://dbpedia.org/resource/Woody_Allen"
"99","3","http://dbpedia.org/resource/Philip_Kaufman"
"11","3","http://dbpedia.org/resource/Robert_Stevenson_(director)"
"13","3","http://dbpedia.org/resource/Robert_Altman"
"14","3","http://dbpedia.org/resource/Martin_Scorsese"
"15","3","http://dbpedia.org/resource/Christopher_Nolan"
"16","3","http://dbpedia.org/resource/Barry_Sonnenfeld"
"17","3","http://dbpedia.org/resource/Fritz_Lang"
"18","3","http://dbpedia.org/resource/John_Schlesinger"
"19","3","http://dbpedia.org/resource/Coen_brothers"
"1","3","http://dbpedia.org/resource/Fritz_Lang"
"2","3","http://dbpedia.org/resource/Robert_Altman"
"3","3","http://dbpedia.org/resource/Orson_Welles"
"4","3","http://dbpedia.org/resource/John_Sturges"
"5","3","http://dbpedia.org/resource/Paul_Thomas_Anderson"
"6","3","http://dbpedia.org/resource/Spike_Lee"
"7","3","http://dbpedia.org/resource/John_Huston"
"8","3","http://dbpedia.org/resource/John_Ford"
"9","3","http://dbpedia.org/resource/John_Frankenheimer"
"20","3","http://dbpedia.org/resource/Steven_Spielberg"
"21","3","http://dbpedia.org/resource/Andrei_Tarkovsky"
"22","3","http://dbpedia.org/resource/Rob_Reiner"
"23","3","http://dbpedia.org/resource/Charlie_Chaplin"
"24","3","http://dbpedia.org/resource/Pete_Docter"
"25","3","[http://dbpedia.org/resource/Terry_Gilliam, http://dbpedia.org/resource/Terry_Jones]"
"26","3","http://dbpedia.org/resource/Baz_Luhrmann"
"27","3","http://dbpedia.org/resource/Frank_Capra"
"28","3","http://dbpedia.org/resource/David_Lynch"
"29","3","http://dbpedia.org/resource/Frank_Lloyd"
"30","3","http://dbpedia.org/resource/George_Cukor"
"31","3","http://dbpedia.org/resource/Clint_Eastwood"
"32","3","http://dbpedia.org/resource/Robert_Altman"
"33","3","http://dbpedia.org/resource/Oliver_Stone"
"34","3","http://dbpedia.org/resource/Barry_Levinson"
"35","3","http://dbpedia.org/resource/Sidney_Lumet"
"36","3","http://dbpedia.org/resource/Sam_Wood"
"37","3","http://dbpedia.org/resource/Charles_Laughton"
"38","3","http://dbpedia.org/resource/George_A._Romero"
"39","3","http://dbpedia.org/resource/Henry_Selick"
"40","3","http://dbpedia.org/resource/Federico_Fellini"
"41","3","http://dbpedia.org/resource/Alfred_Hitchcock"
"42","3","http://dbpedia.org/resource/F._W._Murnau"
"43","3","http://dbpedia.org/resource/Alfred_Hitchcock"
"44","3","http://dbpedia.org/resource/Coen_brothers"
"45","3","http://dbpedia.org/resource/Mike_Judge"
"46","3","http://dbpedia.org/resource/Elia_Kazan"
"47","3","http://dbpedia.org/resource/Sergio_Leone"
"48","3","http://dbpedia.org/resource/Sergio_Leone"
"49","3","http://dbpedia.org/resource/Milo%C5%A1_Forman"
"50","3","http://dbpedia.org/resource/Robert_Redford"
"51","3","http://dbpedia.org/resource/Alejandro_Amen%C3%A1bar"
"52","3","http://dbpedia.org/resource/Jacques_Tourneur"
"53","3","http://dbpedia.org/resource/Clint_Eastwood"
"54","3","http://dbpedia.org/resource/Carl_Theodor_Dreyer"
"55","3","http://dbpedia.org/resource/Satyajit_Ray"
"56","3","http://dbpedia.org/resource/Stanley_Kubrick"
"57","3","http://dbpedia.org/resource/Franklin_J._Schaffner"
"58","3","http://dbpedia.org/resource/Michael_Powell"
"59","3","http://dbpedia.org/resource/Ingmar_Bergman"
"60","3","http://dbpedia.org/resource/Jonathan_Demme"
"61","3","http://dbpedia.org/resource/George_Cukor"
"62","3","http://dbpedia.org/resource/Darren_Aronofsky"
"63","3","http://dbpedia.org/resource/Roman_Polanski"
"64","3","http://dbpedia.org/resource/Jane_Campion"
"65","3","[http://dbpedia.org/resource/Ben_Sharpsteen, http://dbpedia.org/resource/Norm_Ferguson_(animator), http://dbpedia.org/resource/Wilfred_Jackson, http://dbpedia.org/resource/Hamilton_Luske, http://dbpedia.org/resource/Jack_Kinney, http://dbpedia.org/resource/T._Hee]"
"66","3","http://dbpedia.org/resource/Gore_Verbinski"
"67","3","http://dbpedia.org/resource/John_Hughes_(filmmaker)"
"68","3","http://dbpedia.org/resource/Franklin_J._Schaffner"
"69","3","http://dbpedia.org/resource/Oliver_Stone"
"70","3","http://dbpedia.org/resource/Robert_Altman"
"71","3","http://dbpedia.org/resource/Gary_Ross"
"72","3","http://dbpedia.org/resource/John_McTiernan"
"73","3","http://dbpedia.org/resource/Rob_Reiner"
"74","3","http://dbpedia.org/resource/Hayao_Miyazaki"
"75","3","http://dbpedia.org/resource/Mel_Brooks"
"76","3","http://dbpedia.org/resource/Luc_Besson"
"77","3","http://dbpedia.org/resource/Alfred_Hitchcock"
"78","3","http://dbpedia.org/resource/Quentin_Tarantino"
"79","3","http://dbpedia.org/resource/Paul_Thomas_Anderson"
"100","3","http://dbpedia.org/resource/Howard_Hawks"
"101","3","http://dbpedia.org/resource/Sam_Mendes"
"102","3","http://dbpedia.org/resource/George_Miller_(filmmaker)"
"103","3","http://dbpedia.org/resource/Paul_Verhoeven"
"104","3","http://dbpedia.org/resource/Michael_Bay"
"105","3","http://dbpedia.org/resource/John_G._Avildsen"
"106","3","http://dbpedia.org/resource/Jim_Sharman"
"107","3","http://dbpedia.org/resource/William_Wyler"
"80","3","http://dbpedia.org/resource/John_Ford"
"81","3","http://dbpedia.org/resource/Robert_Redford"
"108","3","http://dbpedia.org/resource/Alfred_Hitchcock"
"82","3","http://dbpedia.org/resource/Martin_Scorsese"
"109","3","http://dbpedia.org/resource/Roman_Polanski"
"83","3","http://dbpedia.org/resource/Steven_Spielberg"
"84","3","http://dbpedia.org/resource/Barry_Levinson"
"85","3","http://dbpedia.org/resource/Zhang_Yimou"
"86","3","http://dbpedia.org/resource/Coen_brothers"
"87","3","http://dbpedia.org/resource/Akira_Kurosawa"
