"44","2","[http://dbpedia.org/resource/National_Capital_Region_(India), http://dbpedia.org/resource/Delhi]"
"45","2","http://dbpedia.org/resource/Melbourne"
"46","2","[http://dbpedia.org/resource/Paris, http://dbpedia.org/resource/France]"
"47","2","http://dbpedia.org/resource/Shanghai"
"48","2","http://dbpedia.org/resource/Mumbai"
"49","2","http://dbpedia.org/resource/Shenzhen"
"50","2","http://dbpedia.org/resource/Mexico_City"
"10","2","[http://dbpedia.org/resource/Denver, http://dbpedia.org/resource/Northern_Colorado, http://dbpedia.org/resource/Front_Range_Urban_Corridor]"
"11","2","[http://dbpedia.org/resource/Spain, http://dbpedia.org/resource/Madrid]"
"12","2","http://dbpedia.org/resource/New_York_City"
"13","2","http://dbpedia.org/resource/Hong_Kong"
"14","2","[http://dbpedia.org/resource/Amsterdam, http://dbpedia.org/resource/Netherlands]"
"15","2","[http://dbpedia.org/resource/United_Arab_Emirates, http://dbpedia.org/resource/Dubai]"
"16","2","http://dbpedia.org/resource/Bangkok"
"17","2","http://dbpedia.org/resource/Las_Vegas"
"19","2","http://dbpedia.org/resource/Phoenix_metropolitan_area"
"1","2","[http://dbpedia.org/resource/Atlanta, http://dbpedia.org/resource/Georgia_(U.S._state)]"
"2","2","[http://dbpedia.org/resource/London, http://dbpedia.org/resource/United_Kingdom]"
"3","2","http://dbpedia.org/resource/Beijing"
"4","2","[http://dbpedia.org/resource/Chicago, http://dbpedia.org/resource/Illinois, http://dbpedia.org/resource/United_States]"
"6","2","[http://dbpedia.org/resource/Paris, http://dbpedia.org/resource/France]"
"7","2","http://dbpedia.org/resource/Greater_Los_Angeles_Area"
"9","2","[http://dbpedia.org/resource/Frankfurt, http://dbpedia.org/resource/Germany]"
"20","2","http://dbpedia.org/resource/San_Francisco"
"21","2","http://dbpedia.org/resource/Singapore"
"22","2","http://dbpedia.org/resource/Jabodetabek"
"23","2","[http://dbpedia.org/resource/China, http://dbpedia.org/resource/Guangzhou]"
"24","2","http://dbpedia.org/resource/Charlotte_metropolitan_area"
"25","2","http://dbpedia.org/resource/Miami_metropolitan_area"
"26","2","[http://dbpedia.org/resource/Italy, http://dbpedia.org/resource/Rome]"
"27","2","[http://dbpedia.org/resource/Orlando,_Florida, http://dbpedia.org/resource/Florida, http://dbpedia.org/resource/United_States]"
"28","2","http://dbpedia.org/resource/Sydney"
"29","2","http://dbpedia.org/resource/New_York_metropolitan_area"
"30","2","[http://dbpedia.org/resource/Germany, http://dbpedia.org/resource/Munich]"
"31","2","[http://dbpedia.org/resource/London, http://dbpedia.org/resource/United_Kingdom]"
"32","2","[http://dbpedia.org/resource/Saint_Paul,_Minnesota, http://dbpedia.org/resource/Minneapolis]"
"33","2","http://dbpedia.org/resource/Greater_Tokyo_Area"
"34","2","http://dbpedia.org/resource/Shanghai"
"35","2","http://dbpedia.org/resource/Detroit"
"36","2","[http://dbpedia.org/resource/Tacoma,_Washington, http://dbpedia.org/resource/Seattle, http://dbpedia.org/resource/Washington_(state), http://dbpedia.org/resource/United_States]"
"37","2","http://dbpedia.org/resource/Delaware_Valley"
"38","2","http://dbpedia.org/resource/Greater_Toronto_Area"
"39","2","[http://dbpedia.org/resource/Turkey, http://dbpedia.org/resource/Istanbul]"
"40","2","http://dbpedia.org/resource/Klang_Valley"
"41","2","http://dbpedia.org/resource/Seoul_Capital_Area"
"42","2","[http://dbpedia.org/resource/Barcelona, http://dbpedia.org/resource/Spain]"
"43","2","http://dbpedia.org/resource/Boston"
