"88","3","[http://dbpedia.org/resource/Busby_Berkeley, http://dbpedia.org/resource/Lloyd_Bacon]"
"89","3","http://dbpedia.org/resource/Edgar_Wright"
"90","3","http://dbpedia.org/resource/Jay_Roach"
"91","3","http://dbpedia.org/resource/W._S._Van_Dyke"
"92","3","http://dbpedia.org/resource/Peter_Yates"
"93","3","http://dbpedia.org/resource/Fran%C3%A7ois_Truffaut"
"94","3","http://dbpedia.org/resource/Farrelly_brothers"
"95","3","http://dbpedia.org/resource/Amy_Heckerling"
"96","3","http://dbpedia.org/resource/Luis_Bu%C3%B1uel"
"97","3","http://dbpedia.org/resource/Edward_F._Cline"
"10","3","http://dbpedia.org/resource/Charlie_Chaplin"
"99","3","http://dbpedia.org/resource/Tony_Richardson"
"11","3","http://dbpedia.org/resource/Frank_Capra"
"12","3","http://dbpedia.org/resource/Jean_Renoir"
"13","3","http://dbpedia.org/resource/Howard_Hawks"
"14","3","http://dbpedia.org/resource/Rob_Reiner"
"15","3","http://dbpedia.org/resource/Robert_Zemeckis"
"16","3","http://dbpedia.org/resource/Charlie_Chaplin"
"17","3","http://dbpedia.org/resource/Charlie_Chaplin"
"18","3","http://dbpedia.org/resource/George_Cukor"
"19","3","http://dbpedia.org/resource/Preston_Sturges"
"1","3","[http://dbpedia.org/resource/Gene_Kelly, http://dbpedia.org/resource/Stanley_Donen]"
"2","3","http://dbpedia.org/resource/Billy_Wilder"
"3","3","http://dbpedia.org/resource/Stanley_Kubrick"
"4","3","http://dbpedia.org/resource/Woody_Allen"
"5","3","http://dbpedia.org/resource/Mike_Nichols"
"6","3","[http://dbpedia.org/resource/Buster_Keaton, http://dbpedia.org/resource/Clyde_Bruckman]"
"7","3","http://dbpedia.org/resource/Howard_Hawks"
"8","3","http://dbpedia.org/resource/Leo_McCarey"
"9","3","http://dbpedia.org/resource/John_Lasseter"
"20","3","http://dbpedia.org/resource/Billy_Wilder"
"21","3","http://dbpedia.org/resource/Robert_Altman"
"22","3","http://dbpedia.org/resource/Harold_Ramis"
"23","3","http://dbpedia.org/resource/Rob_Reiner"
"24","3","[http://dbpedia.org/resource/Terry_Gilliam, http://dbpedia.org/resource/Terry_Jones]"
"25","3","http://dbpedia.org/resource/Federico_Fellini"
"26","3","http://dbpedia.org/resource/Woody_Allen"
"27","3","http://dbpedia.org/resource/Preston_Sturges"
"28","3","http://dbpedia.org/resource/Terry_Jones"
"29","3","http://dbpedia.org/resource/Richard_Lester"
"30","3","http://dbpedia.org/resource/Rob_Reiner"
"31","3","http://dbpedia.org/resource/Robert_Hamer"
"32","3","http://dbpedia.org/resource/Mark_Sandrich"
"33","3","http://dbpedia.org/resource/Coen_brothers"
"34","3","[http://dbpedia.org/resource/David_Zucker_(filmmaker), http://dbpedia.org/resource/Jerry_Zucker_(film_director), http://dbpedia.org/resource/Jim_Abrahams]"
"35","3","http://dbpedia.org/resource/Jean-Pierre_Jeunet"
"36","3","http://dbpedia.org/resource/Bruce_Robinson"
"37","3","http://dbpedia.org/resource/Mel_Brooks"
"38","3","http://dbpedia.org/resource/Giuseppe_Tornatore"
"39","3","http://dbpedia.org/resource/Sydney_Pollack"
"40","3","http://dbpedia.org/resource/George_Lucas"
"41","3","http://dbpedia.org/resource/Blake_Edwards"
"42","3","http://dbpedia.org/resource/Mel_Brooks"
"43","3","http://dbpedia.org/resource/Ernst_Lubitsch"
"44","3","http://dbpedia.org/resource/John_Madden_(director)"
"45","3","http://dbpedia.org/resource/Ernst_Lubitsch"
"46","3","http://dbpedia.org/resource/Robert_Stevenson_(director)"
"47","3","http://dbpedia.org/resource/Sam_Wood"
"48","3","http://dbpedia.org/resource/Hal_Ashby"
"49","3","http://dbpedia.org/resource/Mel_Brooks"
"50","3","[http://dbpedia.org/resource/Buster_Keaton, http://dbpedia.org/resource/Roscoe_Arbuckle]"
"51","3","http://dbpedia.org/resource/Mike_Newell_(director)"
"52","3","http://dbpedia.org/resource/John_Lasseter"
"54","3","http://dbpedia.org/resource/George_Roy_Hill"
"56","3","http://dbpedia.org/resource/Wes_Anderson"
"57","3","http://dbpedia.org/resource/John_Landis"
"58","3","http://dbpedia.org/resource/John_Hughes_(filmmaker)"
"59","3","http://dbpedia.org/resource/Garry_Marshall"
"61","3","http://dbpedia.org/resource/William_Wyler"
"62","3","http://dbpedia.org/resource/Jim_Sharman"
"63","3","http://dbpedia.org/resource/Cameron_Crowe"
"64","3","http://dbpedia.org/resource/Ernst_Lubitsch"
"65","3","http://dbpedia.org/resource/Jacques_Tati"
"66","3","http://dbpedia.org/resource/Luis_Bu%C3%B1uel"
"67","3","http://dbpedia.org/resource/Spike_Jonze"
"68","3","http://dbpedia.org/resource/Kevin_Smith"
"69","3","http://dbpedia.org/resource/James_L._Brooks"
"70","3","http://dbpedia.org/resource/Alexander_Mackendrick"
"71","3","[http://dbpedia.org/resource/John_Cleese, http://dbpedia.org/resource/Charles_Crichton]"
"72","3","http://dbpedia.org/resource/Ron_Shelton"
"73","3","http://dbpedia.org/resource/John_Hughes_(filmmaker)"
"74","3","http://dbpedia.org/resource/Woody_Allen"
"75","3","http://dbpedia.org/resource/George_Cukor"
"76","3","http://dbpedia.org/resource/Sam_Raimi"
"77","3","http://dbpedia.org/resource/Federico_Fellini"
"78","3","http://dbpedia.org/resource/Peter_Cattaneo"
"79","3","http://dbpedia.org/resource/Robert_Zemeckis"
"100","3","http://dbpedia.org/resource/Preston_Sturges"
"80","3","http://dbpedia.org/resource/Charlie_Chaplin"
"81","3","http://dbpedia.org/resource/Chris_Noonan"
"82","3","http://dbpedia.org/resource/Andrew_Stanton"
"83","3","http://dbpedia.org/resource/Alfred_Hitchcock"
"84","3","http://dbpedia.org/resource/Jacques_Tati"
"85","3","http://dbpedia.org/resource/Vincente_Minnelli"
"86","3","http://dbpedia.org/resource/Mike_Leigh"
"87","3","http://dbpedia.org/resource/George_Stevens"
