"230","1","http://dbpedia.org/resource/Charlotte_Amalie,_United_States_Virgin_Islands"
"231","1","http://dbpedia.org/resource/Mata-Utu"
"110","1","http://dbpedia.org/resource/Pyongyang"
"232","1","http://dbpedia.org/resource/El_Aai%C3%BAn"
"111","1","http://dbpedia.org/resource/Seoul"
"233","1","http://dbpedia.org/resource/Sana'a"
"234","1","http://dbpedia.org/resource/Lusaka"
"113","1","http://dbpedia.org/resource/Kuwait_City"
"235","1","http://dbpedia.org/resource/Harare"
"114","1","http://dbpedia.org/resource/Bishkek"
"115","1","http://dbpedia.org/resource/Vientiane"
"117","1","http://dbpedia.org/resource/Beirut"
"118","1","http://dbpedia.org/resource/Maseru"
"119","1","http://dbpedia.org/resource/Monrovia"
"10","1","http://dbpedia.org/resource/Yerevan"
"11","1","http://dbpedia.org/resource/Oranjestad,_Aruba"
"12","1","http://dbpedia.org/resource/Canberra"
"13","1","http://dbpedia.org/resource/Vienna"
"14","1","http://dbpedia.org/resource/Baku"
"15","1","http://dbpedia.org/resource/Nassau,_Bahamas"
"16","1","http://dbpedia.org/resource/Manama"
"17","1","http://dbpedia.org/resource/Dhaka"
"18","1","http://dbpedia.org/resource/Bridgetown"
"19","1","http://dbpedia.org/resource/Minsk"
"120","1","http://dbpedia.org/resource/Tripoli"
"1","1","http://dbpedia.org/resource/Kabul"
"123","1","http://dbpedia.org/resource/Luxembourg_(city)"
"2","1","http://dbpedia.org/resource/Tirana"
"3","1","http://dbpedia.org/resource/Algiers"
"124","1","http://dbpedia.org/resource/Skopje"
"4","1","http://dbpedia.org/resource/Pago_Pago"
"125","1","http://dbpedia.org/resource/Antananarivo"
"126","1","http://dbpedia.org/resource/Lilongwe"
"5","1","http://dbpedia.org/resource/Andorra_la_Vella"
"6","1","http://dbpedia.org/resource/Luanda"
"127","1","http://dbpedia.org/resource/Kuala_Lumpur"
"7","1","http://dbpedia.org/resource/The_Valley,_Anguilla"
"128","1","http://dbpedia.org/resource/Mal%C3%A9"
"8","1","http://dbpedia.org/resource/St._John's,_Antigua_and_Barbuda"
"129","1","http://dbpedia.org/resource/Bamako"
"9","1","http://dbpedia.org/resource/Buenos_Aires"
"20","1","http://dbpedia.org/resource/Brussels"
"21","1","http://dbpedia.org/resource/Belmopan"
"22","1","http://dbpedia.org/resource/Porto-Novo"
"23","1","http://dbpedia.org/resource/Hamilton,_Bermuda"
"24","1","http://dbpedia.org/resource/Thimphu"
"25","1","http://dbpedia.org/resource/Sucre"
"27","1","http://dbpedia.org/resource/Gaborone"
"28","1","http://dbpedia.org/resource/Bras%C3%ADlia"
"29","1","http://dbpedia.org/resource/Road_Town"
"130","1","http://dbpedia.org/resource/Valletta"
"132","1","http://dbpedia.org/resource/Majuro"
"133","1","http://dbpedia.org/resource/Nouakchott"
"134","1","http://dbpedia.org/resource/Port_Louis"
"136","1","http://dbpedia.org/resource/Mexico_City"
"137","1","http://dbpedia.org/resource/Palikir"
"138","1","http://dbpedia.org/resource/Chi%C8%99in%C4%83u"
"139","1","http://dbpedia.org/resource/Monaco-Ville"
"30","1","http://dbpedia.org/resource/Bandar_Seri_Begawan"
"31","1","http://dbpedia.org/resource/Sofia"
"32","1","http://dbpedia.org/resource/Ouagadougou"
"33","1","http://dbpedia.org/resource/Naypyidaw"
"34","1","http://dbpedia.org/resource/Bujumbura"
"35","1","http://dbpedia.org/resource/Phnom_Penh"
"36","1","http://dbpedia.org/resource/Yaound%C3%A9"
"37","1","http://dbpedia.org/resource/Ottawa"
"38","1","http://dbpedia.org/resource/Praia"
"39","1","http://dbpedia.org/resource/George_Town,_Cayman_Islands"
"140","1","http://dbpedia.org/resource/Ulan_Bator"
"141","1","http://dbpedia.org/resource/Podgorica"
"142","1","http://dbpedia.org/resource/Brades"
"143","1","http://dbpedia.org/resource/Rabat"
"144","1","http://dbpedia.org/resource/Maputo"
"145","1","http://dbpedia.org/resource/Windhoek"
"146","1","http://dbpedia.org/resource/Yaren_District"
"148","1","http://dbpedia.org/resource/Amsterdam"
"149","1","http://dbpedia.org/resource/Willemstad"
"40","1","http://dbpedia.org/resource/Bangui"
"41","1","http://dbpedia.org/resource/N'Djamena"
"42","1","http://dbpedia.org/resource/Santiago"
"43","1","http://dbpedia.org/resource/Beijing"
"46","1","http://dbpedia.org/resource/Flying_Fish_Cove"
"47","1","http://dbpedia.org/resource/West_Island,_Cocos_(Keeling)_Islands"
"48","1","http://dbpedia.org/resource/Bogot%C3%A1"
"49","1","http://dbpedia.org/resource/Moroni,_Comoros"
"150","1","http://dbpedia.org/resource/Noum%C3%A9a"
"151","1","http://dbpedia.org/resource/Wellington"
"152","1","http://dbpedia.org/resource/Managua"
"153","1","http://dbpedia.org/resource/Niamey"
"154","1","http://dbpedia.org/resource/Abuja"
"155","1","http://dbpedia.org/resource/Alofi"
"156","1","http://dbpedia.org/resource/Kingston,_Norfolk_Island"
"157","1","http://dbpedia.org/resource/Capitol_Hill,_Saipan"
"159","1","http://dbpedia.org/resource/Muscat,_Oman"
"50","1","http://dbpedia.org/resource/Kinshasa"
"51","1","http://dbpedia.org/resource/Brazzaville"
"52","1","http://dbpedia.org/resource/Avarua"
"53","1","http://dbpedia.org/resource/San_Jos%C3%A9,_Costa_Rica"
"54","1","http://dbpedia.org/resource/Yamoussoukro"
"56","1","http://dbpedia.org/resource/Havana"
"57","1","http://dbpedia.org/resource/Nicosia"
"58","1","http://dbpedia.org/resource/Prague"
"160","1","http://dbpedia.org/resource/Islamabad"
"161","1","[http://dbpedia.org/resource/Ngerulmud, http://dbpedia.org/resource/Melekeok]"
"163","1","http://dbpedia.org/resource/Panama_City"
"164","1","http://dbpedia.org/resource/Port_Moresby"
"165","1","http://dbpedia.org/resource/Asunci%C3%B3n"
"166","1","http://dbpedia.org/resource/Lima"
"167","1","http://dbpedia.org/resource/Manila"
"168","1","http://dbpedia.org/resource/Adamstown,_Pitcairn_Islands"
"60","1","http://dbpedia.org/resource/Djibouti_(city)"
"61","1","http://dbpedia.org/resource/Roseau"
"62","1","http://dbpedia.org/resource/Santo_Domingo"
"63","1","http://dbpedia.org/resource/Quito"
"64","1","http://dbpedia.org/resource/Cairo"
"64","1","http://dbpedia.org/resource/Cairo"
"65","1","http://dbpedia.org/resource/San_Salvador"
"66","1","http://dbpedia.org/resource/Malabo"
"67","1","http://dbpedia.org/resource/Asmara"
"68","1","http://dbpedia.org/resource/Tallinn"
"69","1","http://dbpedia.org/resource/Addis_Ababa"
"171","1","http://dbpedia.org/resource/San_Juan,_Puerto_Rico"
"172","1","http://dbpedia.org/resource/Doha"
"174","1","http://dbpedia.org/resource/Moscow"
"175","1","http://dbpedia.org/resource/Kigali"
"176","1","http://dbpedia.org/resource/Gustavia,_Saint_Barth%C3%A9lemy"
"177","1","http://dbpedia.org/resource/Jamestown,_Saint_Helena"
"178","1","http://dbpedia.org/resource/Basseterre"
"179","1","http://dbpedia.org/resource/Castries"
"70","1","http://dbpedia.org/resource/Stanley,_Falkland_Islands"
"72","1","http://dbpedia.org/resource/Suva"
"74","1","http://dbpedia.org/resource/Paris"
"75","1","http://dbpedia.org/resource/Papeete"
"76","1","http://dbpedia.org/resource/Libreville"
"77","1","http://dbpedia.org/resource/Banjul"
"78","1","http://dbpedia.org/resource/Tbilisi"
"79","1","http://dbpedia.org/resource/Berlin"
"180","1","http://dbpedia.org/resource/Philipsburg,_Sint_Maarten"
"181","1","http://dbpedia.org/resource/Saint-Pierre,_Saint_Pierre_and_Miquelon"
"182","1","http://dbpedia.org/resource/Kingstown"
"183","1","http://dbpedia.org/resource/Apia"
"184","1","http://dbpedia.org/resource/City_of_San_Marino"
"185","1","http://dbpedia.org/resource/S%C3%A3o_Tom%C3%A9"
"186","1","http://dbpedia.org/resource/Riyadh"
"187","1","http://dbpedia.org/resource/Dakar"
"188","1","http://dbpedia.org/resource/Belgrade"
"189","1","http://dbpedia.org/resource/Victoria,_Seychelles"
"80","1","http://dbpedia.org/resource/Accra"
"81","1","http://dbpedia.org/resource/Gibraltar_national_football_team"
"82","1","http://dbpedia.org/resource/Athens"
"84","1","http://dbpedia.org/resource/St._George's,_Grenada"
"85","1","http://dbpedia.org/resource/Hag%C3%A5t%C3%B1a,_Guam"
"86","1","http://dbpedia.org/resource/Guatemala_City"
"88","1","http://dbpedia.org/resource/Conakry"
"89","1","http://dbpedia.org/resource/Bissau"
"190","1","http://dbpedia.org/resource/Freetown"
"194","1","http://dbpedia.org/resource/Honiara"
"195","1","http://dbpedia.org/resource/Mogadishu"
"196","1","http://dbpedia.org/resource/Pretoria"
"197","1","http://dbpedia.org/resource/Madrid"
"199","1","http://dbpedia.org/resource/Khartoum"
"90","1","http://dbpedia.org/resource/Georgetown,_Guyana"
"91","1","http://dbpedia.org/resource/Port-au-Prince"
"93","1","http://dbpedia.org/resource/Tegucigalpa"
"94","1","http://dbpedia.org/resource/Budapest"
"95","1","http://dbpedia.org/resource/Reykjav%C3%ADk"
"96","1","http://dbpedia.org/resource/New_Delhi"
"97","1","http://dbpedia.org/resource/Jakarta"
"98","1","http://dbpedia.org/resource/Tehran"
"99","1","http://dbpedia.org/resource/Baghdad"
"200","1","http://dbpedia.org/resource/Paramaribo"
"201","1","http://dbpedia.org/resource/Longyearbyen"
"205","1","http://dbpedia.org/resource/Damascus"
"206","1","http://dbpedia.org/resource/Taipei"
"207","1","http://dbpedia.org/resource/Dushanbe"
"208","1","http://dbpedia.org/resource/Dodoma"
"209","1","http://dbpedia.org/resource/Bangkok"
"210","1","http://dbpedia.org/resource/Dili"
"211","1","http://dbpedia.org/resource/Lom%C3%A9"
"212","1","http://dbpedia.org/resource/Atafu"
"213","1","http://dbpedia.org/resource/Nuku%CA%BBalofa"
"215","1","http://dbpedia.org/resource/Tunis"
"216","1","http://dbpedia.org/resource/Ankara"
"217","1","http://dbpedia.org/resource/Ashgabat"
"218","1","http://dbpedia.org/resource/Cockburn_Town"
"219","1","http://dbpedia.org/resource/Funafuti"
"100","1","http://dbpedia.org/resource/Dublin"
"101","1","http://dbpedia.org/resource/Jerusalem"
"222","1","http://dbpedia.org/resource/Abu_Dhabi"
"102","1","http://dbpedia.org/resource/Rome"
"223","1","http://dbpedia.org/resource/London"
"103","1","http://dbpedia.org/resource/Kingston,_Jamaica"
"224","1","http://dbpedia.org/resource/Washington,_D.C."
"225","1","http://dbpedia.org/resource/Montevideo"
"104","1","http://dbpedia.org/resource/Tokyo"
"226","1","http://dbpedia.org/resource/Tashkent"
"105","1","http://dbpedia.org/resource/Saint_Helier"
"106","1","http://dbpedia.org/resource/Amman"
"227","1","http://dbpedia.org/resource/Port_Vila"
"228","1","http://dbpedia.org/resource/Caracas"
"107","1","http://dbpedia.org/resource/Astana"
"108","1","http://dbpedia.org/resource/Nairobi"
"229","1","http://dbpedia.org/resource/Hanoi"
"109","1","http://dbpedia.org/resource/South_Tarawa"
