"88","3","http://dbpedia.org/resource/Financial_services"
"89","3","http://dbpedia.org/resource/Automotive_industry"
"91","3","http://dbpedia.org/resource/Financial_services"
"92","3","[http://dbpedia.org/resource/Clothing, http://dbpedia.org/resource/Fashion_accessory]"
"93","3","[http://dbpedia.org/resource/Financial_services, http://dbpedia.org/resource/Heavy_equipment]"
"94","3","[http://dbpedia.org/resource/Financial_services, http://dbpedia.org/resource/Bank]"
"95","3","http://dbpedia.org/resource/Financial_services"
"96","3","http://dbpedia.org/resource/Retail"
"97","3","http://dbpedia.org/resource/Financial_services"
"10","3","http://dbpedia.org/resource/Automotive_industry"
"98","3","http://dbpedia.org/resource/Final_good"
"99","3","[http://dbpedia.org/resource/Fashion, http://dbpedia.org/resource/Retail]"
"12","3","[http://dbpedia.org/resource/Financial_services, http://dbpedia.org/resource/Bank]"
"13","3","http://dbpedia.org/resource/Retail"
"15","3","http://dbpedia.org/resource/Semiconductor"
"16","3","http://dbpedia.org/resource/Telecommunication"
"17","3","http://dbpedia.org/resource/Automotive_industry"
"18","3","http://dbpedia.org/resource/Mass_media"
"19","3","http://dbpedia.org/resource/Courier"
"1","3","[http://dbpedia.org/resource/Software, http://dbpedia.org/resource/Computer_hardware]"
"2","3","http://dbpedia.org/resource/Conglomerate_(company)"
"3","3","http://dbpedia.org/resource/Drink"
"4","3","http://dbpedia.org/resource/Telecommunication"
"6","3","http://dbpedia.org/resource/Retail"
"7","3","[http://dbpedia.org/resource/Internet, http://dbpedia.org/resource/Software, http://dbpedia.org/resource/Telecommunications_equipment]"
"8","3","[http://dbpedia.org/resource/Software, http://dbpedia.org/resource/Information_technology_consulting, http://dbpedia.org/resource/IT_service_management, http://dbpedia.org/resource/Computer_hardware]"
"20","3","http://dbpedia.org/resource/Networking_hardware"
"21","3","[http://dbpedia.org/resource/Software, http://dbpedia.org/resource/Information_technology_consulting, http://dbpedia.org/resource/IT_service_management, http://dbpedia.org/resource/Computer_hardware]"
"22","3","http://dbpedia.org/resource/Mobile_phone"
"23","3","http://dbpedia.org/resource/Telecommunication"
"25","3","http://dbpedia.org/resource/Financial_services"
"26","3","[http://dbpedia.org/resource/Software, http://dbpedia.org/resource/Information_technology_consulting, http://dbpedia.org/resource/IT_service_management, http://dbpedia.org/resource/Computer_hardware]"
"29","3","[http://dbpedia.org/resource/Software, http://dbpedia.org/resource/Digital_distribution, http://dbpedia.org/resource/Consumer_electronics, http://dbpedia.org/resource/Computer_hardware]"
"30","3","http://dbpedia.org/resource/Retail"
"31","3","http://dbpedia.org/resource/Telecommunication"
"32","3","http://dbpedia.org/resource/Telecommunication"
"33","3","[http://dbpedia.org/resource/Aviation, http://dbpedia.org/resource/Automotive_industry, http://dbpedia.org/resource/Telematics]"
"35","3","[http://dbpedia.org/resource/Enterprise_software, http://dbpedia.org/resource/Computer_hardware]"
"36","3","[http://dbpedia.org/resource/Financial_services, http://dbpedia.org/resource/Bank]"
"37","3","http://dbpedia.org/resource/Automotive_industry"
"38","3","http://dbpedia.org/resource/Online_shopping"
"39","3","[http://dbpedia.org/resource/Financial_services, http://dbpedia.org/resource/Bank]"
"40","3","http://dbpedia.org/resource/Financial_services"
"41","3","http://dbpedia.org/resource/Automotive_industry"
"42","3","http://dbpedia.org/resource/Pharmaceutical_industry"
"43","3","http://dbpedia.org/resource/Conglomerate_(company)"
"44","3","http://dbpedia.org/resource/Automotive_industry"
"47","3","http://dbpedia.org/resource/Drink"
"48","3","http://dbpedia.org/resource/Restaurant"
"49","3","[http://dbpedia.org/resource/Financial_services, http://dbpedia.org/resource/Automotive_industry]"
"51","3","[http://dbpedia.org/resource/Clothing, http://dbpedia.org/resource/Fashion_accessory]"
"52","3","http://dbpedia.org/resource/Personal_care"
"53","3","http://dbpedia.org/resource/Financial_services"
"55","3","http://dbpedia.org/resource/Financial_services"
"57","3","http://dbpedia.org/resource/Electronics"
"58","3","[http://dbpedia.org/resource/Quaternary_sector_of_the_economy, http://dbpedia.org/resource/Professional_services]"
"59","3","http://dbpedia.org/resource/Bank"
"60","3","http://dbpedia.org/resource/Enterprise_software"
"61","3","[http://dbpedia.org/resource/Financial_services, http://dbpedia.org/resource/Bank]"
"62","3","http://dbpedia.org/resource/Telecommunication"
"65","3","[http://dbpedia.org/resource/Financial_services, http://dbpedia.org/resource/Bank]"
"66","3","http://dbpedia.org/resource/Courier"
"67","3","http://dbpedia.org/resource/Retail"
"68","3","http://dbpedia.org/resource/Financial_services"
"69","3","http://dbpedia.org/resource/Retail"
"70","3","[http://dbpedia.org/resource/Financial_services, http://dbpedia.org/resource/Bank]"
"71","3","http://dbpedia.org/resource/Automotive_industry"
"72","3","http://dbpedia.org/resource/Conglomerate_(company)"
"74","3","http://dbpedia.org/resource/Self_care"
"75","3","http://dbpedia.org/resource/Fashion"
"76","3","[http://dbpedia.org/resource/Financial_services, http://dbpedia.org/resource/Bank]"
"77","3","http://dbpedia.org/resource/Retail"
"78","3","[http://dbpedia.org/resource/Internet, http://dbpedia.org/resource/Online_shopping]"
"79","3","http://dbpedia.org/resource/Personal_care"
"80","3","http://dbpedia.org/resource/Financial_services"
"81","3","http://dbpedia.org/resource/Food_processing"
"83","3","http://dbpedia.org/resource/Petroleum_industry"
"85","3","[http://dbpedia.org/resource/Interactive_entertainment, http://dbpedia.org/resource/Video_game_industry]"
"86","3","http://dbpedia.org/resource/Automotive_industry"
"87","3","http://dbpedia.org/resource/Retail"
