"88","3","http://dbpedia.org/resource/Stanley_Kubrick"
"89","3","http://dbpedia.org/resource/Dennis_Hopper"
"90","3","http://dbpedia.org/resource/John_Schlesinger"
"91","3","http://dbpedia.org/resource/Sergio_Leone"
"92","3","http://dbpedia.org/resource/Franklin_J._Schaffner"
"93","3","http://dbpedia.org/resource/Arthur_Penn"
"94","3","http://dbpedia.org/resource/Mike_Nichols"
"95","3","http://dbpedia.org/resource/Sergio_Leone"
"96","3","http://dbpedia.org/resource/Alfred_Hitchcock"
"97","3","http://dbpedia.org/resource/Sidney_Lumet"
"98","3","http://dbpedia.org/resource/Charles_Laughton"
"10","3","http://dbpedia.org/resource/Michael_Bay"
"11","3","http://dbpedia.org/resource/Todd_Phillips"
"99","3","http://dbpedia.org/resource/Nicholas_Ray"
"12","3","http://dbpedia.org/resource/Pete_Docter"
"13","3","http://dbpedia.org/resource/Quentin_Tarantino"
"15","3","http://dbpedia.org/resource/Christopher_Nolan"
"16","3","http://dbpedia.org/resource/Andrew_Stanton"
"17","3","http://dbpedia.org/resource/Clint_Eastwood"
"18","3","http://dbpedia.org/resource/Danny_Boyle"
"19","3","http://dbpedia.org/resource/Gore_Verbinski"
"1","3","http://dbpedia.org/resource/David_Fincher"
"2","3","http://dbpedia.org/resource/Christopher_Nolan"
"3","3","http://dbpedia.org/resource/Tim_Burton"
"4","3","http://dbpedia.org/resource/Martin_Scorsese"
"5","3","http://dbpedia.org/resource/Chris_Sanders_(director)"
"6","3","http://dbpedia.org/resource/Lee_Unkrich"
"7","3","http://dbpedia.org/resource/James_Cameron"
"8","3","http://dbpedia.org/resource/David_Yates"
"9","3","[http://dbpedia.org/resource/Carlos_Saldanha, http://dbpedia.org/resource/Mike_Thurmeier]"
"20","3","http://dbpedia.org/resource/Coen_brothers"
"21","3","http://dbpedia.org/resource/Martin_Scorsese"
"22","3","http://dbpedia.org/resource/Martin_Campbell"
"23","3","http://dbpedia.org/resource/Guillermo_del_Toro"
"24","3","http://dbpedia.org/resource/Christopher_Nolan"
"25","3","http://dbpedia.org/resource/Florian_Henckel_von_Donnersmarck"
"27","3","http://dbpedia.org/resource/Christopher_Nolan"
"28","3","http://dbpedia.org/resource/Oliver_Hirschbiegel"
"29","3","http://dbpedia.org/resource/Brad_Bird"
"30","3","http://dbpedia.org/resource/Nick_Cassavetes"
"31","3","http://dbpedia.org/resource/Michel_Gondry"
"32","3","http://dbpedia.org/resource/Clint_Eastwood"
"33","3","http://dbpedia.org/resource/Peter_Jackson"
"34","3","http://dbpedia.org/resource/Edward_Zwick"
"35","3","http://dbpedia.org/resource/Peter_Jackson"
"36","3","[http://dbpedia.org/resource/Fernando_Meirelles, http://dbpedia.org/resource/K%C3%A1tia_Lund]"
"37","3","http://dbpedia.org/resource/Peter_Jackson"
"38","3","http://dbpedia.org/resource/Jean-Pierre_Jeunet"
"39","3","http://dbpedia.org/resource/Darren_Aronofsky"
"40","3","http://dbpedia.org/resource/Ridley_Scott"
"41","3","http://dbpedia.org/resource/Christopher_Nolan"
"42","3","http://dbpedia.org/resource/David_Fincher"
"44","3","http://dbpedia.org/resource/Frank_Darabont"
"45","3","http://dbpedia.org/resource/Sam_Mendes"
"46","3","http://dbpedia.org/resource/Michael_Bay"
"47","3","http://dbpedia.org/resource/Steven_Spielberg"
"48","3","http://dbpedia.org/resource/Tony_Kaye_(director)"
"49","3","http://dbpedia.org/resource/Curtis_Hanson"
"50","3","http://dbpedia.org/resource/Roland_Emmerich"
"51","3","http://dbpedia.org/resource/Bryan_Singer"
"52","3","http://dbpedia.org/resource/Mel_Gibson"
"53","3","http://dbpedia.org/resource/Michael_Mann_(director)"
"54","3","http://dbpedia.org/resource/John_Lasseter"
"55","3","http://dbpedia.org/resource/Frank_Darabont"
"56","3","http://dbpedia.org/resource/Robert_Zemeckis"
"57","3","http://dbpedia.org/resource/Quentin_Tarantino"
"58","3","http://dbpedia.org/resource/Luc_Besson"
"59","3","http://dbpedia.org/resource/Steven_Spielberg"
"60","3","http://dbpedia.org/resource/Harold_Ramis"
"61","3","http://dbpedia.org/resource/Quentin_Tarantino"
"62","3","http://dbpedia.org/resource/Clint_Eastwood"
"63","3","http://dbpedia.org/resource/James_Cameron"
"64","3","http://dbpedia.org/resource/Jonathan_Demme"
"65","3","http://dbpedia.org/resource/Martin_Scorsese"
"66","3","http://dbpedia.org/resource/Garry_Marshall"
"67","3","http://dbpedia.org/resource/Steven_Spielberg"
"68","3","http://dbpedia.org/resource/Stanley_Kubrick"
"69","3","http://dbpedia.org/resource/Rob_Reiner"
"70","3","http://dbpedia.org/resource/Robert_Zemeckis"
"71","3","http://dbpedia.org/resource/Richard_Marquand"
"72","3","http://dbpedia.org/resource/Steven_Spielberg"
"73","3","http://dbpedia.org/resource/Ridley_Scott"
"74","3","http://dbpedia.org/resource/Steven_Spielberg"
"75","3","http://dbpedia.org/resource/Irvin_Kershner"
"76","3","http://dbpedia.org/resource/Stanley_Kubrick"
"77","3","http://dbpedia.org/resource/Francis_Ford_Coppola"
"78","3","http://dbpedia.org/resource/Ridley_Scott"
"79","3","http://dbpedia.org/resource/George_Lucas"
"100","3","http://dbpedia.org/resource/Michael_Curtiz"
"80","3","http://dbpedia.org/resource/Woody_Allen"
"81","3","http://dbpedia.org/resource/Martin_Scorsese"
"82","3","http://dbpedia.org/resource/Milo%C5%A1_Forman"
"83","3","http://dbpedia.org/resource/Steven_Spielberg"
"84","3","http://dbpedia.org/resource/Robert_Altman"
"85","3","http://dbpedia.org/resource/Roman_Polanski"
"86","3","http://dbpedia.org/resource/Francis_Ford_Coppola"
"87","3","http://dbpedia.org/resource/Francis_Ford_Coppola"
