"230","3","http://dbpedia.org/resource/Peter_Weir"
"231","3","http://dbpedia.org/resource/Chris_Weitz"
"110","3","http://dbpedia.org/resource/Walter_Hill_(director)"
"232","3","http://dbpedia.org/resource/John_Wells_(producer)"
"111","3","http://dbpedia.org/resource/Arthur_Hiller"
"233","3","http://dbpedia.org/resource/Billy_Wilder"
"113","3","[http://dbpedia.org/resource/James_McTeigue, http://dbpedia.org/resource/Oliver_Hirschbiegel]"
"234","3","http://dbpedia.org/resource/Michael_Winterbottom"
"114","3","http://dbpedia.org/resource/Gregory_Hoblit"
"235","3","http://dbpedia.org/resource/Edgar_Wright"
"115","3","http://dbpedia.org/resource/Mike_Hodges"
"236","3","http://dbpedia.org/resource/William_Wyler"
"116","3","http://dbpedia.org/resource/Tom_Hooper"
"237","3","http://dbpedia.org/resource/Fred_Zinnemann"
"238","3","http://dbpedia.org/resource/Edward_Zwick"
"117","3","http://dbpedia.org/resource/Joel_Hopkins"
"118","3","http://dbpedia.org/resource/Ron_Howard"
"239","3","http://dbpedia.org/resource/Edward_Zwick"
"119","3","http://dbpedia.org/resource/Ron_Howard"
"10","3","http://dbpedia.org/resource/Doug_Atchison"
"11","3","http://dbpedia.org/resource/Richard_Attenborough"
"12","3","http://dbpedia.org/resource/Amir_Bar-Lev"
"13","3","http://dbpedia.org/resource/Michael_Bay"
"14","3","http://dbpedia.org/resource/Walt_Becker"
"15","3","http://dbpedia.org/resource/Stephen_Belber"
"16","3","http://dbpedia.org/resource/Robert_Benton"
"17","3","http://dbpedia.org/resource/Bruce_Beresford"
"18","3","http://dbpedia.org/resource/Peter_Berg"
"120","3","http://dbpedia.org/resource/Ron_Howard"
"122","3","[http://dbpedia.org/resource/Howard_Hawks, http://dbpedia.org/resource/Howard_Hughes]"
"1","3","http://dbpedia.org/resource/J._J._Abrams"
"2","3","http://dbpedia.org/resource/J._J._Abrams"
"123","3","http://dbpedia.org/resource/John_Huston"
"3","3","[http://dbpedia.org/resource/Mark_Achbar, http://dbpedia.org/resource/Jennifer_Abbott]"
"124","3","http://dbpedia.org/resource/Christine_Jeffs"
"4","3","http://dbpedia.org/resource/Ben_Affleck"
"126","3","http://dbpedia.org/resource/Tamara_Jenkins"
"5","3","http://dbpedia.org/resource/Moustapha_Akkad"
"127","3","http://dbpedia.org/resource/Paul_Johansson"
"6","3","http://dbpedia.org/resource/Robert_Aldrich"
"7","3","http://dbpedia.org/resource/Steve_Antin"
"128","3","http://dbpedia.org/resource/Joe_Johnston"
"8","3","http://dbpedia.org/resource/Hal_Ashby"
"129","3","http://dbpedia.org/resource/Tommy_Lee_Jones"
"9","3","http://dbpedia.org/resource/Hal_Ashby"
"20","3","http://dbpedia.org/resource/Joe_Berlinger"
"21","3","http://dbpedia.org/resource/Kathryn_Bigelow"
"22","3","http://dbpedia.org/resource/Peter_Bogdanovich"
"23","3","http://dbpedia.org/resource/Budd_Boetticher"
"24","3","http://dbpedia.org/resource/Danny_Boyle"
"25","3","http://dbpedia.org/resource/Neil_Burger"
"26","3","http://dbpedia.org/resource/Neil_Burger"
"27","3","http://dbpedia.org/resource/Tim_Burton"
"28","3","http://dbpedia.org/resource/James_Bridges"
"29","3","http://dbpedia.org/resource/James_Cameron"
"130","3","http://dbpedia.org/resource/Ross_Katz"
"131","3","http://dbpedia.org/resource/Elia_Kazan"
"132","3","http://dbpedia.org/resource/Michael_Patrick_King"
"133","3","http://dbpedia.org/resource/Michael_Patrick_King"
"136","3","http://dbpedia.org/resource/Alexander_Korda"
"137","3","http://dbpedia.org/resource/Stanley_Kubrick"
"138","3","http://dbpedia.org/resource/Marc_Lawrence_(filmmaker)"
"139","3","http://dbpedia.org/resource/David_Lean"
"30","3","http://dbpedia.org/resource/Martin_Campbell"
"32","3","http://dbpedia.org/resource/Frank_Capra"
"33","3","http://dbpedia.org/resource/John_Carpenter"
"34","3","http://dbpedia.org/resource/Niki_Caro"
"35","3","http://dbpedia.org/resource/Larry_Charles"
"36","3","http://dbpedia.org/resource/Bob_Clark"
"37","3","http://dbpedia.org/resource/Coen_brothers"
"38","3","http://dbpedia.org/resource/Scott_Cooper_(director)"
"39","3","http://dbpedia.org/resource/Francis_Ford_Coppola"
"140","3","http://dbpedia.org/resource/Mimi_Leder"
"141","3","http://dbpedia.org/resource/Barry_Levinson"
"142","3","http://dbpedia.org/resource/Shawn_Levy"
"143","3","http://dbpedia.org/resource/Doug_Liman"
"144","3","http://dbpedia.org/resource/Joshua_Logan"
"145","3","http://dbpedia.org/resource/Baz_Luhrmann"
"146","3","http://dbpedia.org/resource/Sidney_Lumet"
"147","3","http://dbpedia.org/resource/Sidney_Lumet"
"148","3","http://dbpedia.org/resource/Kevin_Macdonald_(director)"
"149","3","http://dbpedia.org/resource/Michael_Mann_(director)"
"40","3","http://dbpedia.org/resource/Kevin_Costner"
"41","3","http://dbpedia.org/resource/Allen_Coulter"
"42","3","http://dbpedia.org/resource/Bill_Couturi%C3%A9"
"43","3","http://dbpedia.org/resource/Alfonso_Cuar%C3%B3n"
"44","3","http://dbpedia.org/resource/Richard_Curtis"
"45","3","http://dbpedia.org/resource/Michael_Curtiz"
"46","3","http://dbpedia.org/resource/Michael_Curtiz"
"47","3","http://dbpedia.org/resource/Cherien_Dabis"
"48","3","http://dbpedia.org/resource/Frank_Darabont"
"49","3","http://dbpedia.org/resource/Peter_Davis_(director)"
"150","3","http://dbpedia.org/resource/Garry_Marshall"
"151","3","http://dbpedia.org/resource/Darnell_Martin"
"152","3","http://dbpedia.org/resource/Leo_McCarey"
"153","3","http://dbpedia.org/resource/Thomas_McCarthy_(actor)"
"154","3","http://dbpedia.org/resource/Thomas_McCarthy_(actor)"
"155","3","http://dbpedia.org/resource/Adam_McKay"
"156","3","http://dbpedia.org/resource/James_McTeigue"
"157","3","http://dbpedia.org/resource/Christopher_Menaul"
"158","3","http://dbpedia.org/resource/Sam_Mendes"
"159","3","http://dbpedia.org/resource/Sam_Mendes"
"50","3","http://dbpedia.org/resource/Jonathan_Dayton_and_Valerie_Faris"
"51","3","http://dbpedia.org/resource/Raymond_De_Felitta"
"52","3","http://dbpedia.org/resource/Jonathan_Demme"
"53","3","http://dbpedia.org/resource/Jonathan_Demme"
"54","3","http://dbpedia.org/resource/Ted_Demme"
"55","3","http://dbpedia.org/resource/Robert_De_Niro"
"56","3","http://dbpedia.org/resource/Scott_Derrickson"
"57","3","http://dbpedia.org/resource/Howard_Deutch"
"58","3","http://dbpedia.org/resource/Florian_Henckel_von_Donnersmarck"
"59","3","http://dbpedia.org/resource/John_Doyle_(director)"
"160","3","http://dbpedia.org/resource/Nancy_Meyers"
"161","3","http://dbpedia.org/resource/Menno_Meyjes"
"162","3","http://dbpedia.org/resource/David_Miller_(director)"
"163","3","http://dbpedia.org/resource/Robert_Ellis_Miller"
"164","3","http://dbpedia.org/resource/Vincente_Minnelli"
"165","3","http://dbpedia.org/resource/Michael_Moore"
"166","3","http://dbpedia.org/resource/Jocelyn_Moorhouse"
"167","3","http://dbpedia.org/resource/Gabriele_Muccino"
"168","3","http://dbpedia.org/resource/Ryan_Murphy_(writer)"
"169","3","http://dbpedia.org/resource/Bharat_Nalluri"
"60","3","http://dbpedia.org/resource/Daryl_Duke"
"61","3","http://dbpedia.org/resource/Robert_Duvall"
"62","3","[http://dbpedia.org/resource/Josef_von_Sternberg, http://dbpedia.org/resource/Victor_Fleming, http://dbpedia.org/resource/Julien_Duvivier]"
"63","3","http://dbpedia.org/resource/Clint_Eastwood"
"64","3","http://dbpedia.org/resource/Clint_Eastwood"
"65","3","http://dbpedia.org/resource/Clint_Eastwood"
"66","3","http://dbpedia.org/resource/Clint_Eastwood"
"67","3","http://dbpedia.org/resource/Clint_Eastwood"
"68","3","http://dbpedia.org/resource/Clint_Eastwood"
"69","3","http://dbpedia.org/resource/Nora_Ephron"
"170","3","http://dbpedia.org/resource/Gregory_Nava"
"171","3","http://dbpedia.org/resource/Mike_Nichols"
"172","3","http://dbpedia.org/resource/Mike_Nichols"
"173","3","http://dbpedia.org/resource/Mike_Nichols"
"174","3","http://dbpedia.org/resource/Christopher_Nolan"
"175","3","http://dbpedia.org/resource/Victor_Nu%C3%B1ez"
"176","3","http://dbpedia.org/resource/Chris_Paine"
"177","3","http://dbpedia.org/resource/Michael_Paxton"
"178","3","http://dbpedia.org/resource/Alexander_Payne"
"179","3","http://dbpedia.org/resource/Kimberly_Peirce"
"70","3","http://dbpedia.org/resource/Nora_Ephron"
"71","3","http://dbpedia.org/resource/Nora_Ephron"
"72","3","http://dbpedia.org/resource/Emilio_Estevez"
"73","3","http://dbpedia.org/resource/Jon_Favreau"
"74","3","http://dbpedia.org/resource/Charles_H._Ferguson"
"75","3","http://dbpedia.org/resource/Todd_Field"
"76","3","http://dbpedia.org/resource/Stephen_Elliott_(author)"
"77","3","http://dbpedia.org/resource/Anne_Fletcher"
"78","3","http://dbpedia.org/resource/Anne_Fletcher"
"79","3","http://dbpedia.org/resource/James_Foley"
"180","3","http://dbpedia.org/resource/Daniel_Petrie"
"181","3","http://dbpedia.org/resource/Jon_Poll"
"182","3","http://dbpedia.org/resource/Roman_Polanski"
"183","3","http://dbpedia.org/resource/Sydney_Pollack"
"184","3","http://dbpedia.org/resource/Robert_Redford"
"185","3","http://dbpedia.org/resource/Carol_Reed"
"186","3","http://dbpedia.org/resource/Rob_Reiner"
"187","3","http://dbpedia.org/resource/Rob_Reiner"
"188","3","http://dbpedia.org/resource/Jason_Reitman"
"189","3","http://dbpedia.org/resource/Martin_Ritt"
"80","3","http://dbpedia.org/resource/Bryan_Forbes"
"81","3","http://dbpedia.org/resource/John_Ford"
"82","3","http://dbpedia.org/resource/Marc_Forster"
"83","3","http://dbpedia.org/resource/Jodie_Foster"
"84","3","http://dbpedia.org/resource/Scott_Frank"
"85","3","http://dbpedia.org/resource/David_Frankel"
"86","3","http://dbpedia.org/resource/Antoine_Fuqua"
"87","3","http://dbpedia.org/resource/John_Frankenheimer"
"89","3","http://dbpedia.org/resource/Bob_Gale"
"190","3","http://dbpedia.org/resource/Tim_Robbins"
"191","3","http://dbpedia.org/resource/Nicolas_Roeg"
"192","3","http://dbpedia.org/resource/Gary_Ross"
"194","3","http://dbpedia.org/resource/David_O._Russell"
"196","3","http://dbpedia.org/resource/Mark_Sandrich"
"197","3","http://dbpedia.org/resource/Joseph_Sargent"
"198","3","http://dbpedia.org/resource/John_Sayles"
"199","3","http://dbpedia.org/resource/Aaron_Schneider"
"91","3","http://dbpedia.org/resource/Tony_Gilroy"
"92","3","http://dbpedia.org/resource/Paul_Michael_Glaser"
"93","3","http://dbpedia.org/resource/Tony_Goldwyn"
"94","3","http://dbpedia.org/resource/Davis_Guggenheim"
"95","3","http://dbpedia.org/resource/Edmund_Goulding"
"96","3","http://dbpedia.org/resource/Paul_Greengrass"
"97","3","http://dbpedia.org/resource/Bill_Bixby"
"98","3","http://dbpedia.org/resource/John_Guillermin"
"99","3","http://dbpedia.org/resource/Paul_Haggis"
"200","3","http://dbpedia.org/resource/Martin_Scorsese"
"201","3","http://dbpedia.org/resource/Martin_Scorsese"
"202","3","http://dbpedia.org/resource/Ridley_Scott"
"203","3","http://dbpedia.org/resource/Tony_Scott"
"204","3","http://dbpedia.org/resource/Joshua_Seftel"
"205","3","http://dbpedia.org/resource/Tom_Shadyac"
"206","3","http://dbpedia.org/resource/Adam_Shankman"
"207","3","http://dbpedia.org/resource/Adrienne_Shelly"
"208","3","http://dbpedia.org/resource/M._Night_Shyamalan"
"209","3","http://dbpedia.org/resource/Douglas_Sirk"
"210","3","http://dbpedia.org/resource/Barry_Sonnenfeld"
"211","3","http://dbpedia.org/resource/John_M._Stahl"
"212","3","http://dbpedia.org/resource/Andrew_Stanton"
"213","3","http://dbpedia.org/resource/Nicholas_Stoller"
"214","3","http://dbpedia.org/resource/Oliver_Stone"
"215","3","http://dbpedia.org/resource/Oliver_Stone"
"216","3","http://dbpedia.org/resource/James_C._Strouse"
"217","3","http://dbpedia.org/resource/Andy_Tennant"
"218","3","http://dbpedia.org/resource/Jacques_Tourneur"
"219","3","http://dbpedia.org/resource/Douglas_Trumbull"
"220","3","http://dbpedia.org/resource/Tom_Tykwer"
"100","3","http://dbpedia.org/resource/Michael_Haneke"
"221","3","http://dbpedia.org/resource/Ron_Underwood"
"222","3","http://dbpedia.org/resource/Gus_Van_Sant"
"101","3","http://dbpedia.org/resource/Catherine_Hardwicke"
"102","3","http://dbpedia.org/resource/Henry_Hathaway"
"223","3","http://dbpedia.org/resource/Gus_Van_Sant"
"224","3","http://dbpedia.org/resource/Paul_Verhoeven"
"104","3","http://dbpedia.org/resource/Todd_Haynes"
"225","3","http://dbpedia.org/resource/Charles_Vidor"
"105","3","http://dbpedia.org/resource/Amy_Heckerling"
"227","3","http://dbpedia.org/resource/Randall_Wallace"
"106","3","http://dbpedia.org/resource/Werner_Herzog"
"107","3","http://dbpedia.org/resource/Peter_Hedges"
"228","3","http://dbpedia.org/resource/Denzel_Washington"
"108","3","http://dbpedia.org/resource/Grant_Heslov"
"229","3","http://dbpedia.org/resource/Marc_Webb"
"109","3","http://dbpedia.org/resource/Scott_Hicks"
