"22","2","[http://dbpedia.org/resource/Medical_equipment, http://dbpedia.org/resource/Pharmaceutical_industry]"
"12","2","http://dbpedia.org/resource/Petroleum_industry"
"23","2","http://dbpedia.org/resource/Automotive_industry"
"13","2","http://dbpedia.org/resource/Fast-moving_consumer_goods"
"14","2","http://dbpedia.org/resource/Retail"
"15","2","[http://dbpedia.org/resource/Metal, http://dbpedia.org/resource/Mining]"
"16","2","http://dbpedia.org/resource/Food_processing"
"17","2","http://dbpedia.org/resource/Petroleum_industry"
"18","2","http://dbpedia.org/resource/Petroleum_industry"
"19","2","[http://dbpedia.org/resource/Financial_services, http://dbpedia.org/resource/Bank]"
"1","2","http://dbpedia.org/resource/List_of_oil_exploration_and_production_companies"
"2","2","http://dbpedia.org/resource/List_of_oil_exploration_and_production_companies"
"3","2","http://dbpedia.org/resource/Conglomerate_(company)"
"4","2","http://dbpedia.org/resource/Telecommunication"
"5","2","http://dbpedia.org/resource/Petroleum_industry"
"6","2","[http://dbpedia.org/resource/Financial_services, http://dbpedia.org/resource/Investment, http://dbpedia.org/resource/Bank]"
"7","2","[http://dbpedia.org/resource/Software, http://dbpedia.org/resource/Computer_hardware]"
"8","2","http://dbpedia.org/resource/Petroleum_industry"
"9","2","http://dbpedia.org/resource/List_of_oil_exploration_and_production_companies"
"20","2","http://dbpedia.org/resource/Petroleum_industry"
"10","2","http://dbpedia.org/resource/Conglomerate_(company)"
"21","2","[http://dbpedia.org/resource/Financial_services, http://dbpedia.org/resource/Bank]"
