"11","1","http://dbpedia.org/resource/Louisiana"
"12","1","http://dbpedia.org/resource/North_Dakota"
"13","1","[http://dbpedia.org/resource/Vermont, http://dbpedia.org/resource/Canada, http://dbpedia.org/resource/Quebec, http://dbpedia.org/resource/United_States, http://dbpedia.org/resource/New_York]"
"14","1","http://dbpedia.org/resource/Lake_and_Peninsula_Borough,_Alaska"
"15","1","http://dbpedia.org/resource/Great_Lakes"
"1","1","http://dbpedia.org/resource/North_America"
"2","1","http://dbpedia.org/resource/North_America"
"3","1","http://dbpedia.org/resource/United_States"
"4","1","http://dbpedia.org/resource/North_America"
"5","1","http://dbpedia.org/resource/North_America"
"6","1","[http://dbpedia.org/resource/Utah, http://dbpedia.org/resource/United_States]"
"7","1","http://dbpedia.org/resource/North_America"
"8","1","http://dbpedia.org/resource/Lake_and_Peninsula_Borough,_Alaska"
"9","1","[http://dbpedia.org/resource/North_Dakota, http://dbpedia.org/resource/South_Dakota]"
"10","1","http://dbpedia.org/resource/Florida"
