"88","0","http://dbpedia.org/resource/Kilkenny"
"88","2","http://dbpedia.org/resource/Kilkenny"
"112","0","http://dbpedia.org/resource/Tullamore"
"112","2","http://dbpedia.org/resource/Tullamore"
"113","0","http://dbpedia.org/resource/Roscommon"
"113","2","http://dbpedia.org/resource/Roscommon"
"114","0","http://dbpedia.org/resource/Roscommon"
"114","2","http://dbpedia.org/resource/Roscommon"
"115","0","http://dbpedia.org/resource/Sligo"
"115","2","http://dbpedia.org/resource/Sligo"
"117","0","http://dbpedia.org/resource/Garden_Hill"
"117","2","http://dbpedia.org/resource/Garden_Hill"
"118","0","http://dbpedia.org/resource/Nenagh"
"118","2","http://dbpedia.org/resource/Nenagh"
"119","0","http://dbpedia.org/resource/Clonmel"
"119","2","http://dbpedia.org/resource/Clonmel"
"92","0","http://dbpedia.org/resource/Kilkenny"
"92","2","http://dbpedia.org/resource/Kilkenny"
"93","0","http://dbpedia.org/resource/Port_Laoise"
"93","2","http://dbpedia.org/resource/Port_Laoise"
"50","0","http://dbpedia.org/resource/Dublin"
"50","2","http://dbpedia.org/resource/Dublin"
"51","0","http://dbpedia.org/resource/Grangegorman"
"51","2","http://dbpedia.org/resource/Grangegorman"
"96","0","[http://dbpedia.org/resource/Limerick, http://dbpedia.org/resource/Dooradoyle]"
"96","2","[http://dbpedia.org/resource/Limerick, http://dbpedia.org/resource/Dooradoyle]"
"53","0","http://dbpedia.org/resource/Loughlinstown"
"53","2","http://dbpedia.org/resource/Loughlinstown"
"55","0","http://dbpedia.org/resource/Portrane"
"55","2","http://dbpedia.org/resource/Portrane"
"15","0","http://dbpedia.org/resource/Cork_(city)"
"15","2","http://dbpedia.org/resource/Cork_(city)"
"16","0","http://dbpedia.org/resource/Cork_(city)"
"16","2","http://dbpedia.org/resource/Cork_(city)"
"0","0","http://dbpedia.org/resource/Carlow"
"0","2","http://dbpedia.org/resource/Carlow"
"1","0","http://dbpedia.org/resource/Cavan"
"1","2","http://dbpedia.org/resource/Cavan"
"2","0","http://dbpedia.org/resource/Ennis"
"2","2","http://dbpedia.org/resource/Ennis"
"3","0","http://dbpedia.org/resource/Bantry"
"3","2","http://dbpedia.org/resource/Bantry"
"125","0","http://dbpedia.org/resource/Mullingar"
"125","2","http://dbpedia.org/resource/Mullingar"
"5","0","http://dbpedia.org/resource/Mahon,_Cork"
"5","2","http://dbpedia.org/resource/Mahon,_Cork"
"7","0","http://dbpedia.org/resource/Cork_(city)"
"7","2","http://dbpedia.org/resource/Cork_(city)"
"8","0","http://dbpedia.org/resource/Mallow,_County_Cork"
"8","2","http://dbpedia.org/resource/Mallow,_County_Cork"
"21","0","http://dbpedia.org/resource/Letterkenny"
"21","2","http://dbpedia.org/resource/Letterkenny"
"22","0","[http://dbpedia.org/resource/County_Donegal, http://dbpedia.org/resource/Letterkenny]"
"22","2","[http://dbpedia.org/resource/County_Donegal, http://dbpedia.org/resource/Letterkenny]"
"23","0","http://dbpedia.org/resource/Beaumont,_Dublin"
"23","2","http://dbpedia.org/resource/Beaumont,_Dublin"
"24","0","http://dbpedia.org/resource/Dublin"
"24","2","http://dbpedia.org/resource/Dublin"
"69","0","http://dbpedia.org/resource/Tallaght"
"69","2","http://dbpedia.org/resource/Tallaght"
"26","0","http://dbpedia.org/resource/Glasnevin"
"26","2","http://dbpedia.org/resource/Glasnevin"
"71","0","http://dbpedia.org/resource/Renmore"
"71","2","http://dbpedia.org/resource/Renmore"
"75","0","http://dbpedia.org/resource/Ballinasloe"
"75","2","http://dbpedia.org/resource/Ballinasloe"
"76","0","http://dbpedia.org/resource/Galway"
"76","2","http://dbpedia.org/resource/Galway"
"77","0","http://dbpedia.org/resource/Tralee"
"77","2","http://dbpedia.org/resource/Tralee"
"36","0","http://dbpedia.org/resource/Blanchardstown"
"36","2","http://dbpedia.org/resource/Blanchardstown"
"38","0","http://dbpedia.org/resource/Foxrock"
"38","2","http://dbpedia.org/resource/Foxrock"
"39","0","http://dbpedia.org/resource/Dublin"
"39","2","http://dbpedia.org/resource/Dublin"
"102","0","http://dbpedia.org/resource/Drogheda"
"102","2","http://dbpedia.org/resource/Drogheda"
"104","0","http://dbpedia.org/resource/Castlebar"
"104","2","http://dbpedia.org/resource/Castlebar"
"42","0","http://dbpedia.org/resource/Churchtown,_Dublin"
"42","2","http://dbpedia.org/resource/Churchtown,_Dublin"
