"22","2","http://dbpedia.org/resource/University_of_Basel"
"22","3","http://dbpedia.org/resource/Johann_Bernoulli"
"11","2","http://dbpedia.org/resource/University_of_G%C3%B6ttingen"
"11","3","http://dbpedia.org/resource/Carl_Friedrich_Gauss"
"23","2","http://dbpedia.org/resource/University_of_Basel"
"23","3","http://dbpedia.org/resource/Jacob_Bernoulli"
"12","2","http://dbpedia.org/resource/University_of_Helmstedt"
"12","3","http://dbpedia.org/resource/Johann_Friedrich_Pfaff"
"13","2","http://dbpedia.org/resource/University_of_G%C3%B6ttingen"
"13","3","http://dbpedia.org/resource/Abraham_Gotthelf_K%C3%A4stner"
"24","2","http://dbpedia.org/resource/University_of_Basel"
"24","3","[http://dbpedia.org/resource/Nicolas_Malebranche, http://dbpedia.org/resource/Peter_Werenfels]"
"14","2","http://dbpedia.org/resource/Leipzig_University"
"14","3","http://dbpedia.org/resource/Christian_August_Hausen"
"15","2","http://dbpedia.org/resource/Martin_Luther_University_of_Halle-Wittenberg"
"17","3","[http://dbpedia.org/resource/Peter_Gustav_Lejeune_Dirichlet, http://dbpedia.org/resource/Martin_Ohm]"
"18","2","http://dbpedia.org/resource/University_of_Bonn"
"18","3","[http://dbpedia.org/resource/Sim%C3%A9on_Denis_Poisson, http://dbpedia.org/resource/Joseph_Fourier]"
"19","2","http://dbpedia.org/resource/%C3%89cole_Polytechnique"
"19","3","[http://dbpedia.org/resource/Joseph-Louis_Lagrange, http://dbpedia.org/resource/Pierre-Simon_Laplace]"
"5","2","http://dbpedia.org/resource/Lviv_University"
"5","3","http://dbpedia.org/resource/Hugo_Steinhaus"
"6","2","[http://dbpedia.org/resource/University_of_G%C3%B6ttingen, http://dbpedia.org/resource/Lviv_University]"
"6","3","http://dbpedia.org/resource/David_Hilbert"
"7","2","http://dbpedia.org/resource/University_of_K%C3%B6nigsberg"
"7","3","http://dbpedia.org/resource/Ferdinand_von_Lindemann"
"8","2","http://dbpedia.org/resource/University_of_Erlangen-Nuremberg"
"8","3","http://dbpedia.org/resource/Felix_Klein"
"9","2","http://dbpedia.org/resource/University_of_Bonn"
"9","3","[http://dbpedia.org/resource/Julius_Pl%C3%BCcker, http://dbpedia.org/resource/Rudolf_Lipschitz]"
"20","2","http://dbpedia.org/resource/%C3%89cole_Normale_Sup%C3%A9rieure"
"20","3","http://dbpedia.org/resource/Joseph-Louis_Lagrange"
"10","2","[http://dbpedia.org/resource/Humboldt_University_of_Berlin, http://dbpedia.org/resource/University_of_Marburg, http://dbpedia.org/resource/Heidelberg_University, http://dbpedia.org/resource/University_of_Bonn, http://dbpedia.org/resource/University_of_Paris]"
"10","3","http://dbpedia.org/resource/Christian_Ludwig_Gerling"
