"88","2","http://dbpedia.org/resource/China"
"89","2","http://dbpedia.org/resource/China"
"110","2","http://dbpedia.org/resource/Tanzania"
"111","2","http://dbpedia.org/resource/China"
"112","2","http://dbpedia.org/resource/China"
"113","2","http://dbpedia.org/resource/China"
"115","2","http://dbpedia.org/resource/China"
"116","2","http://dbpedia.org/resource/Cuba"
"91","2","http://dbpedia.org/resource/China"
"92","2","http://dbpedia.org/resource/Philippines"
"119","2","http://dbpedia.org/resource/China"
"96","2","http://dbpedia.org/resource/South_Korea"
"97","2","http://dbpedia.org/resource/China"
"99","2","http://dbpedia.org/resource/China"
"15","2","http://dbpedia.org/resource/Japan"
"16","2","http://dbpedia.org/resource/Iran"
"18","2","http://dbpedia.org/resource/The_Democratic_Republic_Of_Congo"
"1","2","http://dbpedia.org/resource/Pakistan"
"123","2","http://dbpedia.org/resource/China"
"3","2","http://dbpedia.org/resource/India"
"125","2","http://dbpedia.org/resource/Japan"
"126","2","http://dbpedia.org/resource/United_States"
"7","2","http://dbpedia.org/resource/%7B%7B"
"8","2","http://dbpedia.org/resource/South_Korea"
"21","2","http://dbpedia.org/resource/Egypt"
"28","2","http://dbpedia.org/resource/China"
"29","2","http://dbpedia.org/resource/China"
"130","2","http://dbpedia.org/resource/China"
"135","2","http://dbpedia.org/resource/China"
"136","2","http://dbpedia.org/resource/China"
"137","2","http://dbpedia.org/resource/Mexico"
"32","2","http://dbpedia.org/resource/Iraq"
"36","2","http://dbpedia.org/resource/India"
"37","2","http://dbpedia.org/resource/China"
"140","2","http://dbpedia.org/resource/Romania"
"141","2","http://dbpedia.org/resource/Indonesia"
"142","2","http://dbpedia.org/resource/China"
"143","2","http://dbpedia.org/resource/China"
"144","2","http://dbpedia.org/resource/China"
"146","2","http://dbpedia.org/resource/Jordan"
"147","2","http://dbpedia.org/resource/India"
"149","2","http://dbpedia.org/resource/China"
"41","2","http://dbpedia.org/resource/Angola"
"42","2","http://dbpedia.org/resource/China"
"44","2","http://dbpedia.org/resource/India"
"45","2","http://dbpedia.org/resource/India"
"46","2","http://dbpedia.org/resource/China"
"47","2","http://dbpedia.org/resource/Burma"
"48","2","http://dbpedia.org/resource/Australia"
"49","2","http://dbpedia.org/resource/China"
"150","2","http://dbpedia.org/resource/Mexico"
"50","2","http://dbpedia.org/resource/China"
"51","2","http://dbpedia.org/resource/China"
"54","2","http://dbpedia.org/resource/Saudi_Arabia"
"58","2","http://dbpedia.org/resource/Morocco"
"59","2","http://dbpedia.org/resource/Japan"
"60","2","http://dbpedia.org/resource/India"
"61","2","http://dbpedia.org/resource/Australia"
"62","2","http://dbpedia.org/resource/Nigeria"
"63","2","http://dbpedia.org/resource/South_Korea"
"64","2","http://dbpedia.org/resource/Afghanistan"
"65","2","http://dbpedia.org/resource/China"
"67","2","http://dbpedia.org/resource/China"
"69","2","http://dbpedia.org/resource/China"
"72","2","http://dbpedia.org/resource/North_Korea"
"74","2","http://dbpedia.org/resource/Kenya"
"76","2","http://dbpedia.org/resource/China"
"77","2","http://dbpedia.org/resource/Indonesia"
"78","2","http://dbpedia.org/resource/India"
"100","2","http://dbpedia.org/resource/Bangladesh"
"101","2","http://dbpedia.org/resource/Canada"
"102","2","http://dbpedia.org/resource/Nigeria"
"104","2","http://dbpedia.org/resource/Colombia"
"105","2","http://dbpedia.org/resource/South_Korea"
"106","2","http://dbpedia.org/resource/Indonesia"
"80","2","http://dbpedia.org/resource/Dominican_Republic"
"81","2","http://dbpedia.org/resource/Iran"
"82","2","http://dbpedia.org/resource/United_States"
"83","2","http://dbpedia.org/resource/China"
"86","2","http://dbpedia.org/resource/China"
"87","2","http://dbpedia.org/resource/Venezuela"
