"91","2","http://dbpedia.org/resource/Romania"
"97","2","http://dbpedia.org/resource/Iraq"
"10","2","http://dbpedia.org/resource/Mexico"
"11","2","http://dbpedia.org/resource/Mexico"
"12","2","http://dbpedia.org/resource/Mexico"
"13","2","http://dbpedia.org/resource/Mexico"
"14","2","http://dbpedia.org/resource/Mexico"
"16","2","http://dbpedia.org/resource/Mexico"
"18","2","http://dbpedia.org/resource/Mexico"
"4","2","http://dbpedia.org/resource/Mali"
"6","2","http://dbpedia.org/resource/Mexico"
"7","2","http://dbpedia.org/resource/Mexico"
"8","2","http://dbpedia.org/resource/Mexico"
"9","2","http://dbpedia.org/resource/Mexico"
"21","2","http://dbpedia.org/resource/Mexico"
"22","2","http://dbpedia.org/resource/Mexico"
"23","2","http://dbpedia.org/resource/Mexico"
"27","2","http://dbpedia.org/resource/Mexico"
"29","2","http://dbpedia.org/resource/Moldova"
"31","2","http://dbpedia.org/resource/Morocco"
"32","2","http://dbpedia.org/resource/Morocco"
"39","2","http://dbpedia.org/resource/Mozambique"
"40","2","http://dbpedia.org/resource/Burma"
"42","2","http://dbpedia.org/resource/Nepal"
"43","2","http://dbpedia.org/resource/Netherlands"
"44","2","http://dbpedia.org/resource/Netherlands"
"45","2","http://dbpedia.org/resource/Netherlands"
"46","2","http://dbpedia.org/resource/Netherlands"
"50","2","http://dbpedia.org/resource/Nigeria"
"52","2","http://dbpedia.org/resource/Nigeria"
"55","2","http://dbpedia.org/resource/Nigeria"
"56","2","http://dbpedia.org/resource/Nigeria"
"59","2","http://dbpedia.org/resource/Nigeria"
"60","2","http://dbpedia.org/resource/Nigeria"
"61","2","http://dbpedia.org/resource/North_Korea"
"62","2","http://dbpedia.org/resource/North_Korea"
"64","2","http://dbpedia.org/resource/Oman"
"65","2","http://dbpedia.org/resource/Pakistan"
"68","2","http://dbpedia.org/resource/Pakistan"
"69","2","http://dbpedia.org/resource/Pakistan"
"71","2","http://dbpedia.org/resource/Pakistan"
"72","2","http://dbpedia.org/resource/Pakistan"
"74","2","http://dbpedia.org/resource/Panama"
"78","2","http://dbpedia.org/resource/Philippines"
"79","2","http://dbpedia.org/resource/Philippines"
"80","2","http://dbpedia.org/resource/Philippines"
"81","2","http://dbpedia.org/resource/%7B%7B"
"82","2","http://dbpedia.org/resource/Philippines"
