"88","4","[http://dbpedia.org/resource/Biochemistry, http://dbpedia.org/resource/Organic_chemistry]"
"110","4","[http://dbpedia.org/resource/Crystallography, http://dbpedia.org/resource/Photosynthesis]"
"111","4","http://dbpedia.org/resource/Cyanobacteria"
"112","4","http://dbpedia.org/resource/Membrane_protein"
"113","4","http://dbpedia.org/resource/Ribozyme"
"114","4","http://dbpedia.org/resource/Ribozyme"
"115","4","http://dbpedia.org/resource/Retrosynthetic_analysis"
"90","4","[http://dbpedia.org/resource/Dissipative_system, http://dbpedia.org/resource/Brusselator]"
"117","4","http://dbpedia.org/resource/Electron_transfer"
"91","4","http://dbpedia.org/resource/Adenosine_triphosphate"
"118","4","http://dbpedia.org/resource/Polymerase_chain_reaction"
"92","4","http://dbpedia.org/resource/Organoboron_chemistry"
"119","4","http://dbpedia.org/resource/Mutagenesis"
"93","4","[http://dbpedia.org/resource/1,2-Wittig_rearrangement, http://dbpedia.org/resource/Wittig_reaction, http://dbpedia.org/resource/2,3-Wittig_rearrangement, http://dbpedia.org/resource/Potassium_tetraphenylborate]"
"94","4","http://dbpedia.org/resource/Recombinant_DNA"
"96","4","[http://dbpedia.org/resource/Sanger_sequencing, http://dbpedia.org/resource/Peptide_sequence, http://dbpedia.org/resource/Wellcome_Trust_Sanger_Institute]"
"97","4","http://dbpedia.org/resource/Molecular_orbital"
"10","4","http://dbpedia.org/resource/Terpene"
"98","4","http://dbpedia.org/resource/Reaction_mechanism"
"99","4","http://dbpedia.org/resource/Electron_crystallography"
"11","4","[http://dbpedia.org/resource/Polonium, http://dbpedia.org/resource/Radium, http://dbpedia.org/resource/Radioactive_decay]"
"12","4","http://dbpedia.org/resource/Grignard_reaction"
"13","4","http://dbpedia.org/resource/Heterogeneous_catalysis"
"14","4","http://dbpedia.org/resource/Transition_metal"
"15","4","[http://dbpedia.org/resource/Electrochemistry, http://dbpedia.org/resource/Thermochemistry, http://dbpedia.org/resource/Relative_atomic_mass]"
"16","4","http://dbpedia.org/resource/Organic_chemistry"
"17","4","[http://dbpedia.org/resource/Explosive_material, http://dbpedia.org/resource/Haber_process, http://dbpedia.org/resource/Born%E2%80%93Haber_cycle, http://dbpedia.org/resource/Chemical_warfare, http://dbpedia.org/resource/Fertilizer, http://dbpedia.org/resource/Haber%E2%80%93Weiss_reaction]"
"18","4","[http://dbpedia.org/resource/Nernst_equation, http://dbpedia.org/resource/Nernst_lamp, http://dbpedia.org/resource/Nernst_glower, http://dbpedia.org/resource/Nernst%E2%80%93Planck_equation, http://dbpedia.org/resource/Nernst_heat_theorem, http://dbpedia.org/resource/Third_law_of_thermodynamics, http://dbpedia.org/resource/Reversal_potential, http://dbpedia.org/resource/Nernst_effect]"
"19","4","[http://dbpedia.org/resource/Descartes'_theorem, http://dbpedia.org/resource/Thermoeconomics, http://dbpedia.org/resource/Radionuclide, http://dbpedia.org/resource/Isotope, http://dbpedia.org/resource/Radioactive_displacement_law_of_Fajans_and_Soddy, http://dbpedia.org/resource/Soddy's_hexlet, http://dbpedia.org/resource/Ergosophy, http://dbpedia.org/resource/Nuclear_transmutation]"
"120","4","http://dbpedia.org/resource/Carbocation"
"122","4","[http://dbpedia.org/resource/Chlorofluorocarbon, http://dbpedia.org/resource/Stratosphere]"
"1","4","[http://dbpedia.org/resource/Stereochemistry, http://dbpedia.org/resource/Chemical_kinetics]"
"2","4","http://dbpedia.org/resource/Sugar"
"123","4","http://dbpedia.org/resource/Ozone_depletion"
"3","4","[http://dbpedia.org/resource/Acid%E2%80%93base_reaction, http://dbpedia.org/resource/Arrhenius_equation, http://dbpedia.org/resource/Dissociation_(chemistry)]"
"124","4","http://dbpedia.org/resource/Fullerene"
"125","4","http://dbpedia.org/resource/Buckminsterfullerene"
"4","4","http://dbpedia.org/resource/Noble_gas"
"126","4","http://dbpedia.org/resource/Buckminsterfullerene"
"5","4","http://dbpedia.org/resource/Indigo"
"127","4","http://dbpedia.org/resource/Adenosine_triphosphate"
"6","4","http://dbpedia.org/resource/Fluorine"
"7","4","http://dbpedia.org/resource/Mannich_reaction"
"129","4","http://dbpedia.org/resource/Na+/K+-ATPase"
"8","4","[http://dbpedia.org/resource/Nuclear_physics, http://dbpedia.org/resource/Proton, http://dbpedia.org/resource/Rutherford_scattering, http://dbpedia.org/resource/Rutherford_(unit), http://dbpedia.org/resource/Rutherford_model, http://dbpedia.org/resource/Rutherford_backscattering_spectrometry]"
"9","4","[http://dbpedia.org/resource/Catalysis, http://dbpedia.org/resource/Law_of_dilution, http://dbpedia.org/resource/Ostwald_process, http://dbpedia.org/resource/Ostwald%E2%80%93Freundlich_equation, http://dbpedia.org/resource/Liesegang_rings_(geology), http://dbpedia.org/resource/Mole_(unit), http://dbpedia.org/resource/Viscometer, http://dbpedia.org/resource/Pipette, http://dbpedia.org/resource/HSL_and_HSV, http://dbpedia.org/resource/Polymorphism_(materials_science), http://dbpedia.org/resource/Ostwald_ripening]"
"20","4","[http://dbpedia.org/resource/Mass_spectrometry, http://dbpedia.org/resource/Whole_number_rule]"
"21","4","http://dbpedia.org/resource/Elemental_analysis"
"23","4","[http://dbpedia.org/resource/Colloid, http://dbpedia.org/resource/Ultracentrifuge]"
"24","4","http://dbpedia.org/resource/Bile_acid"
"26","4","http://dbpedia.org/resource/Yeast"
"29","4","http://dbpedia.org/resource/Haber_process"
"130","4","http://dbpedia.org/resource/Density_functional_theory"
"131","4","http://dbpedia.org/resource/Quantum_chemistry"
"132","4","http://dbpedia.org/resource/Femtochemistry"
"136","4","http://dbpedia.org/resource/L-DOPA"
"138","4","[http://dbpedia.org/resource/Click_chemistry, http://dbpedia.org/resource/Enantioselective_synthesis]"
"139","4","http://dbpedia.org/resource/Electrospray_ionization"
"30","4","http://dbpedia.org/resource/Bergius_process"
"32","4","[http://dbpedia.org/resource/Deuterium, http://dbpedia.org/resource/Miller%E2%80%93Urey_experiment, http://dbpedia.org/resource/Urey%E2%80%93Bradley_force_field]"
"35","4","[http://dbpedia.org/resource/Dielectric, http://dbpedia.org/resource/Debye_model]"
"36","4","[http://dbpedia.org/resource/Carbohydrate, http://dbpedia.org/resource/Vitamin_C]"
"37","4","http://dbpedia.org/resource/Vitamin"
"140","4","http://dbpedia.org/resource/Soft_laser_desorption"
"141","4","http://dbpedia.org/resource/Nuclear_magnetic_resonance"
"142","4","http://dbpedia.org/resource/Aquaporin"
"144","4","http://dbpedia.org/resource/Ubiquitin"
"145","4","http://dbpedia.org/resource/Ubiquitin"
"146","4","http://dbpedia.org/resource/Ubiquitin"
"149","4","[http://dbpedia.org/resource/Organic_chemistry, http://dbpedia.org/resource/Salt_metathesis_reaction]"
"40","4","http://dbpedia.org/resource/Terpene"
"41","4","http://dbpedia.org/resource/Hafnium"
"42","4","[http://dbpedia.org/resource/Nuclear_fission, http://dbpedia.org/resource/Protactinium, http://dbpedia.org/resource/Fajans%E2%80%93Paneth%E2%80%93Hahn_Law, http://dbpedia.org/resource/Nuclear_isomer]"
"43","4","http://dbpedia.org/resource/AIV_fodder"
"44","4","[http://dbpedia.org/resource/Crystal, http://dbpedia.org/resource/Enzyme, http://dbpedia.org/resource/Protein]"
"47","4","http://dbpedia.org/resource/Organic_synthesis"
"48","4","http://dbpedia.org/resource/Electrophoresis"
"151","4","http://dbpedia.org/resource/Surface_science"
"153","4","http://dbpedia.org/resource/Green_fluorescent_protein"
"154","4","[http://dbpedia.org/resource/Calcium_imaging, http://dbpedia.org/resource/Green_fluorescent_protein]"
"155","4","[http://dbpedia.org/resource/Ribosome, http://dbpedia.org/resource/X-ray_crystallography]"
"157","4","http://dbpedia.org/resource/Cryo_bio-crystallography"
"158","4","http://dbpedia.org/resource/Heck_reaction"
"159","4","http://dbpedia.org/resource/Negishi_coupling"
"50","4","http://dbpedia.org/resource/Diels%E2%80%93Alder_reaction"
"51","4","http://dbpedia.org/resource/Diels%E2%80%93Alder_reaction"
"52","4","http://dbpedia.org/resource/Transuranium_element"
"54","4","http://dbpedia.org/resource/Chromatography"
"55","4","http://dbpedia.org/resource/Chromatography"
"56","4","http://dbpedia.org/resource/Polymer_chemistry"
"160","4","http://dbpedia.org/resource/Suzuki_reaction"
"161","4","http://dbpedia.org/resource/Quasicrystal"
"60","4","http://dbpedia.org/resource/Chemical_transformation"
"62","4","[http://dbpedia.org/resource/Sanger_sequencing, http://dbpedia.org/resource/Peptide_sequence, http://dbpedia.org/resource/Wellcome_Trust_Sanger_Institute]"
"63","4","[http://dbpedia.org/resource/Analytical_chemistry, http://dbpedia.org/resource/Polarography]"
"64","4","http://dbpedia.org/resource/Radiocarbon_dating"
"65","4","http://dbpedia.org/resource/Light-independent_reactions"
"66","4","http://dbpedia.org/resource/Heme"
"67","4","http://dbpedia.org/resource/Heme"
"68","4","http://dbpedia.org/resource/Ziegler%E2%80%93Natta_catalyst"
"69","4","http://dbpedia.org/resource/Ziegler%E2%80%93Natta_catalyst"
"70","4","[http://dbpedia.org/resource/Insulin, http://dbpedia.org/resource/X-ray_crystallography]"
"72","4","http://dbpedia.org/resource/Molecular_orbital_theory"
"73","4","http://dbpedia.org/resource/Chemical_reaction"
"74","4","http://dbpedia.org/resource/Norrish_reaction"
"75","4","http://dbpedia.org/resource/Flash_photolysis"
"76","4","[http://dbpedia.org/resource/Ising_model, http://dbpedia.org/resource/Onsager_reciprocal_relations, http://dbpedia.org/resource/De_Haas%E2%80%93van_Alphen_effect]"
"77","4","[http://dbpedia.org/resource/Barton%E2%80%93McCombie_deoxygenation, http://dbpedia.org/resource/Barton_reaction, http://dbpedia.org/resource/Barton%E2%80%93Zard_reaction, http://dbpedia.org/resource/Barton_decarboxylation]"
"79","4","[http://dbpedia.org/resource/Galactosemia, http://dbpedia.org/resource/Lactose_intolerance, http://dbpedia.org/resource/Carbohydrate_metabolism]"
"100","4","http://dbpedia.org/resource/Inner_sphere_electron_transfer"
"101","4","http://dbpedia.org/resource/Peptide_synthesis"
"104","4","http://dbpedia.org/resource/Molecular_dynamics"
"106","4","http://dbpedia.org/resource/Chemical_kinetics"
"107","4","[http://dbpedia.org/resource/Cyclophane, http://dbpedia.org/resource/Host%E2%80%93guest_chemistry, http://dbpedia.org/resource/Asymmetric_induction, http://dbpedia.org/resource/Phenonium_ions]"
"108","4","http://dbpedia.org/resource/Cryptand"
"81","4","[http://dbpedia.org/resource/Ribonuclease, http://dbpedia.org/resource/Anfinsen's_dogma]"
"82","4","http://dbpedia.org/resource/Ribonuclease"
"84","4","[http://dbpedia.org/resource/Organometallic_chemistry, http://dbpedia.org/resource/Ferrocene]"
"85","4","http://dbpedia.org/resource/Transition_metal"
"86","4","http://dbpedia.org/resource/Polymer"
"87","4","http://dbpedia.org/resource/Stereochemistry"
