"12","2","http://dbpedia.org/resource/West_Sacramento,_California"
"13","2","http://dbpedia.org/resource/San_Luis_Obispo,_California"
"14","2","http://dbpedia.org/resource/Salinas,_California"
"15","2","http://dbpedia.org/resource/Hillsboro,_Oregon"
"16","2","[http://dbpedia.org/resource/California, http://dbpedia.org/resource/Susanville,_California]"
"17","2","[http://dbpedia.org/resource/Hawaii, http://dbpedia.org/resource/Hilo,_Hawaii]"
"1","2","[http://dbpedia.org/resource/San_Francisco, http://dbpedia.org/resource/San_Mateo,_California]"
"2","2","[http://dbpedia.org/resource/San_Francisco, http://dbpedia.org/resource/San_Mateo,_California]"
"3","2","http://dbpedia.org/resource/San_Mateo,_California"
"4","2","http://dbpedia.org/resource/Corning,_California"
"5","2","http://dbpedia.org/resource/Arcata,_California"
"6","2","[http://dbpedia.org/resource/California, http://dbpedia.org/resource/Grass_Valley,_California]"
"7","2","http://dbpedia.org/resource/St._Louis"
"8","2","http://dbpedia.org/resource/Mendocino,_California"
"9","2","http://dbpedia.org/resource/Modesto,_California"
"20","2","http://dbpedia.org/resource/Fresno,_California"
"10","2","[http://dbpedia.org/resource/California, http://dbpedia.org/resource/Paso_Robles,_California]"
"21","2","http://dbpedia.org/resource/Redding,_California"
