"88","1","[http://dbpedia.org/resource/Action-adventure_game, http://dbpedia.org/resource/Stealth_game]"
"88","2","http://dbpedia.org/resource/PlayStation_3"
"89","1","http://dbpedia.org/resource/Racing_video_game"
"89","2","[http://dbpedia.org/resource/PlayStation_3, http://dbpedia.org/resource/PlayStation_Portable, http://dbpedia.org/resource/Xbox_360]"
"110","1","[http://dbpedia.org/resource/Sports_game, http://dbpedia.org/resource/American_football]"
"110","2","[http://dbpedia.org/resource/PlayStation_3, http://dbpedia.org/resource/Xbox_360]"
"111","1","http://dbpedia.org/resource/Sports_game"
"111","2","[http://dbpedia.org/resource/Microsoft_Windows, http://dbpedia.org/resource/PlayStation_3, http://dbpedia.org/resource/Xbox_360, http://dbpedia.org/resource/PlayStation_2]"
"112","1","http://dbpedia.org/resource/Sports_game"
"112","2","[http://dbpedia.org/resource/Microsoft_Windows, http://dbpedia.org/resource/PlayStation_3, http://dbpedia.org/resource/Xbox_360, http://dbpedia.org/resource/PlayStation_2]"
"113","1","http://dbpedia.org/resource/Sports_game"
"113","2","[http://dbpedia.org/resource/PlayStation_3, http://dbpedia.org/resource/Xbox_(console), http://dbpedia.org/resource/Xbox_360, http://dbpedia.org/resource/PlayStation_2]"
"114","1","http://dbpedia.org/resource/Sports_game"
"114","2","[http://dbpedia.org/resource/PlayStation_3, http://dbpedia.org/resource/Xbox_360, http://dbpedia.org/resource/PlayStation_2]"
"115","1","http://dbpedia.org/resource/Sports_game"
"115","2","[http://dbpedia.org/resource/PlayStation_3, http://dbpedia.org/resource/Wii, http://dbpedia.org/resource/Xbox_360, http://dbpedia.org/resource/PlayStation_2]"
"116","1","http://dbpedia.org/resource/Action-adventure_game"
"116","2","[http://dbpedia.org/resource/PlayStation_3, http://dbpedia.org/resource/PlayStation_Vita]"
"117","1","http://dbpedia.org/resource/Action-adventure_game"
"117","2","[http://dbpedia.org/resource/Microsoft_Windows, http://dbpedia.org/resource/PlayStation_3, http://dbpedia.org/resource/Wii, http://dbpedia.org/resource/Nintendo_DS, http://dbpedia.org/resource/PlayStation_Portable, http://dbpedia.org/resource/Xbox_360, http://dbpedia.org/resource/PlayStation_2]"
"90","1","http://dbpedia.org/resource/Sports_game"
"90","2","[http://dbpedia.org/resource/PlayStation_3, http://dbpedia.org/resource/PlayStation_Portable, http://dbpedia.org/resource/PlayStation_2]"
"91","1","http://dbpedia.org/resource/Sports_game"
"91","2","[http://dbpedia.org/resource/PlayStation_3, http://dbpedia.org/resource/PlayStation_Portable, http://dbpedia.org/resource/PlayStation_2]"
"118","1","http://dbpedia.org/resource/Action-adventure_game"
"118","2","[http://dbpedia.org/resource/Microsoft_Windows, http://dbpedia.org/resource/PlayStation_3, http://dbpedia.org/resource/Xbox_360]"
"92","1","http://dbpedia.org/resource/Action_game"
"92","2","http://dbpedia.org/resource/PlayStation_3"
"119","1","http://dbpedia.org/resource/Racing_video_game"
"119","2","[http://dbpedia.org/resource/Microsoft_Windows, http://dbpedia.org/resource/PlayStation_3, http://dbpedia.org/resource/Cloud_computing, http://dbpedia.org/resource/Xbox_360]"
"93","1","http://dbpedia.org/resource/Fighting_game"
"93","2","[http://dbpedia.org/resource/PlayStation_3, http://dbpedia.org/resource/Xbox_360]"
"94","1","http://dbpedia.org/resource/Racing_video_game"
"94","2","http://dbpedia.org/resource/PlayStation_3"
"95","1","http://dbpedia.org/resource/Racing_video_game"
"95","2","http://dbpedia.org/resource/PlayStation_3"
"96","1","http://dbpedia.org/resource/Racing_video_game"
"96","2","[http://dbpedia.org/resource/PlayStation_3, http://dbpedia.org/resource/Wii, http://dbpedia.org/resource/Nintendo_DS, http://dbpedia.org/resource/PlayStation_Portable, http://dbpedia.org/resource/Xbox_360, http://dbpedia.org/resource/PlayStation_2]"
"97","1","[http://dbpedia.org/resource/Arcade_game, http://dbpedia.org/resource/Racing, http://dbpedia.org/resource/Simulation, http://dbpedia.org/resource/Sport]"
"97","2","[http://dbpedia.org/resource/PlayStation_3, http://dbpedia.org/resource/Xbox_360, http://dbpedia.org/resource/PlayStation_2]"
"10","1","http://dbpedia.org/resource/First-person_shooter"
"10","2","[http://dbpedia.org/resource/PlayStation_3, http://dbpedia.org/resource/Personal_computer, http://dbpedia.org/resource/Xbox_360]"
"11","1","http://dbpedia.org/resource/Real-time_tactics"
"11","2","[http://dbpedia.org/resource/PlayStation_3, http://dbpedia.org/resource/Xbox_360]"
"12","1","http://dbpedia.org/resource/Flight_simulator"
"12","2","[http://dbpedia.org/resource/PlayStation_3, http://dbpedia.org/resource/Wii, http://dbpedia.org/resource/Personal_computer, http://dbpedia.org/resource/Arcade_game, http://dbpedia.org/resource/Xbox_(console), http://dbpedia.org/resource/Xbox_360]"
"13","1","[http://dbpedia.org/resource/Racing_video_game, http://dbpedia.org/resource/Vehicular_combat_game]"
"13","2","[http://dbpedia.org/resource/Microsoft_Windows, http://dbpedia.org/resource/PlayStation_3, http://dbpedia.org/resource/Xbox_360]"
"14","1","[http://dbpedia.org/resource/Action_role-playing_game, http://dbpedia.org/resource/First-person_shooter]"
"14","2","[http://dbpedia.org/resource/Microsoft_Windows, http://dbpedia.org/resource/OS_X, http://dbpedia.org/resource/PlayStation_3, http://dbpedia.org/resource/Xbox_360, http://dbpedia.org/resource/OnLive]"
"15","1","[http://dbpedia.org/resource/Tactical_shooter, http://dbpedia.org/resource/First-person_shooter]"
"15","2","[http://dbpedia.org/resource/Microsoft_Windows, http://dbpedia.org/resource/PlayStation_3, http://dbpedia.org/resource/Xbox_360]"
"16","1","http://dbpedia.org/resource/Racing_video_game"
"16","2","[http://dbpedia.org/resource/Microsoft_Windows, http://dbpedia.org/resource/PlayStation_3, http://dbpedia.org/resource/Xbox_360]"
"17","1","http://dbpedia.org/resource/First-person_shooter"
"17","2","[http://dbpedia.org/resource/PlayStation_3, http://dbpedia.org/resource/Wii, http://dbpedia.org/resource/Xbox_(console), http://dbpedia.org/resource/Xbox_360, http://dbpedia.org/resource/PlayStation_2]"
"18","1","http://dbpedia.org/resource/First-person_shooter"
"18","2","[http://dbpedia.org/resource/Microsoft_Windows, http://dbpedia.org/resource/OS_X, http://dbpedia.org/resource/PlayStation_3, http://dbpedia.org/resource/Wii, http://dbpedia.org/resource/Xbox_360]"
"19","1","http://dbpedia.org/resource/First-person_shooter"
"19","2","[http://dbpedia.org/resource/Microsoft_Windows, http://dbpedia.org/resource/PlayStation_3, http://dbpedia.org/resource/Wii, http://dbpedia.org/resource/Xbox_360, http://dbpedia.org/resource/Windows_Mobile]"
"120","1","http://dbpedia.org/resource/Platform_game"
"120","2","[http://dbpedia.org/resource/Game_Boy_Advance, http://dbpedia.org/resource/Microsoft_Windows, http://dbpedia.org/resource/OS_X, http://dbpedia.org/resource/PlayStation_3, http://dbpedia.org/resource/Wii, http://dbpedia.org/resource/Nintendo_DS, http://dbpedia.org/resource/GameCube, http://dbpedia.org/resource/Xbox_(console), http://dbpedia.org/resource/PlayStation_Portable, http://dbpedia.org/resource/Xbox_360, http://dbpedia.org/resource/Mobile_game, http://dbpedia.org/resource/PlayStation_2]"
"121","1","http://dbpedia.org/resource/Platform_game"
"121","2","http://dbpedia.org/resource/PlayStation_3"
"1","1","http://dbpedia.org/resource/First-person_shooter"
"1","2","[http://dbpedia.org/resource/Microsoft_Windows, http://dbpedia.org/resource/PlayStation_3, http://dbpedia.org/resource/Xbox_360]"
"122","1","http://dbpedia.org/resource/Third-person_shooter"
"122","2","[http://dbpedia.org/resource/Microsoft_Windows, http://dbpedia.org/resource/PlayStation_3, http://dbpedia.org/resource/Xbox_360]"
"2","1","http://dbpedia.org/resource/Sports_game"
"2","2","[http://dbpedia.org/resource/PlayStation_3, http://dbpedia.org/resource/Xbox_360]"
"123","1","[http://dbpedia.org/resource/Action_game, http://dbpedia.org/resource/Third-person_shooter]"
"123","2","[http://dbpedia.org/resource/Microsoft_Windows, http://dbpedia.org/resource/PlayStation_3, http://dbpedia.org/resource/Xbox_360]"
"3","1","http://dbpedia.org/resource/Survival_horror"
"3","2","[http://dbpedia.org/resource/Microsoft_Windows, http://dbpedia.org/resource/PlayStation_3, http://dbpedia.org/resource/Wii, http://dbpedia.org/resource/Xbox_360, http://dbpedia.org/resource/PlayStation_2]"
"124","1","http://dbpedia.org/resource/First-person_shooter"
"124","2","http://dbpedia.org/resource/PlayStation_3"
"4","1","[http://dbpedia.org/resource/Stealth_game, http://dbpedia.org/resource/Action_role-playing_game]"
"4","2","[http://dbpedia.org/resource/Microsoft_Windows, http://dbpedia.org/resource/PlayStation_3, http://dbpedia.org/resource/Xbox_360, http://dbpedia.org/resource/OnLive]"
"125","1","http://dbpedia.org/resource/First-person_shooter"
"125","2","http://dbpedia.org/resource/PlayStation_3"
"5","1","http://dbpedia.org/resource/Third-person_shooter"
"5","2","[http://dbpedia.org/resource/PlayStation_3, http://dbpedia.org/resource/Xbox_360]"
"126","1","http://dbpedia.org/resource/Racing_video_game"
"126","2","http://dbpedia.org/resource/PlayStation_3"
"127","1","http://dbpedia.org/resource/Rhythm_game"
"127","2","[http://dbpedia.org/resource/PlayStation_3, http://dbpedia.org/resource/Wii, http://dbpedia.org/resource/Xbox_360, http://dbpedia.org/resource/PlayStation_2]"
"6","1","http://dbpedia.org/resource/Third-person_shooter"
"6","2","[http://dbpedia.org/resource/PlayStation_3, http://dbpedia.org/resource/PlayStation_Portable, http://dbpedia.org/resource/Xbox_360]"
"7","1","[http://dbpedia.org/resource/Action-adventure_game, http://dbpedia.org/resource/Stealth_game]"
"7","2","[http://dbpedia.org/resource/Microsoft_Windows, http://dbpedia.org/resource/PlayStation_3, http://dbpedia.org/resource/Xbox_360]"
"128","1","http://dbpedia.org/resource/Action-adventure_game"
"128","2","[http://dbpedia.org/resource/Microsoft_Windows, http://dbpedia.org/resource/PlayStation_3, http://dbpedia.org/resource/Xbox_360]"
"129","1","http://dbpedia.org/resource/Action-adventure_game"
"129","2","http://dbpedia.org/resource/Xbox_360"
"8","1","[http://dbpedia.org/resource/Action-adventure_game, http://dbpedia.org/resource/Stealth_game, http://dbpedia.org/resource/Beat_'em_up]"
"9","1","http://dbpedia.org/resource/First-person_shooter"
"9","2","[http://dbpedia.org/resource/Microsoft_Windows, http://dbpedia.org/resource/OS_X, http://dbpedia.org/resource/PlayStation_3, http://dbpedia.org/resource/Cloud_computing, http://dbpedia.org/resource/Xbox_360]"
"20","1","http://dbpedia.org/resource/Vehicular_combat_game"
"20","2","http://dbpedia.org/resource/PlayStation_3"
"21","1","http://dbpedia.org/resource/Turn-based_strategy"
"21","2","[http://dbpedia.org/resource/PlayStation_3, http://dbpedia.org/resource/Nintendo_DS, http://dbpedia.org/resource/IOS, http://dbpedia.org/resource/Xbox_360, http://dbpedia.org/resource/Windows_Phone]"
"22","2","[http://dbpedia.org/resource/PlayStation_3, http://dbpedia.org/resource/Xbox_360, http://dbpedia.org/resource/PlayStation_2]"
"23","1","[http://dbpedia.org/resource/Action-adventure_game, http://dbpedia.org/resource/Hack_and_slash]"
"23","2","[http://dbpedia.org/resource/PlayStation_3, http://dbpedia.org/resource/Xbox_360]"
"24","1","[http://dbpedia.org/resource/Action_game, http://dbpedia.org/resource/Beat_'em_up]"
"24","2","[http://dbpedia.org/resource/PlayStation_3, http://dbpedia.org/resource/Xbox_360]"
"25","1","http://dbpedia.org/resource/Tactical_shooter"
"26","1","http://dbpedia.org/resource/Third-person_shooter"
"26","2","[http://dbpedia.org/resource/Microsoft_Windows, http://dbpedia.org/resource/PlayStation_3, http://dbpedia.org/resource/Xbox_360]"
"27","1","http://dbpedia.org/resource/Third-person_shooter"
"27","2","[http://dbpedia.org/resource/Microsoft_Windows, http://dbpedia.org/resource/PlayStation_3, http://dbpedia.org/resource/Xbox_360]"
"28","1","[http://dbpedia.org/resource/Action-adventure_game, http://dbpedia.org/resource/Hack_and_slash]"
"29","1","[http://dbpedia.org/resource/Survival_horror, http://dbpedia.org/resource/Third-person_shooter]"
"29","2","[http://dbpedia.org/resource/Microsoft_Windows, http://dbpedia.org/resource/PlayStation_3, http://dbpedia.org/resource/Xbox_360]"
"130","1","http://dbpedia.org/resource/Racing_video_game"
"130","2","[http://dbpedia.org/resource/Microsoft_Windows, http://dbpedia.org/resource/PlayStation_3, http://dbpedia.org/resource/PlayStation_Portable, http://dbpedia.org/resource/Xbox_360]"
"131","1","http://dbpedia.org/resource/Sports_game"
"131","2","[http://dbpedia.org/resource/Microsoft_Windows, http://dbpedia.org/resource/OS_X, http://dbpedia.org/resource/PlayStation_3, http://dbpedia.org/resource/Wii, http://dbpedia.org/resource/Nintendo_DS, http://dbpedia.org/resource/IOS, http://dbpedia.org/resource/PlayStation_Portable, http://dbpedia.org/resource/Xbox_360, http://dbpedia.org/resource/PlayStation_2]"
"132","1","http://dbpedia.org/resource/Survival_horror"
"132","2","[http://dbpedia.org/resource/Microsoft_Windows, http://dbpedia.org/resource/PlayStation_3, http://dbpedia.org/resource/Xbox_360]"
"133","1","http://dbpedia.org/resource/Survival_horror"
"133","2","[http://dbpedia.org/resource/Microsoft_Windows, http://dbpedia.org/resource/PlayStation_3, http://dbpedia.org/resource/Xbox_360]"
"134","1","http://dbpedia.org/resource/Sports_game"
"134","2","[http://dbpedia.org/resource/PlayStation_3, http://dbpedia.org/resource/Mobile_phone, http://dbpedia.org/resource/Xbox_360]"
"135","1","[http://dbpedia.org/resource/Action_game, http://dbpedia.org/resource/Third-person_shooter]"
"135","2","http://dbpedia.org/resource/PlayStation_3"
"136","1","http://dbpedia.org/resource/First-person_shooter"
"136","2","[http://dbpedia.org/resource/Microsoft_Windows, http://dbpedia.org/resource/PlayStation_3, http://dbpedia.org/resource/Xbox_360]"
"137","1","[http://dbpedia.org/resource/Action-adventure_game, http://dbpedia.org/resource/Platform_game]"
"137","2","[http://dbpedia.org/resource/PlayStation_3, http://dbpedia.org/resource/Xbox_360]"
"138","1","http://dbpedia.org/resource/Action_game"
"138","2","[http://dbpedia.org/resource/Game_Boy_Advance, http://dbpedia.org/resource/Microsoft_Windows, http://dbpedia.org/resource/PlayStation_3, http://dbpedia.org/resource/Wii, http://dbpedia.org/resource/Handheld_TV_game, http://dbpedia.org/resource/Nintendo_DS, http://dbpedia.org/resource/Xbox, http://dbpedia.org/resource/GameCube, http://dbpedia.org/resource/Mobile_phone, http://dbpedia.org/resource/PlayStation_Portable, http://dbpedia.org/resource/Xbox_360, http://dbpedia.org/resource/PlayStation_2]"
"139","1","[http://dbpedia.org/resource/Action-adventure_game, http://dbpedia.org/resource/Platform_game, http://dbpedia.org/resource/Beat_'em_up]"
"139","2","[http://dbpedia.org/resource/Microsoft_Windows, http://dbpedia.org/resource/PlayStation_3, http://dbpedia.org/resource/Wii, http://dbpedia.org/resource/Nintendo_DS, http://dbpedia.org/resource/PlayStation_Portable, http://dbpedia.org/resource/Xbox_360, http://dbpedia.org/resource/PlayStation_2]"
"30","1","http://dbpedia.org/resource/Action-adventure_game"
"30","2","[http://dbpedia.org/resource/PlayStation_3, http://dbpedia.org/resource/Xbox_360]"
"32","1","http://dbpedia.org/resource/Racing_video_game"
"32","2","[http://dbpedia.org/resource/Microsoft_Windows, http://dbpedia.org/resource/PlayStation_3, http://dbpedia.org/resource/Xbox_360]"
"33","1","[http://dbpedia.org/resource/Music_video_game, http://dbpedia.org/resource/Rhythm_game]"
"33","2","[http://dbpedia.org/resource/PlayStation_3, http://dbpedia.org/resource/Wii, http://dbpedia.org/resource/Xbox_360, http://dbpedia.org/resource/PlayStation_2]"
"34","1","[http://dbpedia.org/resource/Action_game, http://dbpedia.org/resource/Beat_'Em_Up, http://dbpedia.org/resource/Hack_and_slash, http://dbpedia.org/resource/Beat_'em_up]"
"34","2","[http://dbpedia.org/resource/Microsoft_Windows, http://dbpedia.org/resource/PlayStation_3, http://dbpedia.org/resource/PlayStation_Portable, http://dbpedia.org/resource/Xbox_360, http://dbpedia.org/resource/PlayStation_2]"
"35","1","http://dbpedia.org/resource/Role-playing_video_game"
"35","2","[http://dbpedia.org/resource/PlayStation_3, http://dbpedia.org/resource/Xbox_360]"
"36","1","http://dbpedia.org/resource/First-person_shooter"
"37","1","http://dbpedia.org/resource/Sports_game"
"37","2","[http://dbpedia.org/resource/PlayStation_3, http://dbpedia.org/resource/Wii, http://dbpedia.org/resource/Xbox_360]"
"38","1","http://dbpedia.org/resource/Action_role-playing_game"
"38","2","[http://dbpedia.org/resource/Microsoft_Windows, http://dbpedia.org/resource/PlayStation_3, http://dbpedia.org/resource/Xbox_360]"
"39","1","http://dbpedia.org/resource/Virtual_camera_system"
"39","2","[http://dbpedia.org/resource/PlayStation_3, http://dbpedia.org/resource/Wii, http://dbpedia.org/resource/Nintendo_DS, http://dbpedia.org/resource/Xbox_360, http://dbpedia.org/resource/PlayStation_2]"
"140","1","http://dbpedia.org/resource/Action-adventure_game"
"140","2","[http://dbpedia.org/resource/Microsoft_Windows, http://dbpedia.org/resource/OS_X, http://dbpedia.org/resource/PlayStation_3, http://dbpedia.org/resource/Wii, http://dbpedia.org/resource/Nintendo_DS, http://dbpedia.org/resource/Mobile_phone, http://dbpedia.org/resource/IOS, http://dbpedia.org/resource/N-Gage_(service), http://dbpedia.org/resource/PlayStation_Portable, http://dbpedia.org/resource/Xbox_360, http://dbpedia.org/resource/PlayStation_2]"
"141","1","http://dbpedia.org/resource/Fighting_game"
"141","2","[http://dbpedia.org/resource/Microsoft_Windows, http://dbpedia.org/resource/PlayStation_3, http://dbpedia.org/resource/Arcade_game, http://dbpedia.org/resource/IOS, http://dbpedia.org/resource/Xbox_360]"
"142","1","http://dbpedia.org/resource/Fighting_game"
"142","2","[http://dbpedia.org/resource/Microsoft_Windows, http://dbpedia.org/resource/PlayStation_3, http://dbpedia.org/resource/Arcade_game, http://dbpedia.org/resource/IOS, http://dbpedia.org/resource/Xbox_360]"
"143","1","[http://dbpedia.org/resource/Racing_video_game, http://dbpedia.org/resource/Action_game]"
"143","2","[http://dbpedia.org/resource/PlayStation_3, http://dbpedia.org/resource/Xbox_360, http://dbpedia.org/resource/PlayStation_2]"
"144","1","http://dbpedia.org/resource/Fighting_game"
"144","2","[http://dbpedia.org/resource/PlayStation_3, http://dbpedia.org/resource/Xbox_360]"
"145","1","http://dbpedia.org/resource/Sports_game"
"145","2","[http://dbpedia.org/resource/Game_Boy_Advance, http://dbpedia.org/resource/Microsoft_Windows, http://dbpedia.org/resource/OS_X, http://dbpedia.org/resource/PlayStation_3, http://dbpedia.org/resource/Wii, http://dbpedia.org/resource/Nintendo_DS, http://dbpedia.org/resource/GameCube, http://dbpedia.org/resource/PlayStation_Portable, http://dbpedia.org/resource/Xbox_360, http://dbpedia.org/resource/PlayStation_2]"
"146","1","[http://dbpedia.org/resource/Massively_multiplayer_online_game, http://dbpedia.org/resource/Stealth_game]"
"146","2","[http://dbpedia.org/resource/Microsoft_Windows, http://dbpedia.org/resource/PlayStation_3]"
"147","1","[http://dbpedia.org/resource/Baseball, http://dbpedia.org/resource/Sports_game]"
"147","2","[http://dbpedia.org/resource/PlayStation_3, http://dbpedia.org/resource/Wii, http://dbpedia.org/resource/PlayStation_Portable, http://dbpedia.org/resource/Xbox_360, http://dbpedia.org/resource/PlayStation_2]"
"148","1","[http://dbpedia.org/resource/Racing_video_game, http://dbpedia.org/resource/Action_game, http://dbpedia.org/resource/Stealth_game]"
"148","2","[http://dbpedia.org/resource/PlayStation_3, http://dbpedia.org/resource/Xbox_360]"
"149","1","[http://dbpedia.org/resource/Role-playing_game, http://dbpedia.org/resource/Action-adventure_game]"
"149","2","[http://dbpedia.org/resource/Microsoft_Windows, http://dbpedia.org/resource/PlayStation_3, http://dbpedia.org/resource/Wii, http://dbpedia.org/resource/Nintendo_DS, http://dbpedia.org/resource/Xbox_360, http://dbpedia.org/resource/PlayStation_2]"
"40","1","http://dbpedia.org/resource/First-person_shooter"
"40","2","[http://dbpedia.org/resource/Microsoft_Windows, http://dbpedia.org/resource/PlayStation_3, http://dbpedia.org/resource/Xbox_360]"
"41","1","http://dbpedia.org/resource/Racing_video_game"
"41","2","[http://dbpedia.org/resource/PlayStation_3, http://dbpedia.org/resource/Xbox_360]"
"42","1","http://dbpedia.org/resource/Sports_game"
"42","2","[http://dbpedia.org/resource/Microsoft_Windows, http://dbpedia.org/resource/PlayStation_3, http://dbpedia.org/resource/Wii, http://dbpedia.org/resource/Nintendo_DS, http://dbpedia.org/resource/N-Gage_(service), http://dbpedia.org/resource/PlayStation_Portable, http://dbpedia.org/resource/Zeebo, http://dbpedia.org/resource/Xbox_360, http://dbpedia.org/resource/Mobile_game, http://dbpedia.org/resource/PlayStation_2]"
"43","1","http://dbpedia.org/resource/Sports_game"
"43","2","[http://dbpedia.org/resource/PlayStation_3, http://dbpedia.org/resource/Xbox_(console), http://dbpedia.org/resource/PlayStation_Portable, http://dbpedia.org/resource/Xbox_360, http://dbpedia.org/resource/PlayStation_2]"
"44","1","http://dbpedia.org/resource/Role-playing_video_game"
"44","2","[http://dbpedia.org/resource/PlayStation_3, http://dbpedia.org/resource/Xbox_360]"
"45","1","http://dbpedia.org/resource/Action_role-playing_game"
"45","2","http://dbpedia.org/resource/PlayStation_3"
"46","1","http://dbpedia.org/resource/Third-person_shooter"
"46","2","[http://dbpedia.org/resource/PlayStation_3, http://dbpedia.org/resource/Xbox_360]"
"47","1","http://dbpedia.org/resource/Vehicular_combat_game"
"47","2","[http://dbpedia.org/resource/PlayStation_3, http://dbpedia.org/resource/PlayStation_Portable]"
"48","1","[http://dbpedia.org/resource/Action-adventure_game, http://dbpedia.org/resource/Hack_and_slash]"
"48","2","http://dbpedia.org/resource/PlayStation_3"
"49","1","[http://dbpedia.org/resource/Action-adventure_game, http://dbpedia.org/resource/Third-person_shooter]"
"49","2","[http://dbpedia.org/resource/Microsoft_Windows, http://dbpedia.org/resource/PlayStation_3, http://dbpedia.org/resource/Wii, http://dbpedia.org/resource/Nintendo_DS, http://dbpedia.org/resource/PlayStation_Portable, http://dbpedia.org/resource/Xbox_360, http://dbpedia.org/resource/PlayStation_2, http://dbpedia.org/resource/OnLive]"
"150","1","[http://dbpedia.org/resource/Action-adventure_game, http://dbpedia.org/resource/Stealth_game, http://dbpedia.org/resource/First-person_shooter]"
"150","2","[http://dbpedia.org/resource/Microsoft_Windows, http://dbpedia.org/resource/OS_X, http://dbpedia.org/resource/PlayStation_3, http://dbpedia.org/resource/Xbox_360]"
"151","1","http://dbpedia.org/resource/Third-person_shooter"
"151","2","[http://dbpedia.org/resource/Microsoft_Windows, http://dbpedia.org/resource/PlayStation_3, http://dbpedia.org/resource/Xbox_360]"
"152","1","http://dbpedia.org/resource/First-person_shooter"
"152","2","[http://dbpedia.org/resource/PlayStation_3, http://dbpedia.org/resource/Xbox_360]"
"153","1","http://dbpedia.org/resource/Action_role-playing_game"
"153","2","[http://dbpedia.org/resource/Microsoft_Windows, http://dbpedia.org/resource/PlayStation_3, http://dbpedia.org/resource/Mobile_phone, http://dbpedia.org/resource/Xbox_360]"
"154","1","http://dbpedia.org/resource/Action-adventure_game"
"154","2","[http://dbpedia.org/resource/Microsoft_Windows, http://dbpedia.org/resource/PlayStation_3, http://dbpedia.org/resource/Wii, http://dbpedia.org/resource/Xbox_(console), http://dbpedia.org/resource/PlayStation_Portable, http://dbpedia.org/resource/Xbox_360, http://dbpedia.org/resource/PlayStation_2]"
"155","1","[http://dbpedia.org/resource/Action_game, http://dbpedia.org/resource/Open_world]"
"155","2","[http://dbpedia.org/resource/Microsoft_Windows, http://dbpedia.org/resource/PlayStation_3, http://dbpedia.org/resource/Wii, http://dbpedia.org/resource/Nintendo_DS, http://dbpedia.org/resource/Xbox_360, http://dbpedia.org/resource/PlayStation_2]"
"156","1","[http://dbpedia.org/resource/Puzzle_video_game, http://dbpedia.org/resource/Product_bundling, http://dbpedia.org/resource/First-person_shooter]"
"156","2","[http://dbpedia.org/resource/Microsoft_Windows, http://dbpedia.org/resource/OS_X, http://dbpedia.org/resource/PlayStation_3, http://dbpedia.org/resource/Linux, http://dbpedia.org/resource/Xbox_360]"
"157","1","[http://dbpedia.org/resource/Action_game, http://dbpedia.org/resource/Platform_game]"
"157","2","[http://dbpedia.org/resource/Dreamcast, http://dbpedia.org/resource/Game_Boy_Advance, http://dbpedia.org/resource/Nintendo_64, http://dbpedia.org/resource/PlayStation_3, http://dbpedia.org/resource/Wii, http://dbpedia.org/resource/Nintendo_DS, http://dbpedia.org/resource/Personal_computer, http://dbpedia.org/resource/GameCube, http://dbpedia.org/resource/Xbox_(console), http://dbpedia.org/resource/PlayStation_Portable, http://dbpedia.org/resource/Xbox_360, http://dbpedia.org/resource/PlayStation_2]"
"158","1","http://dbpedia.org/resource/Sports_game"
"158","2","[http://dbpedia.org/resource/PlayStation_3, http://dbpedia.org/resource/Wii, http://dbpedia.org/resource/Personal_computer, http://dbpedia.org/resource/Xbox_(console), http://dbpedia.org/resource/PlayStation_Portable, http://dbpedia.org/resource/Xbox_360, http://dbpedia.org/resource/PlayStation_2]"
"159","1","http://dbpedia.org/resource/Sports_game"
"159","2","[http://dbpedia.org/resource/Microsoft_Windows, http://dbpedia.org/resource/OS_X, http://dbpedia.org/resource/PlayStation_3, http://dbpedia.org/resource/Wii, http://dbpedia.org/resource/Nintendo_DS, http://dbpedia.org/resource/PlayStation_Portable, http://dbpedia.org/resource/Xbox_360, http://dbpedia.org/resource/PlayStation_2]"
"50","1","[http://dbpedia.org/resource/Action-adventure_game, http://dbpedia.org/resource/Hack_and_slash]"
"50","2","http://dbpedia.org/resource/PlayStation_3"
"51","1","[http://dbpedia.org/resource/Action-adventure_game, http://dbpedia.org/resource/Hack_and_slash]"
"51","2","http://dbpedia.org/resource/PlayStation_3"
"52","1","http://dbpedia.org/resource/Racing_video_game"
"52","2","http://dbpedia.org/resource/PlayStation_3"
"53","1","[http://dbpedia.org/resource/Action-adventure_game, http://dbpedia.org/resource/Open_world]"
"53","2","[http://dbpedia.org/resource/Microsoft_Windows, http://dbpedia.org/resource/PlayStation_3, http://dbpedia.org/resource/Xbox_360]"
"54","1","[http://dbpedia.org/resource/Music_video_game, http://dbpedia.org/resource/Rhythm_game]"
"54","2","[http://dbpedia.org/resource/Microsoft_Windows, http://dbpedia.org/resource/OS_X, http://dbpedia.org/resource/PlayStation_3, http://dbpedia.org/resource/Wii, http://dbpedia.org/resource/Xbox_360, http://dbpedia.org/resource/PlayStation_2]"
"55","1","[http://dbpedia.org/resource/Music_video_game, http://dbpedia.org/resource/Rhythm_game]"
"55","2","[http://dbpedia.org/resource/Microsoft_Windows, http://dbpedia.org/resource/OS_X, http://dbpedia.org/resource/PlayStation_3, http://dbpedia.org/resource/Wii, http://dbpedia.org/resource/Xbox_360, http://dbpedia.org/resource/PlayStation_2]"
"56","1","[http://dbpedia.org/resource/Music_video_game, http://dbpedia.org/resource/Rhythm_game]"
"56","2","[http://dbpedia.org/resource/Microsoft_Windows, http://dbpedia.org/resource/OS_X, http://dbpedia.org/resource/PlayStation_3, http://dbpedia.org/resource/Wii, http://dbpedia.org/resource/Xbox_360, http://dbpedia.org/resource/PlayStation_2]"
"57","1","[http://dbpedia.org/resource/Music_video_game, http://dbpedia.org/resource/Rhythm_game]"
"57","2","[http://dbpedia.org/resource/PlayStation_3, http://dbpedia.org/resource/Wii, http://dbpedia.org/resource/Xbox_360, http://dbpedia.org/resource/PlayStation_2]"
"58","1","http://dbpedia.org/resource/Action-adventure_game"
"58","2","[http://dbpedia.org/resource/Game_Boy_Advance, http://dbpedia.org/resource/Microsoft_Windows, http://dbpedia.org/resource/OS_X, http://dbpedia.org/resource/PlayStation_3, http://dbpedia.org/resource/Wii, http://dbpedia.org/resource/Nintendo_DS, http://dbpedia.org/resource/PlayStation_Portable, http://dbpedia.org/resource/Xbox_360, http://dbpedia.org/resource/PlayStation_2]"
"59","1","http://dbpedia.org/resource/First-person_shooter"
"59","2","http://dbpedia.org/resource/PlayStation_3"
"160","1","http://dbpedia.org/resource/Sports_game"
"160","2","[http://dbpedia.org/resource/PlayStation_3, http://dbpedia.org/resource/Wii, http://dbpedia.org/resource/IOS, http://dbpedia.org/resource/PlayStation_Portable, http://dbpedia.org/resource/Xbox_360, http://dbpedia.org/resource/PlayStation_2]"
"161","1","[http://dbpedia.org/resource/Light_gun_shooter, http://dbpedia.org/resource/First-person_shooter]"
"161","2","[http://dbpedia.org/resource/PlayStation_3, http://dbpedia.org/resource/Arcade_game]"
"162","1","http://dbpedia.org/resource/First-person_shooter"
"162","2","[http://dbpedia.org/resource/Microsoft_Windows, http://dbpedia.org/resource/PlayStation_3, http://dbpedia.org/resource/Xbox_360]"
"163","1","http://dbpedia.org/resource/Fighting_game"
"163","2","[http://dbpedia.org/resource/PlayStation_3, http://dbpedia.org/resource/Wii, http://dbpedia.org/resource/Xbox_360, http://dbpedia.org/resource/PlayStation_2]"
"164","1","http://dbpedia.org/resource/Tactical_shooter"
"164","2","[http://dbpedia.org/resource/Microsoft_Windows, http://dbpedia.org/resource/PlayStation_3, http://dbpedia.org/resource/PlayStation_Portable, http://dbpedia.org/resource/Xbox_360]"
"165","1","[http://dbpedia.org/resource/Tactical_shooter, http://dbpedia.org/resource/First-person_shooter]"
"165","2","[http://dbpedia.org/resource/Microsoft_Windows, http://dbpedia.org/resource/PlayStation_3, http://dbpedia.org/resource/Mobile_phone, http://dbpedia.org/resource/PlayStation_Portable, http://dbpedia.org/resource/Xbox_360]"
"166","1","[http://dbpedia.org/resource/Tactical_shooter, http://dbpedia.org/resource/First-person_shooter]"
"166","2","[http://dbpedia.org/resource/Microsoft_Windows, http://dbpedia.org/resource/PlayStation_3, http://dbpedia.org/resource/Xbox_360]"
"167","1","http://dbpedia.org/resource/Action-adventure_game"
"167","2","[http://dbpedia.org/resource/Microsoft_Windows, http://dbpedia.org/resource/OS_X, http://dbpedia.org/resource/PlayStation_3, http://dbpedia.org/resource/Wii, http://dbpedia.org/resource/Nintendo_DS, http://dbpedia.org/resource/N-Gage_(service), http://dbpedia.org/resource/Xbox_360, http://dbpedia.org/resource/PlayStation_2]"
"168","1","http://dbpedia.org/resource/Extreme_sport"
"168","2","[http://dbpedia.org/resource/PlayStation_3, http://dbpedia.org/resource/Xbox_(console), http://dbpedia.org/resource/PlayStation_Portable, http://dbpedia.org/resource/Xbox_360, http://dbpedia.org/resource/PlayStation_2]"
"169","1","http://dbpedia.org/resource/Extreme_sport"
"169","2","[http://dbpedia.org/resource/PlayStation_3, http://dbpedia.org/resource/Wii, http://dbpedia.org/resource/Nintendo_DS, http://dbpedia.org/resource/Xbox_360, http://dbpedia.org/resource/PlayStation_2]"
"60","1","[http://dbpedia.org/resource/Action-adventure_game, http://dbpedia.org/resource/Hack_and_slash]"
"60","2","http://dbpedia.org/resource/PlayStation_3"
"61","1","[http://dbpedia.org/resource/Action-adventure_game, http://dbpedia.org/resource/Interactive_movie]"
"61","2","http://dbpedia.org/resource/PlayStation_3"
"62","1","http://dbpedia.org/resource/Action_game"
"62","2","[http://dbpedia.org/resource/PlayStation_3, http://dbpedia.org/resource/PlayStation_Portable, http://dbpedia.org/resource/Xbox_360]"
"63","1","http://dbpedia.org/resource/Sports_game"
"63","2","http://dbpedia.org/resource/PlayStation_3"
"64","1","http://dbpedia.org/resource/Action-adventure_game"
"64","2","http://dbpedia.org/resource/PlayStation_3"
"65","1","http://dbpedia.org/resource/Action_game"
"65","2","[http://dbpedia.org/resource/Microsoft_Windows, http://dbpedia.org/resource/PlayStation_3, http://dbpedia.org/resource/Wii, http://dbpedia.org/resource/Nintendo_DS, http://dbpedia.org/resource/Mobile_phone, http://dbpedia.org/resource/PlayStation_Portable, http://dbpedia.org/resource/Xbox_360, http://dbpedia.org/resource/PlayStation_2]"
"66","1","[http://dbpedia.org/resource/Action-adventure_game, http://dbpedia.org/resource/First-person_shooter, http://dbpedia.org/resource/Third-person_shooter]"
"66","2","[http://dbpedia.org/resource/Microsoft_Windows, http://dbpedia.org/resource/PlayStation_3, http://dbpedia.org/resource/Wii, http://dbpedia.org/resource/Nintendo_DS, http://dbpedia.org/resource/Xbox_360, http://dbpedia.org/resource/PlayStation_2]"
"67","1","[http://dbpedia.org/resource/Psychological_horror, http://dbpedia.org/resource/First-person_shooter]"
"67","2","[http://dbpedia.org/resource/Microsoft_Windows, http://dbpedia.org/resource/PlayStation_3, http://dbpedia.org/resource/Xbox_360]"
"68","1","[http://dbpedia.org/resource/Action_game, http://dbpedia.org/resource/Third-person_shooter]"
"68","2","[http://dbpedia.org/resource/Microsoft_Windows, http://dbpedia.org/resource/PlayStation_3, http://dbpedia.org/resource/Xbox_360]"
"69","1","http://dbpedia.org/resource/Racing_video_game"
"69","2","[http://dbpedia.org/resource/Microsoft_Windows, http://dbpedia.org/resource/PlayStation_3, http://dbpedia.org/resource/Nintendo_DS, http://dbpedia.org/resource/PlayStation_Portable, http://dbpedia.org/resource/Xbox_360, http://dbpedia.org/resource/PlayStation_2]"
"170","1","http://dbpedia.org/resource/Sports_game"
"170","2","[http://dbpedia.org/resource/PlayStation_3, http://dbpedia.org/resource/Wii, http://dbpedia.org/resource/Nintendo_DS, http://dbpedia.org/resource/Xbox_360]"
"171","1","http://dbpedia.org/resource/Third-person_shooter"
"171","2","[http://dbpedia.org/resource/Microsoft_Windows, http://dbpedia.org/resource/PlayStation_3, http://dbpedia.org/resource/Wii, http://dbpedia.org/resource/Nintendo_DS, http://dbpedia.org/resource/PlayStation_Portable, http://dbpedia.org/resource/Xbox_360, http://dbpedia.org/resource/PlayStation_2]"
"172","1","http://dbpedia.org/resource/First-person_shooter"
"172","2","[http://dbpedia.org/resource/Microsoft_Windows, http://dbpedia.org/resource/PlayStation_3, http://dbpedia.org/resource/Xbox_360]"
"173","1","http://dbpedia.org/resource/First-person_shooter"
"173","2","[http://dbpedia.org/resource/Microsoft_Windows, http://dbpedia.org/resource/PlayStation_3, http://dbpedia.org/resource/Xbox_360]"
"174","1","[http://dbpedia.org/resource/Action-adventure_game, http://dbpedia.org/resource/Platform_game, http://dbpedia.org/resource/Third-person_shooter]"
"174","2","http://dbpedia.org/resource/PlayStation_3"
"175","1","[http://dbpedia.org/resource/Action-adventure_game, http://dbpedia.org/resource/Platform_game, http://dbpedia.org/resource/Third-person_shooter]"
"175","2","http://dbpedia.org/resource/PlayStation_3"
"176","1","http://dbpedia.org/resource/First-person_shooter"
"176","2","[http://dbpedia.org/resource/Microsoft_Windows, http://dbpedia.org/resource/PlayStation_3, http://dbpedia.org/resource/Cloud_computing, http://dbpedia.org/resource/Xbox_360]"
"177","1","[http://dbpedia.org/resource/Action_role-playing_game, http://dbpedia.org/resource/Hack_and_slash]"
"177","2","http://dbpedia.org/resource/PlayStation_3"
"178","1","[http://dbpedia.org/resource/Action-adventure_game, http://dbpedia.org/resource/Hack_and_slash]"
"178","2","[http://dbpedia.org/resource/Microsoft_Windows, http://dbpedia.org/resource/PlayStation_3, http://dbpedia.org/resource/Xbox_360]"
"179","1","http://dbpedia.org/resource/Fighting_game"
"179","2","[http://dbpedia.org/resource/PlayStation_3, http://dbpedia.org/resource/Arcade_game, http://dbpedia.org/resource/Xbox_360]"
"70","1","http://dbpedia.org/resource/Third-person_shooter"
"71","1","http://dbpedia.org/resource/First-person_shooter"
"71","2","http://dbpedia.org/resource/PlayStation_3"
"72","1","http://dbpedia.org/resource/Action_game"
"72","2","http://dbpedia.org/resource/PlayStation_3"
"73","1","http://dbpedia.org/resource/First-person_shooter"
"73","2","[http://dbpedia.org/resource/Microsoft_Windows, http://dbpedia.org/resource/PlayStation_3, http://dbpedia.org/resource/Xbox_360]"
"74","1","http://dbpedia.org/resource/Action-adventure_game"
"76","1","http://dbpedia.org/resource/Third-person_shooter"
"76","2","[http://dbpedia.org/resource/Microsoft_Windows, http://dbpedia.org/resource/PlayStation_3, http://dbpedia.org/resource/Xbox_360]"
"77","1","http://dbpedia.org/resource/Action-adventure_game"
"77","2","[http://dbpedia.org/resource/Microsoft_Windows, http://dbpedia.org/resource/PlayStation_3, http://dbpedia.org/resource/Xbox_360]"
"78","1","http://dbpedia.org/resource/Sports_game"
"78","2","[http://dbpedia.org/resource/Game_Boy_Advance, http://dbpedia.org/resource/Microsoft_Windows, http://dbpedia.org/resource/PlayStation_3, http://dbpedia.org/resource/Wii, http://dbpedia.org/resource/Nintendo_DS, http://dbpedia.org/resource/GameCube, http://dbpedia.org/resource/Xbox_(console), http://dbpedia.org/resource/PlayStation_Portable, http://dbpedia.org/resource/Xbox_360, http://dbpedia.org/resource/PlayStation_2]"
"79","1","http://dbpedia.org/resource/Sports_game"
"79","2","[http://dbpedia.org/resource/Microsoft_Windows, http://dbpedia.org/resource/OS_X, http://dbpedia.org/resource/PlayStation_3, http://dbpedia.org/resource/Wii, http://dbpedia.org/resource/Nintendo_DS, http://dbpedia.org/resource/GameCube, http://dbpedia.org/resource/Xbox_(console), http://dbpedia.org/resource/PlayStation_Portable, http://dbpedia.org/resource/Xbox_360, http://dbpedia.org/resource/PlayStation_2]"
"180","1","http://dbpedia.org/resource/Sports_game"
"180","2","[http://dbpedia.org/resource/Microsoft_Windows, http://dbpedia.org/resource/PlayStation_3, http://dbpedia.org/resource/Arcade_game, http://dbpedia.org/resource/PlayStation_Portable, http://dbpedia.org/resource/Xbox_360]"
"181","1","http://dbpedia.org/resource/Third-person_shooter"
"181","2","http://dbpedia.org/resource/PlayStation_3"
"182","1","[http://dbpedia.org/resource/Real-time_strategy, http://dbpedia.org/resource/Real-time_tactics]"
"182","2","http://dbpedia.org/resource/Microsoft_Windows"
"183","1","http://dbpedia.org/resource/Fighting_game"
"183","2","[http://dbpedia.org/resource/PlayStation_3, http://dbpedia.org/resource/Wii, http://dbpedia.org/resource/Nintendo_DS, http://dbpedia.org/resource/PlayStation_Portable, http://dbpedia.org/resource/Xbox_360, http://dbpedia.org/resource/Mobile_game, http://dbpedia.org/resource/PlayStation_2]"
"184","1","[http://dbpedia.org/resource/Action-adventure_game, http://dbpedia.org/resource/Hack_and_slash]"
"184","2","[http://dbpedia.org/resource/Microsoft_Windows, http://dbpedia.org/resource/PlayStation_3, http://dbpedia.org/resource/Wii, http://dbpedia.org/resource/Nintendo_DS, http://dbpedia.org/resource/PlayStation_Portable, http://dbpedia.org/resource/Xbox_360, http://dbpedia.org/resource/PlayStation_2]"
"101","2","[http://dbpedia.org/resource/Microsoft_Windows, http://dbpedia.org/resource/PlayStation_3, http://dbpedia.org/resource/Wii, http://dbpedia.org/resource/Mobile_phone, http://dbpedia.org/resource/PlayStation_Portable, http://dbpedia.org/resource/Xbox_360, http://dbpedia.org/resource/PlayStation_2]"
"102","1","http://dbpedia.org/resource/Sport"
"102","2","[http://dbpedia.org/resource/PlayStation_3, http://dbpedia.org/resource/Wii, http://dbpedia.org/resource/PlayStation_Portable, http://dbpedia.org/resource/Xbox_360, http://dbpedia.org/resource/Mobile_game, http://dbpedia.org/resource/PlayStation_2]"
"103","1","http://dbpedia.org/resource/Sports_game"
"103","2","[http://dbpedia.org/resource/PlayStation_3, http://dbpedia.org/resource/PlayStation_Portable, http://dbpedia.org/resource/PlayStation_2]"
"104","1","[http://dbpedia.org/resource/Arcade_game, http://dbpedia.org/resource/Simulation, http://dbpedia.org/resource/Sport]"
"104","2","[http://dbpedia.org/resource/PlayStation_3, http://dbpedia.org/resource/PlayStation_Portable, http://dbpedia.org/resource/PlayStation_2]"
"105","1","[http://dbpedia.org/resource/Arcade_game, http://dbpedia.org/resource/Simulation, http://dbpedia.org/resource/Sport]"
"105","2","[http://dbpedia.org/resource/PlayStation_3, http://dbpedia.org/resource/PlayStation_Portable, http://dbpedia.org/resource/PlayStation_2]"
"106","1","http://dbpedia.org/resource/Sports_game"
"106","2","[http://dbpedia.org/resource/PlayStation_3, http://dbpedia.org/resource/Xbox_(console), http://dbpedia.org/resource/Xbox_360, http://dbpedia.org/resource/PlayStation_2]"
"107","1","[http://dbpedia.org/resource/Racing_video_game, http://dbpedia.org/resource/Open_world]"
"107","2","[http://dbpedia.org/resource/Game_Boy_Advance, http://dbpedia.org/resource/Microsoft_Windows, http://dbpedia.org/resource/OS_X, http://dbpedia.org/resource/PlayStation_3, http://dbpedia.org/resource/Wii, http://dbpedia.org/resource/Nintendo_DS, http://dbpedia.org/resource/Arcade_game, http://dbpedia.org/resource/GameCube, http://dbpedia.org/resource/Xbox_(console), http://dbpedia.org/resource/PlayStation_Portable, http://dbpedia.org/resource/Zeebo, http://dbpedia.org/resource/Xbox_360, http://dbpedia.org/resource/Mobile_game, http://dbpedia.org/resource/PlayStation_2]"
"80","1","http://dbpedia.org/resource/American_football"
"80","2","[http://dbpedia.org/resource/PlayStation_3, http://dbpedia.org/resource/Wii, http://dbpedia.org/resource/Nintendo_DS, http://dbpedia.org/resource/Xbox_(console), http://dbpedia.org/resource/PlayStation_Portable, http://dbpedia.org/resource/Xbox_360, http://dbpedia.org/resource/PlayStation_2]"
"108","1","http://dbpedia.org/resource/Racing_video_game"
"108","2","[http://dbpedia.org/resource/Microsoft_Windows, http://dbpedia.org/resource/PlayStation_3, http://dbpedia.org/resource/Wii, http://dbpedia.org/resource/Nintendo_DS, http://dbpedia.org/resource/Mobile_phone, http://dbpedia.org/resource/PlayStation_Portable, http://dbpedia.org/resource/Xbox_360, http://dbpedia.org/resource/PlayStation_2]"
"81","1","http://dbpedia.org/resource/Sports_game"
"81","2","[http://dbpedia.org/resource/Game_Boy_Advance, http://dbpedia.org/resource/PlayStation_3, http://dbpedia.org/resource/Nintendo_DS, http://dbpedia.org/resource/Xbox_(console), http://dbpedia.org/resource/PlayStation_Portable, http://dbpedia.org/resource/Xbox_360, http://dbpedia.org/resource/PlayStation_2]"
"109","1","http://dbpedia.org/resource/Racing_video_game"
"109","2","[http://dbpedia.org/resource/Microsoft_Windows, http://dbpedia.org/resource/PlayStation_3, http://dbpedia.org/resource/Wii, http://dbpedia.org/resource/Nintendo_DS, http://dbpedia.org/resource/IOS, http://dbpedia.org/resource/WebOS, http://dbpedia.org/resource/PlayStation_Portable, http://dbpedia.org/resource/Xbox_360, http://dbpedia.org/resource/Windows_Phone, http://dbpedia.org/resource/BlackBerry_Tablet_OS, http://dbpedia.org/resource/PlayStation_2, http://dbpedia.org/resource/Symbian]"
"82","1","http://dbpedia.org/resource/Sports_game"
"82","2","[http://dbpedia.org/resource/PlayStation_3, http://dbpedia.org/resource/Wii, http://dbpedia.org/resource/PlayStation_Portable, http://dbpedia.org/resource/Xbox_360, http://dbpedia.org/resource/PlayStation_2]"
"83","1","http://dbpedia.org/resource/Action_role-playing_game"
"83","2","[http://dbpedia.org/resource/Game_Boy_Advance, http://dbpedia.org/resource/Microsoft_Windows, http://dbpedia.org/resource/PlayStation_3, http://dbpedia.org/resource/Wii, http://dbpedia.org/resource/Xbox_(console), http://dbpedia.org/resource/PlayStation_Portable, http://dbpedia.org/resource/Xbox_360, http://dbpedia.org/resource/PlayStation_2]"
"84","1","http://dbpedia.org/resource/Action_role-playing_game"
"84","2","[http://dbpedia.org/resource/PlayStation_3, http://dbpedia.org/resource/Wii, http://dbpedia.org/resource/Nintendo_DS, http://dbpedia.org/resource/PlayStation_Portable, http://dbpedia.org/resource/Xbox_360, http://dbpedia.org/resource/PlayStation_2]"
"85","1","http://dbpedia.org/resource/First-person_shooter"
"85","2","[http://dbpedia.org/resource/Microsoft_Windows, http://dbpedia.org/resource/PlayStation_3, http://dbpedia.org/resource/Xbox_360]"
"86","1","http://dbpedia.org/resource/Action-adventure_game"
"86","2","[http://dbpedia.org/resource/Microsoft_Windows, http://dbpedia.org/resource/PlayStation_3, http://dbpedia.org/resource/Xbox_360, http://dbpedia.org/resource/PlayStation_2]"
"87","1","[http://dbpedia.org/resource/Action_game, http://dbpedia.org/resource/Stealth_game]"
"87","2","http://dbpedia.org/resource/PlayStation_3"
