"230","1","http://dbpedia.org/resource/Puzzle_video_game"
"352","1","http://dbpedia.org/resource/Sports_game"
"231","1","http://dbpedia.org/resource/Flight_simulator"
"110","1","http://dbpedia.org/resource/Action_game"
"232","1","http://dbpedia.org/resource/Racing_video_game"
"353","1","[http://dbpedia.org/resource/Action_game, http://dbpedia.org/resource/Platform_game]"
"111","1","http://dbpedia.org/resource/Music_video_game"
"354","1","http://dbpedia.org/resource/Shoot_'em_up"
"112","1","http://dbpedia.org/resource/Role-playing_video_game"
"234","1","[http://dbpedia.org/resource/Adventure_game, http://dbpedia.org/resource/Arcade_game]"
"355","1","http://dbpedia.org/resource/Action-adventure_game"
"113","1","http://dbpedia.org/resource/Puzzle_video_game"
"114","1","[http://dbpedia.org/resource/Dungeon_crawl, http://dbpedia.org/resource/Action_role-playing_game]"
"235","1","http://dbpedia.org/resource/Racing_video_game"
"357","1","http://dbpedia.org/resource/Adventure"
"238","1","[http://dbpedia.org/resource/Action-adventure_game, http://dbpedia.org/resource/Stealth_game]"
"359","1","http://dbpedia.org/resource/Racing_video_game"
"119","1","[http://dbpedia.org/resource/Action_game, http://dbpedia.org/resource/Shoot_'em_up]"
"10","1","http://dbpedia.org/resource/Nonogram"
"11","1","http://dbpedia.org/resource/Role-playing_video_game"
"12","1","http://dbpedia.org/resource/Platform_game"
"13","1","http://dbpedia.org/resource/First-person_shooter"
"14","1","http://dbpedia.org/resource/Role-playing_video_game"
"15","1","http://dbpedia.org/resource/Role-playing_video_game"
"16","1","http://dbpedia.org/resource/Music_video_game"
"17","1","http://dbpedia.org/resource/Social_simulation_game"
"18","1","http://dbpedia.org/resource/Action_role-playing_game"
"19","1","http://dbpedia.org/resource/List_of_artificial_pet_games"
"361","1","[http://dbpedia.org/resource/Action-adventure_game, http://dbpedia.org/resource/Beat_'em_up]"
"240","1","http://dbpedia.org/resource/Sports_game"
"241","1","http://dbpedia.org/resource/Platform_game"
"362","1","http://dbpedia.org/resource/Shoot_'em_up"
"242","1","http://dbpedia.org/resource/Platform_game"
"121","1","http://dbpedia.org/resource/Action_role-playing_game"
"243","1","http://dbpedia.org/resource/Action_game"
"1","1","http://dbpedia.org/resource/Role-playing_video_game"
"2","1","http://dbpedia.org/resource/Racing_video_game"
"244","1","http://dbpedia.org/resource/Racing_video_game"
"123","1","http://dbpedia.org/resource/Action_role-playing_game"
"3","1","[http://dbpedia.org/resource/Platform_game, http://dbpedia.org/resource/Side-scrolling_video_game]"
"125","1","http://dbpedia.org/resource/Action_role-playing_game"
"4","1","http://dbpedia.org/resource/Turn-based_tactics"
"246","1","http://dbpedia.org/resource/Fighting_game"
"126","1","[http://dbpedia.org/resource/Action-adventure_game, http://dbpedia.org/resource/Platform_game]"
"247","1","[http://dbpedia.org/resource/Action-adventure_game, http://dbpedia.org/resource/First-person_shooter]"
"5","1","[http://dbpedia.org/resource/Action_game, http://dbpedia.org/resource/Platform_game]"
"368","1","http://dbpedia.org/resource/Role-playing_video_game"
"369","1","http://dbpedia.org/resource/Puzzle_video_game"
"127","1","http://dbpedia.org/resource/Breakout_clone"
"6","1","http://dbpedia.org/resource/Music_video_game"
"7","1","http://dbpedia.org/resource/Platform_game"
"128","1","http://dbpedia.org/resource/Puzzle_video_game"
"249","1","http://dbpedia.org/resource/Action_game"
"8","1","http://dbpedia.org/resource/Puzzle_video_game"
"9","1","http://dbpedia.org/resource/Puzzle_video_game"
"20","1","http://dbpedia.org/resource/Puzzle_video_game"
"21","1","http://dbpedia.org/resource/List_of_artificial_pet_games"
"22","1","http://dbpedia.org/resource/List_of_artificial_pet_games"
"23","1","http://dbpedia.org/resource/Puzzle_video_game"
"24","1","http://dbpedia.org/resource/Tactical_role-playing_game"
"25","1","http://dbpedia.org/resource/Real-time_strategy"
"26","1","http://dbpedia.org/resource/Action-adventure_game"
"27","1","http://dbpedia.org/resource/Extreme_sport"
"28","1","http://dbpedia.org/resource/Puzzle_video_game"
"29","1","http://dbpedia.org/resource/Racing_video_game"
"370","1","[http://dbpedia.org/resource/Strategy_game, http://dbpedia.org/resource/Artillery_game]"
"130","1","http://dbpedia.org/resource/Role-playing_video_game"
"372","1","http://dbpedia.org/resource/Sports_game"
"373","1","http://dbpedia.org/resource/Action_game"
"252","1","http://dbpedia.org/resource/Racing_video_game"
"132","1","http://dbpedia.org/resource/Real-time_tactics"
"375","1","http://dbpedia.org/resource/Combat_flight_simulator"
"254","1","http://dbpedia.org/resource/Platform_game"
"133","1","http://dbpedia.org/resource/Racing_video_game"
"376","1","http://dbpedia.org/resource/Puzzle_video_game"
"255","1","http://dbpedia.org/resource/Sports_game"
"135","1","http://dbpedia.org/resource/Sports_game"
"377","1","http://dbpedia.org/resource/City-building_game"
"256","1","http://dbpedia.org/resource/Music_video_game"
"136","1","http://dbpedia.org/resource/Simulation"
"257","1","http://dbpedia.org/resource/Racing_video_game"
"378","1","http://dbpedia.org/resource/Shooter_game"
"137","1","[http://dbpedia.org/resource/Platform_game, http://dbpedia.org/resource/Stealth_game]"
"138","1","http://dbpedia.org/resource/Action_game"
"259","1","http://dbpedia.org/resource/Role-playing_video_game"
"139","1","http://dbpedia.org/resource/Life_simulation_game"
"30","1","[http://dbpedia.org/resource/Visual_novel, http://dbpedia.org/resource/Simulation_game]"
"31","1","[http://dbpedia.org/resource/Action_game, http://dbpedia.org/resource/Platform_game]"
"32","1","[http://dbpedia.org/resource/Adventure_game, http://dbpedia.org/resource/Visual_novel]"
"33","1","http://dbpedia.org/resource/Puzzle_video_game"
"34","1","http://dbpedia.org/resource/Platform_game"
"35","1","http://dbpedia.org/resource/Pinball"
"36","1","http://dbpedia.org/resource/Action_game"
"37","1","[http://dbpedia.org/resource/Action_game, http://dbpedia.org/resource/Platform_game]"
"38","1","http://dbpedia.org/resource/Adventure_game"
"39","1","http://dbpedia.org/resource/Action-adventure_game"
"380","1","http://dbpedia.org/resource/Tactical_role-playing_game"
"381","1","http://dbpedia.org/resource/Platform_game"
"260","1","http://dbpedia.org/resource/Role-playing_video_game"
"382","1","http://dbpedia.org/resource/Action-adventure_game"
"140","1","[http://dbpedia.org/resource/Action-adventure_game, http://dbpedia.org/resource/Platform_game]"
"141","1","http://dbpedia.org/resource/Puzzle_video_game"
"262","1","http://dbpedia.org/resource/Virtual_camera_system"
"384","1","http://dbpedia.org/resource/Party_game"
"263","1","http://dbpedia.org/resource/Life_simulation_game"
"142","1","http://dbpedia.org/resource/Action-adventure_game"
"385","1","http://dbpedia.org/resource/Third-person_shooter"
"143","1","http://dbpedia.org/resource/Life_simulation_game"
"265","1","http://dbpedia.org/resource/Educational_entertainment"
"144","1","http://dbpedia.org/resource/Puzzle_video_game"
"266","1","http://dbpedia.org/resource/Puzzle_video_game"
"387","1","http://dbpedia.org/resource/Action-adventure_game"
"145","1","http://dbpedia.org/resource/Sports_game"
"267","1","http://dbpedia.org/resource/Simulation_game"
"388","1","[http://dbpedia.org/resource/Action_game, http://dbpedia.org/resource/Role-playing_video_game]"
"146","1","[http://dbpedia.org/resource/Minigame, http://dbpedia.org/resource/Simulation_game]"
"268","1","http://dbpedia.org/resource/Puzzle_video_game"
"389","1","http://dbpedia.org/resource/Construction_and_management_simulation"
"149","1","http://dbpedia.org/resource/Adventure_game"
"40","1","http://dbpedia.org/resource/Music_video_game"
"41","1","http://dbpedia.org/resource/City-building_game"
"42","1","http://dbpedia.org/resource/Role-playing_video_game"
"43","1","http://dbpedia.org/resource/Puzzle_video_game"
"44","1","[http://dbpedia.org/resource/Action-adventure_game, http://dbpedia.org/resource/Simulation_video_game]"
"45","1","http://dbpedia.org/resource/Puzzle_video_game"
"46","1","http://dbpedia.org/resource/Sports_game"
"47","1","http://dbpedia.org/resource/Graphic_adventure_game"
"48","1","http://dbpedia.org/resource/Platform_game"
"49","1","http://dbpedia.org/resource/Racing_video_game"
"390","1","http://dbpedia.org/resource/Puzzle_video_game"
"270","1","[http://dbpedia.org/resource/Strategy_game, http://dbpedia.org/resource/Artillery_game]"
"392","1","[http://dbpedia.org/resource/Turn-based_strategy, http://dbpedia.org/resource/Real-time_tactics]"
"271","1","http://dbpedia.org/resource/Puzzle_video_game"
"150","1","[http://dbpedia.org/resource/Action-adventure_game, http://dbpedia.org/resource/Hack_and_slash]"
"151","1","http://dbpedia.org/resource/Action-adventure_game"
"272","1","http://dbpedia.org/resource/Music_video_game"
"152","1","http://dbpedia.org/resource/Action_game"
"394","1","http://dbpedia.org/resource/Educational_game"
"273","1","http://dbpedia.org/resource/Action_role-playing_game"
"153","1","[http://dbpedia.org/resource/Real-time_strategy, http://dbpedia.org/resource/Role-playing_video_game]"
"274","1","http://dbpedia.org/resource/Action_role-playing_game"
"395","1","http://dbpedia.org/resource/Sports_game"
"396","1","http://dbpedia.org/resource/Collectible_card_game"
"154","1","http://dbpedia.org/resource/Action_game"
"397","1","http://dbpedia.org/resource/Action-adventure_game"
"155","1","http://dbpedia.org/resource/Platform_game"
"276","1","http://dbpedia.org/resource/Action_role-playing_game"
"277","1","[http://dbpedia.org/resource/Racing_video_game, http://dbpedia.org/resource/Role-playing_video_game]"
"156","1","http://dbpedia.org/resource/Minigame"
"398","1","http://dbpedia.org/resource/Action-adventure_game"
"157","1","http://dbpedia.org/resource/First-person_shooter"
"278","1","[http://dbpedia.org/resource/Simulation, http://dbpedia.org/resource/Role-playing_video_game]"
"279","1","http://dbpedia.org/resource/Sports_game"
"158","1","http://dbpedia.org/resource/Platform_game"
"50","1","[http://dbpedia.org/resource/Action_game, http://dbpedia.org/resource/Platform_game]"
"51","1","http://dbpedia.org/resource/Role-playing_video_game"
"52","1","http://dbpedia.org/resource/Beat_'em_up"
"53","1","[http://dbpedia.org/resource/Action_game, http://dbpedia.org/resource/Puzzle_video_game]"
"54","1","[http://dbpedia.org/resource/Platform_game, http://dbpedia.org/resource/Puzzle_video_game]"
"56","1","http://dbpedia.org/resource/Role-playing_video_game"
"57","1","http://dbpedia.org/resource/Action_game"
"58","1","http://dbpedia.org/resource/List_of_artificial_pet_games"
"59","1","[http://dbpedia.org/resource/Action_game, http://dbpedia.org/resource/Platform_game]"
"280","1","http://dbpedia.org/resource/Real-time_strategy"
"160","1","http://dbpedia.org/resource/Role-playing_video_game"
"161","1","http://dbpedia.org/resource/Real-time_tactics"
"162","1","http://dbpedia.org/resource/Action_role-playing_game"
"163","1","http://dbpedia.org/resource/Adventure_game"
"284","1","http://dbpedia.org/resource/Adventure_game"
"164","1","http://dbpedia.org/resource/Party_game"
"285","1","http://dbpedia.org/resource/Action_game"
"165","1","http://dbpedia.org/resource/Sports_game"
"287","1","http://dbpedia.org/resource/Sports_game"
"166","1","http://dbpedia.org/resource/Puzzle"
"288","1","http://dbpedia.org/resource/First-person_shooter"
"167","1","http://dbpedia.org/resource/Puzzle_video_game"
"168","1","http://dbpedia.org/resource/Sports_game"
"169","1","http://dbpedia.org/resource/Turn-based_strategy"
"60","1","[http://dbpedia.org/resource/Action_game, http://dbpedia.org/resource/Platform_game]"
"61","1","http://dbpedia.org/resource/Action_role-playing_game"
"62","1","http://dbpedia.org/resource/Action-adventure_game"
"63","1","http://dbpedia.org/resource/Puzzle_video_game"
"64","1","[http://dbpedia.org/resource/Racing_video_game, http://dbpedia.org/resource/Open_world]"
"65","1","http://dbpedia.org/resource/Tactical_role-playing_game"
"66","1","http://dbpedia.org/resource/Puzzle_video_game"
"68","1","http://dbpedia.org/resource/Role-playing_video_game"
"69","1","[http://dbpedia.org/resource/Adventure_game, http://dbpedia.org/resource/Dating_sim]"
"290","1","http://dbpedia.org/resource/Adventure_game"
"170","1","http://dbpedia.org/resource/Side-scrolling_video_game"
"292","1","http://dbpedia.org/resource/Combat"
"172","1","http://dbpedia.org/resource/Card_game"
"293","1","[http://dbpedia.org/resource/Action_game, http://dbpedia.org/resource/Party_game, http://dbpedia.org/resource/Real-time_strategy, http://dbpedia.org/resource/Simulation_game]"
"294","1","http://dbpedia.org/resource/Sport"
"173","1","[http://dbpedia.org/resource/Action_game, http://dbpedia.org/resource/Platform_game]"
"174","1","[http://dbpedia.org/resource/Strategy_game, http://dbpedia.org/resource/Artillery_game]"
"175","1","http://dbpedia.org/resource/Action-adventure_game"
"296","1","http://dbpedia.org/resource/Extreme_sport"
"297","1","http://dbpedia.org/resource/Action-adventure_game"
"176","1","http://dbpedia.org/resource/Fighting_game"
"177","1","http://dbpedia.org/resource/Turn-based_tactics"
"298","1","http://dbpedia.org/resource/Adventure_game"
"299","1","http://dbpedia.org/resource/Business_simulation_game"
"178","1","http://dbpedia.org/resource/Action_game"
"179","1","http://dbpedia.org/resource/Wrestling"
"70","1","http://dbpedia.org/resource/Puzzle_video_game"
"71","1","http://dbpedia.org/resource/Role-playing_video_game"
"72","1","[http://dbpedia.org/resource/Action_game, http://dbpedia.org/resource/Platform_game]"
"73","1","http://dbpedia.org/resource/Racing_video_game"
"74","1","http://dbpedia.org/resource/Action_game"
"75","1","[http://dbpedia.org/resource/Adventure, http://dbpedia.org/resource/Platform_game]"
"78","1","http://dbpedia.org/resource/Action_role-playing_game"
"79","1","[http://dbpedia.org/resource/Action_game, http://dbpedia.org/resource/Platform_game, http://dbpedia.org/resource/Beat_'em_up]"
"180","1","http://dbpedia.org/resource/Sports_game"
"181","1","http://dbpedia.org/resource/Role-playing_video_game"
"182","1","http://dbpedia.org/resource/Action-adventure_game"
"183","1","http://dbpedia.org/resource/Platform_game"
"185","1","http://dbpedia.org/resource/Fighting_game"
"186","1","[http://dbpedia.org/resource/Racing_video_game, http://dbpedia.org/resource/Action-adventure_game, http://dbpedia.org/resource/Platform_game, http://dbpedia.org/resource/Shoot_'em_up]"
"187","1","http://dbpedia.org/resource/Adventure_game"
"188","1","http://dbpedia.org/resource/Fighting_game"
"189","1","http://dbpedia.org/resource/Adventure_game"
"80","1","http://dbpedia.org/resource/Puzzle_video_game"
"81","1","http://dbpedia.org/resource/Platform_game"
"82","1","[http://dbpedia.org/resource/Minigame, http://dbpedia.org/resource/Adventure_game, http://dbpedia.org/resource/Collectible_card_game]"
"84","1","http://dbpedia.org/resource/Life_simulation_game"
"85","1","[http://dbpedia.org/resource/Educational_game, http://dbpedia.org/resource/Puzzle_video_game]"
"86","1","http://dbpedia.org/resource/Tactical_role-playing_game"
"87","1","http://dbpedia.org/resource/Puzzle_video_game"
"88","1","http://dbpedia.org/resource/Action_game"
"89","1","[http://dbpedia.org/resource/Extreme_sport, http://dbpedia.org/resource/Strategy, http://dbpedia.org/resource/Racing_video_game]"
"190","1","http://dbpedia.org/resource/Action_game"
"193","1","http://dbpedia.org/resource/Sport"
"194","1","http://dbpedia.org/resource/Platform_game"
"196","1","http://dbpedia.org/resource/Action-adventure_game"
"197","1","http://dbpedia.org/resource/Role-playing_video_game"
"199","1","http://dbpedia.org/resource/Adventure_game"
"90","1","http://dbpedia.org/resource/Platform_game"
"91","1","http://dbpedia.org/resource/Adventure_game"
"92","1","http://dbpedia.org/resource/Action-adventure_game"
"93","1","http://dbpedia.org/resource/Puzzle_video_game"
"95","1","http://dbpedia.org/resource/Sports_game"
"97","1","http://dbpedia.org/resource/Puzzle_video_game"
"98","1","http://dbpedia.org/resource/Sports_game"
"99","1","http://dbpedia.org/resource/Shoot_'em_up"
"400","1","[http://dbpedia.org/resource/Survival_horror, http://dbpedia.org/resource/Shooter_game]"
"401","1","http://dbpedia.org/resource/Action-adventure_game"
"402","1","http://dbpedia.org/resource/Action_game"
"403","1","http://dbpedia.org/resource/Action_game"
"404","1","http://dbpedia.org/resource/Collectible_card_game"
"407","1","http://dbpedia.org/resource/Real-time_strategy"
"408","1","http://dbpedia.org/resource/Puzzle_video_game"
"303","1","[http://dbpedia.org/resource/Extreme_sport, http://dbpedia.org/resource/Action-adventure_game]"
"304","1","http://dbpedia.org/resource/Card_game"
"308","1","http://dbpedia.org/resource/Puzzle_video_game"
"309","1","http://dbpedia.org/resource/Sports_game"
"310","1","http://dbpedia.org/resource/Sports_game"
"311","1","http://dbpedia.org/resource/Action_role-playing_game"
"314","1","http://dbpedia.org/resource/Educational_game"
"316","1","http://dbpedia.org/resource/Platform_game"
"317","1","[http://dbpedia.org/resource/Action-adventure_game, http://dbpedia.org/resource/Platform_game, http://dbpedia.org/resource/Beat_'em_up]"
"318","1","http://dbpedia.org/resource/Racing_video_game"
"319","1","http://dbpedia.org/resource/Grand_strategy_wargame"
"320","1","http://dbpedia.org/resource/Action-adventure_game"
"200","1","http://dbpedia.org/resource/Party_game"
"322","1","http://dbpedia.org/resource/Role-playing_video_game"
"201","1","http://dbpedia.org/resource/Platform_game"
"323","1","http://dbpedia.org/resource/Sports_game"
"202","1","http://dbpedia.org/resource/Action-adventure_game"
"324","1","http://dbpedia.org/resource/Flight_simulator"
"326","1","[http://dbpedia.org/resource/Action-adventure_game, http://dbpedia.org/resource/Platform_game]"
"206","1","http://dbpedia.org/resource/Action-adventure_game"
"327","1","http://dbpedia.org/resource/Simulation"
"328","1","http://dbpedia.org/resource/Racing_video_game"
"207","1","http://dbpedia.org/resource/Party_game"
"329","1","http://dbpedia.org/resource/Strategy_game"
"208","1","http://dbpedia.org/resource/Sports_game"
"209","1","[http://dbpedia.org/resource/Action-adventure_game, http://dbpedia.org/resource/Platform_game]"
"330","1","http://dbpedia.org/resource/Action_game"
"331","1","http://dbpedia.org/resource/Turn-based_tactics"
"332","1","http://dbpedia.org/resource/Puzzle_video_game"
"211","1","http://dbpedia.org/resource/Racing_video_game"
"333","1","http://dbpedia.org/resource/Action_game"
"212","1","http://dbpedia.org/resource/Stealth_game"
"214","1","[http://dbpedia.org/resource/Racing_video_game, http://dbpedia.org/resource/Adventure_game]"
"335","1","http://dbpedia.org/resource/Action-adventure_game"
"336","1","http://dbpedia.org/resource/Puzzle_video_game"
"215","1","[http://dbpedia.org/resource/God_game, http://dbpedia.org/resource/Life_simulation_game]"
"216","1","http://dbpedia.org/resource/Action_game"
"217","1","http://dbpedia.org/resource/Action_role-playing_game"
"339","1","http://dbpedia.org/resource/Action-adventure_game"
"340","1","http://dbpedia.org/resource/Action_game"
"220","1","http://dbpedia.org/resource/Business_simulation_game"
"341","1","[http://dbpedia.org/resource/Action_game, http://dbpedia.org/resource/Platform_game]"
"221","1","http://dbpedia.org/resource/Racing_video_game"
"100","1","http://dbpedia.org/resource/Action-adventure_game"
"222","1","http://dbpedia.org/resource/Platform_game"
"101","1","http://dbpedia.org/resource/Shoot_'em_up"
"223","1","http://dbpedia.org/resource/Adventure_game"
"344","1","http://dbpedia.org/resource/Action-adventure_game"
"103","1","http://dbpedia.org/resource/Traditional_game"
"345","1","http://dbpedia.org/resource/Action_game"
"346","1","http://dbpedia.org/resource/Racing_video_game"
"104","1","http://dbpedia.org/resource/Roguelike"
"226","1","http://dbpedia.org/resource/Air_Combat"
"105","1","http://dbpedia.org/resource/Sports_game"
"348","1","[http://dbpedia.org/resource/Action-adventure_game, http://dbpedia.org/resource/Platform_game, http://dbpedia.org/resource/Miniature_golf]"
"106","1","http://dbpedia.org/resource/Graphic_adventure_game"
"227","1","http://dbpedia.org/resource/First-person_shooter"
"228","1","http://dbpedia.org/resource/Party_game"
"108","1","[http://dbpedia.org/resource/Adventure_game, http://dbpedia.org/resource/Platform_game]"
"109","1","http://dbpedia.org/resource/Adventure_game"
