"350","2","http://dbpedia.org/resource/Actinopterygii"
"230","2","http://dbpedia.org/resource/Bird"
"352","2","http://dbpedia.org/resource/Actinopterygii"
"110","2","http://dbpedia.org/resource/Mammal"
"232","2","http://dbpedia.org/resource/Amphibian"
"111","2","http://dbpedia.org/resource/Reptile"
"353","2","http://dbpedia.org/resource/Amphibian"
"233","2","http://dbpedia.org/resource/Mammal"
"112","2","http://dbpedia.org/resource/Reptile"
"354","2","http://dbpedia.org/resource/Bird"
"234","2","http://dbpedia.org/resource/Bird"
"113","2","http://dbpedia.org/resource/Mammal"
"235","2","http://dbpedia.org/resource/Amphibian"
"114","2","http://dbpedia.org/resource/Reptile"
"115","2","http://dbpedia.org/resource/Amphibian"
"236","2","[http://dbpedia.org/resource/Bird, http://dbpedia.org/resource/Neognathae, http://dbpedia.org/resource/Modern_birds]"
"357","2","http://dbpedia.org/resource/Actinopterygii"
"116","2","[http://dbpedia.org/resource/Amphibian, http://dbpedia.org/resource/Lissamphibia]"
"358","2","http://dbpedia.org/resource/Actinopterygii"
"359","2","http://dbpedia.org/resource/Mammal"
"117","2","http://dbpedia.org/resource/Reptile"
"238","2","http://dbpedia.org/resource/Cephalaspidomorphi"
"118","2","http://dbpedia.org/resource/Bird"
"239","2","http://dbpedia.org/resource/Bird"
"119","2","http://dbpedia.org/resource/Bird"
"10","2","http://dbpedia.org/resource/Bird"
"11","2","http://dbpedia.org/resource/Bird"
"12","2","http://dbpedia.org/resource/Bird"
"13","2","http://dbpedia.org/resource/Bird"
"14","2","[http://dbpedia.org/resource/Heterodonta, http://dbpedia.org/resource/Bivalvia]"
"15","2","http://dbpedia.org/resource/Bird"
"17","2","http://dbpedia.org/resource/Bird"
"18","2","http://dbpedia.org/resource/Actinopterygii"
"19","2","http://dbpedia.org/resource/Actinopterygii"
"360","2","http://dbpedia.org/resource/Bird"
"362","2","http://dbpedia.org/resource/Bird"
"241","2","http://dbpedia.org/resource/Bird"
"242","2","http://dbpedia.org/resource/Bird"
"363","2","http://dbpedia.org/resource/Bird"
"121","2","http://dbpedia.org/resource/Bird"
"1","2","http://dbpedia.org/resource/Bird"
"122","2","http://dbpedia.org/resource/Mammal"
"123","2","http://dbpedia.org/resource/Bird"
"365","2","http://dbpedia.org/resource/Bivalvia"
"244","2","http://dbpedia.org/resource/Bird"
"2","2","http://dbpedia.org/resource/Bird"
"124","2","http://dbpedia.org/resource/Mammal"
"245","2","http://dbpedia.org/resource/Bird"
"3","2","http://dbpedia.org/resource/Insect"
"366","2","http://dbpedia.org/resource/Reptile"
"367","2","http://dbpedia.org/resource/Reptile"
"125","2","http://dbpedia.org/resource/Reptile"
"246","2","http://dbpedia.org/resource/Bird"
"4","2","[http://dbpedia.org/resource/Bird, http://dbpedia.org/resource/Neognathae, http://dbpedia.org/resource/Modern_birds]"
"368","2","http://dbpedia.org/resource/Bird"
"126","2","[http://dbpedia.org/resource/Amphibian, http://dbpedia.org/resource/Lissamphibia]"
"247","2","http://dbpedia.org/resource/Reptile"
"5","2","[http://dbpedia.org/resource/Bird, http://dbpedia.org/resource/Neognathae, http://dbpedia.org/resource/Modern_birds]"
"248","2","http://dbpedia.org/resource/Bird"
"127","2","http://dbpedia.org/resource/Bird"
"369","2","[http://dbpedia.org/resource/Bird, http://dbpedia.org/resource/Neognathae, http://dbpedia.org/resource/Modern_birds]"
"6","2","http://dbpedia.org/resource/Actinopterygii"
"7","2","http://dbpedia.org/resource/Bird"
"249","2","http://dbpedia.org/resource/Reptile"
"128","2","http://dbpedia.org/resource/Mammal"
"8","2","http://dbpedia.org/resource/Bird"
"129","2","http://dbpedia.org/resource/Bird"
"9","2","http://dbpedia.org/resource/Bird"
"20","2","[http://dbpedia.org/resource/Bird, http://dbpedia.org/resource/Neognathae, http://dbpedia.org/resource/Modern_birds]"
"21","2","http://dbpedia.org/resource/Bird"
"22","2","http://dbpedia.org/resource/Bird"
"23","2","http://dbpedia.org/resource/Bird"
"24","2","http://dbpedia.org/resource/Mammal"
"25","2","http://dbpedia.org/resource/Bird"
"26","2","[http://dbpedia.org/resource/Bird, http://dbpedia.org/resource/Neognathae, http://dbpedia.org/resource/Modern_birds]"
"27","2","http://dbpedia.org/resource/Bird"
"28","2","http://dbpedia.org/resource/Mammal"
"29","2","http://dbpedia.org/resource/Osteichthyes"
"370","2","http://dbpedia.org/resource/Bird"
"250","2","http://dbpedia.org/resource/Bird"
"371","2","http://dbpedia.org/resource/Bird"
"130","2","http://dbpedia.org/resource/Reptile"
"251","2","http://dbpedia.org/resource/Actinopterygii"
"131","2","http://dbpedia.org/resource/Mammal"
"373","2","http://dbpedia.org/resource/Bird"
"252","2","http://dbpedia.org/resource/Reptile"
"132","2","http://dbpedia.org/resource/Bivalvia"
"253","2","http://dbpedia.org/resource/Bird"
"374","2","http://dbpedia.org/resource/Bird"
"255","2","http://dbpedia.org/resource/Bird"
"134","2","http://dbpedia.org/resource/Bird"
"376","2","http://dbpedia.org/resource/Actinopterygii"
"135","2","http://dbpedia.org/resource/Bird"
"256","2","http://dbpedia.org/resource/Actinopterygii"
"377","2","http://dbpedia.org/resource/Bird"
"136","2","http://dbpedia.org/resource/Reptile"
"257","2","http://dbpedia.org/resource/Actinopterygii"
"378","2","http://dbpedia.org/resource/Actinopterygii"
"379","2","http://dbpedia.org/resource/Amphibian"
"137","2","http://dbpedia.org/resource/Actinopterygii"
"258","2","http://dbpedia.org/resource/Bird"
"259","2","http://dbpedia.org/resource/Reptile"
"138","2","http://dbpedia.org/resource/Actinopterygii"
"30","2","[http://dbpedia.org/resource/Mammal, http://dbpedia.org/resource/Eutheria]"
"31","2","http://dbpedia.org/resource/Mammal"
"32","2","http://dbpedia.org/resource/Actinopterygii"
"33","2","http://dbpedia.org/resource/Actinopterygii"
"34","2","http://dbpedia.org/resource/Reptile"
"35","2","http://dbpedia.org/resource/Actinopterygii"
"36","2","http://dbpedia.org/resource/Bivalvia"
"37","2","http://dbpedia.org/resource/Bird"
"38","2","http://dbpedia.org/resource/Bird"
"39","2","http://dbpedia.org/resource/Bird"
"380","2","http://dbpedia.org/resource/Reptile"
"260","2","http://dbpedia.org/resource/Reptile"
"381","2","http://dbpedia.org/resource/Reptile"
"140","2","http://dbpedia.org/resource/Bird"
"382","2","http://dbpedia.org/resource/Reptile"
"261","2","http://dbpedia.org/resource/Bird"
"383","2","http://dbpedia.org/resource/Reptile"
"141","2","http://dbpedia.org/resource/Reptile"
"142","2","http://dbpedia.org/resource/Actinopterygii"
"263","2","http://dbpedia.org/resource/Bird"
"384","2","http://dbpedia.org/resource/Reptile"
"143","2","http://dbpedia.org/resource/Reptile"
"385","2","http://dbpedia.org/resource/Lissamphibia"
"386","2","http://dbpedia.org/resource/Reptile"
"144","2","http://dbpedia.org/resource/Bivalvia"
"265","2","http://dbpedia.org/resource/Actinopterygii"
"387","2","http://dbpedia.org/resource/Reptile"
"145","2","http://dbpedia.org/resource/Bird"
"388","2","[http://dbpedia.org/resource/Bird, http://dbpedia.org/resource/Neognathae, http://dbpedia.org/resource/Modern_birds]"
"146","2","http://dbpedia.org/resource/Amphibian"
"268","2","http://dbpedia.org/resource/Bird"
"389","2","http://dbpedia.org/resource/Actinopterygii"
"147","2","http://dbpedia.org/resource/Amphibian"
"148","2","http://dbpedia.org/resource/Bird"
"40","2","http://dbpedia.org/resource/Bird"
"41","2","http://dbpedia.org/resource/Bird"
"42","2","http://dbpedia.org/resource/Actinopterygii"
"43","2","http://dbpedia.org/resource/Bird"
"44","2","http://dbpedia.org/resource/Actinopterygii"
"45","2","http://dbpedia.org/resource/Bird"
"46","2","http://dbpedia.org/resource/Amphibian"
"48","2","http://dbpedia.org/resource/Bird"
"49","2","http://dbpedia.org/resource/Bird"
"390","2","http://dbpedia.org/resource/Actinopterygii"
"391","2","http://dbpedia.org/resource/Bird"
"270","2","http://dbpedia.org/resource/Amphibian"
"392","2","http://dbpedia.org/resource/Bird"
"271","2","http://dbpedia.org/resource/Bird"
"150","2","http://dbpedia.org/resource/Actinopterygii"
"272","2","http://dbpedia.org/resource/Bird"
"151","2","http://dbpedia.org/resource/Bird"
"393","2","http://dbpedia.org/resource/Bird"
"394","2","http://dbpedia.org/resource/Mammal"
"273","2","http://dbpedia.org/resource/Bivalvia"
"395","2","http://dbpedia.org/resource/Mammal"
"274","2","http://dbpedia.org/resource/Bird"
"153","2","http://dbpedia.org/resource/Actinopterygii"
"275","2","http://dbpedia.org/resource/Bivalvia"
"396","2","http://dbpedia.org/resource/Bird"
"154","2","http://dbpedia.org/resource/Actinopterygii"
"397","2","http://dbpedia.org/resource/Bird"
"156","2","http://dbpedia.org/resource/Bird"
"398","2","http://dbpedia.org/resource/Bird"
"399","2","http://dbpedia.org/resource/Bird"
"157","2","http://dbpedia.org/resource/Mammal"
"278","2","http://dbpedia.org/resource/Actinopterygii"
"158","2","http://dbpedia.org/resource/Actinopterygii"
"159","2","http://dbpedia.org/resource/Actinopterygii"
"50","2","http://dbpedia.org/resource/Actinopterygii"
"51","2","http://dbpedia.org/resource/Bird"
"52","2","http://dbpedia.org/resource/Actinopterygii"
"53","2","http://dbpedia.org/resource/Bird"
"54","2","http://dbpedia.org/resource/Bird"
"55","2","http://dbpedia.org/resource/Actinopterygii"
"56","2","http://dbpedia.org/resource/Bird"
"57","2","http://dbpedia.org/resource/Reptile"
"58","2","http://dbpedia.org/resource/Bird"
"59","2","http://dbpedia.org/resource/Actinopterygii"
"280","2","http://dbpedia.org/resource/Reptile"
"281","2","http://dbpedia.org/resource/Reptile"
"160","2","http://dbpedia.org/resource/Bird"
"161","2","http://dbpedia.org/resource/Bird"
"282","2","http://dbpedia.org/resource/Reptile"
"283","2","http://dbpedia.org/resource/Mammal"
"162","2","http://dbpedia.org/resource/Actinopterygii"
"163","2","http://dbpedia.org/resource/Bird"
"284","2","http://dbpedia.org/resource/Bird"
"164","2","http://dbpedia.org/resource/Actinopterygii"
"285","2","http://dbpedia.org/resource/Bird"
"165","2","http://dbpedia.org/resource/Mammal"
"286","2","http://dbpedia.org/resource/Bird"
"287","2","http://dbpedia.org/resource/Bird"
"166","2","http://dbpedia.org/resource/Bird"
"167","2","http://dbpedia.org/resource/Mammal"
"289","2","http://dbpedia.org/resource/Actinopterygii"
"169","2","http://dbpedia.org/resource/Bird"
"60","2","http://dbpedia.org/resource/Bird"
"61","2","http://dbpedia.org/resource/Bird"
"62","2","http://dbpedia.org/resource/Bird"
"63","2","http://dbpedia.org/resource/Bird"
"65","2","http://dbpedia.org/resource/Reptile"
"66","2","http://dbpedia.org/resource/Bird"
"67","2","http://dbpedia.org/resource/Bird"
"68","2","http://dbpedia.org/resource/Bird"
"69","2","http://dbpedia.org/resource/Bird"
"290","2","http://dbpedia.org/resource/Mammal"
"291","2","http://dbpedia.org/resource/Actinopterygii"
"170","2","http://dbpedia.org/resource/Bird"
"171","2","http://dbpedia.org/resource/Bird"
"292","2","http://dbpedia.org/resource/Actinopterygii"
"293","2","http://dbpedia.org/resource/Reptile"
"172","2","http://dbpedia.org/resource/Bird"
"294","2","[http://dbpedia.org/resource/Bird, http://dbpedia.org/resource/Neognathae, http://dbpedia.org/resource/Modern_birds]"
"173","2","http://dbpedia.org/resource/Bird"
"174","2","http://dbpedia.org/resource/Reptile"
"295","2","http://dbpedia.org/resource/Bird"
"296","2","[http://dbpedia.org/resource/Reptile, http://dbpedia.org/resource/Anapsid]"
"175","2","http://dbpedia.org/resource/Bird"
"297","2","http://dbpedia.org/resource/Bird"
"176","2","http://dbpedia.org/resource/Amphibian"
"298","2","http://dbpedia.org/resource/Actinopterygii"
"177","2","[http://dbpedia.org/resource/Bird, http://dbpedia.org/resource/Neognathae, http://dbpedia.org/resource/Modern_birds]"
"299","2","http://dbpedia.org/resource/Bird"
"178","2","http://dbpedia.org/resource/Actinopterygii"
"179","2","http://dbpedia.org/resource/Actinopterygii"
"70","2","http://dbpedia.org/resource/Bird"
"71","2","http://dbpedia.org/resource/Bird"
"72","2","http://dbpedia.org/resource/Bird"
"73","2","http://dbpedia.org/resource/Amphibian"
"74","2","http://dbpedia.org/resource/Bird"
"75","2","http://dbpedia.org/resource/Malacostraca"
"76","2","http://dbpedia.org/resource/Amphibian"
"78","2","http://dbpedia.org/resource/Bird"
"79","2","http://dbpedia.org/resource/Actinopterygii"
"180","2","http://dbpedia.org/resource/Bird"
"181","2","http://dbpedia.org/resource/Amphibian"
"182","2","http://dbpedia.org/resource/Reptile"
"183","2","http://dbpedia.org/resource/Bird"
"184","2","http://dbpedia.org/resource/Bird"
"185","2","http://dbpedia.org/resource/Bird"
"186","2","http://dbpedia.org/resource/Bird"
"187","2","http://dbpedia.org/resource/Actinopterygii"
"188","2","http://dbpedia.org/resource/Bird"
"189","2","http://dbpedia.org/resource/Bird"
"80","2","http://dbpedia.org/resource/Agnatha"
"81","2","http://dbpedia.org/resource/Bird"
"82","2","http://dbpedia.org/resource/Bird"
"83","2","[http://dbpedia.org/resource/Bird, http://dbpedia.org/resource/Neognathae, http://dbpedia.org/resource/Modern_birds]"
"84","2","[http://dbpedia.org/resource/Bird, http://dbpedia.org/resource/Neognathae, http://dbpedia.org/resource/Modern_birds]"
"85","2","http://dbpedia.org/resource/Bird"
"86","2","http://dbpedia.org/resource/Actinopterygii"
"87","2","http://dbpedia.org/resource/Bird"
"88","2","http://dbpedia.org/resource/Bird"
"89","2","http://dbpedia.org/resource/Bird"
"190","2","http://dbpedia.org/resource/Bird"
"191","2","http://dbpedia.org/resource/Bird"
"192","2","http://dbpedia.org/resource/Actinopterygii"
"194","2","[http://dbpedia.org/resource/Bird, http://dbpedia.org/resource/Neognathae, http://dbpedia.org/resource/Modern_birds]"
"196","2","http://dbpedia.org/resource/Mammal"
"197","2","http://dbpedia.org/resource/Bird"
"198","2","http://dbpedia.org/resource/Bird"
"199","2","http://dbpedia.org/resource/Bird"
"90","2","http://dbpedia.org/resource/Reptile"
"91","2","http://dbpedia.org/resource/Bird"
"92","2","[http://dbpedia.org/resource/Bird, http://dbpedia.org/resource/Neognathae, http://dbpedia.org/resource/Modern_birds]"
"93","2","http://dbpedia.org/resource/Reptile"
"94","2","http://dbpedia.org/resource/Bird"
"95","2","http://dbpedia.org/resource/Reptile"
"96","2","http://dbpedia.org/resource/Bird"
"97","2","http://dbpedia.org/resource/Bird"
"98","2","http://dbpedia.org/resource/Bird"
"99","2","http://dbpedia.org/resource/Bird"
"400","2","http://dbpedia.org/resource/Bird"
"401","2","http://dbpedia.org/resource/Bird"
"402","2","http://dbpedia.org/resource/Bird"
"403","2","http://dbpedia.org/resource/Bird"
"404","2","http://dbpedia.org/resource/Bird"
"405","2","http://dbpedia.org/resource/Actinopterygii"
"407","2","http://dbpedia.org/resource/Bird"
"408","2","http://dbpedia.org/resource/Bird"
"409","2","http://dbpedia.org/resource/Bird"
"410","2","http://dbpedia.org/resource/Bird"
"411","2","[http://dbpedia.org/resource/Bird, http://dbpedia.org/resource/Neognathae, http://dbpedia.org/resource/Modern_birds]"
"412","2","http://dbpedia.org/resource/Bird"
"413","2","http://dbpedia.org/resource/Bird"
"414","2","http://dbpedia.org/resource/Bird"
"300","2","[http://dbpedia.org/resource/Bird, http://dbpedia.org/resource/Neognathae, http://dbpedia.org/resource/Modern_birds]"
"302","2","http://dbpedia.org/resource/Bird"
"303","2","http://dbpedia.org/resource/Bird"
"304","2","http://dbpedia.org/resource/Bird"
"305","2","http://dbpedia.org/resource/Lissamphibia"
"306","2","http://dbpedia.org/resource/Bird"
"308","2","http://dbpedia.org/resource/Actinopterygii"
"309","2","http://dbpedia.org/resource/Actinopterygii"
"310","2","http://dbpedia.org/resource/Bird"
"311","2","http://dbpedia.org/resource/Bird"
"312","2","http://dbpedia.org/resource/Actinopterygii"
"313","2","http://dbpedia.org/resource/Reptile"
"314","2","http://dbpedia.org/resource/Reptile"
"315","2","http://dbpedia.org/resource/Bivalvia"
"316","2","http://dbpedia.org/resource/Bird"
"317","2","http://dbpedia.org/resource/Bird"
"318","2","http://dbpedia.org/resource/Bird"
"319","2","http://dbpedia.org/resource/Bird"
"321","2","http://dbpedia.org/resource/Actinopterygii"
"200","2","[http://dbpedia.org/resource/Actinopterygii, http://dbpedia.org/resource/Teleostei, http://dbpedia.org/resource/Neopterygii]"
"201","2","http://dbpedia.org/resource/Actinopterygii"
"322","2","http://dbpedia.org/resource/Bird"
"202","2","http://dbpedia.org/resource/Bird"
"323","2","http://dbpedia.org/resource/Bird"
"203","2","http://dbpedia.org/resource/Bird"
"324","2","http://dbpedia.org/resource/Bird"
"325","2","http://dbpedia.org/resource/Bird"
"204","2","http://dbpedia.org/resource/Bird"
"205","2","http://dbpedia.org/resource/Bird"
"326","2","http://dbpedia.org/resource/Bird"
"327","2","http://dbpedia.org/resource/Bird"
"206","2","http://dbpedia.org/resource/Bird"
"328","2","http://dbpedia.org/resource/Actinopterygii"
"207","2","http://dbpedia.org/resource/Bird"
"329","2","http://dbpedia.org/resource/Actinopterygii"
"208","2","http://dbpedia.org/resource/Mammal"
"209","2","http://dbpedia.org/resource/Bird"
"330","2","http://dbpedia.org/resource/Actinopterygii"
"210","2","http://dbpedia.org/resource/Actinopterygii"
"331","2","http://dbpedia.org/resource/Actinopterygii"
"332","2","http://dbpedia.org/resource/Actinopterygii"
"211","2","http://dbpedia.org/resource/Actinopterygii"
"212","2","http://dbpedia.org/resource/Actinopterygii"
"333","2","http://dbpedia.org/resource/Actinopterygii"
"213","2","http://dbpedia.org/resource/Mammal"
"334","2","http://dbpedia.org/resource/Bivalvia"
"214","2","http://dbpedia.org/resource/Bird"
"335","2","http://dbpedia.org/resource/Actinopterygii"
"215","2","http://dbpedia.org/resource/Bird"
"336","2","http://dbpedia.org/resource/Actinopterygii"
"337","2","http://dbpedia.org/resource/Bird"
"338","2","[http://dbpedia.org/resource/Bird, http://dbpedia.org/resource/Neognathae, http://dbpedia.org/resource/Modern_birds]"
"217","2","http://dbpedia.org/resource/Lissamphibia"
"218","2","[http://dbpedia.org/resource/Bird, http://dbpedia.org/resource/Neognathae, http://dbpedia.org/resource/Modern_birds]"
"219","2","http://dbpedia.org/resource/Bird"
"341","2","http://dbpedia.org/resource/Bird"
"342","2","http://dbpedia.org/resource/Bird"
"100","2","http://dbpedia.org/resource/Actinopterygii"
"101","2","http://dbpedia.org/resource/Bird"
"222","2","http://dbpedia.org/resource/Mammal"
"102","2","http://dbpedia.org/resource/Amphibian"
"344","2","http://dbpedia.org/resource/Amphibian"
"103","2","http://dbpedia.org/resource/Mammal"
"104","2","http://dbpedia.org/resource/Malacostraca"
"346","2","http://dbpedia.org/resource/Actinopterygii"
"225","2","http://dbpedia.org/resource/Bivalvia"
"105","2","http://dbpedia.org/resource/Bird"
"226","2","http://dbpedia.org/resource/Actinopterygii"
"347","2","http://dbpedia.org/resource/Reptile"
"227","2","http://dbpedia.org/resource/Actinopterygii"
"106","2","http://dbpedia.org/resource/Bird"
"107","2","http://dbpedia.org/resource/Bird"
"229","2","http://dbpedia.org/resource/Bird"
"108","2","http://dbpedia.org/resource/Amphibian"
"109","2","http://dbpedia.org/resource/Bird"
