"88","3","http://dbpedia.org/resource/Racing_video_game"
"88","7","http://dbpedia.org/resource/Xbox_360"
"89","3","http://dbpedia.org/resource/Racing_video_game"
"89","7","http://dbpedia.org/resource/Xbox_360"
"110","3","[http://dbpedia.org/resource/Racing_video_game, http://dbpedia.org/resource/Massively_multiplayer_online_game]"
"110","7","[http://dbpedia.org/resource/Microsoft_Windows, http://dbpedia.org/resource/PlayStation_Portable, http://dbpedia.org/resource/Xbox_360, http://dbpedia.org/resource/PlayStation_2]"
"111","3","http://dbpedia.org/resource/Racing_video_game"
"111","7","[http://dbpedia.org/resource/Microsoft_Windows, http://dbpedia.org/resource/PlayStation_3, http://dbpedia.org/resource/Xbox_360]"
"112","3","http://dbpedia.org/resource/Sports_game"
"112","7","[http://dbpedia.org/resource/Wii, http://dbpedia.org/resource/Xbox_360]"
"113","3","http://dbpedia.org/resource/Action-adventure_game"
"113","7","[http://dbpedia.org/resource/Game_Boy_Advance, http://dbpedia.org/resource/Microsoft_Windows, http://dbpedia.org/resource/PlayStation_3, http://dbpedia.org/resource/Nintendo_DS, http://dbpedia.org/resource/GameCube, http://dbpedia.org/resource/Xbox_(console), http://dbpedia.org/resource/PlayStation_Portable, http://dbpedia.org/resource/Xbox_360, http://dbpedia.org/resource/PlayStation_2]"
"114","3","http://dbpedia.org/resource/Action-adventure_game"
"114","7","[http://dbpedia.org/resource/Microsoft_Windows, http://dbpedia.org/resource/OS_X, http://dbpedia.org/resource/PlayStation_3, http://dbpedia.org/resource/Wii, http://dbpedia.org/resource/Nintendo_DS, http://dbpedia.org/resource/N-Gage_(service), http://dbpedia.org/resource/Xbox_360, http://dbpedia.org/resource/PlayStation_2]"
"115","3","[http://dbpedia.org/resource/Action-adventure_game, http://dbpedia.org/resource/Platform_game, http://dbpedia.org/resource/Third-person_shooter]"
"115","7","http://dbpedia.org/resource/PlayStation_3"
"116","3","[http://dbpedia.org/resource/Action-adventure_game, http://dbpedia.org/resource/Platform_game, http://dbpedia.org/resource/Third-person_shooter]"
"116","7","http://dbpedia.org/resource/PlayStation_3"
"90","3","http://dbpedia.org/resource/Action-adventure_game"
"90","7","[http://dbpedia.org/resource/Microsoft_Windows, http://dbpedia.org/resource/PlayStation_3, http://dbpedia.org/resource/Xbox_360]"
"91","3","http://dbpedia.org/resource/Racing_video_game"
"91","7","[http://dbpedia.org/resource/Microsoft_Windows, http://dbpedia.org/resource/PlayStation_3, http://dbpedia.org/resource/Cloud_computing, http://dbpedia.org/resource/Xbox_360]"
"92","3","http://dbpedia.org/resource/Racing_video_game"
"92","7","[http://dbpedia.org/resource/Microsoft_Windows, http://dbpedia.org/resource/OS_X, http://dbpedia.org/resource/PlayStation_3, http://dbpedia.org/resource/Arcade_game, http://dbpedia.org/resource/Xbox_360]"
"93","3","[http://dbpedia.org/resource/Racing_video_game, http://dbpedia.org/resource/Action-adventure_game, http://dbpedia.org/resource/Vehicular_combat_game, http://dbpedia.org/resource/First-person_shooter]"
"93","7","[http://dbpedia.org/resource/Microsoft_Windows, http://dbpedia.org/resource/OS_X, http://dbpedia.org/resource/PlayStation_3, http://dbpedia.org/resource/Xbox_360]"
"94","3","[http://dbpedia.org/resource/Tactical_shooter, http://dbpedia.org/resource/First-person_shooter]"
"94","7","[http://dbpedia.org/resource/Microsoft_Windows, http://dbpedia.org/resource/PlayStation_3, http://dbpedia.org/resource/Mobile_phone, http://dbpedia.org/resource/PlayStation_Portable, http://dbpedia.org/resource/Xbox_360]"
"95","3","[http://dbpedia.org/resource/Tactical_shooter, http://dbpedia.org/resource/First-person_shooter]"
"95","7","[http://dbpedia.org/resource/Microsoft_Windows, http://dbpedia.org/resource/PlayStation_3, http://dbpedia.org/resource/Xbox_360]"
"96","3","http://dbpedia.org/resource/Platform_game"
"96","7","http://dbpedia.org/resource/PlayStation_3"
"97","3","http://dbpedia.org/resource/Action-adventure_game"
"97","7","[http://dbpedia.org/resource/PlayStation_3, http://dbpedia.org/resource/Xbox_360]"
"98","3","[http://dbpedia.org/resource/Action_game, http://dbpedia.org/resource/Third-person_shooter]"
"98","7","[http://dbpedia.org/resource/Microsoft_Windows, http://dbpedia.org/resource/PlayStation_3, http://dbpedia.org/resource/Xbox_360]"
"10","3","http://dbpedia.org/resource/First-person_shooter"
"10","7","[http://dbpedia.org/resource/Microsoft_Windows, http://dbpedia.org/resource/OS_X, http://dbpedia.org/resource/PlayStation_3, http://dbpedia.org/resource/Xbox_360]"
"11","3","[http://dbpedia.org/resource/Action_role-playing_game, http://dbpedia.org/resource/First-person_shooter]"
"11","7","[http://dbpedia.org/resource/Microsoft_Windows, http://dbpedia.org/resource/OS_X, http://dbpedia.org/resource/PlayStation_3, http://dbpedia.org/resource/Xbox_360, http://dbpedia.org/resource/OnLive]"
"99","3","http://dbpedia.org/resource/First-person_shooter"
"99","7","http://dbpedia.org/resource/PlayStation_3"
"12","3","http://dbpedia.org/resource/Racing_video_game"
"12","7","[http://dbpedia.org/resource/Microsoft_Windows, http://dbpedia.org/resource/PlayStation_3, http://dbpedia.org/resource/Xbox_360]"
"13","3","http://dbpedia.org/resource/Racing_video_game"
"13","7","[http://dbpedia.org/resource/Xbox_(console), http://dbpedia.org/resource/Xbox_360, http://dbpedia.org/resource/PlayStation_2]"
"14","3","http://dbpedia.org/resource/First-person_shooter"
"14","7","[http://dbpedia.org/resource/Microsoft_Windows, http://dbpedia.org/resource/PlayStation_3, http://dbpedia.org/resource/Xbox_360]"
"15","3","http://dbpedia.org/resource/First-person_shooter"
"15","7","[http://dbpedia.org/resource/Microsoft_Windows, http://dbpedia.org/resource/PlayStation_3, http://dbpedia.org/resource/Wii, http://dbpedia.org/resource/Xbox_360, http://dbpedia.org/resource/Windows_Mobile]"
"17","3","http://dbpedia.org/resource/First-person_shooter"
"17","7","[http://dbpedia.org/resource/PlayStation_3, http://dbpedia.org/resource/Wii, http://dbpedia.org/resource/Xbox_(console), http://dbpedia.org/resource/Xbox_360, http://dbpedia.org/resource/PlayStation_2]"
"18","3","http://dbpedia.org/resource/First-person_shooter"
"18","7","[http://dbpedia.org/resource/Microsoft_Windows, http://dbpedia.org/resource/OS_X, http://dbpedia.org/resource/PlayStation_3, http://dbpedia.org/resource/Wii, http://dbpedia.org/resource/Xbox_360]"
"19","3","http://dbpedia.org/resource/Racing_video_game"
"19","7","[http://dbpedia.org/resource/Microsoft_Windows, http://dbpedia.org/resource/PlayStation_3, http://dbpedia.org/resource/Xbox_360]"
"1","3","http://dbpedia.org/resource/Life_simulation_game"
"1","7","http://dbpedia.org/resource/PlayStation_3"
"2","3","http://dbpedia.org/resource/Survival_horror"
"2","7","[http://dbpedia.org/resource/Microsoft_Windows, http://dbpedia.org/resource/Xbox_360]"
"5","3","[http://dbpedia.org/resource/Action-adventure_game, http://dbpedia.org/resource/Stealth_game]"
"6","3","[http://dbpedia.org/resource/Action-adventure_game, http://dbpedia.org/resource/Stealth_game, http://dbpedia.org/resource/Beat_'em_up]"
"7","3","http://dbpedia.org/resource/First-person_shooter"
"7","7","[http://dbpedia.org/resource/Microsoft_Windows, http://dbpedia.org/resource/PlayStation_3, http://dbpedia.org/resource/Xbox_360]"
"8","3","[http://dbpedia.org/resource/Action_game, http://dbpedia.org/resource/First-person_shooter]"
"8","7","[http://dbpedia.org/resource/Microsoft_Windows, http://dbpedia.org/resource/PlayStation_3, http://dbpedia.org/resource/IOS, http://dbpedia.org/resource/Xbox_360, http://dbpedia.org/resource/Kindle_Fire]"
"9","3","http://dbpedia.org/resource/First-person_shooter"
"9","7","[http://dbpedia.org/resource/Microsoft_Windows, http://dbpedia.org/resource/OS_X, http://dbpedia.org/resource/PlayStation_3, http://dbpedia.org/resource/Cloud_computing, http://dbpedia.org/resource/Xbox_360]"
"20","3","[http://dbpedia.org/resource/Action_game, http://dbpedia.org/resource/Beat_'em_up]"
"20","7","[http://dbpedia.org/resource/Microsoft_Windows, http://dbpedia.org/resource/Xbox_360]"
"21","3","[http://dbpedia.org/resource/Action_game, http://dbpedia.org/resource/Beat_'em_up]"
"21","7","[http://dbpedia.org/resource/PlayStation_3, http://dbpedia.org/resource/Xbox_360]"
"22","3","[http://dbpedia.org/resource/Action-adventure_game, http://dbpedia.org/resource/Open_world, http://dbpedia.org/resource/Third-person_shooter]"
"22","7","http://dbpedia.org/resource/Xbox_360"
"23","3","http://dbpedia.org/resource/First-person_shooter"
"23","7","[http://dbpedia.org/resource/Microsoft_Windows, http://dbpedia.org/resource/PlayStation_3, http://dbpedia.org/resource/Xbox_360]"
"24","3","http://dbpedia.org/resource/Survival_horror"
"24","7","http://dbpedia.org/resource/Xbox_360"
"25","3","http://dbpedia.org/resource/Survival_horror"
"25","7","[http://dbpedia.org/resource/Microsoft_Windows, http://dbpedia.org/resource/PlayStation_3, http://dbpedia.org/resource/Xbox_360]"
"26","3","[http://dbpedia.org/resource/Survival_horror, http://dbpedia.org/resource/Third-person_shooter]"
"26","7","[http://dbpedia.org/resource/Microsoft_Windows, http://dbpedia.org/resource/PlayStation_3, http://dbpedia.org/resource/Xbox_360]"
"27","3","[http://dbpedia.org/resource/Racing_video_game, http://dbpedia.org/resource/Action-adventure_game]"
"28","3","[http://dbpedia.org/resource/Action-adventure_game, http://dbpedia.org/resource/Platform_game]"
"28","7","[http://dbpedia.org/resource/Microsoft_Windows, http://dbpedia.org/resource/PlayStation_3, http://dbpedia.org/resource/Xbox_360]"
"29","3","http://dbpedia.org/resource/Action_role-playing_game"
"29","7","http://dbpedia.org/resource/Xbox_360"
"30","3","http://dbpedia.org/resource/Action_role-playing_game"
"30","7","[http://dbpedia.org/resource/Microsoft_Windows, http://dbpedia.org/resource/PlayStation_3, http://dbpedia.org/resource/Xbox_360]"
"31","3","http://dbpedia.org/resource/First-person_shooter"
"31","7","[http://dbpedia.org/resource/Microsoft_Windows, http://dbpedia.org/resource/PlayStation_3, http://dbpedia.org/resource/Xbox_360]"
"32","3","http://dbpedia.org/resource/First-person_shooter"
"32","7","[http://dbpedia.org/resource/Xbox_(console), http://dbpedia.org/resource/Xbox_360]"
"33","3","http://dbpedia.org/resource/Sports_game"
"33","7","[http://dbpedia.org/resource/PlayStation_3, http://dbpedia.org/resource/Xbox_(console), http://dbpedia.org/resource/PlayStation_Portable, http://dbpedia.org/resource/Xbox_360, http://dbpedia.org/resource/PlayStation_2]"
"34","3","[http://dbpedia.org/resource/Racing_video_game, http://dbpedia.org/resource/Vehicular_combat_game]"
"34","7","[http://dbpedia.org/resource/Microsoft_Windows, http://dbpedia.org/resource/PlayStation_Portable, http://dbpedia.org/resource/Xbox_360]"
"35","3","http://dbpedia.org/resource/Racing_video_game"
"35","7","http://dbpedia.org/resource/Xbox_360"
"36","3","http://dbpedia.org/resource/Third-person_shooter"
"36","7","[http://dbpedia.org/resource/Microsoft_Windows, http://dbpedia.org/resource/Xbox_360]"
"37","3","http://dbpedia.org/resource/Third-person_shooter"
"37","7","http://dbpedia.org/resource/Xbox_360"
"38","3","http://dbpedia.org/resource/Third-person_shooter"
"39","3","http://dbpedia.org/resource/Tactical_shooter"
"39","7","[http://dbpedia.org/resource/Microsoft_Windows, http://dbpedia.org/resource/Xbox_(console), http://dbpedia.org/resource/Xbox_360, http://dbpedia.org/resource/PlayStation_2]"
"40","3","[http://dbpedia.org/resource/Action-adventure_game, http://dbpedia.org/resource/Third-person_shooter]"
"40","7","[http://dbpedia.org/resource/Microsoft_Windows, http://dbpedia.org/resource/PlayStation_3, http://dbpedia.org/resource/Wii, http://dbpedia.org/resource/Nintendo_DS, http://dbpedia.org/resource/PlayStation_Portable, http://dbpedia.org/resource/Xbox_360, http://dbpedia.org/resource/PlayStation_2, http://dbpedia.org/resource/OnLive]"
"41","3","[http://dbpedia.org/resource/Action-adventure_game, http://dbpedia.org/resource/Hack_and_slash]"
"41","7","http://dbpedia.org/resource/PlayStation_3"
"43","3","http://dbpedia.org/resource/Racing_video_game"
"43","7","http://dbpedia.org/resource/PlayStation_2"
"45","3","http://dbpedia.org/resource/Racing_video_game"
"45","7","http://dbpedia.org/resource/PlayStation_2"
"46","3","http://dbpedia.org/resource/Sim_racing"
"46","7","http://dbpedia.org/resource/PlayStation_3"
"47","3","http://dbpedia.org/resource/Racing_video_game"
"47","7","http://dbpedia.org/resource/PlayStation_3"
"48","3","[http://dbpedia.org/resource/Action-adventure_game, http://dbpedia.org/resource/Open_world]"
"48","7","[http://dbpedia.org/resource/Microsoft_Windows, http://dbpedia.org/resource/PlayStation_3, http://dbpedia.org/resource/Xbox_360]"
"49","3","[http://dbpedia.org/resource/Music_video_game, http://dbpedia.org/resource/Rhythm_game]"
"49","7","[http://dbpedia.org/resource/Microsoft_Windows, http://dbpedia.org/resource/OS_X, http://dbpedia.org/resource/PlayStation_3, http://dbpedia.org/resource/Wii, http://dbpedia.org/resource/Xbox_360, http://dbpedia.org/resource/PlayStation_2]"
"50","3","[http://dbpedia.org/resource/Music_video_game, http://dbpedia.org/resource/Rhythm_game]"
"50","7","[http://dbpedia.org/resource/Microsoft_Windows, http://dbpedia.org/resource/OS_X, http://dbpedia.org/resource/PlayStation_3, http://dbpedia.org/resource/Wii, http://dbpedia.org/resource/Xbox_360, http://dbpedia.org/resource/PlayStation_2]"
"51","3","[http://dbpedia.org/resource/Music_video_game, http://dbpedia.org/resource/Rhythm_game]"
"51","7","[http://dbpedia.org/resource/PlayStation_3, http://dbpedia.org/resource/Wii, http://dbpedia.org/resource/Xbox_360, http://dbpedia.org/resource/PlayStation_2]"
"52","3","http://dbpedia.org/resource/First-person_shooter"
"52","7","[http://dbpedia.org/resource/Microsoft_Windows, http://dbpedia.org/resource/Xbox_(console)]"
"53","3","http://dbpedia.org/resource/First-person_shooter"
"53","7","http://dbpedia.org/resource/Xbox_360"
"54","3","http://dbpedia.org/resource/First-person_shooter"
"54","7","http://dbpedia.org/resource/Xbox_360"
"55","3","http://dbpedia.org/resource/First-person_shooter"
"55","7","http://dbpedia.org/resource/Xbox_360"
"56","3","[http://dbpedia.org/resource/Action-adventure_game, http://dbpedia.org/resource/Interactive_movie]"
"56","7","http://dbpedia.org/resource/PlayStation_3"
"57","3","http://dbpedia.org/resource/First-person_shooter"
"58","3","http://dbpedia.org/resource/Action-adventure_game"
"58","7","http://dbpedia.org/resource/PlayStation_3"
"59","3","http://dbpedia.org/resource/Action-adventure_game"
"60","3","http://dbpedia.org/resource/Action-adventure_game"
"60","7","http://dbpedia.org/resource/Xbox_360"
"61","3","http://dbpedia.org/resource/First-person_shooter"
"61","7","http://dbpedia.org/resource/PlayStation_3"
"62","3","http://dbpedia.org/resource/First-person_shooter"
"62","7","http://dbpedia.org/resource/PlayStation_3"
"63","3","http://dbpedia.org/resource/Sports_game"
"63","7","http://dbpedia.org/resource/Xbox_360"
"64","3","http://dbpedia.org/resource/Sports_game"
"65","3","http://dbpedia.org/resource/Action_game"
"65","7","http://dbpedia.org/resource/PlayStation_3"
"66","3","http://dbpedia.org/resource/Action-adventure_game"
"66","7","[http://dbpedia.org/resource/Microsoft_Windows, http://dbpedia.org/resource/OS_X, http://dbpedia.org/resource/PlayStation_3, http://dbpedia.org/resource/Wii, http://dbpedia.org/resource/Nintendo_DS, http://dbpedia.org/resource/PlayStation_Portable, http://dbpedia.org/resource/Xbox_360, http://dbpedia.org/resource/PlayStation_2]"
"68","3","[http://dbpedia.org/resource/Open_world, http://dbpedia.org/resource/Platform_game, http://dbpedia.org/resource/2.5D]"
"68","7","http://dbpedia.org/resource/PlayStation_3"
"69","3","http://dbpedia.org/resource/Third-person_shooter"
"69","7","[http://dbpedia.org/resource/Microsoft_Windows, http://dbpedia.org/resource/PlayStation_3, http://dbpedia.org/resource/Xbox_360]"
"70","3","http://dbpedia.org/resource/Third-person_shooter"
"70","7","[http://dbpedia.org/resource/Microsoft_Windows, http://dbpedia.org/resource/PlayStation_3, http://dbpedia.org/resource/Xbox_360]"
"71","3","[http://dbpedia.org/resource/Role-playing_game, http://dbpedia.org/resource/Third-person_shooter]"
"71","7","[http://dbpedia.org/resource/Microsoft_Windows, http://dbpedia.org/resource/PlayStation_3, http://dbpedia.org/resource/Xbox_360]"
"72","3","[http://dbpedia.org/resource/Action_role-playing_game, http://dbpedia.org/resource/Third-person_shooter]"
"72","7","[http://dbpedia.org/resource/Microsoft_Windows, http://dbpedia.org/resource/PlayStation_3, http://dbpedia.org/resource/Xbox_360]"
"73","3","http://dbpedia.org/resource/First-person_shooter"
"73","7","[http://dbpedia.org/resource/Microsoft_Windows, http://dbpedia.org/resource/PlayStation_3, http://dbpedia.org/resource/Xbox_360]"
"74","3","[http://dbpedia.org/resource/Action-adventure_game, http://dbpedia.org/resource/Stealth_game]"
"74","7","[http://dbpedia.org/resource/PlayStation_3, http://dbpedia.org/resource/Nintendo_3DS, http://dbpedia.org/resource/PlayStation_Vita, http://dbpedia.org/resource/Xbox_360, http://dbpedia.org/resource/PlayStation_2]"
"75","3","http://dbpedia.org/resource/Racing_video_game"
"75","7","[http://dbpedia.org/resource/PlayStation_3, http://dbpedia.org/resource/PlayStation_Portable, http://dbpedia.org/resource/Xbox_360]"
"76","3","[http://dbpedia.org/resource/Action-adventure_game, http://dbpedia.org/resource/Platform_game]"
"76","7","[http://dbpedia.org/resource/Microsoft_Windows, http://dbpedia.org/resource/PlayStation_3, http://dbpedia.org/resource/IOS, http://dbpedia.org/resource/Xbox_360, http://dbpedia.org/resource/Windows_Phone]"
"77","3","http://dbpedia.org/resource/User-generated_content"
"77","7","[http://dbpedia.org/resource/PlayStation_3, http://dbpedia.org/resource/PlayStation_Portable]"
"78","3","http://dbpedia.org/resource/Racing_video_game"
"78","7","http://dbpedia.org/resource/Xbox_360"
"79","3","http://dbpedia.org/resource/Racing_video_game"
"79","7","http://dbpedia.org/resource/PlayStation_3"
"100","3","http://dbpedia.org/resource/First-person_shooter"
"100","7","http://dbpedia.org/resource/PlayStation_3"
"101","3","http://dbpedia.org/resource/Racing_video_game"
"101","7","http://dbpedia.org/resource/Xbox_360"
"102","3","http://dbpedia.org/resource/Rhythm_game"
"102","7","[http://dbpedia.org/resource/PlayStation_3, http://dbpedia.org/resource/Wii, http://dbpedia.org/resource/Xbox_360]"
"104","3","http://dbpedia.org/resource/Rhythm_game"
"104","7","[http://dbpedia.org/resource/PlayStation_3, http://dbpedia.org/resource/Wii, http://dbpedia.org/resource/Xbox_360, http://dbpedia.org/resource/PlayStation_2]"
"105","3","http://dbpedia.org/resource/Racing_video_game"
"105","7","[http://dbpedia.org/resource/Microsoft_Windows, http://dbpedia.org/resource/PlayStation_3, http://dbpedia.org/resource/IOS, http://dbpedia.org/resource/Xbox_360]"
"106","7","[http://dbpedia.org/resource/PlayStation_3, http://dbpedia.org/resource/PlayStation_2]"
"107","3","http://dbpedia.org/resource/Karaoke"
"107","7","[http://dbpedia.org/resource/PlayStation_3, http://dbpedia.org/resource/PlayStation_2]"
"80","3","http://dbpedia.org/resource/Racing_video_game"
"80","7","http://dbpedia.org/resource/PlayStation_3"
"108","3","http://dbpedia.org/resource/Stealth_game"
"108","7","[http://dbpedia.org/resource/Microsoft_Windows, http://dbpedia.org/resource/PlayStation_3, http://dbpedia.org/resource/Wii, http://dbpedia.org/resource/GameCube, http://dbpedia.org/resource/Xbox_(console), http://dbpedia.org/resource/Xbox_360, http://dbpedia.org/resource/PlayStation_2]"
"81","3","http://dbpedia.org/resource/Racing_video_game"
"81","7","http://dbpedia.org/resource/PlayStation_3"
"109","3","[http://dbpedia.org/resource/Action-adventure_game, http://dbpedia.org/resource/Stealth_game]"
"82","3","http://dbpedia.org/resource/Racing_video_game"
"82","7","[http://dbpedia.org/resource/Microsoft_Windows, http://dbpedia.org/resource/PlayStation_3, http://dbpedia.org/resource/Wii, http://dbpedia.org/resource/Java_Platform,_Micro_Edition, http://dbpedia.org/resource/IOS, http://dbpedia.org/resource/WebOS, http://dbpedia.org/resource/Xbox_360, http://dbpedia.org/resource/Windows_Phone, http://dbpedia.org/resource/Android_(operating_system)]"
"83","3","http://dbpedia.org/resource/Racing_video_game"
"83","7","[http://dbpedia.org/resource/Microsoft_Windows, http://dbpedia.org/resource/PlayStation_3, http://dbpedia.org/resource/IOS, http://dbpedia.org/resource/PlayStation_Portable, http://dbpedia.org/resource/Xbox_360, http://dbpedia.org/resource/IPad, http://dbpedia.org/resource/MeeGo, http://dbpedia.org/resource/Windows_Mobile, http://dbpedia.org/resource/Android_(operating_system), http://dbpedia.org/resource/Symbian]"
"85","3","[http://dbpedia.org/resource/Stealth_game, http://dbpedia.org/resource/First-person_shooter]"
"85","7","http://dbpedia.org/resource/Xbox_360"
"86","3","http://dbpedia.org/resource/Action_role-playing_game"
"86","7","[http://dbpedia.org/resource/Game_Boy_Advance, http://dbpedia.org/resource/Microsoft_Windows, http://dbpedia.org/resource/Mobile_phone, http://dbpedia.org/resource/Xbox_(console)]"
"87","3","[http://dbpedia.org/resource/Action-adventure_game, http://dbpedia.org/resource/Platform_game]"
"87","7","[http://dbpedia.org/resource/PlayStation_3, http://dbpedia.org/resource/PlayStation_2]"
