"22","2","[http://dbpedia.org/resource/Karakoram, http://dbpedia.org/resource/Hispar_Muztagh]"
"23","2","http://dbpedia.org/resource/Mahalangur_Himal"
"25","2","http://dbpedia.org/resource/Himalayas"
"26","2","http://dbpedia.org/resource/Himalayas"
"28","2","[http://dbpedia.org/resource/Karakoram, http://dbpedia.org/resource/Rakaposhi-Haramosh_Mountains]"
"31","2","[http://dbpedia.org/resource/Karakoram, http://dbpedia.org/resource/Hispar_Muztagh]"
"32","2","http://dbpedia.org/resource/Zanskar"
"10","2","http://dbpedia.org/resource/Himalayas"
"11","2","http://dbpedia.org/resource/Karakoram"
"12","2","http://dbpedia.org/resource/Karakoram"
"13","2","http://dbpedia.org/resource/Karakoram"
"14","2","[http://dbpedia.org/resource/Himalayas, http://dbpedia.org/resource/Langtang]"
"15","2","http://dbpedia.org/resource/Karakoram"
"16","2","http://dbpedia.org/resource/Himalayas"
"17","2","[http://dbpedia.org/resource/Karakoram, http://dbpedia.org/resource/Baltoro_Muztagh]"
"1","2","[http://dbpedia.org/resource/Himalayas, http://dbpedia.org/resource/Mahalangur_Himal]"
"2","2","http://dbpedia.org/resource/Karakoram"
"3","2","http://dbpedia.org/resource/Himalayas"
"4","2","http://dbpedia.org/resource/Mahalangur_Himal"
"5","2","http://dbpedia.org/resource/Mahalangur_Himal"
"6","2","http://dbpedia.org/resource/Himalayas"
"7","2","[http://dbpedia.org/resource/Himalayas, http://dbpedia.org/resource/Mansiri_Himal]"
"8","2","[http://dbpedia.org/resource/Himalayas, http://dbpedia.org/resource/Mahalangur_Himal]"
"9","2","http://dbpedia.org/resource/Himalayas"
"20","2","[http://dbpedia.org/resource/Karakoram, http://dbpedia.org/resource/Hispar_Muztagh]"
"21","2","[http://dbpedia.org/resource/Himalayas, http://dbpedia.org/resource/Mansiri_Himal]"
