"230","3","http://dbpedia.org/resource/Irvin_Kershner"
"230","4","[http://dbpedia.org/resource/George_Lucas, http://dbpedia.org/resource/Lawrence_Kasdan, http://dbpedia.org/resource/Leigh_Brackett]"
"110","3","http://dbpedia.org/resource/Jeff_Tremaine"
"110","4","[http://dbpedia.org/resource/Spike_Jonze, http://dbpedia.org/resource/Bam_Margera, http://dbpedia.org/resource/Ehren_McGhehey, http://dbpedia.org/resource/Dimitry_Elyashkevich, http://dbpedia.org/resource/Dave_England, http://dbpedia.org/resource/Vernon_Chatman, http://dbpedia.org/resource/Loomis_Fall, http://dbpedia.org/resource/Preston_Lacy, http://dbpedia.org/resource/Chris_Pontius, http://dbpedia.org/resource/Steve-O, http://dbpedia.org/resource/Brandon_DiCamillo, http://dbpedia.org/resource/Jason_Acu%C3%B1a, http://dbpedia.org/resource/Ryan_Dunn, http://dbpedia.org/resource/Jeff_Tremaine, http://dbpedia.org/resource/Johnny_Knoxville]"
"231","3","http://dbpedia.org/resource/Richard_Marquand"
"231","4","[http://dbpedia.org/resource/George_Lucas, http://dbpedia.org/resource/Lawrence_Kasdan]"
"111","3","http://dbpedia.org/resource/Jeff_Tremaine"
"112","3","http://dbpedia.org/resource/Kevin_Smith"
"112","4","http://dbpedia.org/resource/Kevin_Smith"
"233","3","http://dbpedia.org/resource/David_Koepp"
"233","4","http://dbpedia.org/resource/Richard_Matheson"
"234","3","http://dbpedia.org/resource/Marc_Forster"
"234","4","http://dbpedia.org/resource/Zach_Helm"
"113","3","http://dbpedia.org/resource/Norman_Jewison"
"113","4","[http://dbpedia.org/resource/Norman_Jewison, http://dbpedia.org/resource/Melvyn_Bragg]"
"114","3","http://dbpedia.org/resource/Jason_Reitman"
"114","4","http://dbpedia.org/resource/Diablo_Cody"
"235","3","http://dbpedia.org/resource/Morgan_Spurlock"
"235","4","http://dbpedia.org/resource/Morgan_Spurlock"
"115","3","http://dbpedia.org/resource/John_G._Avildsen"
"115","4","http://dbpedia.org/resource/Robert_Mark_Kamen"
"236","3","http://dbpedia.org/resource/Jay_Chandrasekhar"
"236","4","http://dbpedia.org/resource/Broken_Lizard"
"237","3","http://dbpedia.org/resource/Dominic_Sena"
"237","4","http://dbpedia.org/resource/Skip_Woods"
"238","3","http://dbpedia.org/resource/Anthony_Minghella"
"238","4","http://dbpedia.org/resource/Anthony_Minghella"
"239","3","http://dbpedia.org/resource/Adam_McKay"
"239","4","[http://dbpedia.org/resource/Will_Ferrell, http://dbpedia.org/resource/Adam_McKay]"
"118","3","http://dbpedia.org/resource/Judd_Apatow"
"118","4","http://dbpedia.org/resource/Judd_Apatow"
"119","3","http://dbpedia.org/resource/Kevin_Macdonald_(director)"
"119","4","[http://dbpedia.org/resource/Peter_Morgan, http://dbpedia.org/resource/Jeremy_Brock]"
"10","3","http://dbpedia.org/resource/Sam_Mendes"
"10","4","http://dbpedia.org/resource/Alan_Ball_(screenwriter)"
"11","3","http://dbpedia.org/resource/Tony_Kaye_(director)"
"11","4","http://dbpedia.org/resource/David_McKenna_(writer)"
"12","3","http://dbpedia.org/resource/Ron_Howard"
"12","4","[http://dbpedia.org/resource/William_Broyles,_Jr., http://dbpedia.org/resource/Al_Reinert]"
"13","3","[http://dbpedia.org/resource/Paul_Provenza, http://dbpedia.org/resource/Penn_Jillette]"
"14","3","http://dbpedia.org/resource/Christopher_Nolan"
"14","4","http://dbpedia.org/resource/David_S._Goyer"
"15","3","http://dbpedia.org/resource/Leslie_H._Martinson"
"15","4","http://dbpedia.org/resource/Lorenzo_Semple,_Jr."
"16","3","http://dbpedia.org/resource/Michel_Gondry"
"16","4","http://dbpedia.org/resource/Michel_Gondry"
"17","3","http://dbpedia.org/resource/Dennis_Dugan"
"17","4","[http://dbpedia.org/resource/Steve_Franks, http://dbpedia.org/resource/Tim_Herlihy, http://dbpedia.org/resource/Adam_Sandler]"
"18","3","http://dbpedia.org/resource/Tim_Burton"
"18","4","http://dbpedia.org/resource/John_August"
"19","3","http://dbpedia.org/resource/Coen_brothers"
"19","4","http://dbpedia.org/resource/Coen_brothers"
"240","3","http://dbpedia.org/resource/Liam_Lynch_(musician)"
"240","4","[http://dbpedia.org/resource/Liam_Lynch_(musician), http://dbpedia.org/resource/Jack_Black, http://dbpedia.org/resource/Kyle_Gass]"
"120","3","http://dbpedia.org/resource/Lee_H._Katzin"
"120","4","http://dbpedia.org/resource/Harry_Kleiner"
"242","3","http://dbpedia.org/resource/Jason_Reitman"
"242","4","http://dbpedia.org/resource/Jason_Reitman"
"1","3","http://dbpedia.org/resource/Gil_Junger"
"1","4","[http://dbpedia.org/resource/Karen_McCullah_Lutz, http://dbpedia.org/resource/Kirsten_Smith_(writer)]"
"243","3","http://dbpedia.org/resource/Paul_Thomas_Anderson"
"243","4","http://dbpedia.org/resource/Paul_Thomas_Anderson"
"122","3","http://dbpedia.org/resource/Luc_Besson"
"122","4","http://dbpedia.org/resource/Luc_Besson"
"244","3","http://dbpedia.org/resource/Rob_Reiner"
"244","4","[http://dbpedia.org/resource/Christopher_Guest, http://dbpedia.org/resource/Harry_Shearer, http://dbpedia.org/resource/Rob_Reiner, http://dbpedia.org/resource/Michael_McKean]"
"2","3","http://dbpedia.org/resource/Sidney_Lumet"
"2","4","http://dbpedia.org/resource/Reginald_Rose"
"123","3","http://dbpedia.org/resource/Tom_Shadyac"
"245","3","http://dbpedia.org/resource/John_McTiernan"
"245","4","[http://dbpedia.org/resource/Kurt_Wimmer, http://dbpedia.org/resource/Leslie_Dixon]"
"124","3","http://dbpedia.org/resource/Andrew_Scheinman"
"124","4","http://dbpedia.org/resource/Gregory_K._Pincus"
"3","3","http://dbpedia.org/resource/John_Singleton"
"3","4","[http://dbpedia.org/resource/Derek_Haas, http://dbpedia.org/resource/Michael_Brandt]"
"246","3","http://dbpedia.org/resource/Robert_Mulligan"
"246","4","http://dbpedia.org/resource/Horton_Foote"
"4","3","http://dbpedia.org/resource/Stanley_Kubrick"
"4","4","[http://dbpedia.org/resource/Stanley_Kubrick, http://dbpedia.org/resource/Arthur_C._Clarke]"
"125","3","http://dbpedia.org/resource/Sofia_Coppola"
"125","4","http://dbpedia.org/resource/Sofia_Coppola"
"126","3","http://dbpedia.org/resource/Kevin_Smith"
"126","4","http://dbpedia.org/resource/Kevin_Smith"
"6","3","http://dbpedia.org/resource/Jon_Turteltaub"
"6","4","[http://dbpedia.org/resource/Kenny_Kim, http://dbpedia.org/resource/Edward_Emanuel]"
"127","3","http://dbpedia.org/resource/Milo%C5%A1_Forman"
"127","4","http://dbpedia.org/resource/Scott_Alexander_and_Larry_Karaszewski"
"128","4","http://dbpedia.org/resource/The_Wachowskis"
"249","3","http://dbpedia.org/resource/Ken_Russell"
"249","4","http://dbpedia.org/resource/Ken_Russell"
"129","3","http://dbpedia.org/resource/Grant_Gee"
"8","3","http://dbpedia.org/resource/Julie_Taymor"
"8","4","[http://dbpedia.org/resource/Dick_Clement, http://dbpedia.org/resource/Ian_La_Frenais]"
"9","3","http://dbpedia.org/resource/Milo%C5%A1_Forman"
"9","4","http://dbpedia.org/resource/Peter_Shaffer"
"20","3","http://dbpedia.org/resource/Tamra_Davis"
"20","4","[http://dbpedia.org/resource/Tim_Herlihy, http://dbpedia.org/resource/Adam_Sandler]"
"21","3","http://dbpedia.org/resource/Mike_Nichols"
"21","4","http://dbpedia.org/resource/Elaine_May"
"22","3","http://dbpedia.org/resource/Ridley_Scott"
"23","3","[http://dbpedia.org/resource/Daniel_Myrick, http://dbpedia.org/resource/Eduardo_S%C3%A1nchez_(director)]"
"23","4","[http://dbpedia.org/resource/Daniel_Myrick, http://dbpedia.org/resource/Eduardo_S%C3%A1nchez_(director)]"
"24","3","http://dbpedia.org/resource/Mel_Brooks"
"24","4","[http://dbpedia.org/resource/Mel_Brooks, http://dbpedia.org/resource/Richard_Pryor, http://dbpedia.org/resource/Andrew_Bergman]"
"25","3","http://dbpedia.org/resource/Edward_Zwick"
"25","4","http://dbpedia.org/resource/Charles_Leavitt"
"27","3","http://dbpedia.org/resource/Larry_Charles"
"27","4","[http://dbpedia.org/resource/Sacha_Baron_Cohen, http://dbpedia.org/resource/Peter_Baynham, http://dbpedia.org/resource/Dan_Mazer]"
"28","3","http://dbpedia.org/resource/Doug_Liman"
"28","4","[http://dbpedia.org/resource/Tony_Gilroy, http://dbpedia.org/resource/William_Blake_Herron]"
"29","3","http://dbpedia.org/resource/Paul_Greengrass"
"29","4","http://dbpedia.org/resource/Tony_Gilroy"
"130","3","http://dbpedia.org/resource/Christopher_Nolan"
"130","4","http://dbpedia.org/resource/Christopher_Nolan"
"131","3","http://dbpedia.org/resource/Barry_Sonnenfeld"
"131","4","http://dbpedia.org/resource/Ed_Solomon"
"132","3","http://dbpedia.org/resource/Paul_Gross"
"132","4","[http://dbpedia.org/resource/Paul_Quarrington, http://dbpedia.org/resource/Paul_Gross, http://dbpedia.org/resource/John_Krizanc]"
"133","3","http://dbpedia.org/resource/Stephen_Herek"
"133","4","http://dbpedia.org/resource/Steven_Brill_(scriptwriter)"
"134","3","http://dbpedia.org/resource/Gus_Van_Sant"
"134","4","http://dbpedia.org/resource/Dustin_Lance_Black"
"135","3","http://dbpedia.org/resource/Gavin_O'Connor_(director)"
"135","4","http://dbpedia.org/resource/Eric_Guggenheim"
"136","3","http://dbpedia.org/resource/Brian_De_Palma"
"136","4","[http://dbpedia.org/resource/David_Koepp, http://dbpedia.org/resource/Robert_Towne]"
"138","3","[http://dbpedia.org/resource/Terry_Gilliam, http://dbpedia.org/resource/Terry_Jones]"
"138","4","http://dbpedia.org/resource/Monty_Python"
"139","3","http://dbpedia.org/resource/Terry_Jones"
"139","4","http://dbpedia.org/resource/Monty_Python"
"30","3","http://dbpedia.org/resource/Paul_Greengrass"
"30","4","[http://dbpedia.org/resource/George_Nolfi, http://dbpedia.org/resource/Tony_Gilroy, http://dbpedia.org/resource/Scott_Z._Burns]"
"31","3","http://dbpedia.org/resource/Michael_Moore"
"31","4","http://dbpedia.org/resource/Michael_Moore"
"32","3","http://dbpedia.org/resource/Terry_Gilliam"
"34","3","http://dbpedia.org/resource/Michael_Curtiz"
"35","3","http://dbpedia.org/resource/Martin_Campbell"
"35","4","http://dbpedia.org/resource/Neal_Purvis_and_Robert_Wade"
"36","3","http://dbpedia.org/resource/Kevin_Smith"
"36","4","http://dbpedia.org/resource/Kevin_Smith"
"37","3","http://dbpedia.org/resource/Rob_Marshall"
"37","4","http://dbpedia.org/resource/Bill_Condon"
"38","3","http://dbpedia.org/resource/Alfonso_Cuar%C3%B3n"
"39","3","http://dbpedia.org/resource/Bob_Clark"
"39","4","[http://dbpedia.org/resource/Jean_Shepherd, http://dbpedia.org/resource/Bob_Clark]"
"140","3","http://dbpedia.org/resource/Terry_Jones"
"140","4","http://dbpedia.org/resource/Monty_Python"
"141","3","http://dbpedia.org/resource/Stephen_Herek"
"141","4","http://dbpedia.org/resource/Patrick_Sheane_Duncan"
"142","3","http://dbpedia.org/resource/Jeff_Bleckner"
"142","4","http://dbpedia.org/resource/Meredith_Willson"
"143","3","http://dbpedia.org/resource/Herbert_Ross"
"143","4","http://dbpedia.org/resource/Nora_Ephron"
"144","3","http://dbpedia.org/resource/Jonathan_Lynn"
"144","4","http://dbpedia.org/resource/Dale_Launer"
"145","3","http://dbpedia.org/resource/Jay_Roach"
"145","4","http://dbpedia.org/resource/David_E._Kelley"
"266","3","http://dbpedia.org/resource/Tony_Scott"
"266","4","[http://dbpedia.org/resource/Jack_Epps,_Jr., http://dbpedia.org/resource/Jim_Cash]"
"146","3","http://dbpedia.org/resource/Jared_and_Jerusha_Hess"
"146","4","http://dbpedia.org/resource/Jared_and_Jerusha_Hess"
"267","3","http://dbpedia.org/resource/Antoine_Fuqua"
"267","4","http://dbpedia.org/resource/David_Ayer"
"147","3","http://dbpedia.org/resource/Joel_Gallen"
"268","3","http://dbpedia.org/resource/Peter_Weir"
"268","4","http://dbpedia.org/resource/Andrew_Niccol"
"148","3","http://dbpedia.org/resource/Nick_Cassavetes"
"148","4","http://dbpedia.org/resource/Jeremy_Leven"
"269","3","[http://dbpedia.org/resource/Keith_Cossrow, http://dbpedia.org/resource/Bennett_Viseltear]"
"269","4","[http://dbpedia.org/resource/Keith_Cossrow, http://dbpedia.org/resource/Bennett_Viseltear]"
"40","3","http://dbpedia.org/resource/Orson_Welles"
"40","4","[http://dbpedia.org/resource/Orson_Welles, http://dbpedia.org/resource/Herman_J._Mankiewicz]"
"41","3","http://dbpedia.org/resource/Steven_Zaillian"
"41","4","http://dbpedia.org/resource/Steven_Zaillian"
"42","3","http://dbpedia.org/resource/Kevin_Smith"
"42","4","http://dbpedia.org/resource/Kevin_Smith"
"43","4","[http://dbpedia.org/resource/Bobby_Von_Hayes, http://dbpedia.org/resource/Jay_Dee_Rock]"
"45","3","http://dbpedia.org/resource/Stanley_Kubrick"
"45","4","http://dbpedia.org/resource/Stanley_Kubrick"
"46","3","http://dbpedia.org/resource/Mike_Nichols"
"46","4","http://dbpedia.org/resource/Patrick_Marber"
"48","3","http://dbpedia.org/resource/Paul_Haggis"
"48","4","[http://dbpedia.org/resource/Paul_Haggis, http://dbpedia.org/resource/Robert_Moresco]"
"270","4","http://dbpedia.org/resource/%22Weird_Al%22_Yankovic"
"271","3","http://dbpedia.org/resource/M._Night_Shyamalan"
"271","4","http://dbpedia.org/resource/M._Night_Shyamalan"
"150","3","http://dbpedia.org/resource/Mike_Judge"
"150","4","http://dbpedia.org/resource/Mike_Judge"
"151","3","http://dbpedia.org/resource/Milo%C5%A1_Forman"
"151","4","http://dbpedia.org/resource/Bo_Goldman"
"272","3","http://dbpedia.org/resource/Brian_De_Palma"
"272","4","http://dbpedia.org/resource/David_Mamet"
"273","3","http://dbpedia.org/resource/Bryan_Singer"
"273","4","http://dbpedia.org/resource/Christopher_McQuarrie"
"152","3","http://dbpedia.org/resource/Francis_Ford_Coppola"
"274","3","http://dbpedia.org/resource/James_McTeigue"
"275","3","http://dbpedia.org/resource/Brian_Robbins"
"154","3","http://dbpedia.org/resource/Michael_Bay"
"154","4","http://dbpedia.org/resource/Randall_Wallace"
"155","3","http://dbpedia.org/resource/Tim_Burton"
"155","4","[http://dbpedia.org/resource/Paul_Reubens, http://dbpedia.org/resource/Phil_Hartman, http://dbpedia.org/resource/Michael_Varhol]"
"156","3","http://dbpedia.org/resource/Joel_Schumacher"
"156","4","[http://dbpedia.org/resource/Andrew_Lloyd_Webber, http://dbpedia.org/resource/Joel_Schumacher]"
"277","3","http://dbpedia.org/resource/Mick_Jackson_(director)"
"157","3","http://dbpedia.org/resource/Darren_Aronofsky"
"157","4","http://dbpedia.org/resource/Darren_Aronofsky"
"278","3","http://dbpedia.org/resource/Rob_McKittrick"
"278","4","http://dbpedia.org/resource/Rob_McKittrick"
"279","3","[http://dbpedia.org/resource/Gerald_Scarfe, http://dbpedia.org/resource/Alan_Parker]"
"279","4","http://dbpedia.org/resource/Roger_Waters"
"158","3","http://dbpedia.org/resource/Martyn_Burke"
"158","4","http://dbpedia.org/resource/Martyn_Burke"
"51","3","http://dbpedia.org/resource/Christopher_Nolan"
"51","4","http://dbpedia.org/resource/Jonathan_Nolan"
"52","3","http://dbpedia.org/resource/Tony_Scott"
"52","4","http://dbpedia.org/resource/Robert_Towne"
"53","3","http://dbpedia.org/resource/Peter_Weir"
"53","4","http://dbpedia.org/resource/Tom_Schulman"
"54","3","http://dbpedia.org/resource/Juliusz_Machulski"
"54","4","[http://dbpedia.org/resource/Juliusz_Machulski, http://dbpedia.org/resource/Alexander_Borodyansky]"
"56","3","http://dbpedia.org/resource/Martin_Scorsese"
"56","4","http://dbpedia.org/resource/William_Monahan"
"58","3","http://dbpedia.org/resource/Kevin_Smith"
"58","4","http://dbpedia.org/resource/Kevin_Smith"
"59","3","http://dbpedia.org/resource/Richard_Kelly_(director)"
"59","4","http://dbpedia.org/resource/Richard_Kelly_(director)"
"280","3","http://dbpedia.org/resource/Oliver_Stone"
"280","4","[http://dbpedia.org/resource/Oliver_Stone, http://dbpedia.org/resource/Stanley_Weiser]"
"281","3","[http://dbpedia.org/resource/D._A._Pennebaker, http://dbpedia.org/resource/Chris_Hegedus]"
"282","3","http://dbpedia.org/resource/John_Badham"
"282","4","[http://dbpedia.org/resource/Walon_Green, http://dbpedia.org/resource/Lawrence_Lasker, http://dbpedia.org/resource/Walter_F._Parkes]"
"161","3","http://dbpedia.org/resource/Christopher_Nolan"
"162","3","http://dbpedia.org/resource/Susan_Stroman"
"162","4","[http://dbpedia.org/resource/Mel_Brooks, http://dbpedia.org/resource/Thomas_Meehan_(writer)]"
"283","3","http://dbpedia.org/resource/Frank_Coraci"
"283","4","http://dbpedia.org/resource/Tim_Herlihy"
"284","3","[http://dbpedia.org/resource/Mark_Osborne_(filmmaker), http://dbpedia.org/resource/Dror_Soref, http://dbpedia.org/resource/Robert_K._Weiss, http://dbpedia.org/resource/%22Weird_Al%22_Yankovic, http://dbpedia.org/resource/Janet_Greek]"
"163","3","http://dbpedia.org/resource/Marc_Forster"
"163","4","[http://dbpedia.org/resource/Neal_Purvis_and_Robert_Wade, http://dbpedia.org/resource/Paul_Haggis]"
"285","3","[http://dbpedia.org/resource/Jerome_Robbins, http://dbpedia.org/resource/Robert_Wise]"
"285","4","http://dbpedia.org/resource/Ernest_Lehman"
"286","3","http://dbpedia.org/resource/Chris_Paine"
"286","4","http://dbpedia.org/resource/Chris_Paine"
"165","3","http://dbpedia.org/resource/Martin_Scorsese"
"165","4","[http://dbpedia.org/resource/Paul_Schrader, http://dbpedia.org/resource/Mardik_Martin]"
"166","3","http://dbpedia.org/resource/Barry_Levinson"
"166","4","[http://dbpedia.org/resource/Ronald_Bass, http://dbpedia.org/resource/Barry_Morrow]"
"287","3","http://dbpedia.org/resource/Mel_Stuart"
"287","4","http://dbpedia.org/resource/Roald_Dahl"
"288","3","http://dbpedia.org/resource/Victor_Fleming"
"167","3","http://dbpedia.org/resource/Boaz_Yakin"
"167","4","http://dbpedia.org/resource/Gregory_Allen_Howard"
"168","3","http://dbpedia.org/resource/Claude_Lelouch"
"168","4","http://dbpedia.org/resource/Claude_Lelouch"
"169","3","http://dbpedia.org/resource/Chris_Columbus_(filmmaker)"
"169","4","http://dbpedia.org/resource/Stephen_Chbosky"
"60","3","http://dbpedia.org/resource/John_Patrick_Shanley"
"60","4","http://dbpedia.org/resource/John_Patrick_Shanley"
"61","3","http://dbpedia.org/resource/Joss_Whedon"
"61","4","[http://dbpedia.org/resource/Zack_Whedon, http://dbpedia.org/resource/Joss_Whedon, http://dbpedia.org/resource/Jed_Whedon, http://dbpedia.org/resource/Maurissa_Tancharoen]"
"62","3","http://dbpedia.org/resource/Stanley_Kubrick"
"62","4","[http://dbpedia.org/resource/Stanley_Kubrick, http://dbpedia.org/resource/Peter_George_(author), http://dbpedia.org/resource/Terry_Southern]"
"63","3","http://dbpedia.org/resource/Ate_de_Jong"
"63","4","http://dbpedia.org/resource/Carlos_Davis"
"64","3","http://dbpedia.org/resource/Tim_Burton"
"64","4","http://dbpedia.org/resource/Caroline_Thompson"
"65","4","[http://dbpedia.org/resource/Allen_Covert, http://dbpedia.org/resource/Adam_Sandler]"
"66","3","http://dbpedia.org/resource/Jean-Jacques_Annaud"
"66","4","http://dbpedia.org/resource/Jean-Jacques_Annaud"
"67","3","http://dbpedia.org/resource/Barry_Levinson"
"69","3","http://dbpedia.org/resource/Michel_Gondry"
"69","4","http://dbpedia.org/resource/Charlie_Kaufman"
"290","3","http://dbpedia.org/resource/Darren_Aronofsky"
"290","4","http://dbpedia.org/resource/Robert_D._Siegel"
"170","3","http://dbpedia.org/resource/Michael_John_Warren"
"170","4","http://dbpedia.org/resource/Jonathan_Larson"
"291","3","http://dbpedia.org/resource/Bryan_Singer"
"291","4","http://dbpedia.org/resource/David_Hayter"
"171","3","http://dbpedia.org/resource/Darren_Aronofsky"
"171","4","[http://dbpedia.org/resource/Darren_Aronofsky, http://dbpedia.org/resource/Hubert_Selby,_Jr.]"
"172","3","http://dbpedia.org/resource/Quentin_Tarantino"
"172","4","http://dbpedia.org/resource/Quentin_Tarantino"
"293","3","http://dbpedia.org/resource/Ben_Stiller"
"293","4","[http://dbpedia.org/resource/Drake_Sather, http://dbpedia.org/resource/Ben_Stiller, http://dbpedia.org/resource/John_Hamburg]"
"173","3","http://dbpedia.org/resource/Mel_Brooks"
"173","4","[http://dbpedia.org/resource/Mel_Brooks, http://dbpedia.org/resource/Evan_Chandler, http://dbpedia.org/resource/J._David_Shapiro]"
"174","3","http://dbpedia.org/resource/Jim_Sharman"
"175","3","http://dbpedia.org/resource/Franco_Zeffirelli"
"175","4","[http://dbpedia.org/resource/Franco_Zeffirelli, http://dbpedia.org/resource/Franco_Brusati]"
"176","3","http://dbpedia.org/resource/John_Frankenheimer"
"176","4","http://dbpedia.org/resource/David_Mamet"
"177","3","http://dbpedia.org/resource/John_Dahl"
"177","4","[http://dbpedia.org/resource/David_Levien, http://dbpedia.org/resource/Brian_Koppelman]"
"178","3","http://dbpedia.org/resource/David_Anspaugh"
"178","4","http://dbpedia.org/resource/Angelo_Pizzo"
"70","3","http://dbpedia.org/resource/Joel_Schumacher"
"70","4","http://dbpedia.org/resource/Ebbe_Roe_Smith"
"71","3","http://dbpedia.org/resource/Coen_brothers"
"71","4","http://dbpedia.org/resource/Coen_brothers"
"72","3","[http://dbpedia.org/resource/John_Singleton, http://dbpedia.org/resource/Rob_Cohen, http://dbpedia.org/resource/James_Wan, http://dbpedia.org/resource/Justin_Lin]"
"72","4","[http://dbpedia.org/resource/David_Ayer, http://dbpedia.org/resource/Chris_Morgan_(writer), http://dbpedia.org/resource/Erik_Bergquist, http://dbpedia.org/resource/Gary_Scott_Thompson, http://dbpedia.org/resource/Derek_Haas, http://dbpedia.org/resource/Michael_Brandt]"
"73","3","http://dbpedia.org/resource/Rob_Cohen"
"73","4","[http://dbpedia.org/resource/David_Ayer, http://dbpedia.org/resource/Erik_Bergquist, http://dbpedia.org/resource/Gary_Scott_Thompson]"
"74","3","http://dbpedia.org/resource/Terry_Gilliam"
"74","4","[http://dbpedia.org/resource/Terry_Gilliam, http://dbpedia.org/resource/Tod_Davies, http://dbpedia.org/resource/Alex_Cox, http://dbpedia.org/resource/Tony_Grisoni]"
"75","3","http://dbpedia.org/resource/John_Hughes_(filmmaker)"
"75","4","http://dbpedia.org/resource/John_Hughes_(filmmaker)"
"76","3","http://dbpedia.org/resource/Rob_Reiner"
"76","4","http://dbpedia.org/resource/Aaron_Sorkin"
"77","3","http://dbpedia.org/resource/David_Fincher"
"77","4","http://dbpedia.org/resource/Jim_Uhls"
"78","3","http://dbpedia.org/resource/Gus_Van_Sant"
"78","4","http://dbpedia.org/resource/Mike_Rich"
"79","3","http://dbpedia.org/resource/Marc_Forster"
"79","4","http://dbpedia.org/resource/David_Magee"
"180","3","http://dbpedia.org/resource/William_Friedkin"
"180","4","http://dbpedia.org/resource/Stephen_Gaghan"
"181","3","http://dbpedia.org/resource/Wes_Anderson"
"181","4","[http://dbpedia.org/resource/Owen_Wilson, http://dbpedia.org/resource/Wes_Anderson]"
"182","3","http://dbpedia.org/resource/Nicholas_Webster"
"183","3","http://dbpedia.org/resource/Liam_Lynch_(musician)"
"183","4","http://dbpedia.org/resource/Sarah_Silverman"
"184","3","http://dbpedia.org/resource/James_Wan"
"184","4","http://dbpedia.org/resource/Leigh_Whannell"
"185","3","http://dbpedia.org/resource/Darren_Lynn_Bousman"
"185","4","[http://dbpedia.org/resource/Leigh_Whannell, http://dbpedia.org/resource/Darren_Lynn_Bousman]"
"186","3","http://dbpedia.org/resource/Richard_Linklater"
"186","4","http://dbpedia.org/resource/Mike_White_(filmmaker)"
"187","3","http://dbpedia.org/resource/David_Fincher"
"187","4","http://dbpedia.org/resource/Andrew_Kevin_Walker"
"188","3","http://dbpedia.org/resource/Steven_Zaillian"
"188","4","http://dbpedia.org/resource/Steven_Zaillian"
"80","3","http://dbpedia.org/resource/Robert_Zemeckis"
"80","4","http://dbpedia.org/resource/Eric_Roth"
"81","3","[http://dbpedia.org/resource/Quentin_Tarantino, http://dbpedia.org/resource/Robert_Rodriguez, http://dbpedia.org/resource/Allison_Anders, http://dbpedia.org/resource/Alexandre_Rockwell]"
"81","4","[http://dbpedia.org/resource/Quentin_Tarantino, http://dbpedia.org/resource/Robert_Rodriguez, http://dbpedia.org/resource/Allison_Anders, http://dbpedia.org/resource/Alexandre_Rockwell]"
"85","3","http://dbpedia.org/resource/Stanley_Kubrick"
"85","4","[http://dbpedia.org/resource/Stanley_Kubrick, http://dbpedia.org/resource/Gustav_Hasford, http://dbpedia.org/resource/Michael_Herr]"
"86","3","http://dbpedia.org/resource/Richard_Attenborough"
"86","4","http://dbpedia.org/resource/John_Briley"
"87","3","http://dbpedia.org/resource/Martin_Scorsese"
"87","4","[http://dbpedia.org/resource/Steven_Zaillian, http://dbpedia.org/resource/Kenneth_Lonergan, http://dbpedia.org/resource/Jay_Cocks]"
"88","3","http://dbpedia.org/resource/Zach_Braff"
"88","4","http://dbpedia.org/resource/Zach_Braff"
"89","3","http://dbpedia.org/resource/James_Foley"
"89","4","http://dbpedia.org/resource/David_Mamet"
"90","3","http://dbpedia.org/resource/Francis_Ford_Coppola"
"90","4","http://dbpedia.org/resource/Mario_Puzo"
"91","3","http://dbpedia.org/resource/Dominic_Sena"
"91","4","[http://dbpedia.org/resource/Scott_Rosenberg, http://dbpedia.org/resource/H._B._Halicki]"
"92","3","http://dbpedia.org/resource/Victor_Fleming"
"92","4","[http://dbpedia.org/resource/Sidney_Howard, http://dbpedia.org/resource/Ben_Hecht, http://dbpedia.org/resource/Jo_Swerling]"
"93","3","http://dbpedia.org/resource/Robert_De_Niro"
"93","4","http://dbpedia.org/resource/Eric_Roth"
"94","3","http://dbpedia.org/resource/Gus_Van_Sant"
"94","4","[http://dbpedia.org/resource/Ben_Affleck, http://dbpedia.org/resource/Matt_Damon]"
"95","3","http://dbpedia.org/resource/Martin_Scorsese"
"95","4","[http://dbpedia.org/resource/Martin_Scorsese, http://dbpedia.org/resource/Nicholas_Pileggi]"
"96","3","http://dbpedia.org/resource/Clint_Eastwood"
"96","4","http://dbpedia.org/resource/Nick_Schenk"
"97","3","http://dbpedia.org/resource/John_Frankenheimer"
"99","3","http://dbpedia.org/resource/Jack_Clayton"
"99","4","http://dbpedia.org/resource/Francis_Ford_Coppola"
"209","3","http://dbpedia.org/resource/Ingmar_Bergman"
"209","4","http://dbpedia.org/resource/Ingmar_Bergman"
"210","3","http://dbpedia.org/resource/John_Madden_(director)"
"210","4","[http://dbpedia.org/resource/Tom_Stoppard, http://dbpedia.org/resource/Marc_Norman]"
"211","3","http://dbpedia.org/resource/Frank_Darabont"
"211","4","http://dbpedia.org/resource/Frank_Darabont"
"212","3","http://dbpedia.org/resource/Paul_Verhoeven"
"212","4","http://dbpedia.org/resource/Joe_Eszterhas"
"213","3","http://dbpedia.org/resource/Jonathan_Demme"
"213","4","http://dbpedia.org/resource/Ted_Tally"
"214","3","http://dbpedia.org/resource/Rob_Cohen"
"214","4","http://dbpedia.org/resource/John_Pogue"
"215","3","http://dbpedia.org/resource/George_Roy_Hill"
"215","4","http://dbpedia.org/resource/Nancy_Dowd"
"217","3","http://dbpedia.org/resource/Trey_Parker"
"217","4","[http://dbpedia.org/resource/Pam_Brady, http://dbpedia.org/resource/Matt_Stone, http://dbpedia.org/resource/Trey_Parker]"
"218","3","http://dbpedia.org/resource/Mel_Brooks"
"218","4","[http://dbpedia.org/resource/Mel_Brooks, http://dbpedia.org/resource/Ronny_Graham, http://dbpedia.org/resource/Thomas_Meehan_(writer)]"
"219","3","http://dbpedia.org/resource/Mel_Brooks"
"219","4","[http://dbpedia.org/resource/Mel_Brooks, http://dbpedia.org/resource/Ronny_Graham, http://dbpedia.org/resource/Thomas_Meehan_(writer)]"
"100","3","http://dbpedia.org/resource/Harold_Ramis"
"100","4","[http://dbpedia.org/resource/Harold_Ramis, http://dbpedia.org/resource/Danny_Rubin]"
"101","3","http://dbpedia.org/resource/Iain_Softley"
"101","4","http://dbpedia.org/resource/Rafael_Moreu"
"102","3","http://dbpedia.org/resource/Dennis_Dugan"
"102","4","[http://dbpedia.org/resource/Tim_Herlihy, http://dbpedia.org/resource/Adam_Sandler]"
"224","3","http://dbpedia.org/resource/Jonas_%C3%85kerlund"
"224","4","http://dbpedia.org/resource/William_De_Los_Santos"
"103","3","http://dbpedia.org/resource/Gregory_Hoblit"
"103","4","[http://dbpedia.org/resource/Billy_Ray_(screenwriter), http://dbpedia.org/resource/Terry_George]"
"225","3","http://dbpedia.org/resource/Ram%C3%B3n_Men%C3%A9ndez"
"225","4","[http://dbpedia.org/resource/Ram%C3%B3n_Men%C3%A9ndez, http://dbpedia.org/resource/Tom_Musca]"
"104","3","http://dbpedia.org/resource/Michael_Dinner"
"105","3","http://dbpedia.org/resource/Stephen_Frears"
"105","4","[http://dbpedia.org/resource/Scott_Rosenberg, http://dbpedia.org/resource/Steve_Pink, http://dbpedia.org/resource/John_Cusack]"
"226","3","http://dbpedia.org/resource/George_Lucas"
"226","4","http://dbpedia.org/resource/George_Lucas"
"227","3","http://dbpedia.org/resource/George_Lucas"
"227","4","http://dbpedia.org/resource/Jonathan_Hales"
"106","3","http://dbpedia.org/resource/David_O._Russell"
"106","4","http://dbpedia.org/resource/David_O._Russell"
"107","3","http://dbpedia.org/resource/Paul_Haggis"
"107","4","http://dbpedia.org/resource/Paul_Haggis"
"228","3","http://dbpedia.org/resource/George_Lucas"
"228","4","http://dbpedia.org/resource/George_Lucas"
"108","3","http://dbpedia.org/resource/Karen_Disher"
"108","4","[http://dbpedia.org/resource/Glenn_Eichler, http://dbpedia.org/resource/Peggy_Nicoll]"
"229","3","http://dbpedia.org/resource/George_Lucas"
"229","4","http://dbpedia.org/resource/George_Lucas"
"109","3","[http://dbpedia.org/resource/Karen_Disher, http://dbpedia.org/resource/Guy_Moore]"
"109","4","[http://dbpedia.org/resource/Glenn_Eichler, http://dbpedia.org/resource/Peggy_Nicoll]"
