"44","3","http://dbpedia.org/resource/Marcus_Claudius_Tacitus"
"88","3","http://dbpedia.org/resource/Zeno_(emperor)"
"45","3","http://dbpedia.org/resource/Florianus"
"89","3","http://dbpedia.org/resource/Anastasius_I_Dicorus"
"46","3","http://dbpedia.org/resource/Marcus_Aurelius_Probus"
"47","3","http://dbpedia.org/resource/Carus"
"48","3","http://dbpedia.org/resource/Carus"
"49","3","http://dbpedia.org/resource/Numerian"
"90","3","http://dbpedia.org/resource/Justin_I"
"91","3","http://dbpedia.org/resource/Justinian_I"
"50","3","http://dbpedia.org/resource/Carinus"
"51","3","http://dbpedia.org/resource/Maximian"
"52","3","[http://dbpedia.org/resource/Diocletian, http://dbpedia.org/resource/Maximian]"
"53","3","http://dbpedia.org/resource/Constantius_Chlorus"
"10","3","http://dbpedia.org/resource/Vespasian"
"54","3","http://dbpedia.org/resource/Constantius_Chlorus"
"55","3","http://dbpedia.org/resource/Constantius_Chlorus"
"11","3","http://dbpedia.org/resource/Titus"
"56","3","http://dbpedia.org/resource/Galerius"
"12","3","http://dbpedia.org/resource/Domitian"
"57","3","http://dbpedia.org/resource/Flavius_Valerius_Severus"
"13","3","http://dbpedia.org/resource/Nerva"
"58","3","http://dbpedia.org/resource/Constantine_the_Great"
"14","3","http://dbpedia.org/resource/Trajan"
"15","3","http://dbpedia.org/resource/Hadrian"
"59","3","http://dbpedia.org/resource/Constantine_the_Great"
"16","3","http://dbpedia.org/resource/Antoninus_Pius"
"17","3","http://dbpedia.org/resource/Antoninus_Pius"
"18","3","http://dbpedia.org/resource/Marcus_Aurelius"
"19","3","http://dbpedia.org/resource/Commodus"
"6","3","http://dbpedia.org/resource/Nero"
"7","3","http://dbpedia.org/resource/Galba"
"8","3","http://dbpedia.org/resource/Otho"
"60","3","http://dbpedia.org/resource/Constantine_the_Great"
"61","3","http://dbpedia.org/resource/Constantius_II"
"62","3","http://dbpedia.org/resource/Julian_(emperor)"
"63","3","http://dbpedia.org/resource/Jovian_(emperor)"
"20","3","http://dbpedia.org/resource/Pertinax"
"64","3","http://dbpedia.org/resource/Valentinian_I"
"65","3","http://dbpedia.org/resource/Valentinian_I"
"21","3","http://dbpedia.org/resource/Didius_Julianus"
"22","3","http://dbpedia.org/resource/Septimius_Severus"
"66","3","http://dbpedia.org/resource/Valentinian_I"
"23","3","http://dbpedia.org/resource/Septimius_Severus"
"67","3","[http://dbpedia.org/resource/Western_Roman_Empire, http://dbpedia.org/resource/Valens, http://dbpedia.org/resource/Gratian, http://dbpedia.org/resource/Valentinian_II, http://dbpedia.org/resource/Byzantine_Empire]"
"24","3","http://dbpedia.org/resource/Caracalla"
"68","3","http://dbpedia.org/resource/Theodosius_I"
"25","3","http://dbpedia.org/resource/Macrinus"
"69","3","http://dbpedia.org/resource/Theodosius_I"
"26","3","http://dbpedia.org/resource/Elagabalus"
"27","3","http://dbpedia.org/resource/Alexander_Severus"
"28","3","http://dbpedia.org/resource/Maximinus_Thrax"
"29","3","http://dbpedia.org/resource/Maximinus_Thrax"
"70","3","http://dbpedia.org/resource/Arcadius"
"71","3","http://dbpedia.org/resource/Honorius_(emperor)"
"73","3","http://dbpedia.org/resource/Honorius_(emperor)"
"30","3","[http://dbpedia.org/resource/Gordian_I, http://dbpedia.org/resource/Gordian_II]"
"74","3","http://dbpedia.org/resource/Pulcheria"
"31","3","[http://dbpedia.org/resource/Gordian_I, http://dbpedia.org/resource/Gordian_II]"
"75","3","http://dbpedia.org/resource/Valentinian_III"
"32","3","[http://dbpedia.org/resource/Balbinus, http://dbpedia.org/resource/Pupienus]"
"76","3","http://dbpedia.org/resource/Petronius_Maximus"
"77","3","http://dbpedia.org/resource/Avitus"
"78","3","http://dbpedia.org/resource/Majorian"
"34","3","http://dbpedia.org/resource/Philip_the_Arab"
"79","3","http://dbpedia.org/resource/Libius_Severus"
"35","3","[http://dbpedia.org/resource/Herennius_Etruscus, http://dbpedia.org/resource/Decius]"
"36","3","[http://dbpedia.org/resource/Herennius_Etruscus, http://dbpedia.org/resource/Decius]"
"37","3","[http://dbpedia.org/resource/Volusianus, http://dbpedia.org/resource/Trebonianus_Gallus]"
"38","3","http://dbpedia.org/resource/Aemilianus"
"39","3","http://dbpedia.org/resource/Aemilianus"
"80","3","http://dbpedia.org/resource/Anthemius"
"81","3","http://dbpedia.org/resource/Olybrius"
"82","3","http://dbpedia.org/resource/Glycerius"
"83","3","http://dbpedia.org/resource/Julius_Nepos"
"84","3","http://dbpedia.org/resource/Marcian"
"40","3","http://dbpedia.org/resource/Gallienus"
"85","3","http://dbpedia.org/resource/Leo_I_the_Thracian"
"42","3","http://dbpedia.org/resource/Quintillus"
"86","3","[http://dbpedia.org/resource/Leo_II_(emperor), http://dbpedia.org/resource/Basiliscus]"
"87","3","http://dbpedia.org/resource/Zeno_(emperor)"
"43","3","http://dbpedia.org/resource/Aurelian"
