"22","2","http://dbpedia.org/resource/All-news_radio"
"23","2","[http://dbpedia.org/resource/Talk_radio, http://dbpedia.org/resource/All-news_radio]"
"24","2","http://dbpedia.org/resource/Christian_radio"
"25","2","[http://dbpedia.org/resource/Talk_radio, http://dbpedia.org/resource/Sports_radio]"
"27","2","[http://dbpedia.org/resource/Spanish_language, http://dbpedia.org/resource/Talk_radio]"
"28","2","http://dbpedia.org/resource/Middle_of_the_road_(music)"
"29","2","http://dbpedia.org/resource/Urban_contemporary_gospel"
"30","2","http://dbpedia.org/resource/Regional_Mexican"
"31","2","http://dbpedia.org/resource/World_music"
"10","2","http://dbpedia.org/resource/Talk_radio"
"32","2","http://dbpedia.org/resource/Talk_radio"
"33","2","http://dbpedia.org/resource/Sports_radio"
"11","2","http://dbpedia.org/resource/Korean_language"
"12","2","http://dbpedia.org/resource/Christian_radio"
"13","2","[http://dbpedia.org/resource/Talk_radio, http://dbpedia.org/resource/All-news_radio, http://dbpedia.org/resource/Sports_radio]"
"35","2","[http://dbpedia.org/resource/Talk_radio, http://dbpedia.org/resource/All-news_radio]"
"36","2","http://dbpedia.org/resource/Talk_radio"
"15","2","http://dbpedia.org/resource/Spanish_language"
"16","2","http://dbpedia.org/resource/Ethnic_group"
"17","2","http://dbpedia.org/resource/Sports_radio"
"18","2","http://dbpedia.org/resource/Sports_radio"
"19","2","http://dbpedia.org/resource/Christian_radio"
"1","2","[http://dbpedia.org/resource/Talk_radio, http://dbpedia.org/resource/All-news_radio]"
"2","2","http://dbpedia.org/resource/Vietnamese_language"
"3","2","http://dbpedia.org/resource/Sports_radio"
"4","2","http://dbpedia.org/resource/Mandarin_Chinese"
"5","2","http://dbpedia.org/resource/Mandarin_Chinese"
"6","2","http://dbpedia.org/resource/Christian_radio"
"7","2","http://dbpedia.org/resource/Christian_radio"
"8","2","http://dbpedia.org/resource/Children's_radio"
"9","2","http://dbpedia.org/resource/Christian_radio"
"20","2","http://dbpedia.org/resource/Korean_language"
