"11","2","[http://dbpedia.org/resource/Spain, http://dbpedia.org/resource/Madrid, http://dbpedia.org/resource/Paseo_del_Prado]"
"12","2","[http://dbpedia.org/resource/South_Kensington, http://dbpedia.org/resource/Cromwell_Gardens]"
"14","2","[http://dbpedia.org/resource/London, http://dbpedia.org/resource/Great_Russell_Street]"
"16","2","[http://dbpedia.org/resource/Kentucky, http://dbpedia.org/resource/Petersburg,_Boone_County,_Kentucky, http://dbpedia.org/resource/United_States]"
"18","2","[http://dbpedia.org/resource/Independence_Avenue_(Washington,_D.C.), http://dbpedia.org/resource/Washington,_D.C.]"
"19","2","http://dbpedia.org/resource/New_York_City"
"1","2","[http://dbpedia.org/resource/New_York_City, http://dbpedia.org/resource/53rd_Street_(Manhattan), http://dbpedia.org/resource/New_York]"
"2","2","[http://dbpedia.org/resource/New_York_City, http://dbpedia.org/resource/Fifth_Avenue, http://dbpedia.org/resource/New_York]"
"3","2","[http://dbpedia.org/resource/Athens, http://dbpedia.org/resource/Greece, http://dbpedia.org/resource/Dionysiou_Areopagitou_Street]"
"5","2","[http://dbpedia.org/resource/London, http://dbpedia.org/resource/Bankside]"
"6","2","[http://dbpedia.org/resource/London, http://dbpedia.org/resource/United_Kingdom, http://dbpedia.org/resource/Shad_Thames]"
"7","2","[http://dbpedia.org/resource/Upper_East_Side, http://dbpedia.org/resource/Manhattan, http://dbpedia.org/resource/New_York]"
"9","2","[http://dbpedia.org/resource/Los_Angeles, http://dbpedia.org/resource/Pacific_Palisades,_Los_Angeles]"
"20","2","[http://dbpedia.org/resource/Bowery, http://dbpedia.org/resource/Manhattan, http://dbpedia.org/resource/New_York]"
"10","2","http://dbpedia.org/resource/St._Petersburg,_Florida"
