"44","1","[http://dbpedia.org/resource/Electronics, http://dbpedia.org/resource/Engineering]"
"45","1","http://dbpedia.org/resource/Professional_services"
"46","1","http://dbpedia.org/resource/Aviation"
"47","1","http://dbpedia.org/resource/Retail"
"48","1","http://dbpedia.org/resource/Homebuilding"
"49","1","http://dbpedia.org/resource/Conglomerate_(company)"
"50","1","http://dbpedia.org/resource/Courier"
"51","1","http://dbpedia.org/resource/Telecommunication"
"52","1","http://dbpedia.org/resource/Financial_services"
"10","1","http://dbpedia.org/resource/Chemical_industry"
"10","1","http://dbpedia.org/resource/Chemical_industry"
"54","1","http://dbpedia.org/resource/Retail"
"55","1","http://dbpedia.org/resource/Mass_media"
"11","1","http://dbpedia.org/resource/Medical_equipment"
"12","1","http://dbpedia.org/resource/Conglomerate_(company)"
"13","1","http://dbpedia.org/resource/Automotive_industry"
"14","1","http://dbpedia.org/resource/Transport"
"15","1","[http://dbpedia.org/resource/Financial_services, http://dbpedia.org/resource/Heavy_equipment]"
"16","1","http://dbpedia.org/resource/Networking_hardware"
"17","1","http://dbpedia.org/resource/Drink"
"18","1","http://dbpedia.org/resource/Retail"
"19","1","http://dbpedia.org/resource/Retail"
"1","1","http://dbpedia.org/resource/Pharmaceutical_industry"
"2","1","http://dbpedia.org/resource/Software"
"3","1","http://dbpedia.org/resource/Managed_care"
"4","1","http://dbpedia.org/resource/Non-ferrous_metal"
"5","1","[http://dbpedia.org/resource/Software, http://dbpedia.org/resource/Digital_distribution, http://dbpedia.org/resource/Consumer_electronics, http://dbpedia.org/resource/Computer_hardware]"
"6","1","http://dbpedia.org/resource/Managed_services"
"7","1","[http://dbpedia.org/resource/Commodity, http://dbpedia.org/resource/Food_processing]"
"8","1","http://dbpedia.org/resource/Business_service_provider"
"9","1","http://dbpedia.org/resource/Electronics"
"20","1","http://dbpedia.org/resource/Health_care"
"21","1","http://dbpedia.org/resource/Electric_utility"
"22","1","[http://dbpedia.org/resource/Engineering, http://dbpedia.org/resource/Construction]"
"23","1","http://dbpedia.org/resource/List_of_oil_exploration_and_production_companies"
"24","1","http://dbpedia.org/resource/List_of_oilfield_service_companies"
"25","1","http://dbpedia.org/resource/Electric_utility"
"26","1","http://dbpedia.org/resource/Conglomerate_(company)"
"27","1","[http://dbpedia.org/resource/Financial_services, http://dbpedia.org/resource/Bank]"
"28","1","[http://dbpedia.org/resource/Internet, http://dbpedia.org/resource/Software, http://dbpedia.org/resource/Telecommunications_equipment]"
"30","1","[http://dbpedia.org/resource/Software, http://dbpedia.org/resource/Information_technology_consulting, http://dbpedia.org/resource/IT_service_management, http://dbpedia.org/resource/Computer_hardware]"
"31","1","http://dbpedia.org/resource/Semiconductor"
"32","1","http://dbpedia.org/resource/Pulp_and_paper_industry"
"33","1","[http://dbpedia.org/resource/Tourism, http://dbpedia.org/resource/Hospitality]"
"35","1","http://dbpedia.org/resource/Pharmaceutical_drug"
"36","1","http://dbpedia.org/resource/Pharmacy_benefit_management"
"37","1","http://dbpedia.org/resource/Food_processing"
"38","1","http://dbpedia.org/resource/Insurance"
"39","1","[http://dbpedia.org/resource/Clothing, http://dbpedia.org/resource/Fashion_accessory]"
"40","1","http://dbpedia.org/resource/Financial_services"
"41","1","http://dbpedia.org/resource/Petroleum_industry"
"42","1","http://dbpedia.org/resource/Tobacco"
"43","1","http://dbpedia.org/resource/Fast-moving_consumer_goods"
