"11","2","[http://dbpedia.org/resource/Broadway_(Manhattan), http://dbpedia.org/resource/New_York_City, http://dbpedia.org/resource/New_York]"
"1","2","[http://dbpedia.org/resource/United_Arab_Emirates, http://dbpedia.org/resource/Dubai]"
"12","2","[http://dbpedia.org/resource/Pennsylvania, http://dbpedia.org/resource/Philadelphia]"
"2","2","[http://dbpedia.org/resource/Taiwan, http://dbpedia.org/resource/Xinyi_District, http://dbpedia.org/resource/Taipei]"
"3","2","[http://dbpedia.org/resource/Kuala_Lumpur, http://dbpedia.org/resource/Jalan_Ampang, http://dbpedia.org/resource/Malaysia]"
"4","2","http://dbpedia.org/resource/Chicago"
"5","2","http://dbpedia.org/resource/New_York_City"
"6","2","[http://dbpedia.org/resource/Manhattan, http://dbpedia.org/resource/Fifth_Avenue, http://dbpedia.org/resource/New_York]"
"7","2","http://dbpedia.org/resource/Manhattan"
"8","2","http://dbpedia.org/resource/Manhattan"
"9","2","[http://dbpedia.org/resource/Broadway_(Manhattan), http://dbpedia.org/resource/New_York_City, http://dbpedia.org/resource/Manhattan]"
"10","2","[http://dbpedia.org/resource/New_York_City, http://dbpedia.org/resource/Manhattan, http://dbpedia.org/resource/Madison_Avenue]"
