"1","3","http://dbpedia.org/resource/Rudolf_Zehetgruber"
"2","3","http://dbpedia.org/resource/Derek_Cianfrance"
"3","3","http://dbpedia.org/resource/Yorgos_Lanthimos"
"4","3","http://dbpedia.org/resource/Peter_Chelsom"
"5","3","http://dbpedia.org/resource/Tomas_Alfredson"
"6","3","http://dbpedia.org/resource/Antonio_Negret"
"7","3","http://dbpedia.org/resource/Terrence_Malick"
"8","3","http://dbpedia.org/resource/Daniel_Alfredson"
"9","3","http://dbpedia.org/resource/Niels_Arden_Oplev"
"400","3","http://dbpedia.org/resource/Mike_Mills_(director)"
"401","3","http://dbpedia.org/resource/Bennett_Miller"
"402","3","http://dbpedia.org/resource/Steven_Spielberg"
"403","3","http://dbpedia.org/resource/Troy_Miller"
"404","3","http://dbpedia.org/resource/Shawn_Levy"
"405","3","http://dbpedia.org/resource/Takashi_Shimizu"
"406","3","http://dbpedia.org/resource/Arie_Posin"
"407","3","http://dbpedia.org/resource/Tom_Brady_(film_director)"
"408","3","http://dbpedia.org/resource/Andrei_Tarkovsky"
"409","3","http://dbpedia.org/resource/Fernando_Meirelles"
"410","3","http://dbpedia.org/resource/Luc_Jacquet"
"411","3","http://dbpedia.org/resource/Dean_Parisot"
"412","3","http://dbpedia.org/resource/Noah_Baumbach"
"413","3","http://dbpedia.org/resource/Edward_Zwick"
"414","3","http://dbpedia.org/resource/Farrelly_brothers"
"415","3","http://dbpedia.org/resource/Mel_Brooks"
"416","3","[http://dbpedia.org/resource/Eric_Darnell, http://dbpedia.org/resource/Tom_McGrath_(animator)]"
"417","3","http://dbpedia.org/resource/Frank_Capra"
"418","3","http://dbpedia.org/resource/Jim_Jarmusch"
"419","3","http://dbpedia.org/resource/Ben_Younger"
"420","3","http://dbpedia.org/resource/Peter_Jackson"
"300","3","http://dbpedia.org/resource/Rob_Reiner"
"301","3","http://dbpedia.org/resource/David_Fincher"
"422","3","http://dbpedia.org/resource/Sydney_Pollack"
"302","3","http://dbpedia.org/resource/Pedro_Almod%C3%B3var"
"423","3","http://dbpedia.org/resource/Vincent_Gallo"
"424","3","http://dbpedia.org/resource/Todd_Louiso"
"303","3","http://dbpedia.org/resource/Christopher_Guest"
"304","3","http://dbpedia.org/resource/Marc_Forster"
"425","3","http://dbpedia.org/resource/Jay_Chandrasekhar"
"426","3","http://dbpedia.org/resource/Andrew_Niccol"
"305","3","http://dbpedia.org/resource/Todd_Field"
"427","3","http://dbpedia.org/resource/Roger_Kumble"
"306","3","http://dbpedia.org/resource/Alfonso_Cuar%C3%B3n"
"307","3","http://dbpedia.org/resource/Christopher_Nolan"
"428","3","http://dbpedia.org/resource/Harold_Ramis"
"308","3","http://dbpedia.org/resource/John_Curran_(director)"
"429","3","http://dbpedia.org/resource/Mike_Mitchell_(director)"
"309","3","http://dbpedia.org/resource/Guillermo_del_Toro"
"430","3","http://dbpedia.org/resource/James_Mangold"
"310","3","http://dbpedia.org/resource/Zhang_Yimou"
"311","3","http://dbpedia.org/resource/Kirby_Dick"
"312","3","http://dbpedia.org/resource/Alfonso_Cuar%C3%B3n"
"313","3","http://dbpedia.org/resource/Neil_Burger"
"315","3","http://dbpedia.org/resource/Darren_Aronofsky"
"316","3","http://dbpedia.org/resource/Oliver_Stone"
"317","3","http://dbpedia.org/resource/Martin_Campbell"
"318","3","http://dbpedia.org/resource/Bob_Odenkirk"
"319","3","[http://dbpedia.org/resource/Heidi_Ewing, http://dbpedia.org/resource/Rachel_Grady]"
"320","3","http://dbpedia.org/resource/Liam_Lynch_(musician)"
"321","3","http://dbpedia.org/resource/Steve_Pink"
"322","3","http://dbpedia.org/resource/Sofia_Coppola"
"202","3","http://dbpedia.org/resource/Lasse_Hallstr%C3%B6m"
"323","3","http://dbpedia.org/resource/Larry_Charles"
"324","3","http://dbpedia.org/resource/Darren_Lynn_Bousman"
"203","3","http://dbpedia.org/resource/Eran_Kolirin"
"325","3","http://dbpedia.org/resource/Peyton_Reed"
"204","3","http://dbpedia.org/resource/Davis_Guggenheim"
"326","3","http://dbpedia.org/resource/Jared_and_Jerusha_Hess"
"205","3","http://dbpedia.org/resource/James_Mangold"
"327","3","http://dbpedia.org/resource/Richard_Linklater"
"206","3","http://dbpedia.org/resource/Rob_Reiner"
"328","3","http://dbpedia.org/resource/Michel_Gondry"
"207","3","http://dbpedia.org/resource/Werner_Herzog"
"208","3","http://dbpedia.org/resource/David_Gordon_Green"
"329","3","http://dbpedia.org/resource/Jason_Reitman"
"209","3","http://dbpedia.org/resource/Steve_Buscemi"
"330","3","http://dbpedia.org/resource/Martin_Scorsese"
"331","3","http://dbpedia.org/resource/Terry_Zwigoff"
"210","3","http://dbpedia.org/resource/David_Koepp"
"332","3","http://dbpedia.org/resource/Paul_Dinello"
"211","3","http://dbpedia.org/resource/Danny_Boyle"
"333","3","http://dbpedia.org/resource/Caveh_Zahedi"
"212","3","http://dbpedia.org/resource/John_Dahl"
"213","3","http://dbpedia.org/resource/Kevin_Smith"
"334","3","http://dbpedia.org/resource/Richard_Shepard"
"335","3","http://dbpedia.org/resource/Marc_Forster"
"214","3","http://dbpedia.org/resource/Lawrence_Kasdan"
"215","3","http://dbpedia.org/resource/Ben_Stiller"
"336","3","http://dbpedia.org/resource/Salvador_Litvak"
"216","3","http://dbpedia.org/resource/Louis_Leterrier"
"337","3","http://dbpedia.org/resource/David_R._Ellis"
"217","3","http://dbpedia.org/resource/Martin_Gero"
"338","3","http://dbpedia.org/resource/Woody_Allen"
"218","3","http://dbpedia.org/resource/Thomas_McCarthy_(actor)"
"339","3","http://dbpedia.org/resource/Hughes_brothers"
"219","3","http://dbpedia.org/resource/Steven_Soderbergh"
"340","3","http://dbpedia.org/resource/Michael_Haneke"
"341","3","http://dbpedia.org/resource/Scott_Coffey"
"220","3","http://dbpedia.org/resource/Sidney_Lumet"
"342","3","http://dbpedia.org/resource/Adam_McKay"
"221","3","http://dbpedia.org/resource/Pete_Travis"
"343","3","http://dbpedia.org/resource/David_Slade"
"101","3","http://dbpedia.org/resource/Roman_Polanski"
"222","3","http://dbpedia.org/resource/Jon_Favreau"
"223","3","http://dbpedia.org/resource/Coen_brothers"
"102","3","http://dbpedia.org/resource/Jean-Pierre_Jeunet"
"344","3","[http://dbpedia.org/resource/Tim_Johnson_(film_director), http://dbpedia.org/resource/Karey_Kirkpatrick]"
"224","3","http://dbpedia.org/resource/Tim_Burton"
"345","3","http://dbpedia.org/resource/Audrey_Wells"
"103","3","http://dbpedia.org/resource/Christian_Alvart"
"346","3","http://dbpedia.org/resource/Stuart_Gordon"
"225","3","http://dbpedia.org/resource/Mike_White_(filmmaker)"
"347","3","http://dbpedia.org/resource/Jonathan_Dayton_and_Valerie_Faris"
"226","3","http://dbpedia.org/resource/Ben_Affleck"
"105","3","http://dbpedia.org/resource/Raymond_De_Felitta"
"227","3","http://dbpedia.org/resource/Adam_Brooks_(filmmaker)"
"348","3","http://dbpedia.org/resource/Shane_Black"
"106","3","http://dbpedia.org/resource/Mary_Harron"
"349","3","http://dbpedia.org/resource/Rian_Johnson"
"107","3","http://dbpedia.org/resource/Hughes_brothers"
"228","3","http://dbpedia.org/resource/Christopher_Nolan"
"108","3","http://dbpedia.org/resource/Jim_Field_Smith"
"109","3","http://dbpedia.org/resource/Miguel_Arteta"
"350","3","http://dbpedia.org/resource/Jez_Butterworth"
"230","3","http://dbpedia.org/resource/Andrew_Stanton"
"351","3","http://dbpedia.org/resource/Philip_Kaufman"
"231","3","http://dbpedia.org/resource/Michael_Patrick_King"
"352","3","http://dbpedia.org/resource/Bahman_Ghobadi"
"110","3","http://dbpedia.org/resource/John_Moore_(director)"
"353","3","http://dbpedia.org/resource/Dennis_Dugan"
"232","3","http://dbpedia.org/resource/Kent_Alterman"
"111","3","http://dbpedia.org/resource/Brian_Helgeland"
"354","3","http://dbpedia.org/resource/Neil_Armfield"
"233","3","http://dbpedia.org/resource/Justin_Chadwick"
"112","3","http://dbpedia.org/resource/Martin_Scorsese"
"113","3","http://dbpedia.org/resource/Brett_Simon"
"234","3","http://dbpedia.org/resource/Richard_LaGravenese"
"355","3","http://dbpedia.org/resource/Richard_Donner"
"356","3","http://dbpedia.org/resource/Lasse_Hallstr%C3%B6m"
"114","3","http://dbpedia.org/resource/Jon_Favreau"
"235","3","http://dbpedia.org/resource/Gary_Winick"
"115","3","http://dbpedia.org/resource/Andrea_Arnold"
"236","3","http://dbpedia.org/resource/Robert_Luketic"
"357","3","http://dbpedia.org/resource/Rodrigo_Garc%C3%ADa_(director)"
"358","3","http://dbpedia.org/resource/Jesse_Dylan"
"116","3","http://dbpedia.org/resource/Alex_Proyas"
"237","3","http://dbpedia.org/resource/Marc_Lawrence_(filmmaker)"
"238","3","http://dbpedia.org/resource/C%C3%A9line_Sciamma"
"117","3","http://dbpedia.org/resource/Guy_Ritchie"
"359","3","http://dbpedia.org/resource/Mark_Waters_(director)"
"118","3","http://dbpedia.org/resource/Spike_Jonze"
"239","3","http://dbpedia.org/resource/Nicholas_Stoller"
"119","3","http://dbpedia.org/resource/Lasse_Hallstr%C3%B6m"
"10","3","http://dbpedia.org/resource/Brad_Bird"
"11","3","http://dbpedia.org/resource/David_Slade"
"12","3","http://dbpedia.org/resource/James_Bobin"
"14","3","http://dbpedia.org/resource/Jason_Reitman"
"15","3","http://dbpedia.org/resource/Mark_Romanek"
"16","3","http://dbpedia.org/resource/John_Michael_McDonagh"
"17","3","http://dbpedia.org/resource/Nick_Cassavetes"
"18","3","http://dbpedia.org/resource/Michael_Lehmann"
"19","3","http://dbpedia.org/resource/William_Friedkin"
"360","3","http://dbpedia.org/resource/Miguel_Arteta"
"240","3","http://dbpedia.org/resource/Roger_Donaldson"
"120","3","http://dbpedia.org/resource/Lone_Scherfig"
"362","3","http://dbpedia.org/resource/Joshua_Marston"
"241","3","http://dbpedia.org/resource/Martin_McDonagh"
"121","3","http://dbpedia.org/resource/Stephen_Daldry"
"363","3","http://dbpedia.org/resource/Paul_McGuigan_(filmmaker)"
"242","3","[http://dbpedia.org/resource/Steve_Martino, http://dbpedia.org/resource/Jimmy_Hayward]"
"122","3","http://dbpedia.org/resource/Wes_Anderson"
"243","3","http://dbpedia.org/resource/Anne_Fletcher"
"364","3","http://dbpedia.org/resource/Roman_Polanski"
"365","3","http://dbpedia.org/resource/Sidney_Lumet"
"244","3","http://dbpedia.org/resource/Mark_Steven_Johnson"
"123","3","http://dbpedia.org/resource/Frank_Cappello"
"124","3","http://dbpedia.org/resource/Steven_Soderbergh"
"366","3","http://dbpedia.org/resource/Billy_Morrissette"
"245","3","http://dbpedia.org/resource/Kevin_Lima"
"246","3","http://dbpedia.org/resource/Francis_Lawrence"
"367","3","http://dbpedia.org/resource/Gregg_Araki"
"125","3","http://dbpedia.org/resource/Coen_brothers"
"247","3","http://dbpedia.org/resource/Julian_Schnabel"
"126","3","http://dbpedia.org/resource/Roland_Emmerich"
"368","3","http://dbpedia.org/resource/Phil_Morrison_(director)"
"127","3","http://dbpedia.org/resource/Andrea_Arnold"
"248","3","http://dbpedia.org/resource/Michel_Gondry"
"369","3","http://dbpedia.org/resource/Greg_Marcks"
"249","3","http://dbpedia.org/resource/Noah_Baumbach"
"128","3","http://dbpedia.org/resource/Quentin_Tarantino"
"129","3","http://dbpedia.org/resource/Todd_Graff"
"20","3","http://dbpedia.org/resource/Nicolas_Winding_Refn"
"21","3","http://dbpedia.org/resource/Brian_Henson"
"22","3","http://dbpedia.org/resource/Will_Gluck"
"23","3","http://dbpedia.org/resource/Cameron_Crowe"
"24","3","http://dbpedia.org/resource/Gareth_Edwards_(director)"
"25","3","http://dbpedia.org/resource/Tomas_Alfredson"
"26","3","http://dbpedia.org/resource/Lars_von_Trier"
"27","3","http://dbpedia.org/resource/Richard_Ayoade"
"28","3","http://dbpedia.org/resource/James_Frawley"
"29","3","http://dbpedia.org/resource/Jesse_Peretz"
"370","3","http://dbpedia.org/resource/Tom_Dey"
"250","3","[http://dbpedia.org/resource/Marjane_Satrapi, http://dbpedia.org/resource/Vincent_Paronnaud]"
"371","3","http://dbpedia.org/resource/John_Hazlett"
"251","3","http://dbpedia.org/resource/Jeff_Garlin"
"372","3","[http://dbpedia.org/resource/Josh_Kornbluth, http://dbpedia.org/resource/Jacob_Kornbluth]"
"130","3","http://dbpedia.org/resource/Woody_Allen"
"131","3","http://dbpedia.org/resource/Terry_Gilliam"
"252","3","http://dbpedia.org/resource/Tamara_Jenkins"
"373","3","http://dbpedia.org/resource/Michael_Radford"
"132","3","http://dbpedia.org/resource/Nancy_Meyers"
"374","3","http://dbpedia.org/resource/Miranda_July"
"253","3","http://dbpedia.org/resource/Matt_Reeves"
"133","3","http://dbpedia.org/resource/Neil_Marshall"
"254","3","http://dbpedia.org/resource/Paul_Thomas_Anderson"
"375","3","http://dbpedia.org/resource/Marc_Forster"
"255","3","http://dbpedia.org/resource/Joe_Wright"
"134","3","http://dbpedia.org/resource/Ricky_Gervais"
"376","3","http://dbpedia.org/resource/Pedro_Almod%C3%B3var"
"135","3","http://dbpedia.org/resource/Lars_von_Trier"
"256","3","http://dbpedia.org/resource/Mike_Nichols"
"377","3","http://dbpedia.org/resource/Keith_Gordon"
"378","3","http://dbpedia.org/resource/George_Lucas"
"136","3","http://dbpedia.org/resource/Michael_Mann_(director)"
"257","3","http://dbpedia.org/resource/Jason_Reitman"
"258","3","http://dbpedia.org/resource/Julie_Delpy"
"137","3","http://dbpedia.org/resource/Jason_Reitman"
"379","3","http://dbpedia.org/resource/Woody_Allen"
"259","3","http://dbpedia.org/resource/Jake_Kasdan"
"139","3","http://dbpedia.org/resource/John_Lee_Hancock"
"30","3","[http://dbpedia.org/resource/John_Requa, http://dbpedia.org/resource/Glenn_Ficarra]"
"31","3","http://dbpedia.org/resource/Joe_Wright"
"32","3","http://dbpedia.org/resource/Pedro_Almod%C3%B3var"
"33","3","http://dbpedia.org/resource/Bennett_Miller"
"35","3","http://dbpedia.org/resource/Michel_Gondry"
"36","3","http://dbpedia.org/resource/Jake_Scott_(director)"
"37","3","http://dbpedia.org/resource/Steven_Soderbergh"
"38","3","http://dbpedia.org/resource/Peter_Jackson"
"39","3","[http://dbpedia.org/resource/Shunji_Iwai, http://dbpedia.org/resource/Natalie_Portman, http://dbpedia.org/resource/Brett_Ratner, http://dbpedia.org/resource/Allen_Hughes, http://dbpedia.org/resource/Mira_Nair, http://dbpedia.org/resource/Shekhar_Kapur, http://dbpedia.org/resource/Fatih_Ak%C4%B1n, http://dbpedia.org/resource/Yvan_Attal, http://dbpedia.org/resource/Wen_Jiang, http://dbpedia.org/resource/Joshua_Marston]"
"380","3","http://dbpedia.org/resource/J._J._Abrams"
"260","3","http://dbpedia.org/resource/Bob_Odenkirk"
"381","3","http://dbpedia.org/resource/Joe_Wright"
"382","3","http://dbpedia.org/resource/Liev_Schreiber"
"261","3","http://dbpedia.org/resource/Sean_Ellis"
"140","3","http://dbpedia.org/resource/Rob_Cohen"
"141","3","http://dbpedia.org/resource/Kathryn_Bigelow"
"262","3","http://dbpedia.org/resource/Coen_brothers"
"383","3","http://dbpedia.org/resource/Park_Chan-wook"
"142","3","http://dbpedia.org/resource/James_Cameron"
"384","3","http://dbpedia.org/resource/Richard_Kwietniowski"
"263","3","http://dbpedia.org/resource/Alejandro_Gonz%C3%A1lez_I%C3%B1%C3%A1rritu"
"264","3","http://dbpedia.org/resource/Sidney_Lumet"
"385","3","http://dbpedia.org/resource/James_McTeigue"
"386","3","http://dbpedia.org/resource/James_Gunn_(filmmaker)"
"265","3","http://dbpedia.org/resource/Michael_Curtiz"
"144","3","http://dbpedia.org/resource/Terry_Zwigoff"
"145","3","http://dbpedia.org/resource/Jess_Manafort"
"387","3","http://dbpedia.org/resource/Spike_Lee"
"266","3","http://dbpedia.org/resource/John_Jeffcoat"
"267","3","http://dbpedia.org/resource/Jennifer_Baichwal"
"388","3","http://dbpedia.org/resource/Jonathan_Demme"
"146","3","http://dbpedia.org/resource/Judd_Apatow"
"268","3","http://dbpedia.org/resource/Michael_Apted"
"389","3","http://dbpedia.org/resource/Laurence_Dunmore"
"147","3","http://dbpedia.org/resource/Ed_Harris"
"148","3","http://dbpedia.org/resource/Duncan_Jones"
"149","3","http://dbpedia.org/resource/M._Night_Shyamalan"
"40","3","http://dbpedia.org/resource/Jon_Favreau"
"41","3","http://dbpedia.org/resource/Mark_Steven_Johnson"
"42","3","http://dbpedia.org/resource/Woody_Allen"
"43","3","http://dbpedia.org/resource/Miguel_Arteta"
"44","3","http://dbpedia.org/resource/Seth_Gordon"
"45","3","http://dbpedia.org/resource/Rian_Johnson"
"46","3","http://dbpedia.org/resource/John_Erick_Dowdle"
"47","3","http://dbpedia.org/resource/George_Nolfi"
"48","3","http://dbpedia.org/resource/Bobby_Farrelly"
"49","3","http://dbpedia.org/resource/J._J._Abrams"
"390","3","http://dbpedia.org/resource/Paul_Haggis"
"391","3","http://dbpedia.org/resource/Alexander_Payne"
"270","3","http://dbpedia.org/resource/Greg_Mottola"
"271","3","http://dbpedia.org/resource/Ridley_Scott"
"150","3","http://dbpedia.org/resource/McG"
"392","3","http://dbpedia.org/resource/Tony_Scott"
"272","3","http://dbpedia.org/resource/Steven_Soderbergh"
"151","3","http://dbpedia.org/resource/Nora_Ephron"
"393","3","http://dbpedia.org/resource/Wes_Craven"
"273","3","http://dbpedia.org/resource/Peter_Hedges"
"152","3","[http://dbpedia.org/resource/Chris_Williams_(director), http://dbpedia.org/resource/Byron_Howard]"
"394","3","http://dbpedia.org/resource/Anand_Tucker"
"153","3","http://dbpedia.org/resource/Nicholas_Jasenovec"
"395","3","http://dbpedia.org/resource/George_Clooney"
"274","3","http://dbpedia.org/resource/Ridley_Scott"
"396","3","http://dbpedia.org/resource/Terry_George"
"154","3","http://dbpedia.org/resource/Kevin_Macdonald_(director)"
"275","3","http://dbpedia.org/resource/Taika_Waititi"
"276","3","http://dbpedia.org/resource/Wes_Anderson"
"155","3","http://dbpedia.org/resource/Sam_Raimi"
"397","3","http://dbpedia.org/resource/Gore_Verbinski"
"277","3","http://dbpedia.org/resource/Wes_Anderson"
"398","3","http://dbpedia.org/resource/Ang_Lee"
"156","3","http://dbpedia.org/resource/Ruben_Fleischer"
"278","3","http://dbpedia.org/resource/Craig_Gillespie"
"157","3","http://dbpedia.org/resource/J._J._Abrams"
"399","3","http://dbpedia.org/resource/Abdellatif_Kechiche"
"279","3","http://dbpedia.org/resource/Emmanuel_Carr%C3%A8re"
"158","3","http://dbpedia.org/resource/Wes_Anderson"
"159","3","http://dbpedia.org/resource/Anne_Fletcher"
"50","3","http://dbpedia.org/resource/Martin_Campbell"
"51","3","http://dbpedia.org/resource/Jonathan_Liebesman"
"52","3","http://dbpedia.org/resource/Tony_Scott"
"53","3","http://dbpedia.org/resource/Brad_Anderson_(director)"
"54","3","http://dbpedia.org/resource/Paul_Feig"
"55","3","http://dbpedia.org/resource/Ivan_Reitman"
"56","3","http://dbpedia.org/resource/Joe_Carnahan"
"57","3","http://dbpedia.org/resource/David_Frankel"
"58","3","http://dbpedia.org/resource/Peter_Berg"
"59","3","http://dbpedia.org/resource/Lee_Unkrich"
"280","3","http://dbpedia.org/resource/Florian_Henckel_von_Donnersmarck"
"281","3","http://dbpedia.org/resource/David_Cronenberg"
"160","3","http://dbpedia.org/resource/Edward_Zwick"
"161","3","http://dbpedia.org/resource/Sam_Mendes"
"282","3","http://dbpedia.org/resource/Judd_Apatow"
"283","3","http://dbpedia.org/resource/Anton_Corbijn"
"162","3","http://dbpedia.org/resource/Christine_Jeffs"
"285","3","http://dbpedia.org/resource/Jeffrey_Blitz"
"164","3","http://dbpedia.org/resource/Greg_Mottola"
"165","3","http://dbpedia.org/resource/James_Foley"
"286","3","http://dbpedia.org/resource/David_Lynch"
"287","3","http://dbpedia.org/resource/Jeffrey_Blitz"
"166","3","http://dbpedia.org/resource/Paul_W._S._Anderson"
"288","3","http://dbpedia.org/resource/Joel_Schumacher"
"167","3","http://dbpedia.org/resource/Farrelly_brothers"
"289","3","http://dbpedia.org/resource/Michael_Moore"
"168","3","http://dbpedia.org/resource/James_Gray_(film_director)"
"169","3","http://dbpedia.org/resource/Jody_Hill"
"60","3","http://dbpedia.org/resource/Gore_Verbinski"
"61","3","http://dbpedia.org/resource/Todd_Phillips"
"62","3","http://dbpedia.org/resource/Sofia_Coppola"
"63","3","http://dbpedia.org/resource/Tom_Hooper"
"64","3","http://dbpedia.org/resource/Dennis_Dugan"
"65","3","http://dbpedia.org/resource/David_O._Russell"
"66","3","[http://dbpedia.org/resource/John_Requa, http://dbpedia.org/resource/Glenn_Ficarra]"
"67","3","http://dbpedia.org/resource/Sylvester_Stallone"
"68","3","[http://dbpedia.org/resource/Mark_Duplass, http://dbpedia.org/resource/Jay_Duplass]"
"69","3","http://dbpedia.org/resource/Roel_Rein%C3%A9"
"290","3","http://dbpedia.org/resource/Edgar_Wright"
"291","3","http://dbpedia.org/resource/Juan_Carlos_Fresnadillo"
"170","3","http://dbpedia.org/resource/Kirsten_Sheridan"
"292","3","http://dbpedia.org/resource/Kevin_Macdonald_(director)"
"171","3","http://dbpedia.org/resource/Laurent_Cantet"
"293","3","http://dbpedia.org/resource/Joe_Johnston"
"172","3","http://dbpedia.org/resource/Sean_McGinly"
"294","3","http://dbpedia.org/resource/Richard_Linklater"
"173","3","http://dbpedia.org/resource/John_Hamburg"
"174","3","http://dbpedia.org/resource/Marc_Webb"
"295","3","[http://dbpedia.org/resource/Dave_Willis, http://dbpedia.org/resource/Matt_Maiellaro]"
"175","3","http://dbpedia.org/resource/James_Marsh_(director)"
"296","3","http://dbpedia.org/resource/Quentin_Tarantino"
"297","3","http://dbpedia.org/resource/Robert_Rodriguez"
"176","3","http://dbpedia.org/resource/Larry_Charles"
"177","3","http://dbpedia.org/resource/McG"
"298","3","http://dbpedia.org/resource/Will_Speck"
"178","3","http://dbpedia.org/resource/Todd_Phillips"
"299","3","http://dbpedia.org/resource/Shawn_Levy"
"179","3","http://dbpedia.org/resource/Clint_Eastwood"
"70","3","http://dbpedia.org/resource/Coen_brothers"
"71","3","http://dbpedia.org/resource/Steve_Pink"
"73","3","http://dbpedia.org/resource/Darren_Aronofsky"
"74","3","http://dbpedia.org/resource/Sean_Penn"
"75","3","http://dbpedia.org/resource/Adam_McKay"
"76","3","http://dbpedia.org/resource/Lisa_Cholodenko"
"77","3","http://dbpedia.org/resource/Ben_Affleck"
"78","3","http://dbpedia.org/resource/Richard_Curtis"
"79","3","http://dbpedia.org/resource/David_Twohy"
"180","3","http://dbpedia.org/resource/Jonathan_Levine"
"181","3","http://dbpedia.org/resource/John_Cameron_Mitchell"
"182","3","http://dbpedia.org/resource/Pete_Docter"
"183","3","http://dbpedia.org/resource/The_Wachowskis"
"184","3","http://dbpedia.org/resource/Timur_Bekmambetov"
"185","3","http://dbpedia.org/resource/Saul_Dibb"
"186","3","http://dbpedia.org/resource/Charlie_Kaufman"
"187","3","http://dbpedia.org/resource/Clint_Eastwood"
"188","3","http://dbpedia.org/resource/Duane_Hopkins"
"189","3","http://dbpedia.org/resource/David_Wain"
"80","3","http://dbpedia.org/resource/Peyton_Reed"
"81","3","http://dbpedia.org/resource/Tony_Scott"
"82","3","http://dbpedia.org/resource/Edgar_Wright"
"83","3","http://dbpedia.org/resource/Robert_Schwentke"
"84","3","http://dbpedia.org/resource/Debra_Granik"
"85","3","http://dbpedia.org/resource/Paul_Michael_Glaser"
"86","3","http://dbpedia.org/resource/David_Fincher"
"87","3","http://dbpedia.org/resource/Nimr%C3%B3d_Antal"
"88","3","http://dbpedia.org/resource/Luc_Besson"
"89","3","http://dbpedia.org/resource/Nicholas_Stoller"
"190","3","http://dbpedia.org/resource/John_Patrick_Shanley"
"191","3","http://dbpedia.org/resource/Darren_Aronofsky"
"192","3","http://dbpedia.org/resource/Michael_McCullers"
"193","3","[http://dbpedia.org/resource/Eric_Darnell, http://dbpedia.org/resource/Tom_McGrath_(animator)]"
"194","3","http://dbpedia.org/resource/Marc_Forster"
"195","3","http://dbpedia.org/resource/Pierre_Salvadori"
"196","3","http://dbpedia.org/resource/Brothers_Strause"
"197","3","http://dbpedia.org/resource/Clark_Gregg"
"198","3","http://dbpedia.org/resource/Zack_Snyder"
"199","3","http://dbpedia.org/resource/Joel_Schumacher"
"90","3","http://dbpedia.org/resource/Ridley_Scott"
"91","3","http://dbpedia.org/resource/Gus_Van_Sant"
"92","3","http://dbpedia.org/resource/Adam_McKay"
"93","3","http://dbpedia.org/resource/Danny_Boyle"
"94","3","http://dbpedia.org/resource/Christopher_Nolan"
"95","3","http://dbpedia.org/resource/Oren_Peli"
"96","3","http://dbpedia.org/resource/Tom_Ford"
"97","3","http://dbpedia.org/resource/Matthew_Vaughn"
"98","3","http://dbpedia.org/resource/Noah_Baumbach"
"99","3","http://dbpedia.org/resource/Adam_Elliot"
