"11","1","http://dbpedia.org/resource/Bundaberg"
"12","1","http://dbpedia.org/resource/Queensland"
"13","1","http://dbpedia.org/resource/Mackay,_Queensland"
"15","1","http://dbpedia.org/resource/Warwick"
"16","1","http://dbpedia.org/resource/Beaudesert,_Queensland"
"17","1","[http://dbpedia.org/resource/Queensland, http://dbpedia.org/resource/Fassifern_Valley]"
"18","1","http://dbpedia.org/resource/Proserpine,_Queensland"
"19","1","http://dbpedia.org/resource/Far_North_Queensland"
"1","1","http://dbpedia.org/resource/Gatton,_Queensland"
"2","1","http://dbpedia.org/resource/Laidley,_Queensland"
"3","1","http://dbpedia.org/resource/Wondai,_Queensland"
"4","1","http://dbpedia.org/resource/Townsville"
"6","1","http://dbpedia.org/resource/Biloela"
"7","1","http://dbpedia.org/resource/Gympie"
"8","1","http://dbpedia.org/resource/Inglewood,_Queensland"
"9","1","http://dbpedia.org/resource/Mackay,_Queensland"
"10","1","http://dbpedia.org/resource/Emerald,_Queensland"
