"230","5","http://dbpedia.org/resource/Gil_Junger"
"110","5","http://dbpedia.org/resource/Spike_Lee"
"231","5","[http://dbpedia.org/resource/D._A._Pennebaker, http://dbpedia.org/resource/Chris_Hegedus]"
"232","5","http://dbpedia.org/resource/Spike_Lee"
"111","5","http://dbpedia.org/resource/Jay_Roach"
"233","4","http://dbpedia.org/resource/Japan"
"233","5","http://dbpedia.org/resource/Akira_Kurosawa"
"112","5","[http://dbpedia.org/resource/Kevin_Rafferty, http://dbpedia.org/resource/Jayne_Loader, http://dbpedia.org/resource/Pierce_Rafferty]"
"234","5","http://dbpedia.org/resource/John_Sturges"
"113","5","[http://dbpedia.org/resource/Mark_Achbar, http://dbpedia.org/resource/Peter_Wintonick]"
"235","5","http://dbpedia.org/resource/Steven_Brill_(scriptwriter)"
"114","5","http://dbpedia.org/resource/Roger_Michell"
"115","5","http://dbpedia.org/resource/Steven_Spielberg"
"236","5","http://dbpedia.org/resource/Jay_Roach"
"116","4","http://dbpedia.org/resource/Australia"
"116","5","http://dbpedia.org/resource/Andrew_Dominik"
"237","5","http://dbpedia.org/resource/Sam_Raimi"
"238","5","http://dbpedia.org/resource/George_Miller_(filmmaker)"
"117","5","http://dbpedia.org/resource/Hughes_brothers"
"239","5","http://dbpedia.org/resource/Alexander_Payne"
"118","5","http://dbpedia.org/resource/Vincent_Gallo"
"119","4","http://dbpedia.org/resource/Spain"
"119","5","http://dbpedia.org/resource/Lars_von_Trier"
"10","5","http://dbpedia.org/resource/Farrelly_brothers"
"11","5","[http://dbpedia.org/resource/Chris_Weitz, http://dbpedia.org/resource/Paul_Weitz_(filmmaker)]"
"12","4","http://dbpedia.org/resource/United_States"
"12","5","http://dbpedia.org/resource/Taylor_Hackford"
"13","5","http://dbpedia.org/resource/M._Night_Shyamalan"
"14","5","http://dbpedia.org/resource/Brett_Ratner"
"15","5","http://dbpedia.org/resource/Kevin_Reynolds_(director)"
"16","5","http://dbpedia.org/resource/Jake_Kasdan"
"17","5","http://dbpedia.org/resource/Mimi_Leder"
"18","4","http://dbpedia.org/resource/United_States"
"18","5","http://dbpedia.org/resource/Wes_Anderson"
"19","5","http://dbpedia.org/resource/Ridley_Scott"
"240","5","[http://dbpedia.org/resource/R%C3%A9my_Belvaux, http://dbpedia.org/resource/Beno%C3%AEt_Poelvoorde]"
"120","5","http://dbpedia.org/resource/Mary_Lambert"
"241","5","http://dbpedia.org/resource/Akira_Kurosawa"
"242","5","http://dbpedia.org/resource/Bob_Clark"
"121","5","http://dbpedia.org/resource/John_Boorman"
"122","5","http://dbpedia.org/resource/Stuart_Rosenberg"
"243","4","[http://dbpedia.org/resource/Cinema_of_Hong_Kong, http://dbpedia.org/resource/Cinema_of_Taiwan]"
"243","5","http://dbpedia.org/resource/Kuan_Tai_Chen"
"244","5","http://dbpedia.org/resource/David_Fincher"
"123","5","http://dbpedia.org/resource/Lumi%C3%A8re_and_Company"
"2","5","http://dbpedia.org/resource/Raja_Gosnell"
"3","5","http://dbpedia.org/resource/Darren_Aronofsky"
"245","5","http://dbpedia.org/resource/Marc_Forster"
"124","5","http://dbpedia.org/resource/William_K._Howard"
"125","4","http://dbpedia.org/resource/United_States"
"125","5","[http://dbpedia.org/resource/Eleanor_Coppola, http://dbpedia.org/resource/George_Hickenlooper]"
"4","5","http://dbpedia.org/resource/David_Fincher"
"246","5","http://dbpedia.org/resource/David_Fincher"
"247","5","http://dbpedia.org/resource/Mike_Judge"
"5","5","http://dbpedia.org/resource/Edward_Norton"
"126","5","http://dbpedia.org/resource/Philip_Haas"
"6","5","http://dbpedia.org/resource/Wes_Anderson"
"127","4","[http://dbpedia.org/resource/Finland, http://dbpedia.org/resource/Germany, http://dbpedia.org/resource/Iceland, http://dbpedia.org/resource/Netherlands, http://dbpedia.org/resource/Norway, http://dbpedia.org/resource/Spain, http://dbpedia.org/resource/United_Kingdom, http://dbpedia.org/resource/Denmark, http://dbpedia.org/resource/Sweden, http://dbpedia.org/resource/France, http://dbpedia.org/resource/Argentina, http://dbpedia.org/resource/United_States]"
"127","5","http://dbpedia.org/resource/Lars_von_Trier"
"128","5","http://dbpedia.org/resource/Terry_Zwigoff"
"129","5","http://dbpedia.org/resource/Roland_Joff%C3%A9"
"8","4","http://dbpedia.org/resource/United_States"
"9","5","http://dbpedia.org/resource/David_Mamet"
"20","5","http://dbpedia.org/resource/Peter_Jackson"
"21","5","http://dbpedia.org/resource/Martin_Scorsese"
"22","5","http://dbpedia.org/resource/Mike_Mitchell_(director)"
"23","5","http://dbpedia.org/resource/Christine_Lahti"
"24","5","http://dbpedia.org/resource/John_G._Avildsen"
"25","5","http://dbpedia.org/resource/Robert_Rodriguez"
"27","5","http://dbpedia.org/resource/Jay_Chandrasekhar"
"28","5","http://dbpedia.org/resource/Sam_Weisman"
"29","5","http://dbpedia.org/resource/Jay_Roach"
"130","4","http://dbpedia.org/resource/United_States"
"130","5","http://dbpedia.org/resource/George_Lucas"
"131","5","http://dbpedia.org/resource/James_Cameron"
"132","5","http://dbpedia.org/resource/Doug_Liman"
"133","5","http://dbpedia.org/resource/David_Mamet"
"134","5","http://dbpedia.org/resource/Oliver_Stone"
"135","5","http://dbpedia.org/resource/Nick_Broomfield"
"136","5","http://dbpedia.org/resource/Michael_Moore"
"137","5","http://dbpedia.org/resource/Michael_Moore"
"138","5","http://dbpedia.org/resource/Alex_Cox"
"139","5","http://dbpedia.org/resource/Keith_Gordon"
"30","5","http://dbpedia.org/resource/Wolfgang_Petersen"
"31","5","http://dbpedia.org/resource/Jay_Chandrasekhar"
"32","5","http://dbpedia.org/resource/John_Sturges"
"33","5","http://dbpedia.org/resource/Chris_Smith_(filmmaker)"
"34","5","http://dbpedia.org/resource/Danny_Leiner"
"35","5","http://dbpedia.org/resource/Michael_Mann_(director)"
"36","5","http://dbpedia.org/resource/Marc_Singer_(documentarian)"
"38","5","http://dbpedia.org/resource/Michael_Mann_(director)"
"39","5","http://dbpedia.org/resource/Sam_Mendes"
"140","5","http://dbpedia.org/resource/John_Hughes_(filmmaker)"
"141","5","http://dbpedia.org/resource/Jonathan_Glazer"
"142","5","http://dbpedia.org/resource/Barry_Sonnenfeld"
"143","5","http://dbpedia.org/resource/John_Woo"
"144","5","http://dbpedia.org/resource/Christopher_Nolan"
"145","5","http://dbpedia.org/resource/Kirk_Jones_(director)"
"146","5","http://dbpedia.org/resource/George_Tillman,_Jr."
"147","5","http://dbpedia.org/resource/Sam_Mendes"
"148","5","http://dbpedia.org/resource/Dziga_Vertov"
"149","5","http://dbpedia.org/resource/Dziga_Vertov"
"40","5","http://dbpedia.org/resource/Robert_Altman"
"41","5","http://dbpedia.org/resource/Kevin_Smith"
"42","5","http://dbpedia.org/resource/Norman_Jewison"
"43","5","http://dbpedia.org/resource/Jerry_Zucker_(film_director)"
"44","5","http://dbpedia.org/resource/Brad_Anderson_(director)"
"45","5","http://dbpedia.org/resource/Dennis_Hopper"
"47","5","http://dbpedia.org/resource/Milo%C5%A1_Forman"
"48","5","http://dbpedia.org/resource/Wallace_Wolodarsky"
"49","5","http://dbpedia.org/resource/Peyton_Reed"
"150","5","http://dbpedia.org/resource/Steven_Brill_(scriptwriter)"
"151","5","http://dbpedia.org/resource/Oliver_Stone"
"152","4","http://dbpedia.org/resource/United_States"
"152","5","http://dbpedia.org/resource/Ron_Fricke"
"153","5","http://dbpedia.org/resource/Jay_Roach"
"154","4","[http://dbpedia.org/resource/Cinema_of_Germany, http://dbpedia.org/resource/Cinema_of_the_United_Kingdom, http://dbpedia.org/resource/Cinema_of_the_United_States, http://dbpedia.org/resource/Cinema_of_Canada]"
"154","5","http://dbpedia.org/resource/Kathryn_Bigelow"
"155","5","http://dbpedia.org/resource/Larry_Clark"
"156","5","http://dbpedia.org/resource/Steven_Spielberg"
"157","5","http://dbpedia.org/resource/Jay_Roach"
"159","4","http://dbpedia.org/resource/United_States"
"159","5","[http://dbpedia.org/resource/Chris_Hegedus, http://dbpedia.org/resource/Jehane_Noujaim]"
"50","5","http://dbpedia.org/resource/Gore_Verbinski"
"51","5","http://dbpedia.org/resource/Chris_Eyre"
"52","5","http://dbpedia.org/resource/Francis_Veber"
"54","5","http://dbpedia.org/resource/J._B._Rogers"
"55","5","http://dbpedia.org/resource/Roman_Polanski"
"56","5","http://dbpedia.org/resource/The_Malloys"
"57","5","http://dbpedia.org/resource/Danny_DeVito"
"58","5","http://dbpedia.org/resource/Takashi_Miike"
"59","5","http://dbpedia.org/resource/Steve_Miner"
"160","5","http://dbpedia.org/resource/Stacy_Peralta"
"161","5","http://dbpedia.org/resource/Steven_Soderbergh"
"162","5","http://dbpedia.org/resource/Michael_Cuesta"
"163","5","http://dbpedia.org/resource/Chris_Nahon"
"164","5","http://dbpedia.org/resource/Mike_Nichols"
"165","5","http://dbpedia.org/resource/Clint_Eastwood"
"166","5","http://dbpedia.org/resource/Peter_Jackson"
"167","5","http://dbpedia.org/resource/Jay_Chandrasekhar"
"168","5","http://dbpedia.org/resource/Phil_Alden_Robinson"
"169","5","http://dbpedia.org/resource/John_Ford"
"60","5","http://dbpedia.org/resource/Michael_Mann_(director)"
"61","5","http://dbpedia.org/resource/David_Fincher"
"62","5","http://dbpedia.org/resource/Guillermo_del_Toro"
"63","5","http://dbpedia.org/resource/Stanley_Kubrick"
"64","5","http://dbpedia.org/resource/Pete_Docter"
"65","5","[http://dbpedia.org/resource/Josh_Kornbluth, http://dbpedia.org/resource/Jacob_Kornbluth]"
"66","5","http://dbpedia.org/resource/David_Fincher"
"67","5","http://dbpedia.org/resource/Barry_Sonnenfeld"
"69","5","http://dbpedia.org/resource/Errol_Morris"
"170","5","http://dbpedia.org/resource/Bryan_Singer"
"171","5","http://dbpedia.org/resource/Billy_Wilder"
"173","5","http://dbpedia.org/resource/Mel_Brooks"
"174","5","http://dbpedia.org/resource/John_Schlesinger"
"175","5","http://dbpedia.org/resource/Nick_Cassavetes"
"176","4","http://dbpedia.org/resource/United_States"
"176","5","http://dbpedia.org/resource/Mary_Harron"
"177","5","http://dbpedia.org/resource/Akira_Kurosawa"
"178","5","http://dbpedia.org/resource/Tim_Hill_(director)"
"179","5","http://dbpedia.org/resource/Jonathan_Demme"
"70","4","[http://dbpedia.org/resource/Germany, http://dbpedia.org/resource/Italy]"
"70","5","http://dbpedia.org/resource/Bill_Paxton"
"71","5","http://dbpedia.org/resource/Dennie_Gordon"
"72","5","http://dbpedia.org/resource/Robert_Zemeckis"
"73","5","http://dbpedia.org/resource/Tom_Green"
"74","5","http://dbpedia.org/resource/Howard_Hawks"
"75","5","http://dbpedia.org/resource/Richard_Linklater"
"77","5","http://dbpedia.org/resource/Gregory_Hoblit"
"78","5","http://dbpedia.org/resource/Luc_Besson"
"79","5","http://dbpedia.org/resource/Christopher_Guest"
"180","5","http://dbpedia.org/resource/David_Lynch"
"181","4","http://dbpedia.org/resource/Canada"
"181","5","http://dbpedia.org/resource/Joel_Zwick"
"182","5","http://dbpedia.org/resource/Michael_Caton-Jones"
"183","5","http://dbpedia.org/resource/John_Stockwell_(actor)"
"185","5","http://dbpedia.org/resource/Stuart_Rosenberg"
"186","5","http://dbpedia.org/resource/Harold_Ramis"
"187","5","http://dbpedia.org/resource/Robert_Zemeckis"
"188","5","http://dbpedia.org/resource/Nicholas_Meyer"
"189","5","http://dbpedia.org/resource/J._B._Rogers"
"80","5","http://dbpedia.org/resource/Tim_Blake_Nelson"
"81","5","http://dbpedia.org/resource/George_Huang_(director)"
"82","5","http://dbpedia.org/resource/Tom_Green"
"83","5","http://dbpedia.org/resource/Todd_Solondz"
"84","5","http://dbpedia.org/resource/Sean_Penn"
"85","5","http://dbpedia.org/resource/Kimberly_Peirce"
"86","4","http://dbpedia.org/resource/United_States"
"86","5","http://dbpedia.org/resource/Frank_Capra"
"87","5","http://dbpedia.org/resource/Dominic_Sena"
"88","5","http://dbpedia.org/resource/Tamra_Davis"
"89","5","http://dbpedia.org/resource/Matt_Reeves"
"190","5","http://dbpedia.org/resource/Vittorio_De_Sica"
"191","5","http://dbpedia.org/resource/Barry_Levinson"
"192","5","http://dbpedia.org/resource/Spike_Lee"
"193","4","http://dbpedia.org/resource/United_States"
"193","5","http://dbpedia.org/resource/Godfrey_Reggio"
"194","5","http://dbpedia.org/resource/Coen_brothers"
"195","5","http://dbpedia.org/resource/Irwin_Winkler"
"196","4","http://dbpedia.org/resource/United_States"
"196","5","http://dbpedia.org/resource/Mark_Romanek"
"197","5","http://dbpedia.org/resource/Errol_Morris"
"198","5","http://dbpedia.org/resource/Farrelly_brothers"
"199","5","http://dbpedia.org/resource/Jonathan_Demme"
"90","5","http://dbpedia.org/resource/Richard_Kelly_(director)"
"91","5","http://dbpedia.org/resource/Ridley_Scott"
"92","5","http://dbpedia.org/resource/Paul_Verhoeven"
"93","5","http://dbpedia.org/resource/George_W._Hill"
"94","5","http://dbpedia.org/resource/Deepa_Mehta"
"95","5","http://dbpedia.org/resource/Spike_Lee"
"96","5","http://dbpedia.org/resource/Darren_Aronofsky"
"97","5","http://dbpedia.org/resource/Robert_Mulligan"
"98","5","http://dbpedia.org/resource/Wes_Anderson"
"99","5","http://dbpedia.org/resource/Jonathan_Frakes"
"200","5","http://dbpedia.org/resource/M._Night_Shyamalan"
"201","4","http://dbpedia.org/resource/United_States"
"201","5","http://dbpedia.org/resource/Steven_Spielberg"
"202","5","http://dbpedia.org/resource/Mel_Brooks"
"204","5","[http://dbpedia.org/resource/Daniel_Myrick, http://dbpedia.org/resource/Eduardo_S%C3%A1nchez_(director)]"
"205","5","http://dbpedia.org/resource/John_Dahl"
"206","5","http://dbpedia.org/resource/Abbas_Kiarostami"
"208","5","http://dbpedia.org/resource/Scott_Dikkers"
"209","5","http://dbpedia.org/resource/Michael_Moore"
"210","4","http://dbpedia.org/resource/United_States"
"210","5","http://dbpedia.org/resource/Godfrey_Reggio"
"211","5","http://dbpedia.org/resource/Sam_Peckinpah"
"213","5","http://dbpedia.org/resource/Paul_Thomas_Anderson"
"214","5","http://dbpedia.org/resource/Stephen_Gaghan"
"215","4","http://dbpedia.org/resource/United_States"
"215","5","http://dbpedia.org/resource/Godfrey_Reggio"
"216","5","http://dbpedia.org/resource/Marina_de_Van"
"217","5","http://dbpedia.org/resource/Gore_Verbinski"
"218","5","http://dbpedia.org/resource/Michael_Moore"
"219","5","http://dbpedia.org/resource/Brian_De_Palma"
"220","4","http://dbpedia.org/resource/China"
"220","5","http://dbpedia.org/resource/Wu_Tianming"
"221","5","http://dbpedia.org/resource/Jeff_Tremaine"
"100","4","[http://dbpedia.org/resource/Cinema_of_France, http://dbpedia.org/resource/Cinema_of_Germany]"
"100","5","http://dbpedia.org/resource/Jean-Pierre_Jeunet"
"222","4","http://dbpedia.org/resource/United_States"
"222","5","http://dbpedia.org/resource/Josh_Aronson"
"101","5","http://dbpedia.org/resource/Rod_Lurie"
"102","4","http://dbpedia.org/resource/United_States"
"102","5","http://dbpedia.org/resource/Sam_Raimi"
"223","4","http://dbpedia.org/resource/United_States"
"223","5","http://dbpedia.org/resource/Godfrey_Reggio"
"224","4","http://dbpedia.org/resource/United_States"
"224","5","http://dbpedia.org/resource/Stuart_Baird"
"103","5","http://dbpedia.org/resource/Martin_Lawrence"
"225","5","http://dbpedia.org/resource/Stanley_Kubrick"
"104","5","http://dbpedia.org/resource/Harmony_Korine"
"226","5","http://dbpedia.org/resource/David_Gordon_Green"
"105","5","http://dbpedia.org/resource/Christopher_Nolan"
"106","5","http://dbpedia.org/resource/Luis_Bu%C3%B1uel"
"227","5","http://dbpedia.org/resource/Akira_Kurosawa"
"107","5","http://dbpedia.org/resource/Larry_Clark"
"228","4","http://dbpedia.org/resource/Sweden"
"228","5","http://dbpedia.org/resource/Ingmar_Bergman"
"108","5","http://dbpedia.org/resource/Phil_Alden_Robinson"
"229","4","http://dbpedia.org/resource/United_States"
"229","5","http://dbpedia.org/resource/Mel_Brooks"
"109","5","http://dbpedia.org/resource/Christopher_Guest"
