"110","1","[http://dbpedia.org/resource/Japan, http://dbpedia.org/resource/Tokyo, http://dbpedia.org/resource/Ikebukuro, http://dbpedia.org/resource/Toshima,_Tokyo]"
"110","2","[http://dbpedia.org/resource/Japan, http://dbpedia.org/resource/Tokyo, http://dbpedia.org/resource/Ikebukuro, http://dbpedia.org/resource/Toshima,_Tokyo]"
"111","1","[http://dbpedia.org/resource/China, http://dbpedia.org/resource/Shanghai, http://dbpedia.org/resource/Changning_District]"
"111","2","[http://dbpedia.org/resource/China, http://dbpedia.org/resource/Shanghai, http://dbpedia.org/resource/Changning_District]"
"112","1","http://dbpedia.org/resource/Seattle"
"112","2","http://dbpedia.org/resource/Seattle"
"113","1","[http://dbpedia.org/resource/Texas, http://dbpedia.org/resource/Dallas]"
"113","2","[http://dbpedia.org/resource/Texas, http://dbpedia.org/resource/Dallas]"
"114","1","http://dbpedia.org/resource/Seattle"
"114","2","http://dbpedia.org/resource/Seattle"
"119","1","[http://dbpedia.org/resource/Seattle, http://dbpedia.org/resource/Seattle_Civic_Center, http://dbpedia.org/resource/United_States]"
"119","2","[http://dbpedia.org/resource/Seattle, http://dbpedia.org/resource/Seattle_Civic_Center, http://dbpedia.org/resource/United_States]"
"10","1","[http://dbpedia.org/resource/China, http://dbpedia.org/resource/Shanghai, http://dbpedia.org/resource/Pudong]"
"10","2","[http://dbpedia.org/resource/China, http://dbpedia.org/resource/Shanghai, http://dbpedia.org/resource/Pudong]"
"11","1","[http://dbpedia.org/resource/China, http://dbpedia.org/resource/Tianjin]"
"11","2","[http://dbpedia.org/resource/China, http://dbpedia.org/resource/Tianjin]"
"12","1","http://dbpedia.org/resource/New_York_City"
"12","2","http://dbpedia.org/resource/New_York_City"
"13","1","http://dbpedia.org/resource/Central,_Hong_Kong"
"13","2","http://dbpedia.org/resource/Central,_Hong_Kong"
"15","1","[http://dbpedia.org/resource/China, http://dbpedia.org/resource/Guangzhou, http://dbpedia.org/resource/Guangdong]"
"15","2","[http://dbpedia.org/resource/China, http://dbpedia.org/resource/Guangzhou, http://dbpedia.org/resource/Guangdong]"
"16","1","[http://dbpedia.org/resource/China, http://dbpedia.org/resource/Shenzhen]"
"16","2","[http://dbpedia.org/resource/China, http://dbpedia.org/resource/Shenzhen]"
"17","1","[http://dbpedia.org/resource/Kuala_Lumpur, http://dbpedia.org/resource/Malaysia]"
"17","2","[http://dbpedia.org/resource/Kuala_Lumpur, http://dbpedia.org/resource/Malaysia]"
"18","1","[http://dbpedia.org/resource/Manhattan, http://dbpedia.org/resource/Fifth_Avenue, http://dbpedia.org/resource/New_York]"
"18","2","[http://dbpedia.org/resource/Manhattan, http://dbpedia.org/resource/Fifth_Avenue, http://dbpedia.org/resource/New_York]"
"19","1","[http://dbpedia.org/resource/Tashkent, http://dbpedia.org/resource/Uzbekistan]"
"19","2","[http://dbpedia.org/resource/Tashkent, http://dbpedia.org/resource/Uzbekistan]"
"121","1","[http://dbpedia.org/resource/Texas, http://dbpedia.org/resource/Dallas_(1978_TV_series)]"
"121","2","[http://dbpedia.org/resource/Texas, http://dbpedia.org/resource/Dallas_(1978_TV_series)]"
"122","1","[http://dbpedia.org/resource/Germany, http://dbpedia.org/resource/Stuttgart]"
"122","2","[http://dbpedia.org/resource/Germany, http://dbpedia.org/resource/Stuttgart]"
"1","1","[http://dbpedia.org/resource/Poland, http://dbpedia.org/resource/Konstantyn%C3%B3w,_P%C5%82ock_County, http://dbpedia.org/resource/G%C4%85bin]"
"1","2","[http://dbpedia.org/resource/Poland, http://dbpedia.org/resource/Konstantyn%C3%B3w,_P%C5%82ock_County, http://dbpedia.org/resource/G%C4%85bin]"
"123","1","http://dbpedia.org/resource/Ohio"
"123","2","http://dbpedia.org/resource/Ohio"
"2","1","[http://dbpedia.org/resource/North_Dakota, http://dbpedia.org/resource/Traill_County,_North_Dakota, http://dbpedia.org/resource/Blanchard,_North_Dakota]"
"2","2","[http://dbpedia.org/resource/North_Dakota, http://dbpedia.org/resource/Traill_County,_North_Dakota, http://dbpedia.org/resource/Blanchard,_North_Dakota]"
"124","1","[http://dbpedia.org/resource/New_York_City, http://dbpedia.org/resource/Manhattan, http://dbpedia.org/resource/Madison_Avenue]"
"124","2","[http://dbpedia.org/resource/New_York_City, http://dbpedia.org/resource/Manhattan, http://dbpedia.org/resource/Madison_Avenue]"
"3","1","[http://dbpedia.org/resource/Ontario, http://dbpedia.org/resource/Toronto, http://dbpedia.org/resource/Canada]"
"3","2","[http://dbpedia.org/resource/Ontario, http://dbpedia.org/resource/Toronto, http://dbpedia.org/resource/Canada]"
"4","1","[http://dbpedia.org/resource/Moscow, http://dbpedia.org/resource/Russia]"
"4","2","[http://dbpedia.org/resource/Moscow, http://dbpedia.org/resource/Russia]"
"125","1","http://dbpedia.org/resource/Mexico_City"
"125","2","http://dbpedia.org/resource/Mexico_City"
"126","1","http://dbpedia.org/resource/Atlanta"
"126","2","http://dbpedia.org/resource/Atlanta"
"5","1","[http://dbpedia.org/resource/Taiwan, http://dbpedia.org/resource/Xinyi_District, http://dbpedia.org/resource/Taipei]"
"5","2","[http://dbpedia.org/resource/Taiwan, http://dbpedia.org/resource/Xinyi_District, http://dbpedia.org/resource/Taipei]"
"127","1","[http://dbpedia.org/resource/China, http://dbpedia.org/resource/Shanghai, http://dbpedia.org/resource/Pudong]"
"127","2","[http://dbpedia.org/resource/China, http://dbpedia.org/resource/Shanghai, http://dbpedia.org/resource/Pudong]"
"6","1","[http://dbpedia.org/resource/Philippines, http://dbpedia.org/resource/Manila, http://dbpedia.org/resource/Roxas_Boulevard]"
"6","2","[http://dbpedia.org/resource/Philippines, http://dbpedia.org/resource/Manila, http://dbpedia.org/resource/Roxas_Boulevard]"
"128","1","[http://dbpedia.org/resource/Kuala_Lumpur, http://dbpedia.org/resource/Jalan_Ampang, http://dbpedia.org/resource/Malaysia]"
"128","2","[http://dbpedia.org/resource/Kuala_Lumpur, http://dbpedia.org/resource/Jalan_Ampang, http://dbpedia.org/resource/Malaysia]"
"7","1","[http://dbpedia.org/resource/Kuala_Lumpur, http://dbpedia.org/resource/Jalan_Ampang, http://dbpedia.org/resource/Malaysia]"
"7","2","[http://dbpedia.org/resource/Kuala_Lumpur, http://dbpedia.org/resource/Jalan_Ampang, http://dbpedia.org/resource/Malaysia]"
"129","1","http://dbpedia.org/resource/Atlanta"
"129","2","http://dbpedia.org/resource/Atlanta"
"8","1","http://dbpedia.org/resource/Chicago"
"8","2","http://dbpedia.org/resource/Chicago"
"9","1","[http://dbpedia.org/resource/Kuala_Lumpur, http://dbpedia.org/resource/Malaysia]"
"9","2","[http://dbpedia.org/resource/Kuala_Lumpur, http://dbpedia.org/resource/Malaysia]"
"21","1","[http://dbpedia.org/resource/Kazakhstan, http://dbpedia.org/resource/Almaty]"
"21","2","[http://dbpedia.org/resource/Kazakhstan, http://dbpedia.org/resource/Almaty]"
"22","1","http://dbpedia.org/resource/Hong_Kong"
"22","2","http://dbpedia.org/resource/Hong_Kong"
"23","1","http://dbpedia.org/resource/Central,_Hong_Kong"
"23","2","http://dbpedia.org/resource/Central,_Hong_Kong"
"24","1","[http://dbpedia.org/resource/Lithuania, http://dbpedia.org/resource/Vilnius]"
"24","2","[http://dbpedia.org/resource/Lithuania, http://dbpedia.org/resource/Vilnius]"
"25","1","[http://dbpedia.org/resource/Berlin, http://dbpedia.org/resource/Germany]"
"25","2","[http://dbpedia.org/resource/Berlin, http://dbpedia.org/resource/Germany]"
"27","1","[http://dbpedia.org/resource/United_Arab_Emirates, http://dbpedia.org/resource/Dubai, http://dbpedia.org/resource/E_11_road_(United_Arab_Emirates)]"
"27","2","[http://dbpedia.org/resource/United_Arab_Emirates, http://dbpedia.org/resource/Dubai, http://dbpedia.org/resource/E_11_road_(United_Arab_Emirates)]"
"29","1","http://dbpedia.org/resource/Hong_Kong"
"29","2","http://dbpedia.org/resource/Hong_Kong"
"130","1","[http://dbpedia.org/resource/California, http://dbpedia.org/resource/San_Francisco, http://dbpedia.org/resource/California_Street_(San_Francisco)]"
"130","2","[http://dbpedia.org/resource/California, http://dbpedia.org/resource/San_Francisco, http://dbpedia.org/resource/California_Street_(San_Francisco)]"
"131","1","[http://dbpedia.org/resource/New_York_City, http://dbpedia.org/resource/United_States]"
"131","2","[http://dbpedia.org/resource/New_York_City, http://dbpedia.org/resource/United_States]"
"132","1","[http://dbpedia.org/resource/Philippines, http://dbpedia.org/resource/Makati]"
"132","2","[http://dbpedia.org/resource/Philippines, http://dbpedia.org/resource/Makati]"
"134","1","[http://dbpedia.org/resource/Texas, http://dbpedia.org/resource/Dallas]"
"134","2","[http://dbpedia.org/resource/Texas, http://dbpedia.org/resource/Dallas]"
"137","1","[http://dbpedia.org/resource/Atlanta, http://dbpedia.org/resource/Georgia_(U.S._state)]"
"137","2","[http://dbpedia.org/resource/Atlanta, http://dbpedia.org/resource/Georgia_(U.S._state)]"
"138","1","[http://dbpedia.org/resource/Times_Square, http://dbpedia.org/resource/New_York_City, http://dbpedia.org/resource/United_States]"
"138","2","[http://dbpedia.org/resource/Times_Square, http://dbpedia.org/resource/New_York_City, http://dbpedia.org/resource/United_States]"
"30","1","[http://dbpedia.org/resource/Kaohsiung, http://dbpedia.org/resource/Taiwan, http://dbpedia.org/resource/Lingya_District]"
"30","2","[http://dbpedia.org/resource/Kaohsiung, http://dbpedia.org/resource/Taiwan, http://dbpedia.org/resource/Lingya_District]"
"31","1","[http://dbpedia.org/resource/Chicago, http://dbpedia.org/resource/Illinois, http://dbpedia.org/resource/Randolph_Street_(Chicago), http://dbpedia.org/resource/United_States]"
"31","2","[http://dbpedia.org/resource/Chicago, http://dbpedia.org/resource/Illinois, http://dbpedia.org/resource/Randolph_Street_(Chicago), http://dbpedia.org/resource/United_States]"
"33","1","http://dbpedia.org/resource/Chicago"
"33","2","http://dbpedia.org/resource/Chicago"
"34","1","[http://dbpedia.org/resource/China, http://dbpedia.org/resource/Macau]"
"34","2","[http://dbpedia.org/resource/China, http://dbpedia.org/resource/Macau]"
"35","1","http://dbpedia.org/resource/Minato,_Tokyo"
"35","2","http://dbpedia.org/resource/Minato,_Tokyo"
"38","1","http://dbpedia.org/resource/Auckland_City"
"38","2","http://dbpedia.org/resource/Auckland_City"
"39","1","[http://dbpedia.org/resource/China, http://dbpedia.org/resource/Shenzhen]"
"39","2","[http://dbpedia.org/resource/China, http://dbpedia.org/resource/Shenzhen]"
"142","1","[http://dbpedia.org/resource/Kuala_Lumpur, http://dbpedia.org/resource/Malaysia, http://dbpedia.org/resource/Bukit_Bintang]"
"142","2","[http://dbpedia.org/resource/Kuala_Lumpur, http://dbpedia.org/resource/Malaysia, http://dbpedia.org/resource/Bukit_Bintang]"
"143","1","[http://dbpedia.org/resource/Texas, http://dbpedia.org/resource/Dallas]"
"143","2","[http://dbpedia.org/resource/Texas, http://dbpedia.org/resource/Dallas]"
"144","1","[http://dbpedia.org/resource/Frankfurt, http://dbpedia.org/resource/Germany, http://dbpedia.org/resource/Hesse]"
"144","2","[http://dbpedia.org/resource/Frankfurt, http://dbpedia.org/resource/Germany, http://dbpedia.org/resource/Hesse]"
"147","1","[http://dbpedia.org/resource/Chicago, http://dbpedia.org/resource/Illinois, http://dbpedia.org/resource/United_States]"
"147","2","[http://dbpedia.org/resource/Chicago, http://dbpedia.org/resource/Illinois, http://dbpedia.org/resource/United_States]"
"148","1","[http://dbpedia.org/resource/Texas, http://dbpedia.org/resource/Dallas]"
"148","2","[http://dbpedia.org/resource/Texas, http://dbpedia.org/resource/Dallas]"
"40","1","[http://dbpedia.org/resource/China, http://dbpedia.org/resource/Shenzhen]"
"40","2","[http://dbpedia.org/resource/China, http://dbpedia.org/resource/Shenzhen]"
"41","1","[http://dbpedia.org/resource/China, http://dbpedia.org/resource/Guangzhou, http://dbpedia.org/resource/Guangdong]"
"41","2","[http://dbpedia.org/resource/China, http://dbpedia.org/resource/Guangzhou, http://dbpedia.org/resource/Guangdong]"
"42","1","[http://dbpedia.org/resource/Paris, http://dbpedia.org/resource/France]"
"42","2","[http://dbpedia.org/resource/Paris, http://dbpedia.org/resource/France]"
"43","1","[http://dbpedia.org/resource/United_Arab_Emirates, http://dbpedia.org/resource/Dubai]"
"43","2","[http://dbpedia.org/resource/United_Arab_Emirates, http://dbpedia.org/resource/Dubai]"
"44","1","[http://dbpedia.org/resource/Thailand, http://dbpedia.org/resource/Ratchathewi_District, http://dbpedia.org/resource/Bangkok]"
"44","2","[http://dbpedia.org/resource/Thailand, http://dbpedia.org/resource/Ratchathewi_District, http://dbpedia.org/resource/Bangkok]"
"45","1","http://dbpedia.org/resource/Manhattan"
"45","2","http://dbpedia.org/resource/Manhattan"
"46","1","[http://dbpedia.org/resource/Tallinn, http://dbpedia.org/resource/Estonia]"
"46","2","[http://dbpedia.org/resource/Tallinn, http://dbpedia.org/resource/Estonia]"
"47","1","[http://dbpedia.org/resource/Atlanta, http://dbpedia.org/resource/United_States]"
"47","2","[http://dbpedia.org/resource/Atlanta, http://dbpedia.org/resource/United_States]"
"48","1","[http://dbpedia.org/resource/California, http://dbpedia.org/resource/Los_Angeles]"
"48","2","[http://dbpedia.org/resource/California, http://dbpedia.org/resource/Los_Angeles]"
"49","1","[http://dbpedia.org/resource/Kuala_Lumpur, http://dbpedia.org/resource/Malaysia]"
"49","2","[http://dbpedia.org/resource/Kuala_Lumpur, http://dbpedia.org/resource/Malaysia]"
"151","1","[http://dbpedia.org/resource/Mexico_City, http://dbpedia.org/resource/Mexico]"
"151","2","[http://dbpedia.org/resource/Mexico_City, http://dbpedia.org/resource/Mexico]"
"152","1","[http://dbpedia.org/resource/Pennsylvania, http://dbpedia.org/resource/Pittsburgh]"
"152","2","[http://dbpedia.org/resource/Pennsylvania, http://dbpedia.org/resource/Pittsburgh]"
"154","1","http://dbpedia.org/resource/Seattle"
"154","2","http://dbpedia.org/resource/Seattle"
"155","1","[http://dbpedia.org/resource/Texas, http://dbpedia.org/resource/Dallas]"
"155","2","[http://dbpedia.org/resource/Texas, http://dbpedia.org/resource/Dallas]"
"156","1","[http://dbpedia.org/resource/Alberta, http://dbpedia.org/resource/Canada, http://dbpedia.org/resource/Calgary]"
"156","2","[http://dbpedia.org/resource/Alberta, http://dbpedia.org/resource/Canada, http://dbpedia.org/resource/Calgary]"
"157","1","[http://dbpedia.org/resource/Texas, http://dbpedia.org/resource/Dallas]"
"157","2","[http://dbpedia.org/resource/Texas, http://dbpedia.org/resource/Dallas]"
"158","1","[http://dbpedia.org/resource/Cairo, http://dbpedia.org/resource/Egypt]"
"158","2","[http://dbpedia.org/resource/Cairo, http://dbpedia.org/resource/Egypt]"
"159","1","[http://dbpedia.org/resource/London, http://dbpedia.org/resource/United_Kingdom]"
"159","2","[http://dbpedia.org/resource/London, http://dbpedia.org/resource/United_Kingdom]"
"50","1","[http://dbpedia.org/resource/Sydney, http://dbpedia.org/resource/Australia]"
"50","2","[http://dbpedia.org/resource/Sydney, http://dbpedia.org/resource/Australia]"
"51","1","[http://dbpedia.org/resource/Houston, http://dbpedia.org/resource/Texas]"
"51","2","[http://dbpedia.org/resource/Houston, http://dbpedia.org/resource/Texas]"
"52","1","[http://dbpedia.org/resource/United_Arab_Emirates, http://dbpedia.org/resource/Dubai, http://dbpedia.org/resource/E_11_road_(United_Arab_Emirates)]"
"52","2","[http://dbpedia.org/resource/United_Arab_Emirates, http://dbpedia.org/resource/Dubai, http://dbpedia.org/resource/E_11_road_(United_Arab_Emirates)]"
"54","1","[http://dbpedia.org/resource/North_Korea, http://dbpedia.org/resource/Pyongyang]"
"54","2","[http://dbpedia.org/resource/North_Korea, http://dbpedia.org/resource/Pyongyang]"
"55","1","[http://dbpedia.org/resource/Frankfurt, http://dbpedia.org/resource/Germany, http://dbpedia.org/resource/Hesse]"
"55","2","[http://dbpedia.org/resource/Frankfurt, http://dbpedia.org/resource/Germany, http://dbpedia.org/resource/Hesse]"
"56","1","http://dbpedia.org/resource/Yokohama"
"56","2","http://dbpedia.org/resource/Yokohama"
"57","1","[http://dbpedia.org/resource/Houston, http://dbpedia.org/resource/Texas, http://dbpedia.org/resource/United_States]"
"57","2","[http://dbpedia.org/resource/Houston, http://dbpedia.org/resource/Texas, http://dbpedia.org/resource/United_States]"
"58","1","[http://dbpedia.org/resource/Seattle, http://dbpedia.org/resource/Washington_(state)]"
"58","2","[http://dbpedia.org/resource/Seattle, http://dbpedia.org/resource/Washington_(state)]"
"59","1","[http://dbpedia.org/resource/Chicago, http://dbpedia.org/resource/Illinois, http://dbpedia.org/resource/Wacker_Drive]"
"59","2","[http://dbpedia.org/resource/Chicago, http://dbpedia.org/resource/Illinois, http://dbpedia.org/resource/Wacker_Drive]"
"160","1","[http://dbpedia.org/resource/Detroit, http://dbpedia.org/resource/Michigan]"
"160","2","[http://dbpedia.org/resource/Detroit, http://dbpedia.org/resource/Michigan]"
"161","1","[http://dbpedia.org/resource/Nashville,_Tennessee, http://dbpedia.org/resource/United_States]"
"161","2","[http://dbpedia.org/resource/Nashville,_Tennessee, http://dbpedia.org/resource/United_States]"
"162","1","http://dbpedia.org/resource/New_York_City"
"162","2","http://dbpedia.org/resource/New_York_City"
"164","1","[http://dbpedia.org/resource/Frankfurt, http://dbpedia.org/resource/Germany, http://dbpedia.org/resource/Hesse]"
"164","2","[http://dbpedia.org/resource/Frankfurt, http://dbpedia.org/resource/Germany, http://dbpedia.org/resource/Hesse]"
"166","1","[http://dbpedia.org/resource/Netherlands, http://dbpedia.org/resource/Rotterdam]"
"166","2","[http://dbpedia.org/resource/Netherlands, http://dbpedia.org/resource/Rotterdam]"
"168","1","[http://dbpedia.org/resource/Seattle, http://dbpedia.org/resource/Washington_(state)]"
"168","2","[http://dbpedia.org/resource/Seattle, http://dbpedia.org/resource/Washington_(state)]"
"169","1","http://dbpedia.org/resource/Dallas"
"169","2","http://dbpedia.org/resource/Dallas"
"61","1","[http://dbpedia.org/resource/New_York_City, http://dbpedia.org/resource/Manhattan]"
"61","2","[http://dbpedia.org/resource/New_York_City, http://dbpedia.org/resource/Manhattan]"
"62","1","[http://dbpedia.org/resource/Germany, http://dbpedia.org/resource/Munich]"
"62","2","[http://dbpedia.org/resource/Germany, http://dbpedia.org/resource/Munich]"
"63","1","[http://dbpedia.org/resource/Cleveland, http://dbpedia.org/resource/Public_Square]"
"63","2","[http://dbpedia.org/resource/Cleveland, http://dbpedia.org/resource/Public_Square]"
"64","1","[http://dbpedia.org/resource/Barcelona, http://dbpedia.org/resource/Catalonia, http://dbpedia.org/resource/Spain]"
"64","2","[http://dbpedia.org/resource/Barcelona, http://dbpedia.org/resource/Catalonia, http://dbpedia.org/resource/Spain]"
"65","1","http://dbpedia.org/resource/Philadelphia"
"65","2","http://dbpedia.org/resource/Philadelphia"
"66","1","http://dbpedia.org/resource/Manhattan"
"66","2","http://dbpedia.org/resource/Manhattan"
"68","1","[http://dbpedia.org/resource/Texas, http://dbpedia.org/resource/Dallas, http://dbpedia.org/resource/Main_Street_District,_Dallas]"
"68","2","[http://dbpedia.org/resource/Texas, http://dbpedia.org/resource/Dallas, http://dbpedia.org/resource/Main_Street_District,_Dallas]"
"69","1","[http://dbpedia.org/resource/Singapore, http://dbpedia.org/resource/Downtown_Core, http://dbpedia.org/resource/Raffles_Place]"
"69","2","[http://dbpedia.org/resource/Singapore, http://dbpedia.org/resource/Downtown_Core, http://dbpedia.org/resource/Raffles_Place]"
"171","1","http://dbpedia.org/resource/Mexico_City"
"171","2","http://dbpedia.org/resource/Mexico_City"
"173","1","[http://dbpedia.org/resource/Turkey, http://dbpedia.org/resource/Istanbul, http://dbpedia.org/resource/Levent]"
"173","2","[http://dbpedia.org/resource/Turkey, http://dbpedia.org/resource/Istanbul, http://dbpedia.org/resource/Levent]"
"174","1","[http://dbpedia.org/resource/Japan, http://dbpedia.org/resource/Minato,_Tokyo]"
"174","2","[http://dbpedia.org/resource/Japan, http://dbpedia.org/resource/Minato,_Tokyo]"
"175","1","http://dbpedia.org/resource/Benidorm"
"175","2","http://dbpedia.org/resource/Benidorm"
"176","1","[http://dbpedia.org/resource/Kuwait_City, http://dbpedia.org/resource/Kuwait]"
"176","2","[http://dbpedia.org/resource/Kuwait_City, http://dbpedia.org/resource/Kuwait]"
"177","1","[http://dbpedia.org/resource/Chicago, http://dbpedia.org/resource/Illinois, http://dbpedia.org/resource/State_Street_(Chicago), http://dbpedia.org/resource/United_States]"
"177","2","[http://dbpedia.org/resource/Chicago, http://dbpedia.org/resource/Illinois, http://dbpedia.org/resource/State_Street_(Chicago), http://dbpedia.org/resource/United_States]"
"178","1","http://dbpedia.org/resource/Central,_Hong_Kong"
"178","2","http://dbpedia.org/resource/Central,_Hong_Kong"
"70","1","[http://dbpedia.org/resource/Chicago, http://dbpedia.org/resource/Illinois, http://dbpedia.org/resource/United_States]"
"70","2","[http://dbpedia.org/resource/Chicago, http://dbpedia.org/resource/Illinois, http://dbpedia.org/resource/United_States]"
"71","1","[http://dbpedia.org/resource/Manhattan, http://dbpedia.org/resource/53rd_Street_(Manhattan), http://dbpedia.org/resource/United_States, http://dbpedia.org/resource/New_York]"
"71","2","[http://dbpedia.org/resource/Manhattan, http://dbpedia.org/resource/53rd_Street_(Manhattan), http://dbpedia.org/resource/United_States, http://dbpedia.org/resource/New_York]"
"72","1","[http://dbpedia.org/resource/Germany, http://dbpedia.org/resource/Hamburg]"
"72","2","[http://dbpedia.org/resource/Germany, http://dbpedia.org/resource/Hamburg]"
"73","1","[http://dbpedia.org/resource/Georgia_(country), http://dbpedia.org/resource/Tbilisi]"
"73","2","[http://dbpedia.org/resource/Georgia_(country), http://dbpedia.org/resource/Tbilisi]"
"74","1","[http://dbpedia.org/resource/Riyadh, http://dbpedia.org/resource/Saudi_Arabia]"
"74","2","[http://dbpedia.org/resource/Riyadh, http://dbpedia.org/resource/Saudi_Arabia]"
"76","1","[http://dbpedia.org/resource/Georgia_(country), http://dbpedia.org/resource/Tbilisi]"
"76","2","[http://dbpedia.org/resource/Georgia_(country), http://dbpedia.org/resource/Tbilisi]"
"77","1","[http://dbpedia.org/resource/Atlanta, http://dbpedia.org/resource/Peachtree_Street]"
"77","2","[http://dbpedia.org/resource/Atlanta, http://dbpedia.org/resource/Peachtree_Street]"
"78","1","[http://dbpedia.org/resource/California, http://dbpedia.org/resource/San_Francisco, http://dbpedia.org/resource/Montgomery_Street]"
"78","2","[http://dbpedia.org/resource/California, http://dbpedia.org/resource/San_Francisco, http://dbpedia.org/resource/Montgomery_Street]"
"181","1","http://dbpedia.org/resource/Seattle"
"181","2","http://dbpedia.org/resource/Seattle"
"185","1","http://dbpedia.org/resource/Seattle"
"185","2","http://dbpedia.org/resource/Seattle"
"186","1","http://dbpedia.org/resource/Seattle"
"186","2","http://dbpedia.org/resource/Seattle"
"80","1","[http://dbpedia.org/resource/Midtown_Manhattan, http://dbpedia.org/resource/New_York_City, http://dbpedia.org/resource/New_York]"
"80","2","[http://dbpedia.org/resource/Midtown_Manhattan, http://dbpedia.org/resource/New_York_City, http://dbpedia.org/resource/New_York]"
"81","1","[http://dbpedia.org/resource/Frankfurt, http://dbpedia.org/resource/Germany, http://dbpedia.org/resource/Hesse]"
"81","2","[http://dbpedia.org/resource/Frankfurt, http://dbpedia.org/resource/Germany, http://dbpedia.org/resource/Hesse]"
"82","1","[http://dbpedia.org/resource/Japan, http://dbpedia.org/resource/Izumisano,_Osaka, http://dbpedia.org/resource/Osaka_Prefecture]"
"82","2","[http://dbpedia.org/resource/Japan, http://dbpedia.org/resource/Izumisano,_Osaka, http://dbpedia.org/resource/Osaka_Prefecture]"
"84","1","http://dbpedia.org/resource/Melbourne"
"84","2","http://dbpedia.org/resource/Melbourne"
"87","1","http://dbpedia.org/resource/Vienna"
"87","2","http://dbpedia.org/resource/Vienna"
"88","1","http://dbpedia.org/resource/Atlanta"
"88","2","http://dbpedia.org/resource/Atlanta"
"194","1","[http://dbpedia.org/resource/Finland, http://dbpedia.org/resource/Tampere]"
"194","2","[http://dbpedia.org/resource/Finland, http://dbpedia.org/resource/Tampere]"
"197","1","[http://dbpedia.org/resource/Frankfurt, http://dbpedia.org/resource/Germany, http://dbpedia.org/resource/Hesse]"
"197","2","[http://dbpedia.org/resource/Frankfurt, http://dbpedia.org/resource/Germany, http://dbpedia.org/resource/Hesse]"
"198","1","http://dbpedia.org/resource/Seattle"
"198","2","http://dbpedia.org/resource/Seattle"
"90","1","[http://dbpedia.org/resource/Indonesia, http://dbpedia.org/resource/Jakarta]"
"90","2","[http://dbpedia.org/resource/Indonesia, http://dbpedia.org/resource/Jakarta]"
"92","1","[http://dbpedia.org/resource/Taiwan, http://dbpedia.org/resource/Zhongzheng_District, http://dbpedia.org/resource/Taipei]"
"92","2","[http://dbpedia.org/resource/Taiwan, http://dbpedia.org/resource/Zhongzheng_District, http://dbpedia.org/resource/Taipei]"
"93","1","[http://dbpedia.org/resource/Japan, http://dbpedia.org/resource/Tokyo, http://dbpedia.org/resource/Shinjuku,_Tokyo]"
"93","2","[http://dbpedia.org/resource/Japan, http://dbpedia.org/resource/Tokyo, http://dbpedia.org/resource/Shinjuku,_Tokyo]"
"94","1","[http://dbpedia.org/resource/Boston, http://dbpedia.org/resource/Massachusetts, http://dbpedia.org/resource/United_States]"
"94","2","[http://dbpedia.org/resource/Boston, http://dbpedia.org/resource/Massachusetts, http://dbpedia.org/resource/United_States]"
"95","1","[http://dbpedia.org/resource/Broadway_(Manhattan), http://dbpedia.org/resource/New_York_City, http://dbpedia.org/resource/Manhattan]"
"95","2","[http://dbpedia.org/resource/Broadway_(Manhattan), http://dbpedia.org/resource/New_York_City, http://dbpedia.org/resource/Manhattan]"
"96","1","[http://dbpedia.org/resource/Dallas, http://dbpedia.org/resource/Main_Street_District,_Dallas]"
"96","2","[http://dbpedia.org/resource/Dallas, http://dbpedia.org/resource/Main_Street_District,_Dallas]"
"97","1","http://dbpedia.org/resource/Houston"
"97","2","http://dbpedia.org/resource/Houston"
"98","1","http://dbpedia.org/resource/Seoul"
"98","2","http://dbpedia.org/resource/Seoul"
"99","1","[http://dbpedia.org/resource/Minnesota, http://dbpedia.org/resource/Minneapolis]"
"99","2","[http://dbpedia.org/resource/Minnesota, http://dbpedia.org/resource/Minneapolis]"
"200","1","http://dbpedia.org/resource/Seattle"
"200","2","http://dbpedia.org/resource/Seattle"
"202","1","[http://dbpedia.org/resource/North_Rhine-Westphalia, http://dbpedia.org/resource/Essen]"
"202","2","[http://dbpedia.org/resource/North_Rhine-Westphalia, http://dbpedia.org/resource/Essen]"
"205","1","http://dbpedia.org/resource/Columbus,_Ohio"
"205","2","http://dbpedia.org/resource/Columbus,_Ohio"
"207","1","[http://dbpedia.org/resource/Germany, http://dbpedia.org/resource/Ulm]"
"207","2","[http://dbpedia.org/resource/Germany, http://dbpedia.org/resource/Ulm]"
"208","1","http://dbpedia.org/resource/Hartford,_Connecticut"
"208","2","http://dbpedia.org/resource/Hartford,_Connecticut"
"210","1","[http://dbpedia.org/resource/New_York_City, http://dbpedia.org/resource/Park_Avenue]"
"210","2","[http://dbpedia.org/resource/New_York_City, http://dbpedia.org/resource/Park_Avenue]"
"211","1","[http://dbpedia.org/resource/Brevard_County,_Florida, http://dbpedia.org/resource/Florida]"
"211","2","[http://dbpedia.org/resource/Brevard_County,_Florida, http://dbpedia.org/resource/Florida]"
"213","1","http://dbpedia.org/resource/Blackpool"
"213","2","http://dbpedia.org/resource/Blackpool"
"214","1","[http://dbpedia.org/resource/Turkey, http://dbpedia.org/resource/Istanbul, http://dbpedia.org/resource/Levent]"
"214","2","[http://dbpedia.org/resource/Turkey, http://dbpedia.org/resource/Istanbul, http://dbpedia.org/resource/Levent]"
"215","1","http://dbpedia.org/resource/Seattle"
"215","2","http://dbpedia.org/resource/Seattle"
"216","1","[http://dbpedia.org/resource/Kuala_Lumpur, http://dbpedia.org/resource/Malaysia]"
"216","2","[http://dbpedia.org/resource/Kuala_Lumpur, http://dbpedia.org/resource/Malaysia]"
"217","1","[http://dbpedia.org/resource/Texas, http://dbpedia.org/resource/Dallas, http://dbpedia.org/resource/United_States]"
"217","2","[http://dbpedia.org/resource/Texas, http://dbpedia.org/resource/Dallas, http://dbpedia.org/resource/United_States]"
"218","1","[http://dbpedia.org/resource/Philippines, http://dbpedia.org/resource/Makati]"
"218","2","[http://dbpedia.org/resource/Philippines, http://dbpedia.org/resource/Makati]"
"219","1","[http://dbpedia.org/resource/Frankfurt, http://dbpedia.org/resource/Germany, http://dbpedia.org/resource/Hesse]"
"219","2","[http://dbpedia.org/resource/Frankfurt, http://dbpedia.org/resource/Germany, http://dbpedia.org/resource/Hesse]"
"220","1","http://dbpedia.org/resource/Stockholm"
"220","2","http://dbpedia.org/resource/Stockholm"
"100","1","http://dbpedia.org/resource/Japan"
"100","2","http://dbpedia.org/resource/Japan"
"101","1","http://dbpedia.org/resource/Atlanta"
"101","2","http://dbpedia.org/resource/Atlanta"
"102","1","http://dbpedia.org/resource/D%C3%BCsseldorf"
"102","2","http://dbpedia.org/resource/D%C3%BCsseldorf"
"103","1","[http://dbpedia.org/resource/Penang, http://dbpedia.org/resource/George_Town,_Penang, http://dbpedia.org/resource/Malaysia]"
"103","2","[http://dbpedia.org/resource/Penang, http://dbpedia.org/resource/George_Town,_Penang, http://dbpedia.org/resource/Malaysia]"
"104","1","[http://dbpedia.org/resource/Gauteng, http://dbpedia.org/resource/Johannesburg, http://dbpedia.org/resource/South_Africa, http://dbpedia.org/resource/Brixton,_Gauteng]"
"104","2","[http://dbpedia.org/resource/Gauteng, http://dbpedia.org/resource/Johannesburg, http://dbpedia.org/resource/South_Africa, http://dbpedia.org/resource/Brixton,_Gauteng]"
"105","1","[http://dbpedia.org/resource/Spain, http://dbpedia.org/resource/Madrid]"
"105","2","[http://dbpedia.org/resource/Spain, http://dbpedia.org/resource/Madrid]"
"108","1","[http://dbpedia.org/resource/Hong_Kong, http://dbpedia.org/resource/Queen's_Road,_Hong_Kong]"
"108","2","[http://dbpedia.org/resource/Hong_Kong, http://dbpedia.org/resource/Queen's_Road,_Hong_Kong]"
"109","1","[http://dbpedia.org/resource/Texas, http://dbpedia.org/resource/San_Antonio, http://dbpedia.org/resource/United_States]"
"109","2","[http://dbpedia.org/resource/Texas, http://dbpedia.org/resource/San_Antonio, http://dbpedia.org/resource/United_States]"
