"12","1","http://dbpedia.org/resource/Hag%C3%A5t%C3%B1a,_Guam"
"13","1","http://dbpedia.org/resource/Guatemala_City"
"15","1","http://dbpedia.org/resource/Conakry"
"16","1","http://dbpedia.org/resource/Bissau"
"17","1","http://dbpedia.org/resource/Georgetown,_Guyana"
"1","1","http://dbpedia.org/resource/Libreville"
"2","1","http://dbpedia.org/resource/Banjul"
"3","1","http://dbpedia.org/resource/Tbilisi"
"4","1","http://dbpedia.org/resource/Berlin"
"5","1","http://dbpedia.org/resource/Accra"
"6","1","http://dbpedia.org/resource/Gibraltar_national_football_team"
"8","1","http://dbpedia.org/resource/Athens"
"10","1","http://dbpedia.org/resource/St._George's,_Grenada"
