"22","1","http://dbpedia.org/resource/Ouagadougou"
"11","1","http://dbpedia.org/resource/Hamilton,_Bermuda"
"12","1","http://dbpedia.org/resource/Thimphu"
"23","1","http://dbpedia.org/resource/Naypyidaw"
"24","1","http://dbpedia.org/resource/Bujumbura"
"13","1","http://dbpedia.org/resource/Sucre"
"15","1","http://dbpedia.org/resource/Gaborone"
"17","1","http://dbpedia.org/resource/Bras%C3%ADlia"
"18","1","http://dbpedia.org/resource/Road_Town"
"19","1","http://dbpedia.org/resource/Diego_Garcia"
"1","1","http://dbpedia.org/resource/Nassau,_Bahamas"
"2","1","http://dbpedia.org/resource/Manama"
"4","1","http://dbpedia.org/resource/Dhaka"
"5","1","http://dbpedia.org/resource/Bridgetown"
"7","1","http://dbpedia.org/resource/Minsk"
"8","1","http://dbpedia.org/resource/Brussels"
"9","1","http://dbpedia.org/resource/Belmopan"
"20","1","http://dbpedia.org/resource/Bandar_Seri_Begawan"
"21","1","http://dbpedia.org/resource/Sofia"
"10","1","http://dbpedia.org/resource/Porto-Novo"
