"88","3","http://dbpedia.org/resource/Electric_utility"
"89","3","[http://dbpedia.org/resource/Mass_media, http://dbpedia.org/resource/Telecommunication]"
"90","3","http://dbpedia.org/resource/Financial_services"
"91","3","http://dbpedia.org/resource/Financial_services"
"92","3","http://dbpedia.org/resource/Managed_care"
"93","3","[http://dbpedia.org/resource/Financial_services, http://dbpedia.org/resource/Bank]"
"94","3","http://dbpedia.org/resource/Conglomerate_(company)"
"95","3","http://dbpedia.org/resource/Financial_services"
"96","3","http://dbpedia.org/resource/Financial_services"
"97","3","http://dbpedia.org/resource/Chemical_industry"
"97","3","http://dbpedia.org/resource/Chemical_industry"
"98","3","http://dbpedia.org/resource/Mass_media"
"10","3","http://dbpedia.org/resource/Petroleum_industry"
"11","3","http://dbpedia.org/resource/Financial_services"
"99","3","http://dbpedia.org/resource/Financial_services"
"12","3","http://dbpedia.org/resource/List_of_oil_exploration_and_production_companies"
"14","3","http://dbpedia.org/resource/Retail"
"15","3","http://dbpedia.org/resource/Conglomerate_(company)"
"16","3","http://dbpedia.org/resource/Petroleum_industry"
"17","3","[http://dbpedia.org/resource/Financial_services, http://dbpedia.org/resource/Investment, http://dbpedia.org/resource/Bank]"
"18","3","http://dbpedia.org/resource/Petroleum_industry"
"19","3","http://dbpedia.org/resource/Petroleum_industry"
"1","3","[http://dbpedia.org/resource/Financial_services, http://dbpedia.org/resource/Bank]"
"2","3","http://dbpedia.org/resource/Conglomerate_(company)"
"3","3","[http://dbpedia.org/resource/Financial_services, http://dbpedia.org/resource/Bank]"
"4","3","http://dbpedia.org/resource/List_of_oil_exploration_and_production_companies"
"5","3","[http://dbpedia.org/resource/Financial_services, http://dbpedia.org/resource/Investment, http://dbpedia.org/resource/Bank]"
"6","3","http://dbpedia.org/resource/Financial_services"
"7","3","[http://dbpedia.org/resource/Financial_services, http://dbpedia.org/resource/Investment_banking, http://dbpedia.org/resource/Bank]"
"8","3","[http://dbpedia.org/resource/Financial_services, http://dbpedia.org/resource/Bank]"
"9","3","http://dbpedia.org/resource/List_of_oil_exploration_and_production_companies"
"20","3","http://dbpedia.org/resource/Petroleum_industry"
"21","3","http://dbpedia.org/resource/Financial_services"
"22","3","[http://dbpedia.org/resource/Financial_services, http://dbpedia.org/resource/Bank]"
"23","3","http://dbpedia.org/resource/Financial_services"
"24","3","http://dbpedia.org/resource/Electric_utility"
"25","3","http://dbpedia.org/resource/Electric_utility"
"26","3","[http://dbpedia.org/resource/Financial_services, http://dbpedia.org/resource/Bank]"
"27","3","http://dbpedia.org/resource/Electric_utility"
"28","3","http://dbpedia.org/resource/Financial_services"
"29","3","http://dbpedia.org/resource/Financial_services"
"30","3","http://dbpedia.org/resource/Fast-moving_consumer_goods"
"31","3","http://dbpedia.org/resource/Petroleum_industry"
"32","3","http://dbpedia.org/resource/Telecommunication"
"33","3","[http://dbpedia.org/resource/Software, http://dbpedia.org/resource/Information_technology_consulting, http://dbpedia.org/resource/IT_service_management, http://dbpedia.org/resource/Computer_hardware]"
"34","3","http://dbpedia.org/resource/Financial_services"
"35","3","[http://dbpedia.org/resource/Software, http://dbpedia.org/resource/Information_technology_consulting, http://dbpedia.org/resource/IT_service_management, http://dbpedia.org/resource/Computer_hardware]"
"36","3","http://dbpedia.org/resource/Food_processing"
"37","3","http://dbpedia.org/resource/Telecommunication"
"38","3","http://dbpedia.org/resource/Telecommunication"
"39","3","http://dbpedia.org/resource/List_of_oil_exploration_and_production_companies"
"40","3","http://dbpedia.org/resource/Pharmaceutical_industry"
"41","3","http://dbpedia.org/resource/Telecommunication"
"42","3","http://dbpedia.org/resource/Electric_utility"
"43","3","[http://dbpedia.org/resource/Financial_services, http://dbpedia.org/resource/Bank]"
"44","3","http://dbpedia.org/resource/Financial_services"
"45","3","http://dbpedia.org/resource/Petroleum_industry"
"46","3","http://dbpedia.org/resource/Telecommunication"
"47","3","[http://dbpedia.org/resource/Medical_equipment, http://dbpedia.org/resource/Pharmaceutical_industry]"
"48","3","http://dbpedia.org/resource/Financial_services"
"49","3","[http://dbpedia.org/resource/Software, http://dbpedia.org/resource/Computer_hardware]"
"50","3","http://dbpedia.org/resource/Conglomerate_(company)"
"51","3","http://dbpedia.org/resource/Financial_services"
"52","3","http://dbpedia.org/resource/Financial_services"
"53","3","http://dbpedia.org/resource/Financial_services"
"54","3","http://dbpedia.org/resource/Financial_services"
"55","3","[http://dbpedia.org/resource/Semiconductor, http://dbpedia.org/resource/Consumer_electronics, http://dbpedia.org/resource/Home_appliance, http://dbpedia.org/resource/Telecommunications_equipment]"
"56","3","http://dbpedia.org/resource/Telecommunication"
"57","3","http://dbpedia.org/resource/Pharmaceutical_industry"
"58","3","http://dbpedia.org/resource/Automotive_industry"
"59","3","[http://dbpedia.org/resource/Financial_services, http://dbpedia.org/resource/Bank]"
"60","3","http://dbpedia.org/resource/Electric_utility"
"61","3","http://dbpedia.org/resource/Pharmaceutical_industry"
"62","3","[http://dbpedia.org/resource/Metal, http://dbpedia.org/resource/Mining]"
"63","3","http://dbpedia.org/resource/Financial_services"
"64","3","http://dbpedia.org/resource/Petroleum_industry"
"65","3","http://dbpedia.org/resource/Financial_services"
"66","3","http://dbpedia.org/resource/Pharmaceutical_industry"
"67","3","[http://dbpedia.org/resource/Financial_services, http://dbpedia.org/resource/Bank]"
"68","3","[http://dbpedia.org/resource/Metal, http://dbpedia.org/resource/Mining]"
"69","3","http://dbpedia.org/resource/Petroleum_industry"
"70","3","[http://dbpedia.org/resource/Brewing, http://dbpedia.org/resource/Drink]"
"71","3","[http://dbpedia.org/resource/Biotechnology, http://dbpedia.org/resource/Pharmaceutical_industry]"
"72","3","http://dbpedia.org/resource/Pharmaceutical_industry"
"73","3","http://dbpedia.org/resource/Financial_services"
"74","3","http://dbpedia.org/resource/Financial_services"
"75","3","[http://dbpedia.org/resource/Software, http://dbpedia.org/resource/Digital_distribution, http://dbpedia.org/resource/Consumer_electronics, http://dbpedia.org/resource/Computer_hardware]"
"76","3","http://dbpedia.org/resource/Networking_hardware"
"77","3","http://dbpedia.org/resource/Petroleum_industry"
"78","3","http://dbpedia.org/resource/Joint-stock_company"
"79","3","[http://dbpedia.org/resource/Financial_services, http://dbpedia.org/resource/Bank]"
"100","3","[http://dbpedia.org/resource/Biotechnology, http://dbpedia.org/resource/Pharmaceutical_industry]"
"81","3","http://dbpedia.org/resource/Retail"
"82","3","http://dbpedia.org/resource/Holding"
"83","3","[http://dbpedia.org/resource/Financial_services, http://dbpedia.org/resource/Bank]"
"84","3","http://dbpedia.org/resource/Retail"
"85","3","http://dbpedia.org/resource/Fast-moving_consumer_goods"
"86","3","[http://dbpedia.org/resource/Aviation, http://dbpedia.org/resource/Automotive_industry, http://dbpedia.org/resource/Telematics]"
"87","3","http://dbpedia.org/resource/Financial_services"
