"44","2","[http://dbpedia.org/resource/Super_Nintendo_Entertainment_System, http://dbpedia.org/resource/Wii]"
"44","4","http://dbpedia.org/resource/Platform_game"
"44","5","http://dbpedia.org/resource/Nintendo"
"45","2","http://dbpedia.org/resource/Game_Boy_Advance"
"45","4","http://dbpedia.org/resource/Role-playing_video_game"
"45","5","[http://dbpedia.org/resource/Nintendo, http://dbpedia.org/resource/The_Pok%C3%A9mon_Company]"
"46","2","http://dbpedia.org/resource/Wii"
"46","4","http://dbpedia.org/resource/Platform_game"
"46","5","http://dbpedia.org/resource/Nintendo"
"47","2","[http://dbpedia.org/resource/Nintendo_64, http://dbpedia.org/resource/Virtual_Console, http://dbpedia.org/resource/IQue_Player]"
"47","4","http://dbpedia.org/resource/Racing_video_game"
"47","5","http://dbpedia.org/resource/Nintendo"
"48","2","[http://dbpedia.org/resource/Microsoft_Windows, http://dbpedia.org/resource/PlayStation_3, http://dbpedia.org/resource/Xbox_360]"
"48","4","http://dbpedia.org/resource/First-person_shooter"
"48","5","http://dbpedia.org/resource/Activision"
"49","2","[http://dbpedia.org/resource/Microsoft_Windows, http://dbpedia.org/resource/PlayStation_(console)]"
"49","4","http://dbpedia.org/resource/Role-playing_video_game"
"49","5","http://dbpedia.org/resource/Eidos_Interactive"
"50","2","http://dbpedia.org/resource/Nintendo_DS"
"50","4","http://dbpedia.org/resource/Platform_game"
"50","5","http://dbpedia.org/resource/Nintendo"
"10","2","http://dbpedia.org/resource/Nintendo_DS"
"10","4","http://dbpedia.org/resource/List_of_artificial_pet_games"
"10","5","http://dbpedia.org/resource/Nintendo"
"11","2","http://dbpedia.org/resource/Wii"
"11","4","http://dbpedia.org/resource/Platform_game"
"11","5","http://dbpedia.org/resource/Nintendo"
"12","2","[http://dbpedia.org/resource/Game_Boy_Color, http://dbpedia.org/resource/Game_Boy]"
"12","4","http://dbpedia.org/resource/Role-playing_video_game"
"12","5","[http://dbpedia.org/resource/Nintendo, http://dbpedia.org/resource/The_Pok%C3%A9mon_Company]"
"13","2","http://dbpedia.org/resource/Nintendo_DS"
"13","4","http://dbpedia.org/resource/Racing_video_game"
"13","5","http://dbpedia.org/resource/Nintendo"
"14","2","http://dbpedia.org/resource/Wii"
"14","4","http://dbpedia.org/resource/Exergaming"
"14","5","http://dbpedia.org/resource/Nintendo"
"15","2","http://dbpedia.org/resource/Wii"
"15","4","http://dbpedia.org/resource/Exergaming"
"15","5","http://dbpedia.org/resource/Nintendo"
"16","2","[http://dbpedia.org/resource/Microsoft_Windows, http://dbpedia.org/resource/OS_X, http://dbpedia.org/resource/PlayStation_3, http://dbpedia.org/resource/IOS, http://dbpedia.org/resource/Xbox_(console), http://dbpedia.org/resource/Xbox_360, http://dbpedia.org/resource/Windows_Phone, http://dbpedia.org/resource/Android_(operating_system), http://dbpedia.org/resource/Amazon_Kindle, http://dbpedia.org/resource/PlayStation_2]"
"16","4","http://dbpedia.org/resource/Action-adventure_game"
"16","5","[http://dbpedia.org/resource/Capcom, http://dbpedia.org/resource/Rockstar_Games]"
"17","2","[http://dbpedia.org/resource/Game_Boy_Advance, http://dbpedia.org/resource/Super_Nintendo_Entertainment_System, http://dbpedia.org/resource/Virtual_Console]"
"17","4","http://dbpedia.org/resource/Platform_game"
"18","2","http://dbpedia.org/resource/Nintendo_DS"
"18","4","http://dbpedia.org/resource/Puzzle_video_game"
"18","5","http://dbpedia.org/resource/Nintendo"
"19","2","[http://dbpedia.org/resource/Game_Boy, http://dbpedia.org/resource/Nintendo_eShop]"
"19","4","http://dbpedia.org/resource/Platform_game"
"19","5","http://dbpedia.org/resource/Nintendo"
"1","2","http://dbpedia.org/resource/Wii"
"1","4","http://dbpedia.org/resource/Sports_game"
"1","5","http://dbpedia.org/resource/Nintendo"
"2","4","http://dbpedia.org/resource/Platform_game"
"2","5","http://dbpedia.org/resource/Nintendo"
"3","2","http://dbpedia.org/resource/Wii"
"3","4","http://dbpedia.org/resource/Racing_video_game"
"3","5","http://dbpedia.org/resource/Nintendo"
"4","2","http://dbpedia.org/resource/Game_Boy"
"4","4","http://dbpedia.org/resource/Role-playing_video_game"
"4","5","http://dbpedia.org/resource/Nintendo"
"5","2","http://dbpedia.org/resource/Wii"
"5","4","http://dbpedia.org/resource/Sports_game"
"5","5","http://dbpedia.org/resource/Nintendo"
"6","4","http://dbpedia.org/resource/Puzzle_video_game"
"7","2","http://dbpedia.org/resource/Wii"
"7","4","http://dbpedia.org/resource/Party_game"
"7","5","http://dbpedia.org/resource/Nintendo"
"8","2","[http://dbpedia.org/resource/Arcade_game, http://dbpedia.org/resource/Nintendo_Entertainment_System]"
"8","4","[http://dbpedia.org/resource/Light_gun_shooter, http://dbpedia.org/resource/First-person_shooter]"
"8","5","http://dbpedia.org/resource/Nintendo"
"9","2","http://dbpedia.org/resource/Nintendo_DS"
"9","4","http://dbpedia.org/resource/Platform_game"
"9","5","http://dbpedia.org/resource/Nintendo"
"20","2","[http://dbpedia.org/resource/Nintendo_3DS, http://dbpedia.org/resource/Nintendo_DS, http://dbpedia.org/resource/Nintendo_DSi, http://dbpedia.org/resource/Nintendo_2DS, http://dbpedia.org/resource/Nintendo_DS_Lite, http://dbpedia.org/resource/Nintendo_3DS_XL]"
"20","4","http://dbpedia.org/resource/Role-playing_video_game"
"20","5","[http://dbpedia.org/resource/Nintendo, http://dbpedia.org/resource/The_Pok%C3%A9mon_Company]"
"21","2","[http://dbpedia.org/resource/Game_Boy_Advance, http://dbpedia.org/resource/Virtual_Console, http://dbpedia.org/resource/Nintendo_Entertainment_System, http://dbpedia.org/resource/PlayChoice-10]"
"21","4","http://dbpedia.org/resource/Platform_game"
"21","5","http://dbpedia.org/resource/Nintendo"
"22","2","[http://dbpedia.org/resource/Microsoft_Windows, http://dbpedia.org/resource/OS_X, http://dbpedia.org/resource/PlayStation_3, http://dbpedia.org/resource/IOS, http://dbpedia.org/resource/Xbox_(console), http://dbpedia.org/resource/Android_(operating_system), http://dbpedia.org/resource/PlayStation_2]"
"22","4","http://dbpedia.org/resource/Action-adventure_game"
"22","5","[http://dbpedia.org/resource/Capcom, http://dbpedia.org/resource/Rockstar_Games]"
"23","2","http://dbpedia.org/resource/Xbox_360"
"23","4","[http://dbpedia.org/resource/Sports_game, http://dbpedia.org/resource/Adventure_game]"
"23","5","http://dbpedia.org/resource/Microsoft_Studios"
"24","2","http://dbpedia.org/resource/Game_Boy_Advance"
"24","4","http://dbpedia.org/resource/Role-playing_video_game"
"24","5","[http://dbpedia.org/resource/Nintendo, http://dbpedia.org/resource/The_Pok%C3%A9mon_Company]"
"25","2","http://dbpedia.org/resource/Nintendo_DS"
"25","4","http://dbpedia.org/resource/Educational_entertainment"
"25","5","http://dbpedia.org/resource/Nintendo"
"26","2","http://dbpedia.org/resource/PlayStation_2"
"26","4","http://dbpedia.org/resource/Racing_video_game"
"26","5","http://dbpedia.org/resource/Sony_Computer_Entertainment"
"27","2","[http://dbpedia.org/resource/Game_Boy_Color, http://dbpedia.org/resource/Game_Boy]"
"27","4","http://dbpedia.org/resource/Role-playing_video_game"
"27","5","http://dbpedia.org/resource/Nintendo"
"28","2","[http://dbpedia.org/resource/Microsoft_Windows, http://dbpedia.org/resource/OS_X, http://dbpedia.org/resource/PlayStation_3, http://dbpedia.org/resource/Wii, http://dbpedia.org/resource/Nintendo_DS, http://dbpedia.org/resource/Xbox_360]"
"28","4","http://dbpedia.org/resource/First-person_shooter"
"29","2","[http://dbpedia.org/resource/Microsoft_Windows, http://dbpedia.org/resource/PlayStation_3, http://dbpedia.org/resource/Wii, http://dbpedia.org/resource/Xbox_360]"
"29","4","http://dbpedia.org/resource/First-person_shooter"
"30","2","[http://dbpedia.org/resource/Microsoft_Windows, http://dbpedia.org/resource/OS_X, http://dbpedia.org/resource/PlayStation_3, http://dbpedia.org/resource/IOS, http://dbpedia.org/resource/Xbox_(console), http://dbpedia.org/resource/Android_(operating_system), http://dbpedia.org/resource/PlayStation_2]"
"30","4","http://dbpedia.org/resource/Action-adventure_game"
"31","2","http://dbpedia.org/resource/Nintendo_DS"
"31","4","http://dbpedia.org/resource/Role-playing_video_game"
"31","5","[http://dbpedia.org/resource/Nintendo, http://dbpedia.org/resource/The_Pok%C3%A9mon_Company]"
"32","2","[http://dbpedia.org/resource/Microsoft_Windows, http://dbpedia.org/resource/PlayStation_3, http://dbpedia.org/resource/Xbox_360]"
"32","4","http://dbpedia.org/resource/First-person_shooter"
"32","5","http://dbpedia.org/resource/Activision"
"33","2","[http://dbpedia.org/resource/Nintendo_64, http://dbpedia.org/resource/Virtual_Console, http://dbpedia.org/resource/IQue_Player]"
"33","4","http://dbpedia.org/resource/Platform_game"
"33","5","http://dbpedia.org/resource/Nintendo"
"34","2","http://dbpedia.org/resource/Nintendo_DS"
"34","4","http://dbpedia.org/resource/Social_simulation_game"
"34","5","http://dbpedia.org/resource/Nintendo"
"35","2","http://dbpedia.org/resource/Xbox_360"
"35","4","http://dbpedia.org/resource/First-person_shooter"
"35","5","http://dbpedia.org/resource/Microsoft_Studios"
"36","2","http://dbpedia.org/resource/PlayStation_2"
"36","4","http://dbpedia.org/resource/Racing_video_game"
"36","5","http://dbpedia.org/resource/Sony_Computer_Entertainment"
"37","2","[http://dbpedia.org/resource/Microsoft_Windows, http://dbpedia.org/resource/OS_X, http://dbpedia.org/resource/PlayStation_3, http://dbpedia.org/resource/Wii, http://dbpedia.org/resource/Nintendo_DS, http://dbpedia.org/resource/Xbox_360]"
"37","4","http://dbpedia.org/resource/First-person_shooter"
"39","2","[http://dbpedia.org/resource/Game_Boy, http://dbpedia.org/resource/Nintendo_eShop]"
"39","4","http://dbpedia.org/resource/Platform_game"
"39","5","http://dbpedia.org/resource/Nintendo"
"40","2","http://dbpedia.org/resource/PlayStation_(console)"
"40","4","http://dbpedia.org/resource/Racing_video_game"
"40","5","http://dbpedia.org/resource/Sony_Computer_Entertainment"
"41","2","http://dbpedia.org/resource/Wii"
"41","4","[http://dbpedia.org/resource/Action_game, http://dbpedia.org/resource/Fighting_game, http://dbpedia.org/resource/Platform_game]"
"41","5","http://dbpedia.org/resource/Nintendo"
"42","2","http://dbpedia.org/resource/Nintendo_DS"
"42","4","http://dbpedia.org/resource/Role-playing_video_game"
"42","5","[http://dbpedia.org/resource/Nintendo, http://dbpedia.org/resource/The_Pok%C3%A9mon_Company]"
"43","2","[http://dbpedia.org/resource/Microsoft_Windows, http://dbpedia.org/resource/PlayStation_3, http://dbpedia.org/resource/Wii, http://dbpedia.org/resource/Xbox_360]"
"43","4","http://dbpedia.org/resource/First-person_shooter"
