"22","1","http://dbpedia.org/resource/Havana"
"12","1","http://dbpedia.org/resource/West_Island,_Cocos_(Keeling)_Islands"
"23","1","http://dbpedia.org/resource/Nicosia"
"24","1","http://dbpedia.org/resource/Prague"
"13","1","http://dbpedia.org/resource/Bogot%C3%A1"
"14","1","http://dbpedia.org/resource/Moroni,_Comoros"
"15","1","http://dbpedia.org/resource/Kinshasa"
"16","1","http://dbpedia.org/resource/Brazzaville"
"17","1","http://dbpedia.org/resource/Avarua"
"19","1","http://dbpedia.org/resource/San_Jos%C3%A9,_Costa_Rica"
"1","1","http://dbpedia.org/resource/Phnom_Penh"
"2","1","http://dbpedia.org/resource/Yaound%C3%A9"
"3","1","http://dbpedia.org/resource/Ottawa"
"4","1","http://dbpedia.org/resource/Praia"
"5","1","http://dbpedia.org/resource/George_Town,_Cayman_Islands"
"6","1","http://dbpedia.org/resource/Bangui"
"7","1","http://dbpedia.org/resource/N'Djamena"
"8","1","http://dbpedia.org/resource/Santiago"
"9","1","http://dbpedia.org/resource/Beijing"
"20","1","http://dbpedia.org/resource/Yamoussoukro"
"10","1","http://dbpedia.org/resource/Flying_Fish_Cove"
