"88","3","http://dbpedia.org/resource/William_Wyler"
"89","3","http://dbpedia.org/resource/Milo%C5%A1_Forman"
"90","3","http://dbpedia.org/resource/John_Schlesinger"
"91","3","http://dbpedia.org/resource/Bob_Fosse"
"92","3","http://dbpedia.org/resource/Elia_Kazan"
"93","3","http://dbpedia.org/resource/Lewis_Milestone"
"94","3","http://dbpedia.org/resource/David_Lean"
"95","3","http://dbpedia.org/resource/Michael_Mann_(director)"
"96","3","http://dbpedia.org/resource/Stanley_Kubrick"
"97","3","http://dbpedia.org/resource/Sidney_Lumet"
"10","3","http://dbpedia.org/resource/Victor_Fleming"
"98","3","http://dbpedia.org/resource/Francis_Ford_Coppola"
"11","3","http://dbpedia.org/resource/Martin_Scorsese"
"99","3","http://dbpedia.org/resource/Frank_Capra"
"12","3","http://dbpedia.org/resource/Martin_Scorsese"
"13","3","http://dbpedia.org/resource/Roman_Polanski"
"14","3","http://dbpedia.org/resource/Ridley_Scott"
"15","3","http://dbpedia.org/resource/Steven_Spielberg"
"16","3","http://dbpedia.org/resource/Steven_Spielberg"
"17","3","http://dbpedia.org/resource/Woody_Allen"
"18","3","http://dbpedia.org/resource/Martin_Scorsese"
"19","3","http://dbpedia.org/resource/John_Ford"
"1","3","http://dbpedia.org/resource/Francis_Ford_Coppola"
"2","3","http://dbpedia.org/resource/Orson_Welles"
"3","3","http://dbpedia.org/resource/Michael_Curtiz"
"4","3","http://dbpedia.org/resource/David_Lean"
"5","3","http://dbpedia.org/resource/Stanley_Kubrick"
"6","3","http://dbpedia.org/resource/Francis_Ford_Coppola"
"7","3","http://dbpedia.org/resource/Francis_Ford_Coppola"
"8","3","http://dbpedia.org/resource/Quentin_Tarantino"
"9","3","http://dbpedia.org/resource/Frank_Capra"
"20","3","http://dbpedia.org/resource/Alfred_Hitchcock"
"21","3","http://dbpedia.org/resource/Akira_Kurosawa"
"22","3","http://dbpedia.org/resource/Billy_Wilder"
"23","3","http://dbpedia.org/resource/Milo%C5%A1_Forman"
"24","3","http://dbpedia.org/resource/Stanley_Kubrick"
"25","3","http://dbpedia.org/resource/Joseph_L._Mankiewicz"
"26","3","http://dbpedia.org/resource/Mike_Nichols"
"27","3","http://dbpedia.org/resource/Elia_Kazan"
"28","3","http://dbpedia.org/resource/Frank_Darabont"
"29","3","http://dbpedia.org/resource/Arthur_Penn"
"30","3","http://dbpedia.org/resource/Coen_brothers"
"31","3","http://dbpedia.org/resource/Steven_Spielberg"
"32","3","http://dbpedia.org/resource/David_Lean"
"33","3","http://dbpedia.org/resource/Fred_Zinnemann"
"34","3","http://dbpedia.org/resource/Peter_Jackson"
"35","3","http://dbpedia.org/resource/Charles_Laughton"
"36","3","http://dbpedia.org/resource/Robert_Mulligan"
"37","3","http://dbpedia.org/resource/James_Cameron"
"38","3","http://dbpedia.org/resource/Vittorio_De_Sica"
"39","3","http://dbpedia.org/resource/Charlie_Chaplin"
"40","3","http://dbpedia.org/resource/Jean_Renoir"
"41","3","http://dbpedia.org/resource/Fran%C3%A7ois_Truffaut"
"42","3","http://dbpedia.org/resource/Howard_Hawks"
"43","3","http://dbpedia.org/resource/Clint_Eastwood"
"44","3","http://dbpedia.org/resource/Sergei_Eisenstein"
"45","3","http://dbpedia.org/resource/Terry_Gilliam"
"46","3","http://dbpedia.org/resource/Robert_Wise"
"47","3","http://dbpedia.org/resource/Federico_Fellini"
"48","3","http://dbpedia.org/resource/Jean-Luc_Godard"
"49","3","http://dbpedia.org/resource/Curtis_Hanson"
"50","3","http://dbpedia.org/resource/David_Fincher"
"51","3","http://dbpedia.org/resource/Akira_Kurosawa"
"52","3","http://dbpedia.org/resource/Michael_Cimino"
"53","3","http://dbpedia.org/resource/Robert_Altman"
"54","3","http://dbpedia.org/resource/Stanley_Kubrick"
"55","3","[http://dbpedia.org/resource/Jerome_Robbins, http://dbpedia.org/resource/Robert_Wise]"
"56","3","http://dbpedia.org/resource/Jean_Renoir"
"57","3","http://dbpedia.org/resource/John_Huston"
"58","3","http://dbpedia.org/resource/Robert_Zemeckis"
"59","3","http://dbpedia.org/resource/Peter_Jackson"
"60","3","http://dbpedia.org/resource/F._W._Murnau"
"61","3","http://dbpedia.org/resource/Spike_Lee"
"62","3","http://dbpedia.org/resource/John_G._Avildsen"
"63","3","http://dbpedia.org/resource/John_Ford"
"64","3","http://dbpedia.org/resource/Steven_Spielberg"
"65","3","http://dbpedia.org/resource/Charlie_Chaplin"
"66","3","http://dbpedia.org/resource/Yasujir%C5%8D_Ozu"
"67","3","http://dbpedia.org/resource/Sam_Mendes"
"68","3","http://dbpedia.org/resource/David_Fincher"
"69","3","http://dbpedia.org/resource/Ridley_Scott"
"70","3","http://dbpedia.org/resource/Nicholas_Ray"
"71","3","http://dbpedia.org/resource/Mel_Gibson"
"72","3","http://dbpedia.org/resource/Danny_Boyle"
"73","3","http://dbpedia.org/resource/Ingmar_Bergman"
"74","3","http://dbpedia.org/resource/John_Huston"
"75","3","http://dbpedia.org/resource/Oliver_Stone"
"76","3","http://dbpedia.org/resource/Peter_Jackson"
"77","3","http://dbpedia.org/resource/John_Frankenheimer"
"78","3","http://dbpedia.org/resource/Preston_Sturges"
"79","3","http://dbpedia.org/resource/William_Wyler"
"100","3","http://dbpedia.org/resource/Ingmar_Bergman"
"80","3","http://dbpedia.org/resource/Billy_Wilder"
"81","3","http://dbpedia.org/resource/Robert_Altman"
"82","3","http://dbpedia.org/resource/Marcel_Carn%C3%A9"
"83","3","http://dbpedia.org/resource/Harold_Ramis"
"84","3","http://dbpedia.org/resource/Federico_Fellini"
"85","3","http://dbpedia.org/resource/Woody_Allen"
"86","3","http://dbpedia.org/resource/Christopher_Nolan"
"87","3","http://dbpedia.org/resource/James_Whale"
