"22","1","http://dbpedia.org/resource/Brades"
"23","1","http://dbpedia.org/resource/Rabat"
"24","1","http://dbpedia.org/resource/Maputo"
"25","1","http://dbpedia.org/resource/Naypyidaw"
"10","1","http://dbpedia.org/resource/Majuro"
"12","1","http://dbpedia.org/resource/Nouakchott"
"13","1","http://dbpedia.org/resource/Port_Louis"
"15","1","http://dbpedia.org/resource/Mexico_City"
"16","1","http://dbpedia.org/resource/Palikir"
"18","1","http://dbpedia.org/resource/Chi%C8%99in%C4%83u"
"19","1","http://dbpedia.org/resource/Monaco-Ville"
"2","1","http://dbpedia.org/resource/Skopje"
"3","1","http://dbpedia.org/resource/Antananarivo"
"4","1","http://dbpedia.org/resource/Lilongwe"
"5","1","http://dbpedia.org/resource/Kuala_Lumpur"
"6","1","http://dbpedia.org/resource/Mal%C3%A9"
"7","1","http://dbpedia.org/resource/Bamako"
"8","1","http://dbpedia.org/resource/Valletta"
"20","1","http://dbpedia.org/resource/Ulan_Bator"
"21","1","http://dbpedia.org/resource/Podgorica"
