"24","5","http://dbpedia.org/resource/French_language"
"25","5","http://dbpedia.org/resource/French_language"
"26","5","[http://dbpedia.org/resource/French_language, http://dbpedia.org/resource/Portuguese_language]"
"10","5","http://dbpedia.org/resource/French_language"
"11","5","http://dbpedia.org/resource/French_language"
"12","5","http://dbpedia.org/resource/French_language"
"13","5","http://dbpedia.org/resource/French_language"
"15","5","http://dbpedia.org/resource/French_language"
"16","5","http://dbpedia.org/resource/France"
"38","5","http://dbpedia.org/resource/French_language"
"39","5","http://dbpedia.org/resource/French_language"
"4","5","[http://dbpedia.org/resource/Arabic_language, http://dbpedia.org/resource/French_language]"
"6","5","http://dbpedia.org/resource/French_language"
"8","5","http://dbpedia.org/resource/French_language"
"40","5","http://dbpedia.org/resource/French_language"
"41","5","http://dbpedia.org/resource/French_language"
"20","5","http://dbpedia.org/resource/French_language"
"42","5","http://dbpedia.org/resource/French_language"
