"112","4","http://dbpedia.org/resource/Mammal"
"112","5","[http://dbpedia.org/resource/Felidae, http://dbpedia.org/resource/Felinae]"
"113","4","[http://dbpedia.org/resource/Chondrichthyes, http://dbpedia.org/resource/Elasmobranchii]"
"114","4","http://dbpedia.org/resource/Mammal"
"114","5","[http://dbpedia.org/resource/Bovid, http://dbpedia.org/resource/Caprinae]"
"115","4","http://dbpedia.org/resource/Mammal"
"115","5","http://dbpedia.org/resource/Musteloidea"
"118","4","http://dbpedia.org/resource/Mammal"
"119","4","http://dbpedia.org/resource/Bird"
"93","4","http://dbpedia.org/resource/Bird"
"93","5","[http://dbpedia.org/resource/Phasianinae, http://dbpedia.org/resource/Phasianidae]"
"94","4","[http://dbpedia.org/resource/Bird, http://dbpedia.org/resource/Neognathae]"
"95","4","http://dbpedia.org/resource/Bird"
"95","5","[http://dbpedia.org/resource/Phasianinae, http://dbpedia.org/resource/Phasianidae]"
"96","4","[http://dbpedia.org/resource/Mammal, http://dbpedia.org/resource/Eutheria, http://dbpedia.org/resource/Theria]"
"96","5","[http://dbpedia.org/resource/Suinae, http://dbpedia.org/resource/Suidae]"
"97","4","http://dbpedia.org/resource/Bird"
"98","4","http://dbpedia.org/resource/Mammal"
"98","5","http://dbpedia.org/resource/Ornithorhynchidae"
"11","4","http://dbpedia.org/resource/Mammal"
"11","5","[http://dbpedia.org/resource/Bovinae, http://dbpedia.org/resource/Bovid]"
"99","4","http://dbpedia.org/resource/Mammal"
"99","5","http://dbpedia.org/resource/Delphinoidea"
"12","4","http://dbpedia.org/resource/Mammal"
"12","5","http://dbpedia.org/resource/Suidae"
"13","4","http://dbpedia.org/resource/Insect"
"14","4","http://dbpedia.org/resource/Mammal"
"14","5","[http://dbpedia.org/resource/Camelid, http://dbpedia.org/resource/Camelini]"
"15","4","http://dbpedia.org/resource/Mammal"
"15","5","http://dbpedia.org/resource/Felidae"
"16","4","[http://dbpedia.org/resource/Mammal, http://dbpedia.org/resource/Eutheria, http://dbpedia.org/resource/Theria]"
"16","5","[http://dbpedia.org/resource/Bovinae, http://dbpedia.org/resource/Bovid]"
"17","4","http://dbpedia.org/resource/Mammal"
"17","5","http://dbpedia.org/resource/Felidae"
"18","4","http://dbpedia.org/resource/Bird"
"18","5","[http://dbpedia.org/resource/Phasianinae, http://dbpedia.org/resource/Phasianidae]"
"19","4","http://dbpedia.org/resource/Bivalvia"
"120","4","http://dbpedia.org/resource/Bird"
"120","5","http://dbpedia.org/resource/Anatidae"
"121","4","[http://dbpedia.org/resource/Insect, http://dbpedia.org/resource/Neoptera, http://dbpedia.org/resource/Pterygota]"
"122","4","http://dbpedia.org/resource/Mammal"
"122","5","http://dbpedia.org/resource/Felidae"
"123","4","http://dbpedia.org/resource/Amphibian"
"124","4","http://dbpedia.org/resource/Bird"
"124","5","http://dbpedia.org/resource/Phasianidae"
"4","4","http://dbpedia.org/resource/Mammal"
"5","4","http://dbpedia.org/resource/Mammal"
"5","5","[http://dbpedia.org/resource/Mustelidae, http://dbpedia.org/resource/Badger, http://dbpedia.org/resource/Musteloidea, http://dbpedia.org/resource/Honey_badger, http://dbpedia.org/resource/American_badger]"
"6","4","[http://dbpedia.org/resource/Mammal, http://dbpedia.org/resource/Eutheria]"
"128","4","http://dbpedia.org/resource/Insect"
"7","4","http://dbpedia.org/resource/Mammal"
"129","4","http://dbpedia.org/resource/Mammal"
"129","5","[http://dbpedia.org/resource/Mustelidae, http://dbpedia.org/resource/Mustelinae]"
"8","4","http://dbpedia.org/resource/Mammal"
"8","5","http://dbpedia.org/resource/Castoridae"
"20","4","[http://dbpedia.org/resource/Insect, http://dbpedia.org/resource/Neoptera, http://dbpedia.org/resource/Pterygota]"
"22","4","[http://dbpedia.org/resource/Mammal, http://dbpedia.org/resource/Eutheria]"
"22","5","http://dbpedia.org/resource/Canidae"
"23","4","http://dbpedia.org/resource/Bird"
"24","4","http://dbpedia.org/resource/Bird"
"24","5","http://dbpedia.org/resource/Corvidae"
"25","4","[http://dbpedia.org/resource/Mammal, http://dbpedia.org/resource/Eutheria]"
"27","4","http://dbpedia.org/resource/Mammal"
"27","5","http://dbpedia.org/resource/Canidae"
"28","4","http://dbpedia.org/resource/Mammal"
"28","5","[http://dbpedia.org/resource/Iniidae, http://dbpedia.org/resource/Oceanic_dolphin, http://dbpedia.org/resource/La_Plata_dolphin, http://dbpedia.org/resource/South_Asian_river_dolphin, http://dbpedia.org/resource/Baiji]"
"29","4","http://dbpedia.org/resource/Mammal"
"29","5","http://dbpedia.org/resource/Equidae"
"130","4","[http://dbpedia.org/resource/Mammal, http://dbpedia.org/resource/Eutheria]"
"131","4","http://dbpedia.org/resource/Mammal"
"131","5","[http://dbpedia.org/resource/Canidae, http://dbpedia.org/resource/Caninae]"
"132","4","[http://dbpedia.org/resource/Mammal, http://dbpedia.org/resource/Marsupial]"
"133","4","[http://dbpedia.org/resource/Bird, http://dbpedia.org/resource/Neognathae, http://dbpedia.org/resource/Modern_birds]"
"134","4","http://dbpedia.org/resource/Bird"
"134","5","http://dbpedia.org/resource/Certhioidea"
"135","4","http://dbpedia.org/resource/Mammal"
"135","5","http://dbpedia.org/resource/Bovid"
"136","4","http://dbpedia.org/resource/Insect"
"136","5","[http://dbpedia.org/resource/Vespidae, http://dbpedia.org/resource/Vespinae]"
"137","4","http://dbpedia.org/resource/Mammal"
"137","5","http://dbpedia.org/resource/Equidae"
"30","4","http://dbpedia.org/resource/Bird"
"31","4","http://dbpedia.org/resource/Bird"
"31","5","http://dbpedia.org/resource/Anatidae"
"33","4","http://dbpedia.org/resource/Mammal"
"34","4","[http://dbpedia.org/resource/Actinopterygii, http://dbpedia.org/resource/Teleostei, http://dbpedia.org/resource/Neopterygii]"
"35","4","http://dbpedia.org/resource/Mammal"
"35","5","http://dbpedia.org/resource/Elephantidae"
"36","4","http://dbpedia.org/resource/Mammal"
"36","5","[http://dbpedia.org/resource/Deer, http://dbpedia.org/resource/Cervinae]"
"37","4","http://dbpedia.org/resource/Bird"
"37","5","http://dbpedia.org/resource/Falconidae"
"38","4","http://dbpedia.org/resource/Mammal"
"38","5","http://dbpedia.org/resource/Mustelidae"
"42","4","http://dbpedia.org/resource/Mammal"
"42","5","http://dbpedia.org/resource/Canidae"
"44","4","http://dbpedia.org/resource/Mammal"
"44","5","[http://dbpedia.org/resource/Muroidea, http://dbpedia.org/resource/Muridae]"
"45","4","http://dbpedia.org/resource/Mammal"
"45","5","http://dbpedia.org/resource/Giraffidae"
"47","4","http://dbpedia.org/resource/Mammal"
"47","5","[http://dbpedia.org/resource/Alcelaphinae, http://dbpedia.org/resource/Bovid]"
"48","4","http://dbpedia.org/resource/Mammal"
"48","5","[http://dbpedia.org/resource/Bovid, http://dbpedia.org/resource/Caprinae]"
"49","4","http://dbpedia.org/resource/Bird"
"49","5","[http://dbpedia.org/resource/Anatidae, http://dbpedia.org/resource/Anserinae]"
"50","4","http://dbpedia.org/resource/Mammal"
"50","5","[http://dbpedia.org/resource/Homininae, http://dbpedia.org/resource/Hominidae, http://dbpedia.org/resource/Ape]"
"51","4","http://dbpedia.org/resource/Insect"
"52","4","http://dbpedia.org/resource/Mammal"
"52","5","[http://dbpedia.org/resource/Caviidae, http://dbpedia.org/resource/Caviinae]"
"53","4","http://dbpedia.org/resource/Bird"
"54","4","http://dbpedia.org/resource/Mammal"
"54","5","[http://dbpedia.org/resource/Muroidea, http://dbpedia.org/resource/Cricetidae]"
"55","4","http://dbpedia.org/resource/Mammal"
"55","5","http://dbpedia.org/resource/Leporidae"
"57","4","http://dbpedia.org/resource/Mammal"
"57","5","http://dbpedia.org/resource/Erinaceidae"
"58","4","[http://dbpedia.org/resource/Bird, http://dbpedia.org/resource/Neognathae, http://dbpedia.org/resource/Modern_birds]"
"59","4","http://dbpedia.org/resource/Mammal"
"59","5","http://dbpedia.org/resource/Hippopotamidae"
"60","4","http://dbpedia.org/resource/Insect"
"60","5","[http://dbpedia.org/resource/Vespidae, http://dbpedia.org/resource/Vespinae]"
"61","4","[http://dbpedia.org/resource/Mammal, http://dbpedia.org/resource/Eutheria, http://dbpedia.org/resource/Theria]"
"61","5","[http://dbpedia.org/resource/Suinae, http://dbpedia.org/resource/Suidae]"
"62","4","http://dbpedia.org/resource/Mammal"
"62","5","http://dbpedia.org/resource/Equidae"
"65","4","[http://dbpedia.org/resource/Bird, http://dbpedia.org/resource/Neognathae, http://dbpedia.org/resource/Modern_birds]"
"66","4","http://dbpedia.org/resource/Mammal"
"67","4","http://dbpedia.org/resource/Bird"
"67","5","http://dbpedia.org/resource/Corvidae"
"69","4","[http://dbpedia.org/resource/Mammal, http://dbpedia.org/resource/Marsupial]"
"69","5","http://dbpedia.org/resource/Macropodidae"
"70","4","[http://dbpedia.org/resource/Mammal, http://dbpedia.org/resource/Marsupial]"
"70","5","http://dbpedia.org/resource/Phascolarctidae"
"71","4","http://dbpedia.org/resource/Mammal"
"71","5","http://dbpedia.org/resource/Felidae"
"72","4","http://dbpedia.org/resource/Mammal"
"72","5","http://dbpedia.org/resource/Felidae"
"73","4","http://dbpedia.org/resource/Mammal"
"73","5","http://dbpedia.org/resource/Camelid"
"75","4","[http://dbpedia.org/resource/Insect, http://dbpedia.org/resource/Neoptera, http://dbpedia.org/resource/Pterygota]"
"76","4","http://dbpedia.org/resource/Bird"
"76","5","http://dbpedia.org/resource/Corvidae"
"77","4","http://dbpedia.org/resource/Bird"
"77","5","[http://dbpedia.org/resource/Anatidae, http://dbpedia.org/resource/Anatinae]"
"78","4","[http://dbpedia.org/resource/Mammal, http://dbpedia.org/resource/Eutheria]"
"78","5","http://dbpedia.org/resource/Talpidae"
"79","4","http://dbpedia.org/resource/Mammal"
"100","4","http://dbpedia.org/resource/Mammal"
"100","5","[http://dbpedia.org/resource/Squirrel, http://dbpedia.org/resource/Ground_squirrel]"
"102","4","http://dbpedia.org/resource/Bird"
"103","4","http://dbpedia.org/resource/Mammal"
"103","5","http://dbpedia.org/resource/Leporidae"
"104","4","http://dbpedia.org/resource/Mammal"
"104","5","http://dbpedia.org/resource/Procyonidae"
"105","4","http://dbpedia.org/resource/Mammal"
"105","5","[http://dbpedia.org/resource/Muroidea, http://dbpedia.org/resource/Muridae, http://dbpedia.org/resource/Murinae]"
"80","4","http://dbpedia.org/resource/Mammal"
"80","5","[http://dbpedia.org/resource/Deer, http://dbpedia.org/resource/Capreolinae]"
"107","4","[http://dbpedia.org/resource/Mammal, http://dbpedia.org/resource/Eutheria]"
"107","5","http://dbpedia.org/resource/Rhinoceros"
"108","4","[http://dbpedia.org/resource/Sea_urchin, http://dbpedia.org/resource/Euechinoidea]"
"81","4","http://dbpedia.org/resource/Insect"
"81","5","http://dbpedia.org/resource/Culicoidea"
"82","4","http://dbpedia.org/resource/Mammal"
"82","5","[http://dbpedia.org/resource/Muroidea, http://dbpedia.org/resource/Muridae, http://dbpedia.org/resource/Murinae]"
"83","4","http://dbpedia.org/resource/Mammal"
"83","5","http://dbpedia.org/resource/Equidae"
"84","4","http://dbpedia.org/resource/Bird"
"84","5","http://dbpedia.org/resource/Old_World_flycatcher"
"85","4","[http://dbpedia.org/resource/Mammal, http://dbpedia.org/resource/Marsupial]"
"86","4","http://dbpedia.org/resource/Bird"
"86","5","http://dbpedia.org/resource/Struthionidae"
"87","4","http://dbpedia.org/resource/Mammal"
"87","5","http://dbpedia.org/resource/Mustelidae"
