"230","1","http://dbpedia.org/resource/Fashion"
"231","1","[http://dbpedia.org/resource/Mass_media, http://dbpedia.org/resource/Telecommunication]"
"233","1","http://dbpedia.org/resource/Automotive_industry"
"113","1","http://dbpedia.org/resource/Aviation"
"114","1","[http://dbpedia.org/resource/Medical_equipment, http://dbpedia.org/resource/Pharmaceutical_industry]"
"236","1","http://dbpedia.org/resource/Courier"
"237","1","http://dbpedia.org/resource/Retail"
"238","1","http://dbpedia.org/resource/Multi-level_marketing"
"117","1","http://dbpedia.org/resource/Automotive_industry"
"239","1","http://dbpedia.org/resource/Investment_management"
"119","1","http://dbpedia.org/resource/Aviation"
"11","1","http://dbpedia.org/resource/Travel_technology"
"13","1","http://dbpedia.org/resource/Semiconductor"
"15","1","http://dbpedia.org/resource/Enterprise_software"
"16","1","http://dbpedia.org/resource/Steel"
"17","1","http://dbpedia.org/resource/Aerospace"
"19","1","http://dbpedia.org/resource/Retail"
"240","1","http://dbpedia.org/resource/Clothing"
"120","1","[http://dbpedia.org/resource/Photography, http://dbpedia.org/resource/Digital_imaging]"
"242","1","http://dbpedia.org/resource/Financial_services"
"243","1","http://dbpedia.org/resource/Software"
"244","1","http://dbpedia.org/resource/Cable_television"
"2","1","[http://dbpedia.org/resource/Energy, http://dbpedia.org/resource/Materials_science, http://dbpedia.org/resource/Technology, http://dbpedia.org/resource/Manufacturing, http://dbpedia.org/resource/Aerospace, http://dbpedia.org/resource/Automotive_industry, http://dbpedia.org/resource/Life_sciences, http://dbpedia.org/resource/Academia]"
"123","1","[http://dbpedia.org/resource/Tourism, http://dbpedia.org/resource/Hospitality]"
"124","1","http://dbpedia.org/resource/Pharmaceutical_drug"
"245","1","http://dbpedia.org/resource/Web_analytics"
"125","1","http://dbpedia.org/resource/Internet"
"5","1","[http://dbpedia.org/resource/Clothing, http://dbpedia.org/resource/Fashion_accessory]"
"247","1","http://dbpedia.org/resource/Insurance"
"248","1","[http://dbpedia.org/resource/Health_food_store, http://dbpedia.org/resource/Grocery_store]"
"7","1","http://dbpedia.org/resource/Application_Delivery_Cotrol"
"249","1","http://dbpedia.org/resource/Telecommunication"
"8","1","http://dbpedia.org/resource/Non-ferrous_metal"
"9","1","[http://dbpedia.org/resource/Warehouse, http://dbpedia.org/resource/Moving_company]"
"20","1","http://dbpedia.org/resource/Auto_Retailer"
"21","1","http://dbpedia.org/resource/Car_rental"
"22","1","http://dbpedia.org/resource/Electronics"
"23","1","http://dbpedia.org/resource/Mass_media"
"25","1","http://dbpedia.org/resource/Tea"
"26","1","http://dbpedia.org/resource/Telecommunications_equipment"
"27","1","http://dbpedia.org/resource/Financial_services"
"29","1","http://dbpedia.org/resource/Self-Publishing"
"130","1","[http://dbpedia.org/resource/Information_technology, http://dbpedia.org/resource/Security, http://dbpedia.org/resource/Law_enforcement_agency]"
"131","1","http://dbpedia.org/resource/Semiconductor"
"255","1","http://dbpedia.org/resource/Open-source_software"
"134","1","[http://dbpedia.org/resource/Software, http://dbpedia.org/resource/Personal_finance]"
"256","1","[http://dbpedia.org/resource/Document_management_system, http://dbpedia.org/resource/Digital_imaging, http://dbpedia.org/resource/Information_technology_consulting, http://dbpedia.org/resource/IT_service_management]"
"136","1","http://dbpedia.org/resource/Agribusiness"
"36","1","http://dbpedia.org/resource/Mass_media"
"37","1","http://dbpedia.org/resource/Telecommunication"
"39","1","http://dbpedia.org/resource/Video_game_industry"
"140","1","[http://dbpedia.org/resource/Streaming_media, http://dbpedia.org/resource/Video_rental_shop]"
"147","1","http://dbpedia.org/resource/Software"
"148","1","http://dbpedia.org/resource/Financial_services"
"41","1","http://dbpedia.org/resource/Automotive_industry"
"42","1","http://dbpedia.org/resource/Telecommunication"
"43","1","http://dbpedia.org/resource/Financial_services"
"45","1","http://dbpedia.org/resource/Software"
"46","1","[http://dbpedia.org/resource/Mass_media, http://dbpedia.org/resource/Telecommunication]"
"49","1","http://dbpedia.org/resource/Internet"
"150","1","http://dbpedia.org/resource/Web_analytics"
"152","1","http://dbpedia.org/resource/Aviation"
"154","1","http://dbpedia.org/resource/Software_industry"
"156","1","[http://dbpedia.org/resource/Software, http://dbpedia.org/resource/Computer_hardware]"
"157","1","http://dbpedia.org/resource/Software"
"50","1","[http://dbpedia.org/resource/Technology, http://dbpedia.org/resource/Web_application, http://dbpedia.org/resource/Electronic_publishing, http://dbpedia.org/resource/Mobile_application_software]"
"52","1","http://dbpedia.org/resource/Automotive_industry"
"54","1","http://dbpedia.org/resource/Aviation"
"55","1","http://dbpedia.org/resource/Internet"
"57","1","http://dbpedia.org/resource/Telecommunication"
"161","1","http://dbpedia.org/resource/Transport"
"162","1","http://dbpedia.org/resource/Petroleum_industry"
"165","1","[http://dbpedia.org/resource/Internet, http://dbpedia.org/resource/Software]"
"167","1","http://dbpedia.org/resource/Service_(economics)"
"169","1","http://dbpedia.org/resource/Financial_services"
"60","1","http://dbpedia.org/resource/Satellite_television"
"63","1","http://dbpedia.org/resource/Software_as_a_service"
"64","1","[http://dbpedia.org/resource/Domain_name_registrar, http://dbpedia.org/resource/Web_hosting_service, http://dbpedia.org/resource/File_hosting_service, http://dbpedia.org/resource/Cloud_computing_service]"
"65","1","http://dbpedia.org/resource/Online_shopping"
"69","1","http://dbpedia.org/resource/Electrical_equipment"
"170","1","http://dbpedia.org/resource/Vehicle_insurance"
"174","1","http://dbpedia.org/resource/Internet_hosting_service"
"178","1","http://dbpedia.org/resource/Real_estate"
"71","1","http://dbpedia.org/resource/Broadcasting_of_sports_events"
"76","1","http://dbpedia.org/resource/Internet"
"78","1","http://dbpedia.org/resource/Aviation"
"180","1","http://dbpedia.org/resource/Service_(economics)"
"182","1","http://dbpedia.org/resource/Entertainment"
"184","1","[http://dbpedia.org/resource/Mass_media, http://dbpedia.org/resource/Telecommunication]"
"185","1","http://dbpedia.org/resource/Software"
"189","1","http://dbpedia.org/resource/Retail"
"81","1","http://dbpedia.org/resource/Financial_services"
"84","1","http://dbpedia.org/resource/Retail"
"86","1","http://dbpedia.org/resource/Retail"
"87","1","http://dbpedia.org/resource/Technology"
"88","1","http://dbpedia.org/resource/Conglomerate_(company)"
"89","1","http://dbpedia.org/resource/Automotive_industry"
"190","1","http://dbpedia.org/resource/Software"
"191","1","http://dbpedia.org/resource/Cloud_computing"
"192","1","http://dbpedia.org/resource/Conglomerate_(company)"
"197","1","http://dbpedia.org/resource/Marketing"
"198","1","http://dbpedia.org/resource/Software"
"199","1","http://dbpedia.org/resource/Amusement_park"
"90","1","http://dbpedia.org/resource/Telecommunication"
"91","1","[http://dbpedia.org/resource/Biotechnology, http://dbpedia.org/resource/Pharmaceutical_industry]"
"92","1","http://dbpedia.org/resource/Telecommunication"
"93","1","[http://dbpedia.org/resource/Telecommunication, http://dbpedia.org/resource/Remittance]"
"94","1","http://dbpedia.org/resource/Renewable_energy"
"95","1","[http://dbpedia.org/resource/Internet, http://dbpedia.org/resource/Software, http://dbpedia.org/resource/Telecommunications_equipment]"
"200","1","http://dbpedia.org/resource/Telecommunication"
"205","1","http://dbpedia.org/resource/Financial_services"
"207","1","http://dbpedia.org/resource/Telecommunication"
"209","1","http://dbpedia.org/resource/Computer_security"
"210","1","[http://dbpedia.org/resource/Malware, http://dbpedia.org/resource/Intrusion_prevention_system, http://dbpedia.org/resource/Intrusion_detection_system, http://dbpedia.org/resource/Network_security]"
"211","1","http://dbpedia.org/resource/Aviation"
"213","1","[http://dbpedia.org/resource/Web_hosting_service, http://dbpedia.org/resource/Web_content_management_system, http://dbpedia.org/resource/Website_builder]"
"215","1","http://dbpedia.org/resource/Hospitality"
"216","1","http://dbpedia.org/resource/Network_security"
"218","1","http://dbpedia.org/resource/Automobile"
"222","1","http://dbpedia.org/resource/Telecommunication"
"101","1","http://dbpedia.org/resource/Hospitality"
"224","1","[http://dbpedia.org/resource/Software, http://dbpedia.org/resource/Collaborative_software, http://dbpedia.org/resource/Social_networking_service, http://dbpedia.org/resource/Enterprise_software, http://dbpedia.org/resource/Social_software]"
"104","1","http://dbpedia.org/resource/Drink"
"225","1","http://dbpedia.org/resource/Telecommunication"
"226","1","http://dbpedia.org/resource/Semiconductor"
"229","1","http://dbpedia.org/resource/Artisan_Entertainment"
"109","1","http://dbpedia.org/resource/Software"
