"88","1","[http://dbpedia.org/resource/Security_software, http://dbpedia.org/resource/Computer_hardware]"
"44","1","http://dbpedia.org/resource/Semiconductor"
"89","1","http://dbpedia.org/resource/Software"
"45","1","http://dbpedia.org/resource/Integrated_circuit"
"46","1","http://dbpedia.org/resource/Semiconductor_industry"
"48","1","http://dbpedia.org/resource/Semiconductor"
"49","1","http://dbpedia.org/resource/Integrated_circuit"
"91","1","http://dbpedia.org/resource/Software"
"93","1","http://dbpedia.org/resource/Telecommunications_equipment"
"94","1","http://dbpedia.org/resource/Technology"
"50","1","http://dbpedia.org/resource/Restaurant"
"51","1","[http://dbpedia.org/resource/Pharmaceutical_drug, http://dbpedia.org/resource/Health_care]"
"52","1","http://dbpedia.org/resource/Dental_instruments"
"96","1","http://dbpedia.org/resource/Telecommunications_equipment"
"54","1","http://dbpedia.org/resource/Health_care"
"10","1","http://dbpedia.org/resource/Software"
"98","1","http://dbpedia.org/resource/Telecommunication"
"11","1","http://dbpedia.org/resource/Computer"
"55","1","http://dbpedia.org/resource/Health_care"
"56","1","http://dbpedia.org/resource/Online_shopping"
"12","1","[http://dbpedia.org/resource/Software, http://dbpedia.org/resource/Digital_distribution, http://dbpedia.org/resource/Consumer_electronics, http://dbpedia.org/resource/Computer_hardware]"
"13","1","[http://dbpedia.org/resource/Software, http://dbpedia.org/resource/Information_technology_consulting, http://dbpedia.org/resource/IT_service_management, http://dbpedia.org/resource/Computer_hardware]"
"58","1","[http://dbpedia.org/resource/Internet, http://dbpedia.org/resource/Online_shopping]"
"14","1","http://dbpedia.org/resource/Data_storage_device"
"15","1","http://dbpedia.org/resource/Networking_hardware"
"16","1","http://dbpedia.org/resource/Networking_hardware"
"17","1","http://dbpedia.org/resource/Computer_network"
"18","1","[http://dbpedia.org/resource/Information_technology_consulting, http://dbpedia.org/resource/IT_service_management]"
"19","1","http://dbpedia.org/resource/Telecommunications_service_provider"
"1","1","[http://dbpedia.org/resource/Engine, http://dbpedia.org/resource/Financial_services, http://dbpedia.org/resource/Information_technology, http://dbpedia.org/resource/Heavy_equipment, http://dbpedia.org/resource/Automotive_industry, http://dbpedia.org/resource/Powertrain]"
"2","1","http://dbpedia.org/resource/Advertising"
"3","1","http://dbpedia.org/resource/Tertiary_sector_of_the_economy"
"5","1","http://dbpedia.org/resource/Business_process_outsourcing"
"6","1","http://dbpedia.org/resource/For-profit_education"
"9","1","http://dbpedia.org/resource/Software"
"61","1","[http://dbpedia.org/resource/Tourism, http://dbpedia.org/resource/Hospitality]"
"63","1","http://dbpedia.org/resource/Radio_broadcasting"
"20","1","http://dbpedia.org/resource/Biotechnology"
"64","1","http://dbpedia.org/resource/Broadcasting"
"65","1","http://dbpedia.org/resource/Telecommunication"
"21","1","http://dbpedia.org/resource/Biotechnology"
"66","1","[http://dbpedia.org/resource/Mass_media, http://dbpedia.org/resource/Telecommunication]"
"23","1","http://dbpedia.org/resource/Pharmaceutical_industry"
"67","1","[http://dbpedia.org/resource/Mass_media, http://dbpedia.org/resource/Telecommunication]"
"68","1","http://dbpedia.org/resource/Retail"
"25","1","http://dbpedia.org/resource/Pharmacology"
"26","1","http://dbpedia.org/resource/Biotechnology"
"28","1","http://dbpedia.org/resource/Biotechnology"
"29","1","http://dbpedia.org/resource/Biotechnology"
"70","1","http://dbpedia.org/resource/Retail"
"73","1","[http://dbpedia.org/resource/Variety_store, http://dbpedia.org/resource/Retail, http://dbpedia.org/resource/Discount_store]"
"30","1","http://dbpedia.org/resource/Pharmaceutical_drug"
"75","1","http://dbpedia.org/resource/Retail"
"31","1","http://dbpedia.org/resource/Electronics"
"76","1","http://dbpedia.org/resource/Retail"
"33","1","http://dbpedia.org/resource/Electronics_manufacturing_services"
"77","1","http://dbpedia.org/resource/Retail"
"78","1","[http://dbpedia.org/resource/Health_food_store, http://dbpedia.org/resource/Grocery_store]"
"34","1","http://dbpedia.org/resource/Electronics_manufacturing_services"
"79","1","http://dbpedia.org/resource/Software"
"36","1","http://dbpedia.org/resource/Semiconductor"
"37","1","http://dbpedia.org/resource/Semiconductor"
"38","1","http://dbpedia.org/resource/Semiconductor"
"100","1","http://dbpedia.org/resource/Transport"
"80","1","[http://dbpedia.org/resource/Enterprise_software, http://dbpedia.org/resource/Computer_hardware]"
"81","1","http://dbpedia.org/resource/Software"
"83","1","http://dbpedia.org/resource/Software"
"84","1","[http://dbpedia.org/resource/Software, http://dbpedia.org/resource/Computer_hardware]"
"40","1","[http://dbpedia.org/resource/Computer_data_storage, http://dbpedia.org/resource/Computer_memory]"
"85","1","[http://dbpedia.org/resource/Interactive_entertainment, http://dbpedia.org/resource/Video_game_industry]"
"41","1","http://dbpedia.org/resource/Semiconductor"
"86","1","http://dbpedia.org/resource/Software"
"87","1","[http://dbpedia.org/resource/Internet, http://dbpedia.org/resource/Telecommunication]"
"43","1","[http://dbpedia.org/resource/Electronics, http://dbpedia.org/resource/Semiconductor]"
