"45","1","http://dbpedia.org/resource/England"
"95","1","http://dbpedia.org/resource/Australia"
"10","1","http://dbpedia.org/resource/Norway"
"15","1","http://dbpedia.org/resource/United_Kingdom"
"19","1","http://dbpedia.org/resource/Sweden"
"2","1","http://dbpedia.org/resource/England"
"3","1","http://dbpedia.org/resource/Sweden"
"5","1","http://dbpedia.org/resource/Scotland"
"6","1","http://dbpedia.org/resource/United_Kingdom"
"9","1","http://dbpedia.org/resource/Belgium"
"68","1","http://dbpedia.org/resource/Sweden"
"29","1","http://dbpedia.org/resource/England"
"138","1","http://dbpedia.org/resource/Norway"
"139","1","http://dbpedia.org/resource/Sweden"
"77","1","http://dbpedia.org/resource/Sweden"
"79","1","http://dbpedia.org/resource/Scotland"
"146","1","http://dbpedia.org/resource/Switzerland"
"148","1","http://dbpedia.org/resource/Sweden"
"82","1","http://dbpedia.org/resource/Canada"
"42","1","http://dbpedia.org/resource/Switzerland"
