"230","2","[http://dbpedia.org/resource/Cincinnati_Reds, http://dbpedia.org/resource/Philadelphia_Phillies, http://dbpedia.org/resource/Baltimore_Orioles_(19th_century), http://dbpedia.org/resource/Detroit_Wolverines, http://dbpedia.org/resource/Worcester_Worcesters, http://dbpedia.org/resource/Philadelphia_Athletics_(1890%E2%80%9391)]"
"231","2","[http://dbpedia.org/resource/San_Francisco_Giants, http://dbpedia.org/resource/Providence_Grays, http://dbpedia.org/resource/Buffalo_Bisons_(NL), http://dbpedia.org/resource/Middletown_Mansfields, http://dbpedia.org/resource/New_York_Giants_(PL), http://dbpedia.org/resource/History_of_the_Atlanta_Braves, http://dbpedia.org/resource/Washington_Senators_(1891%E2%80%9399)]"
"110","2","[http://dbpedia.org/resource/Atlanta_Braves, http://dbpedia.org/resource/Chicago_Cubs, http://dbpedia.org/resource/Philadelphia_Phillies]"
"111","2","[http://dbpedia.org/resource/Chicago_Cubs, http://dbpedia.org/resource/Cleveland_Indians, http://dbpedia.org/resource/Pittsburgh_Pirates]"
"232","2","[http://dbpedia.org/resource/Atlanta_Braves, http://dbpedia.org/resource/Buffalo_Bisons_(NL)]"
"112","2","[http://dbpedia.org/resource/Baltimore_Orioles, http://dbpedia.org/resource/Boston_Red_Sox, http://dbpedia.org/resource/Chicago_White_Sox, http://dbpedia.org/resource/Detroit_Tigers, http://dbpedia.org/resource/Oakland_Athletics]"
"113","2","http://dbpedia.org/resource/St._Louis_Cardinals"
"114","2","[http://dbpedia.org/resource/Los_Angeles_Dodgers, http://dbpedia.org/resource/New_York_Mets, http://dbpedia.org/resource/Texas_Rangers_(baseball)]"
"115","2","[http://dbpedia.org/resource/Baltimore_Orioles, http://dbpedia.org/resource/Cincinnati_Reds, http://dbpedia.org/resource/Cleveland_Indians, http://dbpedia.org/resource/Philadelphia_Phillies, http://dbpedia.org/resource/Pittsburgh_Pirates, http://dbpedia.org/resource/St._Louis_Cardinals]"
"116","2","[http://dbpedia.org/resource/Los_Angeles_Dodgers, http://dbpedia.org/resource/Kansas_City_Monarchs]"
"117","2","[http://dbpedia.org/resource/Baltimore_Orioles, http://dbpedia.org/resource/Cincinnati_Reds, http://dbpedia.org/resource/Cleveland_Indians, http://dbpedia.org/resource/Philadelphia_Phillies, http://dbpedia.org/resource/Pittsburgh_Pirates, http://dbpedia.org/resource/St._Louis_Cardinals]"
"118","2","http://dbpedia.org/resource/New_York_Yankees"
"119","2","[http://dbpedia.org/resource/Baltimore_Orioles, http://dbpedia.org/resource/Boston_Red_Sox, http://dbpedia.org/resource/Cleveland_Indians, http://dbpedia.org/resource/Detroit_Tigers, http://dbpedia.org/resource/Minnesota_Twins]"
"10","2","[http://dbpedia.org/resource/Cleveland_Indians, http://dbpedia.org/resource/Houston_Astros, http://dbpedia.org/resource/Los_Angeles_Dodgers, http://dbpedia.org/resource/New_York_Mets, http://dbpedia.org/resource/San_Francisco_Giants, http://dbpedia.org/resource/Toronto_Blue_Jays]"
"11","2","[http://dbpedia.org/resource/Chicago_Cubs, http://dbpedia.org/resource/Colorado_Rockies, http://dbpedia.org/resource/Detroit_Tigers, http://dbpedia.org/resource/Kansas_City_Royals, http://dbpedia.org/resource/San_Francisco_Giants]"
"12","2","[http://dbpedia.org/resource/Boston_Red_Sox, http://dbpedia.org/resource/Cincinnati_Reds, http://dbpedia.org/resource/Colorado_Rockies, http://dbpedia.org/resource/Milwaukee_Brewers, http://dbpedia.org/resource/Los_Angeles_Angels_of_Anaheim]"
"13","2","[http://dbpedia.org/resource/Los_Angeles_Dodgers, http://dbpedia.org/resource/Oakland_Athletics, http://dbpedia.org/resource/Seattle_Mariners, http://dbpedia.org/resource/Hanshin_Tigers, http://dbpedia.org/resource/New_York_Yankees]"
"14","2","[http://dbpedia.org/resource/Boston_Red_Sox, http://dbpedia.org/resource/New_York_Mets, http://dbpedia.org/resource/Seattle_Mariners, http://dbpedia.org/resource/Toronto_Blue_Jays, http://dbpedia.org/resource/New_York_Yankees]"
"15","2","[http://dbpedia.org/resource/Seattle_Mariners, http://dbpedia.org/resource/Texas_Rangers_(baseball), http://dbpedia.org/resource/New_York_Yankees]"
"16","2","http://dbpedia.org/resource/Boston_Red_Sox"
"17","2","[http://dbpedia.org/resource/Boston_Red_Sox, http://dbpedia.org/resource/Los_Angeles_Dodgers, http://dbpedia.org/resource/New_York_Mets]"
"18","2","[http://dbpedia.org/resource/Chicago_Cubs, http://dbpedia.org/resource/Colorado_Rockies, http://dbpedia.org/resource/Miami_Marlins, http://dbpedia.org/resource/Oakland_Athletics, http://dbpedia.org/resource/Philadelphia_Phillies, http://dbpedia.org/resource/San_Diego_Padres, http://dbpedia.org/resource/Seattle_Mariners, http://dbpedia.org/resource/St._Louis_Cardinals]"
"19","2","[http://dbpedia.org/resource/Cincinnati_Reds, http://dbpedia.org/resource/Cleveland_Indians, http://dbpedia.org/resource/Milwaukee_Brewers, http://dbpedia.org/resource/New_York_Mets, http://dbpedia.org/resource/San_Diego_Padres, http://dbpedia.org/resource/Toronto_Blue_Jays, http://dbpedia.org/resource/Saitama_Seibu_Lions, http://dbpedia.org/resource/New_York_Yankees]"
"120","2","http://dbpedia.org/resource/Boston_Red_Sox"
"121","2","[http://dbpedia.org/resource/Boston_Red_Sox, http://dbpedia.org/resource/Texas_Rangers_(baseball)]"
"122","2","[http://dbpedia.org/resource/Atlanta_Braves, http://dbpedia.org/resource/Boston_Red_Sox, http://dbpedia.org/resource/Cleveland_Indians, http://dbpedia.org/resource/Minnesota_Twins, http://dbpedia.org/resource/Pittsburgh_Pirates]"
"1","2","http://dbpedia.org/resource/Houston_Astros"
"123","2","[http://dbpedia.org/resource/Atlanta_Braves, http://dbpedia.org/resource/Chicago_White_Sox, http://dbpedia.org/resource/Pittsburgh_Pirates]"
"2","2","[http://dbpedia.org/resource/Boston_Red_Sox, http://dbpedia.org/resource/New_York_Mets, http://dbpedia.org/resource/Seattle_Mariners, http://dbpedia.org/resource/Toronto_Blue_Jays, http://dbpedia.org/resource/New_York_Yankees]"
"3","2","[http://dbpedia.org/resource/Arizona_Diamondbacks, http://dbpedia.org/resource/Chicago_Cubs, http://dbpedia.org/resource/Detroit_Tigers, http://dbpedia.org/resource/Houston_Astros, http://dbpedia.org/resource/Los_Angeles_Dodgers, http://dbpedia.org/resource/Miami_Marlins]"
"124","2","[http://dbpedia.org/resource/Atlanta_Braves, http://dbpedia.org/resource/Baltimore_Orioles, http://dbpedia.org/resource/Chicago_White_Sox, http://dbpedia.org/resource/Pittsburgh_Pirates, http://dbpedia.org/resource/San_Francisco_Giants, http://dbpedia.org/resource/History_of_the_Oakland_Athletics]"
"4","2","[http://dbpedia.org/resource/Arizona_Diamondbacks, http://dbpedia.org/resource/Oakland_Athletics, http://dbpedia.org/resource/New_York_Yankees]"
"125","2","[http://dbpedia.org/resource/Chicago_White_Sox, http://dbpedia.org/resource/Detroit_Tigers, http://dbpedia.org/resource/Los_Angeles_Dodgers, http://dbpedia.org/resource/Pittsburgh_Pirates, http://dbpedia.org/resource/New_York_Yankees]"
"126","2","[http://dbpedia.org/resource/Boston_Red_Sox, http://dbpedia.org/resource/Minnesota_Twins, http://dbpedia.org/resource/Oakland_Athletics]"
"5","2","[http://dbpedia.org/resource/Boston_Red_Sox, http://dbpedia.org/resource/Colorado_Rockies, http://dbpedia.org/resource/Montreal_Expos]"
"6","2","[http://dbpedia.org/resource/Chicago_Cubs, http://dbpedia.org/resource/Kansas_City_Royals, http://dbpedia.org/resource/Milwaukee_Brewers, http://dbpedia.org/resource/Oakland_Athletics, http://dbpedia.org/resource/Pittsburgh_Pirates]"
"127","2","http://dbpedia.org/resource/Boston_Red_Sox"
"7","2","[http://dbpedia.org/resource/Chicago_White_Sox, http://dbpedia.org/resource/Los_Angeles_Dodgers, http://dbpedia.org/resource/Milwaukee_Brewers, http://dbpedia.org/resource/New_York_Mets, http://dbpedia.org/resource/San_Diego_Padres]"
"128","2","[http://dbpedia.org/resource/Boston_Red_Sox, http://dbpedia.org/resource/Minnesota_Twins]"
"8","2","[http://dbpedia.org/resource/Baltimore_Orioles, http://dbpedia.org/resource/Chicago_White_Sox, http://dbpedia.org/resource/Oakland_Athletics, http://dbpedia.org/resource/Tampa_Bay_Rays]"
"129","2","[http://dbpedia.org/resource/Baltimore_Orioles, http://dbpedia.org/resource/Cincinnati_Reds, http://dbpedia.org/resource/History_of_the_Philadelphia_Athletics, http://dbpedia.org/resource/New_York_Yankees]"
"9","2","http://dbpedia.org/resource/Colorado_Rockies"
"20","2","[http://dbpedia.org/resource/Detroit_Tigers, http://dbpedia.org/resource/Kansas_City_Royals, http://dbpedia.org/resource/New_York_Mets, http://dbpedia.org/resource/Philadelphia_Phillies, http://dbpedia.org/resource/St._Louis_Cardinals, http://dbpedia.org/resource/Los_Angeles_Angels_of_Anaheim]"
"21","2","[http://dbpedia.org/resource/Chicago_Cubs, http://dbpedia.org/resource/Detroit_Tigers, http://dbpedia.org/resource/Kansas_City_Royals, http://dbpedia.org/resource/Minnesota_Twins, http://dbpedia.org/resource/Montreal_Expos, http://dbpedia.org/resource/San_Diego_Padres, http://dbpedia.org/resource/New_York_Yankees]"
"22","2","[http://dbpedia.org/resource/Boston_Red_Sox, http://dbpedia.org/resource/Kansas_City_Royals, http://dbpedia.org/resource/Saitama_Seibu_Lions, http://dbpedia.org/resource/St._Louis_Cardinals]"
"23","2","[http://dbpedia.org/resource/Cleveland_Indians, http://dbpedia.org/resource/Detroit_Tigers]"
"24","2","[http://dbpedia.org/resource/Seattle_Mariners, http://dbpedia.org/resource/New_York_Yankees]"
"25","2","[http://dbpedia.org/resource/Arizona_Diamondbacks, http://dbpedia.org/resource/Chicago_Cubs]"
"26","2","[http://dbpedia.org/resource/Detroit_Tigers, http://dbpedia.org/resource/Houston_Astros, http://dbpedia.org/resource/San_Diego_Padres]"
"27","2","[http://dbpedia.org/resource/San_Diego_Padres, http://dbpedia.org/resource/St._Louis_Cardinals]"
"28","2","[http://dbpedia.org/resource/Cleveland_Indians, http://dbpedia.org/resource/Minnesota_Twins, http://dbpedia.org/resource/San_Diego_Padres, http://dbpedia.org/resource/Toronto_Blue_Jays, http://dbpedia.org/resource/Los_Angeles_Angels_of_Anaheim, http://dbpedia.org/resource/New_York_Yankees]"
"29","2","[http://dbpedia.org/resource/Milwaukee_Brewers, http://dbpedia.org/resource/Minnesota_Twins, http://dbpedia.org/resource/Toronto_Blue_Jays]"
"130","2","[http://dbpedia.org/resource/Cleveland_Indians, http://dbpedia.org/resource/Detroit_Tigers, http://dbpedia.org/resource/Kansas_City_Royals, http://dbpedia.org/resource/History_of_the_Oakland_Athletics, http://dbpedia.org/resource/New_York_Yankees]"
"131","2","[http://dbpedia.org/resource/Boston_Red_Sox, http://dbpedia.org/resource/Minnesota_Twins, http://dbpedia.org/resource/Pittsburgh_Pirates]"
"132","2","[http://dbpedia.org/resource/Boston_Red_Sox, http://dbpedia.org/resource/Cleveland_Indians, http://dbpedia.org/resource/History_of_the_Philadelphia_Athletics, http://dbpedia.org/resource/New_York_Yankees]"
"133","2","[http://dbpedia.org/resource/San_Francisco_Giants, http://dbpedia.org/resource/St._Louis_Cardinals, http://dbpedia.org/resource/New_York_Yankees]"
"134","2","http://dbpedia.org/resource/San_Francisco_Giants"
"135","2","[http://dbpedia.org/resource/Chicago_Cubs, http://dbpedia.org/resource/Cincinnati_Reds, http://dbpedia.org/resource/Houston_Astros, http://dbpedia.org/resource/Oakland_Athletics]"
"136","2","[http://dbpedia.org/resource/Los_Angeles_Dodgers, http://dbpedia.org/resource/Pittsburgh_Pirates]"
"137","2","http://dbpedia.org/resource/Detroit_Tigers"
"138","2","[http://dbpedia.org/resource/Cleveland_Indians, http://dbpedia.org/resource/Oakland_Athletics]"
"139","2","[http://dbpedia.org/resource/Boston_Red_Sox, http://dbpedia.org/resource/Cleveland_Indians, http://dbpedia.org/resource/San_Francisco_Giants]"
"30","2","http://dbpedia.org/resource/San_Francisco_Giants"
"31","2","http://dbpedia.org/resource/Kansas_City_Royals"
"32","2","[http://dbpedia.org/resource/Chicago_White_Sox, http://dbpedia.org/resource/Cincinnati_Reds, http://dbpedia.org/resource/Philadelphia_Phillies, http://dbpedia.org/resource/Pittsburgh_Pirates, http://dbpedia.org/resource/Texas_Rangers_(baseball)]"
"33","2","[http://dbpedia.org/resource/Kansas_City_Royals, http://dbpedia.org/resource/New_York_Mets, http://dbpedia.org/resource/San_Diego_Padres]"
"34","2","[http://dbpedia.org/resource/Baltimore_Orioles, http://dbpedia.org/resource/Cincinnati_Reds, http://dbpedia.org/resource/Detroit_Tigers, http://dbpedia.org/resource/Los_Angeles_Dodgers, http://dbpedia.org/resource/San_Francisco_Giants, http://dbpedia.org/resource/St._Louis_Cardinals]"
"35","2","[http://dbpedia.org/resource/Toronto_Blue_Jays, http://dbpedia.org/resource/Los_Angeles_Angels_of_Anaheim]"
"36","2","[http://dbpedia.org/resource/Boston_Red_Sox, http://dbpedia.org/resource/Hanshin_Tigers]"
"37","2","[http://dbpedia.org/resource/Chicago_Cubs, http://dbpedia.org/resource/Minnesota_Twins, http://dbpedia.org/resource/Montreal_Expos, http://dbpedia.org/resource/San_Francisco_Giants, http://dbpedia.org/resource/St._Louis_Cardinals]"
"38","2","http://dbpedia.org/resource/Milwaukee_Brewers"
"39","2","[http://dbpedia.org/resource/Atlanta_Braves, http://dbpedia.org/resource/Pittsburgh_Pirates]"
"140","2","http://dbpedia.org/resource/New_York_Yankees"
"141","2","http://dbpedia.org/resource/New_York_Yankees"
"142","2","[http://dbpedia.org/resource/Chicago_White_Sox, http://dbpedia.org/resource/Cincinnati_Reds, http://dbpedia.org/resource/Cleveland_Indians, http://dbpedia.org/resource/Detroit_Tigers, http://dbpedia.org/resource/Minnesota_Twins]"
"143","2","[http://dbpedia.org/resource/Los_Angeles_Dodgers, http://dbpedia.org/resource/San_Francisco_Giants]"
"144","2","[http://dbpedia.org/resource/Atlanta_Braves, http://dbpedia.org/resource/Los_Angeles_Dodgers, http://dbpedia.org/resource/San_Francisco_Giants, http://dbpedia.org/resource/St._Louis_Cardinals]"
"145","2","[http://dbpedia.org/resource/Baltimore_Orioles, http://dbpedia.org/resource/Boston_Red_Sox, http://dbpedia.org/resource/Chicago_White_Sox, http://dbpedia.org/resource/Cleveland_Indians]"
"146","2","http://dbpedia.org/resource/New_York_Yankees"
"147","2","[http://dbpedia.org/resource/Boston_Red_Sox, http://dbpedia.org/resource/Detroit_Tigers, http://dbpedia.org/resource/Minnesota_Twins, http://dbpedia.org/resource/Oakland_Athletics]"
"148","2","[http://dbpedia.org/resource/Chicago_Cubs, http://dbpedia.org/resource/Cincinnati_Reds, http://dbpedia.org/resource/Detroit_Tigers, http://dbpedia.org/resource/Los_Angeles_Dodgers, http://dbpedia.org/resource/Pittsburgh_Pirates]"
"149","2","[http://dbpedia.org/resource/Atlanta_Braves, http://dbpedia.org/resource/Cleveland_Indians, http://dbpedia.org/resource/Detroit_Tigers]"
"40","2","[http://dbpedia.org/resource/Baltimore_Orioles, http://dbpedia.org/resource/Chicago_White_Sox, http://dbpedia.org/resource/Miami_Marlins, http://dbpedia.org/resource/Montreal_Expos, http://dbpedia.org/resource/Oakland_Athletics, http://dbpedia.org/resource/Toronto_Blue_Jays, http://dbpedia.org/resource/New_York_Yankees]"
"41","2","[http://dbpedia.org/resource/Chicago_Cubs, http://dbpedia.org/resource/Cleveland_Indians, http://dbpedia.org/resource/Los_Angeles_Dodgers, http://dbpedia.org/resource/Milwaukee_Brewers, http://dbpedia.org/resource/San_Francisco_Giants, http://dbpedia.org/resource/Texas_Rangers_(baseball), http://dbpedia.org/resource/Toronto_Blue_Jays]"
"42","2","[http://dbpedia.org/resource/Boston_Red_Sox, http://dbpedia.org/resource/Chicago_Cubs, http://dbpedia.org/resource/Miami_Marlins, http://dbpedia.org/resource/Montreal_Expos]"
"43","2","http://dbpedia.org/resource/Minnesota_Twins"
"44","2","[http://dbpedia.org/resource/Chicago_White_Sox, http://dbpedia.org/resource/Detroit_Tigers, http://dbpedia.org/resource/New_York_Mets, http://dbpedia.org/resource/Oakland_Athletics, http://dbpedia.org/resource/Toronto_Blue_Jays, http://dbpedia.org/resource/Los_Angeles_Angels_of_Anaheim]"
"45","2","[http://dbpedia.org/resource/Boston_Red_Sox, http://dbpedia.org/resource/Houston_Astros, http://dbpedia.org/resource/St._Louis_Cardinals]"
"46","2","[http://dbpedia.org/resource/Atlanta_Braves, http://dbpedia.org/resource/Cleveland_Indians, http://dbpedia.org/resource/Texas_Rangers_(baseball)]"
"47","2","[http://dbpedia.org/resource/Cleveland_Indians, http://dbpedia.org/resource/New_York_Mets, http://dbpedia.org/resource/St._Louis_Cardinals]"
"48","2","[http://dbpedia.org/resource/Houston_Astros, http://dbpedia.org/resource/Los_Angeles_Dodgers, http://dbpedia.org/resource/Milwaukee_Brewers, http://dbpedia.org/resource/San_Francisco_Giants, http://dbpedia.org/resource/Seattle_Mariners]"
"49","2","[http://dbpedia.org/resource/Baltimore_Orioles, http://dbpedia.org/resource/Boston_Red_Sox]"
"150","2","[http://dbpedia.org/resource/Boston_Red_Sox, http://dbpedia.org/resource/Chicago_Cubs, http://dbpedia.org/resource/Oakland_Athletics, http://dbpedia.org/resource/Philadelphia_Phillies]"
"151","2","[http://dbpedia.org/resource/Boston_Red_Sox, http://dbpedia.org/resource/Detroit_Tigers, http://dbpedia.org/resource/History_of_the_Philadelphia_Athletics]"
"152","2","[http://dbpedia.org/resource/Detroit_Tigers, http://dbpedia.org/resource/Oakland_Athletics]"
"153","2","[http://dbpedia.org/resource/Los_Angeles_Dodgers, http://dbpedia.org/resource/Pittsburgh_Pirates]"
"154","2","[http://dbpedia.org/resource/Chicago_Cubs, http://dbpedia.org/resource/Philadelphia_Phillies, http://dbpedia.org/resource/Pittsburgh_Pirates]"
"155","2","http://dbpedia.org/resource/St._Louis_Cardinals"
"156","2","[http://dbpedia.org/resource/Detroit_Tigers, http://dbpedia.org/resource/Oakland_Athletics]"
"157","2","[http://dbpedia.org/resource/Chicago_Cubs, http://dbpedia.org/resource/San_Francisco_Giants, http://dbpedia.org/resource/History_of_the_Brooklyn_Dodgers, http://dbpedia.org/resource/New_York_Yankees]"
"158","2","[http://dbpedia.org/resource/Chicago_Cubs, http://dbpedia.org/resource/Cincinnati_Reds, http://dbpedia.org/resource/Detroit_Tigers, http://dbpedia.org/resource/Los_Angeles_Dodgers, http://dbpedia.org/resource/Pittsburgh_Pirates]"
"159","2","[http://dbpedia.org/resource/Chicago_Cubs, http://dbpedia.org/resource/Philadelphia_Phillies, http://dbpedia.org/resource/Pittsburgh_Pirates]"
"50","2","[http://dbpedia.org/resource/Boston_Red_Sox, http://dbpedia.org/resource/Oakland_Athletics, http://dbpedia.org/resource/San_Francisco_Giants, http://dbpedia.org/resource/St._Louis_Cardinals]"
"51","2","[http://dbpedia.org/resource/Boston_Red_Sox, http://dbpedia.org/resource/Chicago_White_Sox]"
"52","2","http://dbpedia.org/resource/Baltimore_Orioles"
"53","2","http://dbpedia.org/resource/Kansas_City_Royals"
"54","2","[http://dbpedia.org/resource/Milwaukee_Brewers, http://dbpedia.org/resource/Toronto_Blue_Jays]"
"55","2","[http://dbpedia.org/resource/Detroit_Tigers, http://dbpedia.org/resource/Minnesota_Twins, http://dbpedia.org/resource/Texas_Rangers_(baseball), http://dbpedia.org/resource/New_York_Yankees]"
"56","2","[http://dbpedia.org/resource/Boston_Red_Sox, http://dbpedia.org/resource/Houston_Astros, http://dbpedia.org/resource/Philadelphia_Phillies, http://dbpedia.org/resource/Pittsburgh_Pirates, http://dbpedia.org/resource/Los_Angeles_Angels_of_Anaheim, http://dbpedia.org/resource/New_York_Yankees, http://dbpedia.org/resource/Hokkaido_Nippon-Ham_Fighters]"
"57","2","[http://dbpedia.org/resource/Baltimore_Orioles, http://dbpedia.org/resource/Boston_Red_Sox, http://dbpedia.org/resource/Detroit_Tigers, http://dbpedia.org/resource/San_Diego_Padres, http://dbpedia.org/resource/Los_Angeles_Angels_of_Anaheim]"
"58","2","[http://dbpedia.org/resource/Chicago_Cubs, http://dbpedia.org/resource/Detroit_Tigers, http://dbpedia.org/resource/Los_Angeles_Dodgers, http://dbpedia.org/resource/Philadelphia_Phillies, http://dbpedia.org/resource/San_Francisco_Giants, http://dbpedia.org/resource/St._Louis_Cardinals, http://dbpedia.org/resource/New_York_Yankees]"
"59","2","http://dbpedia.org/resource/Kansas_City_Royals"
"160","2","[http://dbpedia.org/resource/Chicago_Cubs, http://dbpedia.org/resource/Cincinnati_Reds, http://dbpedia.org/resource/Detroit_Tigers, http://dbpedia.org/resource/Los_Angeles_Dodgers, http://dbpedia.org/resource/Pittsburgh_Pirates]"
"161","2","[http://dbpedia.org/resource/Cincinnati_Reds, http://dbpedia.org/resource/St._Louis_Cardinals]"
"162","2","[http://dbpedia.org/resource/Chicago_Cubs, http://dbpedia.org/resource/Los_Angeles_Dodgers, http://dbpedia.org/resource/Philadelphia_Phillies, http://dbpedia.org/resource/San_Francisco_Giants]"
"163","2","[http://dbpedia.org/resource/Chicago_Cubs, http://dbpedia.org/resource/Los_Angeles_Dodgers, http://dbpedia.org/resource/Pittsburgh_Pirates, http://dbpedia.org/resource/San_Francisco_Giants]"
"164","2","[http://dbpedia.org/resource/Boston_Red_Sox, http://dbpedia.org/resource/Minnesota_Twins, http://dbpedia.org/resource/Pittsburgh_Pirates]"
"165","2","[http://dbpedia.org/resource/Baltimore_Orioles, http://dbpedia.org/resource/Boston_Red_Sox]"
"166","2","http://dbpedia.org/resource/San_Francisco_Giants"
"167","2","[http://dbpedia.org/resource/Cincinnati_Reds, http://dbpedia.org/resource/New_York_Yankees]"
"168","2","http://dbpedia.org/resource/San_Francisco_Giants"
"169","2","[http://dbpedia.org/resource/Chicago_Cubs, http://dbpedia.org/resource/Philadelphia_Phillies]"
"60","2","[http://dbpedia.org/resource/Atlanta_Braves, http://dbpedia.org/resource/Boston_Red_Sox, http://dbpedia.org/resource/Houston_Astros, http://dbpedia.org/resource/New_York_Yankees]"
"61","2","[http://dbpedia.org/resource/Baltimore_Orioles, http://dbpedia.org/resource/Minnesota_Twins, http://dbpedia.org/resource/Los_Angeles_Angels_of_Anaheim]"
"62","2","http://dbpedia.org/resource/Kansas_City_Royals"
"63","2","[http://dbpedia.org/resource/Minnesota_Twins, http://dbpedia.org/resource/New_York_Mets, http://dbpedia.org/resource/Texas_Rangers_(baseball)]"
"64","2","[http://dbpedia.org/resource/Chicago_Cubs, http://dbpedia.org/resource/Minnesota_Twins, http://dbpedia.org/resource/Montreal_Expos, http://dbpedia.org/resource/San_Francisco_Giants, http://dbpedia.org/resource/St._Louis_Cardinals]"
"65","2","[http://dbpedia.org/resource/Chicago_Cubs, http://dbpedia.org/resource/Cleveland_Indians, http://dbpedia.org/resource/Montreal_Expos]"
"66","2","[http://dbpedia.org/resource/Boston_Red_Sox, http://dbpedia.org/resource/Chicago_White_Sox, http://dbpedia.org/resource/Cleveland_Indians]"
"67","2","[http://dbpedia.org/resource/Houston_Astros, http://dbpedia.org/resource/Kansas_City_Royals, http://dbpedia.org/resource/Toronto_Blue_Jays, http://dbpedia.org/resource/New_York_Yankees]"
"68","2","[http://dbpedia.org/resource/Atlanta_Braves, http://dbpedia.org/resource/Boston_Red_Sox, http://dbpedia.org/resource/Houston_Astros, http://dbpedia.org/resource/New_York_Yankees]"
"69","2","[http://dbpedia.org/resource/Milwaukee_Brewers, http://dbpedia.org/resource/Oakland_Athletics, http://dbpedia.org/resource/Seattle_Pilots, http://dbpedia.org/resource/New_York_Yankees]"
"170","2","[http://dbpedia.org/resource/Baltimore_Orioles, http://dbpedia.org/resource/Cincinnati_Reds, http://dbpedia.org/resource/St._Louis_Cardinals]"
"171","2","[http://dbpedia.org/resource/Boston_Red_Sox, http://dbpedia.org/resource/Chicago_White_Sox, http://dbpedia.org/resource/Detroit_Tigers]"
"172","2","[http://dbpedia.org/resource/Boston_Red_Sox, http://dbpedia.org/resource/Minnesota_Twins, http://dbpedia.org/resource/New_York_Yankees]"
"173","2","[http://dbpedia.org/resource/Los_Angeles_Dodgers, http://dbpedia.org/resource/Pittsburgh_Pirates]"
"174","2","[http://dbpedia.org/resource/Chicago_Cubs, http://dbpedia.org/resource/Cincinnati_Reds, http://dbpedia.org/resource/Los_Angeles_Dodgers, http://dbpedia.org/resource/Pittsburgh_Pirates]"
"175","2","[http://dbpedia.org/resource/Baltimore_Orioles, http://dbpedia.org/resource/Detroit_Tigers, http://dbpedia.org/resource/Minnesota_Twins]"
"176","2","[http://dbpedia.org/resource/Baltimore_Orioles, http://dbpedia.org/resource/Boston_Red_Sox, http://dbpedia.org/resource/Cleveland_Indians, http://dbpedia.org/resource/Detroit_Tigers, http://dbpedia.org/resource/History_of_the_Philadelphia_Athletics]"
"177","2","http://dbpedia.org/resource/Pittsburgh_Pirates"
"178","2","[http://dbpedia.org/resource/Cincinnati_Reds, http://dbpedia.org/resource/New_York_Yankees]"
"179","2","[http://dbpedia.org/resource/Chicago_White_Sox, http://dbpedia.org/resource/San_Francisco_Giants]"
"70","2","[http://dbpedia.org/resource/Cincinnati_Reds, http://dbpedia.org/resource/Houston_Astros, http://dbpedia.org/resource/Los_Angeles_Dodgers, http://dbpedia.org/resource/St._Louis_Cardinals]"
"71","2","[http://dbpedia.org/resource/Minnesota_Twins, http://dbpedia.org/resource/Los_Angeles_Angels_of_Anaheim]"
"72","2","[http://dbpedia.org/resource/New_York_Mets, http://dbpedia.org/resource/San_Diego_Padres, http://dbpedia.org/resource/San_Francisco_Giants, http://dbpedia.org/resource/St._Louis_Cardinals, http://dbpedia.org/resource/Washington_Nationals]"
"73","2","[http://dbpedia.org/resource/Milwaukee_Brewers, http://dbpedia.org/resource/Minnesota_Twins, http://dbpedia.org/resource/Philadelphia_Phillies]"
"74","2","[http://dbpedia.org/resource/Montreal_Expos, http://dbpedia.org/resource/New_York_Mets, http://dbpedia.org/resource/Pittsburgh_Pirates, http://dbpedia.org/resource/San_Francisco_Giants, http://dbpedia.org/resource/Los_Angeles_Angels_of_Anaheim, http://dbpedia.org/resource/New_York_Yankees]"
"75","2","[http://dbpedia.org/resource/Chicago_Cubs, http://dbpedia.org/resource/St._Louis_Cardinals]"
"76","2","[http://dbpedia.org/resource/Chicago_White_Sox, http://dbpedia.org/resource/Pittsburgh_Pirates, http://dbpedia.org/resource/Seattle_Mariners, http://dbpedia.org/resource/Texas_Rangers_(baseball)]"
"77","2","[http://dbpedia.org/resource/Atlanta_Braves, http://dbpedia.org/resource/Los_Angeles_Dodgers, http://dbpedia.org/resource/New_York_Mets, http://dbpedia.org/resource/St._Louis_Cardinals, http://dbpedia.org/resource/New_York_Yankees]"
"78","2","[http://dbpedia.org/resource/Minnesota_Twins, http://dbpedia.org/resource/Oakland_Athletics, http://dbpedia.org/resource/Philadelphia_Phillies, http://dbpedia.org/resource/Texas_Rangers_(baseball), http://dbpedia.org/resource/New_York_Yankees]"
"79","2","[http://dbpedia.org/resource/Chicago_Cubs, http://dbpedia.org/resource/San_Francisco_Giants, http://dbpedia.org/resource/New_York_Yankees]"
"180","2","[http://dbpedia.org/resource/Atlanta_Braves, http://dbpedia.org/resource/Chicago_Cubs, http://dbpedia.org/resource/Chicago_White_Sox, http://dbpedia.org/resource/Los_Angeles_Dodgers, http://dbpedia.org/resource/San_Francisco_Giants]"
"181","2","http://dbpedia.org/resource/San_Francisco_Giants"
"182","2","[http://dbpedia.org/resource/Chicago_Cubs, http://dbpedia.org/resource/Pittsburgh_Pirates, http://dbpedia.org/resource/San_Francisco_Giants]"
"183","2","[http://dbpedia.org/resource/Atlanta_Braves, http://dbpedia.org/resource/Baltimore_Orioles, http://dbpedia.org/resource/Minnesota_Twins]"
"184","2","[http://dbpedia.org/resource/Philadelphia_Phillies, http://dbpedia.org/resource/History_of_the_Brooklyn_Dodgers, http://dbpedia.org/resource/History_of_the_New_York_Giants_(NL), http://dbpedia.org/resource/History_of_the_Boston_Braves]"
"185","2","[http://dbpedia.org/resource/Cincinnati_Reds, http://dbpedia.org/resource/New_York_Yankees]"
"186","2","[http://dbpedia.org/resource/Boston_Red_Sox, http://dbpedia.org/resource/Detroit_Tigers, http://dbpedia.org/resource/Minnesota_Twins, http://dbpedia.org/resource/New_York_Yankees]"
"187","2","[http://dbpedia.org/resource/Cincinnati_Reds, http://dbpedia.org/resource/Philadelphia_Phillies, http://dbpedia.org/resource/San_Francisco_Giants]"
"188","2","[http://dbpedia.org/resource/Atlanta_Braves, http://dbpedia.org/resource/Baltimore_Orioles, http://dbpedia.org/resource/Minnesota_Twins]"
"189","2","[http://dbpedia.org/resource/Chicago_Cubs, http://dbpedia.org/resource/Cincinnati_Reds, http://dbpedia.org/resource/Philadelphia_Phillies, http://dbpedia.org/resource/St._Louis_Cardinals]"
"80","2","[http://dbpedia.org/resource/Cincinnati_Reds, http://dbpedia.org/resource/Houston_Astros, http://dbpedia.org/resource/Los_Angeles_Dodgers, http://dbpedia.org/resource/St._Louis_Cardinals]"
"81","2","[http://dbpedia.org/resource/Chicago_Cubs, http://dbpedia.org/resource/New_York_Mets, http://dbpedia.org/resource/Oakland_Athletics, http://dbpedia.org/resource/San_Diego_Padres, http://dbpedia.org/resource/San_Francisco_Giants, http://dbpedia.org/resource/Los_Angeles_Angels_of_Anaheim, http://dbpedia.org/resource/New_York_Yankees]"
"82","2","[http://dbpedia.org/resource/Kansas_City_Royals, http://dbpedia.org/resource/Pittsburgh_Pirates, http://dbpedia.org/resource/Los_Angeles_Angels_of_Anaheim]"
"83","2","[http://dbpedia.org/resource/San_Francisco_Giants, http://dbpedia.org/resource/New_York_Yankees]"
"84","2","[http://dbpedia.org/resource/Chicago_White_Sox, http://dbpedia.org/resource/Cleveland_Indians, http://dbpedia.org/resource/Houston_Astros, http://dbpedia.org/resource/New_York_Mets, http://dbpedia.org/resource/St._Louis_Cardinals]"
"85","2","[http://dbpedia.org/resource/Boston_Red_Sox, http://dbpedia.org/resource/Cleveland_Indians]"
"86","2","[http://dbpedia.org/resource/Milwaukee_Brewers, http://dbpedia.org/resource/Minnesota_Twins, http://dbpedia.org/resource/Los_Angeles_Angels_of_Anaheim]"
"87","2","[http://dbpedia.org/resource/Los_Angeles_Dodgers, http://dbpedia.org/resource/Fukuoka_SoftBank_Hawks]"
"88","2","[http://dbpedia.org/resource/Chicago_White_Sox, http://dbpedia.org/resource/New_York_Mets, http://dbpedia.org/resource/Philadelphia_Phillies, http://dbpedia.org/resource/Pittsburgh_Pirates, http://dbpedia.org/resource/Texas_Rangers_(baseball), http://dbpedia.org/resource/Toronto_Blue_Jays, http://dbpedia.org/resource/Los_Angeles_Angels_of_Anaheim]"
"89","2","[http://dbpedia.org/resource/Chicago_Cubs, http://dbpedia.org/resource/Minnesota_Twins, http://dbpedia.org/resource/San_Diego_Padres, http://dbpedia.org/resource/San_Francisco_Giants]"
"190","2","[http://dbpedia.org/resource/Cincinnati_Reds, http://dbpedia.org/resource/Pittsburgh_Pirates, http://dbpedia.org/resource/San_Francisco_Giants]"
"191","2","[http://dbpedia.org/resource/Pittsburgh_Pirates, http://dbpedia.org/resource/Louisville_Colonels]"
"192","2","[http://dbpedia.org/resource/Cincinnati_Reds, http://dbpedia.org/resource/New_York_Yankees]"
"193","2","[http://dbpedia.org/resource/Atlanta_Braves, http://dbpedia.org/resource/Los_Angeles_Dodgers, http://dbpedia.org/resource/San_Francisco_Giants]"
"194","2","[http://dbpedia.org/resource/Boston_Red_Sox, http://dbpedia.org/resource/Cleveland_Indians, http://dbpedia.org/resource/Minnesota_Twins, http://dbpedia.org/resource/History_of_the_Oakland_Athletics]"
"195","2","[http://dbpedia.org/resource/Chicago_Cubs, http://dbpedia.org/resource/Cincinnati_Reds, http://dbpedia.org/resource/Minnesota_Twins, http://dbpedia.org/resource/Pittsburgh_Pirates]"
"196","2","http://dbpedia.org/resource/Cleveland_Indians"
"197","2","[http://dbpedia.org/resource/Atlanta_Braves, http://dbpedia.org/resource/Chicago_Cubs, http://dbpedia.org/resource/Los_Angeles_Dodgers, http://dbpedia.org/resource/Buffalo_Blues]"
"198","2","[http://dbpedia.org/resource/Oakland_Athletics, http://dbpedia.org/resource/San_Francisco_Giants, http://dbpedia.org/resource/Brooklyn_Tip-Tops]"
"199","2","[http://dbpedia.org/resource/Pittsburgh_Pirates, http://dbpedia.org/resource/St._Louis_Cardinals]"
"90","2","[http://dbpedia.org/resource/Chicago_Cubs, http://dbpedia.org/resource/Oakland_Athletics]"
"91","2","http://dbpedia.org/resource/Boston_Red_Sox"
"92","2","[http://dbpedia.org/resource/Chicago_White_Sox, http://dbpedia.org/resource/New_York_Mets, http://dbpedia.org/resource/Philadelphia_Phillies, http://dbpedia.org/resource/Pittsburgh_Pirates, http://dbpedia.org/resource/Texas_Rangers_(baseball), http://dbpedia.org/resource/Toronto_Blue_Jays, http://dbpedia.org/resource/Los_Angeles_Angels_of_Anaheim]"
"93","2","http://dbpedia.org/resource/Pittsburgh_Pirates"
"94","2","[http://dbpedia.org/resource/Chicago_White_Sox, http://dbpedia.org/resource/Los_Angeles_Dodgers, http://dbpedia.org/resource/New_York_Mets, http://dbpedia.org/resource/St._Louis_Cardinals]"
"96","2","[http://dbpedia.org/resource/Chicago_Cubs, http://dbpedia.org/resource/Los_Angeles_Dodgers, http://dbpedia.org/resource/New_York_Mets, http://dbpedia.org/resource/St._Louis_Cardinals]"
"97","2","[http://dbpedia.org/resource/Chicago_Cubs, http://dbpedia.org/resource/Chicago_White_Sox, http://dbpedia.org/resource/Philadelphia_Phillies, http://dbpedia.org/resource/New_York_Yankees]"
"98","2","[http://dbpedia.org/resource/Boston_Red_Sox, http://dbpedia.org/resource/Cleveland_Indians, http://dbpedia.org/resource/Oakland_Athletics, http://dbpedia.org/resource/Los_Angeles_Angels_of_Anaheim, http://dbpedia.org/resource/New_York_Yankees]"
"99","2","[http://dbpedia.org/resource/Chicago_White_Sox, http://dbpedia.org/resource/Los_Angeles_Dodgers, http://dbpedia.org/resource/New_York_Mets, http://dbpedia.org/resource/St._Louis_Cardinals]"
"200","2","[http://dbpedia.org/resource/Atlanta_Braves, http://dbpedia.org/resource/Chicago_Cubs, http://dbpedia.org/resource/Minnesota_Twins, http://dbpedia.org/resource/Pittsburgh_Pirates]"
"201","2","http://dbpedia.org/resource/Kansas_City_Cowboys_(American_Association)"
"202","2","[http://dbpedia.org/resource/Chicago_Cubs, http://dbpedia.org/resource/Chicago_White_Sox, http://dbpedia.org/resource/Philadelphia_Phillies, http://dbpedia.org/resource/San_Francisco_Giants, http://dbpedia.org/resource/St._Louis_Cardinals]"
"203","2","[http://dbpedia.org/resource/Atlanta_Braves, http://dbpedia.org/resource/Detroit_Tigers, http://dbpedia.org/resource/Philadelphia_Phillies, http://dbpedia.org/resource/Pittsburgh_Pirates, http://dbpedia.org/resource/St._Louis_Cardinals]"
"206","2","[http://dbpedia.org/resource/Atlanta_Braves, http://dbpedia.org/resource/Boston_Red_Sox, http://dbpedia.org/resource/Washington_Senators_(1891%E2%80%9399)]"
"207","2","[http://dbpedia.org/resource/Pittsburgh_Pirates, http://dbpedia.org/resource/Louisville_Colonels]"
"208","2","[http://dbpedia.org/resource/Cleveland_Indians, http://dbpedia.org/resource/Oakland_Athletics, http://dbpedia.org/resource/Philadelphia_Phillies, http://dbpedia.org/resource/1900_in_baseball, http://dbpedia.org/resource/1909_Major_League_Baseball_season, http://dbpedia.org/resource/1902_Major_League_Baseball_season, http://dbpedia.org/resource/1914_Major_League_Baseball_season, http://dbpedia.org/resource/1916_Major_League_Baseball_season]"
"209","2","[http://dbpedia.org/resource/Pittsburgh_Pirates, http://dbpedia.org/resource/Louisville_Colonels]"
"210","2","[http://dbpedia.org/resource/Cleveland_Indians, http://dbpedia.org/resource/Oakland_Athletics, http://dbpedia.org/resource/Pittsburgh_Pirates, http://dbpedia.org/resource/San_Francisco_Giants, http://dbpedia.org/resource/Louisville_Colonels, http://dbpedia.org/resource/Washington_Senators_(1891%E2%80%9399)]"
"211","2","[http://dbpedia.org/resource/Los_Angeles_Dodgers, http://dbpedia.org/resource/San_Francisco_Giants, http://dbpedia.org/resource/Washington_Senators_(1891%E2%80%9399), http://dbpedia.org/resource/Boston_Reds_(1890%E2%80%9391), http://dbpedia.org/resource/Brooklyn_Ward's_Wonders]"
"212","2","[http://dbpedia.org/resource/Atlanta_Braves, http://dbpedia.org/resource/Detroit_Tigers, http://dbpedia.org/resource/Philadelphia_Phillies, http://dbpedia.org/resource/Kansas_City_Cowboys_(American_Association), http://dbpedia.org/resource/New_York_Yankees]"
"213","2","[http://dbpedia.org/resource/St._Louis_Cardinals, http://dbpedia.org/resource/Washington_Senators_(1891%E2%80%9399)]"
"214","2","[http://dbpedia.org/resource/Boston_Red_Sox, http://dbpedia.org/resource/Philadelphia_Phillies, http://dbpedia.org/resource/St._Louis_Cardinals, http://dbpedia.org/resource/Cleveland_Spiders, http://dbpedia.org/resource/Washington_Senators_(1891%E2%80%9399), http://dbpedia.org/resource/Boston_Reds_(1890%E2%80%9391)]"
"215","2","[http://dbpedia.org/resource/Chicago_Cubs, http://dbpedia.org/resource/Cincinnati_Reds, http://dbpedia.org/resource/St._Louis_Cardinals]"
"216","2","[http://dbpedia.org/resource/Detroit_Tigers, http://dbpedia.org/resource/Philadelphia_Phillies, http://dbpedia.org/resource/Detroit_Wolverines]"
"217","2","[http://dbpedia.org/resource/Louisville_Colonels, http://dbpedia.org/resource/Washington_Senators_(1891%E2%80%9399)]"
"218","2","[http://dbpedia.org/resource/Los_Angeles_Dodgers, http://dbpedia.org/resource/Minnesota_Twins, http://dbpedia.org/resource/Oakland_Athletics, http://dbpedia.org/resource/Philadelphia_Phillies, http://dbpedia.org/resource/Louisville_Colonels, http://dbpedia.org/resource/Philadelphia_Athletics_(1890%E2%80%9391), http://dbpedia.org/resource/St._Louis_Cardinals, http://dbpedia.org/resource/Philadelphia_Athletics_(American_Association), http://dbpedia.org/resource/Cleveland_Spiders]"
"219","2","[http://dbpedia.org/resource/Chicago_Cubs, http://dbpedia.org/resource/Minnesota_Twins, http://dbpedia.org/resource/Chicago_Pirates]"
"220","2","[http://dbpedia.org/resource/Cincinnati_Reds, http://dbpedia.org/resource/Cincinnati_Reds_(1876%E2%80%9380)]"
"221","2","[http://dbpedia.org/resource/Chicago_Cubs, http://dbpedia.org/resource/Pittsburgh_Pirates]"
"100","2","[http://dbpedia.org/resource/Philadelphia_Phillies, http://dbpedia.org/resource/San_Francisco_Giants, http://dbpedia.org/resource/St._Louis_Cardinals]"
"101","2","http://dbpedia.org/resource/Baltimore_Orioles"
"222","2","[http://dbpedia.org/resource/Detroit_Wolverines, http://dbpedia.org/resource/Louisville_Colonels, http://dbpedia.org/resource/Buffalo_Bisons, http://dbpedia.org/resource/Cleveland_Spiders, http://dbpedia.org/resource/Cleveland_Infants, http://dbpedia.org/resource/Columbus_Solons, http://dbpedia.org/resource/Washington_Senators_(1891%E2%80%9399)]"
"223","2","[http://dbpedia.org/resource/Pittsburgh_Pirates, http://dbpedia.org/resource/San_Francisco_Giants, http://dbpedia.org/resource/Louisville_Colonels, http://dbpedia.org/resource/Cleveland_Blues_(NL), http://dbpedia.org/resource/St._Louis_Cardinals, http://dbpedia.org/resource/Cincinnati_Outlaw_Reds, http://dbpedia.org/resource/St._Louis_Maroons_/_Indianapolis_Hoosiers, http://dbpedia.org/resource/Washington_Senators_(1891%E2%80%9399)]"
"102","2","[http://dbpedia.org/resource/Baltimore_Orioles, http://dbpedia.org/resource/Cincinnati_Reds, http://dbpedia.org/resource/Cleveland_Indians, http://dbpedia.org/resource/Los_Angeles_Dodgers, http://dbpedia.org/resource/Milwaukee_Brewers, http://dbpedia.org/resource/Montreal_Expos, http://dbpedia.org/resource/San_Francisco_Giants, http://dbpedia.org/resource/Washington_Nationals, http://dbpedia.org/resource/Los_Angeles_Angels_of_Anaheim]"
"224","2","http://dbpedia.org/resource/San_Francisco_Giants"
"103","2","http://dbpedia.org/resource/New_York_Yankees"
"225","2","[http://dbpedia.org/resource/Chicago_Cubs, http://dbpedia.org/resource/Minnesota_Twins, http://dbpedia.org/resource/Chicago_Pirates]"
"104","2","[http://dbpedia.org/resource/Chicago_Cubs, http://dbpedia.org/resource/Cincinnati_Reds, http://dbpedia.org/resource/Los_Angeles_Dodgers, http://dbpedia.org/resource/Philadelphia_Phillies, http://dbpedia.org/resource/Pittsburgh_Pirates, http://dbpedia.org/resource/Orix_Buffaloes]"
"105","2","[http://dbpedia.org/resource/Chicago_White_Sox, http://dbpedia.org/resource/San_Francisco_Giants]"
"226","2","[http://dbpedia.org/resource/Pittsburgh_Pirates, http://dbpedia.org/resource/Columbus_Buckeyes_(AA), http://dbpedia.org/resource/Pittsburgh_Burghers]"
"106","2","[http://dbpedia.org/resource/Chicago_White_Sox, http://dbpedia.org/resource/Cleveland_Indians, http://dbpedia.org/resource/Detroit_Tigers, http://dbpedia.org/resource/Chunichi_Dragons, http://dbpedia.org/resource/Newark_Eagles]"
"227","2","[http://dbpedia.org/resource/Pittsburgh_Pirates, http://dbpedia.org/resource/Detroit_Wolverines, http://dbpedia.org/resource/Buffalo_Bisons_(NL), http://dbpedia.org/resource/Buffalo_Bisons_(PL)]"
"107","2","[http://dbpedia.org/resource/Atlanta_Braves, http://dbpedia.org/resource/Cincinnati_Reds, http://dbpedia.org/resource/New_York_Mets, http://dbpedia.org/resource/Pittsburgh_Pirates]"
"228","2","[http://dbpedia.org/resource/Pittsburgh_Pirates, http://dbpedia.org/resource/Detroit_Wolverines, http://dbpedia.org/resource/Cleveland_Blues_(NL), http://dbpedia.org/resource/New_York_Giants_(PL), http://dbpedia.org/resource/St._Louis_Maroons_/_Indianapolis_Hoosiers, http://dbpedia.org/resource/Washington_Senators_(1891%E2%80%9399)]"
"229","2","[http://dbpedia.org/resource/Detroit_Wolverines, http://dbpedia.org/resource/Kansas_City_Cowboys_(National_League), http://dbpedia.org/resource/Syracuse_Stars_(American_Association), http://dbpedia.org/resource/Cincinnati_Outlaw_Reds, http://dbpedia.org/resource/Washington_Senators_(1891%E2%80%9399)]"
"108","2","[http://dbpedia.org/resource/Baltimore_Orioles, http://dbpedia.org/resource/Boston_Red_Sox, http://dbpedia.org/resource/Cleveland_Indians, http://dbpedia.org/resource/Detroit_Tigers, http://dbpedia.org/resource/San_Francisco_Giants]"
"109","2","[http://dbpedia.org/resource/Cleveland_Indians, http://dbpedia.org/resource/Los_Angeles_Dodgers, http://dbpedia.org/resource/Minnesota_Twins, http://dbpedia.org/resource/Oakland_Athletics, http://dbpedia.org/resource/Philadelphia_Phillies, http://dbpedia.org/resource/New_York_Yankees]"
