"44","2","[http://dbpedia.org/resource/Microsoft_Windows, http://dbpedia.org/resource/PlayStation_3, http://dbpedia.org/resource/Cloud_computing, http://dbpedia.org/resource/Xbox_360]"
"22","2","[http://dbpedia.org/resource/Microsoft_Windows, http://dbpedia.org/resource/OS_X, http://dbpedia.org/resource/PlayStation_3, http://dbpedia.org/resource/IOS, http://dbpedia.org/resource/Xbox_(console), http://dbpedia.org/resource/Xbox_360, http://dbpedia.org/resource/Windows_Phone, http://dbpedia.org/resource/Android_(operating_system), http://dbpedia.org/resource/Amazon_Kindle, http://dbpedia.org/resource/PlayStation_2]"
"23","2","http://dbpedia.org/resource/Microsoft_Windows"
"24","2","[http://dbpedia.org/resource/Microsoft_Windows, http://dbpedia.org/resource/Wii, http://dbpedia.org/resource/Xbox_360, http://dbpedia.org/resource/PlayStation_2]"
"25","2","[http://dbpedia.org/resource/Microsoft_Windows, http://dbpedia.org/resource/PlayStation_3, http://dbpedia.org/resource/Mobile_phone, http://dbpedia.org/resource/Xbox_360]"
"26","2","[http://dbpedia.org/resource/Microsoft_Windows, http://dbpedia.org/resource/PlayStation_3, http://dbpedia.org/resource/Xbox_(console), http://dbpedia.org/resource/Xbox_360, http://dbpedia.org/resource/PlayStation_2, http://dbpedia.org/resource/OnLive]"
"27","2","[http://dbpedia.org/resource/Nintendo_DS, http://dbpedia.org/resource/PlayStation_Portable]"
"28","2","http://dbpedia.org/resource/Microsoft_Windows"
"29","2","http://dbpedia.org/resource/PlayStation_3"
"30","2","http://dbpedia.org/resource/Microsoft_Windows"
"31","2","http://dbpedia.org/resource/PlayStation_2"
"32","2","[http://dbpedia.org/resource/Microsoft_Windows, http://dbpedia.org/resource/OS_X, http://dbpedia.org/resource/PlayStation_3, http://dbpedia.org/resource/Cloud_computing, http://dbpedia.org/resource/Xbox_360]"
"10","2","[http://dbpedia.org/resource/Game_com, http://dbpedia.org/resource/Microsoft_Windows, http://dbpedia.org/resource/Nintendo_64, http://dbpedia.org/resource/OS_X, http://dbpedia.org/resource/PlayStation_(console), http://dbpedia.org/resource/PlayStation_3, http://dbpedia.org/resource/Sega_Saturn, http://dbpedia.org/resource/Sega_Genesis, http://dbpedia.org/resource/PlayStation_Vita, http://dbpedia.org/resource/Linux, http://dbpedia.org/resource/Xbox_Live_Arcade, http://dbpedia.org/resource/IOS, http://dbpedia.org/resource/MS-DOS, http://dbpedia.org/resource/Mac_OS, http://dbpedia.org/resource/Android_(operating_system)]"
"33","2","[http://dbpedia.org/resource/Microsoft_Windows, http://dbpedia.org/resource/PlayStation_3, http://dbpedia.org/resource/Xbox_360]"
"11","2","[http://dbpedia.org/resource/PlayStation_(console), http://dbpedia.org/resource/Sega_Saturn, http://dbpedia.org/resource/N-Gage_(device), http://dbpedia.org/resource/IOS, http://dbpedia.org/resource/MS-DOS]"
"12","2","[http://dbpedia.org/resource/Game_Boy_Color, http://dbpedia.org/resource/Microsoft_Windows, http://dbpedia.org/resource/Nintendo_64, http://dbpedia.org/resource/PlayStation_(console), http://dbpedia.org/resource/IOS, http://dbpedia.org/resource/MS-DOS, http://dbpedia.org/resource/Mac_OS, http://dbpedia.org/resource/Android_(operating_system)]"
"34","2","http://dbpedia.org/resource/Wii"
"13","2","[http://dbpedia.org/resource/Microsoft_Windows, http://dbpedia.org/resource/Linux, http://dbpedia.org/resource/Mac_OS]"
"35","2","http://dbpedia.org/resource/Microsoft_Windows"
"37","2","http://dbpedia.org/resource/Wii"
"15","2","[http://dbpedia.org/resource/Microsoft_Windows, http://dbpedia.org/resource/Linux]"
"16","2","http://dbpedia.org/resource/Microsoft_Windows"
"38","2","[http://dbpedia.org/resource/Microsoft_Windows, http://dbpedia.org/resource/PlayStation_3, http://dbpedia.org/resource/Xbox_360]"
"39","2","[http://dbpedia.org/resource/Microsoft_Windows, http://dbpedia.org/resource/PlayStation_3, http://dbpedia.org/resource/Xbox_360]"
"17","2","[http://dbpedia.org/resource/Microsoft_Windows, http://dbpedia.org/resource/Xbox_(console), http://dbpedia.org/resource/PlayStation_2]"
"18","2","[http://dbpedia.org/resource/Microsoft_Windows, http://dbpedia.org/resource/OS_X, http://dbpedia.org/resource/Linux]"
"19","2","[http://dbpedia.org/resource/Microsoft_Windows, http://dbpedia.org/resource/PlayStation_3, http://dbpedia.org/resource/Xbox_(console), http://dbpedia.org/resource/PlayStation_2]"
"1","2","http://dbpedia.org/resource/Arcade_game"
"2","2","http://dbpedia.org/resource/Arcade_game"
"3","2","http://dbpedia.org/resource/Atari_2600"
"5","2","[http://dbpedia.org/resource/TurboGrafx-16, http://dbpedia.org/resource/Nintendo_DS, http://dbpedia.org/resource/MSX, http://dbpedia.org/resource/IOS, http://dbpedia.org/resource/MS-DOS, http://dbpedia.org/resource/NEC_PC-9801]"
"7","2","[http://dbpedia.org/resource/Sega_32X, http://dbpedia.org/resource/Sega_CD, http://dbpedia.org/resource/3DO_Interactive_Multiplayer, http://dbpedia.org/resource/MS-DOS, http://dbpedia.org/resource/Mac_OS]"
"8","2","[http://dbpedia.org/resource/MS-DOS, http://dbpedia.org/resource/Official_versions_of_Doom]"
"9","2","[http://dbpedia.org/resource/Microsoft_Windows, http://dbpedia.org/resource/Windows_98, http://dbpedia.org/resource/Windows_ME]"
"40","2","[http://dbpedia.org/resource/Microsoft_Windows, http://dbpedia.org/resource/OS_X, http://dbpedia.org/resource/Linux, http://dbpedia.org/resource/Xbox_360]"
"41","2","[http://dbpedia.org/resource/Microsoft_Windows, http://dbpedia.org/resource/PlayStation_3, http://dbpedia.org/resource/Xbox_360]"
"42","2","[http://dbpedia.org/resource/Microsoft_Windows, http://dbpedia.org/resource/PlayStation_3, http://dbpedia.org/resource/Macintosh, http://dbpedia.org/resource/Xbox_360]"
"20","2","http://dbpedia.org/resource/Xbox_(console)"
"43","2","[http://dbpedia.org/resource/Microsoft_Windows, http://dbpedia.org/resource/PlayStation_3, http://dbpedia.org/resource/Xbox_360]"
"21","2","[http://dbpedia.org/resource/Game_Boy_Advance, http://dbpedia.org/resource/Microsoft_Windows, http://dbpedia.org/resource/OS_X, http://dbpedia.org/resource/Nintendo_DS, http://dbpedia.org/resource/GameCube, http://dbpedia.org/resource/Xbox_(console), http://dbpedia.org/resource/PlayStation_Portable, http://dbpedia.org/resource/PlayStation_2]"
