"22","1","http://dbpedia.org/resource/NHS_Greater_Glasgow_and_Clyde"
"11","1","http://dbpedia.org/resource/NHS_Lanarkshire"
"24","1","http://dbpedia.org/resource/NHS_Lanarkshire"
"14","1","http://dbpedia.org/resource/NHS_Lanarkshire"
"25","1","http://dbpedia.org/resource/NHS_Greater_Glasgow_and_Clyde"
"16","1","http://dbpedia.org/resource/NHS_Greater_Glasgow_and_Clyde"
"1","1","http://dbpedia.org/resource/NHS_Ayrshire_and_Arran"
"2","1","http://dbpedia.org/resource/NHS_Ayrshire_and_Arran"
"3","1","http://dbpedia.org/resource/NHS_Ayrshire_and_Arran"
"5","1","http://dbpedia.org/resource/NHS_Dumfries_and_Galloway"
"6","1","http://dbpedia.org/resource/NHS_Forth_Valley"
"7","1","http://dbpedia.org/resource/NHS_Greater_Glasgow_and_Clyde"
"8","1","http://dbpedia.org/resource/NHS_Greater_Glasgow_and_Clyde"
"9","1","http://dbpedia.org/resource/NHS_Greater_Glasgow_and_Clyde"
"21","1","http://dbpedia.org/resource/NHS_Greater_Glasgow_and_Clyde"
"10","1","http://dbpedia.org/resource/NHS_Scotland"
