"44","3","http://dbpedia.org/resource/Victoria,_Seychelles"
"44","4","http://dbpedia.org/resource/Unitary_state"
"44","5","http://dbpedia.org/resource/Seychellois_Creole"
"45","3","http://dbpedia.org/resource/Freetown"
"45","4","http://dbpedia.org/resource/Presidential_system"
"45","5","[http://dbpedia.org/resource/Temne_language, http://dbpedia.org/resource/English_language]"
"46","3","http://dbpedia.org/resource/Mogadishu"
"46","4","http://dbpedia.org/resource/Federal_Government_of_Somalia"
"46","5","http://dbpedia.org/resource/Somali_language"
"47","3","http://dbpedia.org/resource/Pretoria"
"47","4","http://dbpedia.org/resource/Liberal_democracy"
"48","3","http://dbpedia.org/resource/Khartoum"
"48","5","[http://dbpedia.org/resource/Arabic_language, http://dbpedia.org/resource/English_language]"
"49","4","http://dbpedia.org/resource/Unitary_state"
"49","5","http://dbpedia.org/resource/Swazi_language"
"50","3","http://dbpedia.org/resource/Dodoma"
"50","4","http://dbpedia.org/resource/Unitary_state"
"51","3","http://dbpedia.org/resource/Lom%C3%A9"
"51","4","http://dbpedia.org/resource/Presidential_system"
"51","5","[http://dbpedia.org/resource/Gbe_languages, http://dbpedia.org/resource/Tem_language]"
"52","3","http://dbpedia.org/resource/Tunis"
"52","4","http://dbpedia.org/resource/Republic"
"52","5","http://dbpedia.org/resource/Arabic_language"
"10","3","http://dbpedia.org/resource/N'Djamena"
"10","4","http://dbpedia.org/resource/Dominant-party_system"
"54","3","http://dbpedia.org/resource/Lusaka"
"54","4","http://dbpedia.org/resource/Presidential_system"
"54","5","http://dbpedia.org/resource/Bemba_language"
"11","3","http://dbpedia.org/resource/Moroni,_Comoros"
"11","4","http://dbpedia.org/resource/Federation"
"11","5","http://dbpedia.org/resource/Comorian_language"
"55","3","http://dbpedia.org/resource/Harare"
"55","4","http://dbpedia.org/resource/Presidential_system"
"12","3","http://dbpedia.org/resource/Brazzaville"
"12","4","http://dbpedia.org/resource/Dominant-party_system"
"12","5","[http://dbpedia.org/resource/French_language, http://dbpedia.org/resource/Kongo_language]"
"13","3","http://dbpedia.org/resource/Brazzaville"
"13","4","http://dbpedia.org/resource/Dominant-party_system"
"13","5","[http://dbpedia.org/resource/French_language, http://dbpedia.org/resource/Kongo_language]"
"14","3","http://dbpedia.org/resource/Djibouti_(city)"
"14","5","http://dbpedia.org/resource/French_language"
"15","3","http://dbpedia.org/resource/Cairo"
"15","3","http://dbpedia.org/resource/Cairo"
"15","5","[http://dbpedia.org/resource/Arabic_language, http://dbpedia.org/resource/Egyptian_Arabic]"
"15","5","[http://dbpedia.org/resource/Arabic_language, http://dbpedia.org/resource/Egyptian_Arabic]"
"16","3","http://dbpedia.org/resource/Malabo"
"16","4","http://dbpedia.org/resource/Unitary_state"
"16","5","[http://dbpedia.org/resource/French_language, http://dbpedia.org/resource/Portuguese_language, http://dbpedia.org/resource/Spanish_language]"
"17","3","http://dbpedia.org/resource/Asmara"
"17","4","http://dbpedia.org/resource/Single-party_state"
"17","5","[http://dbpedia.org/resource/Tigrinya_language, http://dbpedia.org/resource/Modern_Standard_Arabic, http://dbpedia.org/resource/English_language]"
"18","3","http://dbpedia.org/resource/Addis_Ababa"
"18","4","http://dbpedia.org/resource/Federal_republic"
"18","5","[http://dbpedia.org/resource/Regions_of_Ethiopia, http://dbpedia.org/resource/Amharic_language, http://dbpedia.org/resource/Languages_of_Ethiopia]"
"19","3","http://dbpedia.org/resource/Libreville"
"19","4","http://dbpedia.org/resource/Presidential_system"
"19","5","[http://dbpedia.org/resource/French_language, http://dbpedia.org/resource/Fang_language]"
"1","3","http://dbpedia.org/resource/Algiers"
"1","4","http://dbpedia.org/resource/Unitary_state"
"1","5","http://dbpedia.org/resource/Arabic_language"
"2","3","http://dbpedia.org/resource/Luanda"
"2","5","http://dbpedia.org/resource/Portuguese_language"
"3","3","http://dbpedia.org/resource/Porto-Novo"
"3","4","http://dbpedia.org/resource/Presidential_system"
"3","5","[http://dbpedia.org/resource/French_language, http://dbpedia.org/resource/Fon_language]"
"4","3","http://dbpedia.org/resource/Gaborone"
"4","4","http://dbpedia.org/resource/Unitary_state"
"4","5","http://dbpedia.org/resource/English_language"
"5","3","http://dbpedia.org/resource/Ouagadougou"
"5","5","http://dbpedia.org/resource/French_language"
"6","3","http://dbpedia.org/resource/Bujumbura"
"6","4","http://dbpedia.org/resource/Presidential_system"
"6","5","http://dbpedia.org/resource/Kirundi"
"7","3","http://dbpedia.org/resource/Yaound%C3%A9"
"7","4","http://dbpedia.org/resource/Dominant-party_system"
"7","5","http://dbpedia.org/resource/French_Third_Republic"
"8","3","http://dbpedia.org/resource/Praia"
"8","4","http://dbpedia.org/resource/Parliamentary_republic"
"8","5","[http://dbpedia.org/resource/Portuguese_language, http://dbpedia.org/resource/Cape_Verdean_Creole]"
"9","3","http://dbpedia.org/resource/Bangui"
"9","4","http://dbpedia.org/resource/Provisional_government"
"9","5","[http://dbpedia.org/resource/Sango_language, http://dbpedia.org/resource/African_French]"
"20","3","http://dbpedia.org/resource/Banjul"
"20","4","http://dbpedia.org/resource/Presidential_system"
"20","5","http://dbpedia.org/resource/Mandinka_language"
"21","3","http://dbpedia.org/resource/Accra"
"21","5","http://dbpedia.org/resource/English_language"
"22","3","http://dbpedia.org/resource/Conakry"
"22","4","http://dbpedia.org/resource/Presidential_system"
"22","5","[http://dbpedia.org/resource/French_language, http://dbpedia.org/resource/Fula_language]"
"23","3","http://dbpedia.org/resource/Bissau"
"23","4","http://dbpedia.org/resource/Unitary_state"
"23","5","[http://dbpedia.org/resource/Portuguese_language, http://dbpedia.org/resource/Guinea-Bissau_Creole]"
"24","3","http://dbpedia.org/resource/Yamoussoukro"
"24","4","http://dbpedia.org/resource/Presidential_system"
"24","5","[http://dbpedia.org/resource/Dyula_language, http://dbpedia.org/resource/French_language]"
"25","3","http://dbpedia.org/resource/Nairobi"
"25","5","http://dbpedia.org/resource/Swahili_language"
"26","3","http://dbpedia.org/resource/Maseru"
"26","4","http://dbpedia.org/resource/Unitary_state"
"26","5","http://dbpedia.org/resource/Sotho_language"
"27","3","http://dbpedia.org/resource/Monrovia"
"27","5","http://dbpedia.org/resource/English_language"
"28","3","http://dbpedia.org/resource/Tripoli"
"28","4","http://dbpedia.org/resource/Unitary_state"
"28","5","[http://dbpedia.org/resource/Arabic_language, http://dbpedia.org/resource/Berber_languages]"
"29","3","http://dbpedia.org/resource/Antananarivo"
"29","4","http://dbpedia.org/resource/Semi-presidential_system"
"29","5","http://dbpedia.org/resource/Malagasy_language"
"30","3","http://dbpedia.org/resource/Lilongwe"
"30","4","http://dbpedia.org/resource/Unitary_state"
"30","5","http://dbpedia.org/resource/Chewa_language"
"31","3","http://dbpedia.org/resource/Bamako"
"31","5","http://dbpedia.org/resource/Bambara_language"
"32","3","http://dbpedia.org/resource/Nouakchott"
"32","4","http://dbpedia.org/resource/Semi-presidential_system"
"32","5","[http://dbpedia.org/resource/Arabic_language, http://dbpedia.org/resource/French_language, http://dbpedia.org/resource/Zenaga_language]"
"33","3","http://dbpedia.org/resource/Port_Louis"
"33","4","http://dbpedia.org/resource/Parliamentary_republic"
"33","5","http://dbpedia.org/resource/Mauritian_Creole"
"34","4","http://dbpedia.org/resource/Overseas_department"
"34","5","[http://dbpedia.org/resource/French_language, http://dbpedia.org/resource/Maore_dialect]"
"35","3","http://dbpedia.org/resource/Rabat"
"35","5","[http://dbpedia.org/resource/Arabic_language, http://dbpedia.org/resource/Berber_languages]"
"36","3","http://dbpedia.org/resource/Maputo"
"36","4","http://dbpedia.org/resource/Unitary_state"
"36","5","[http://dbpedia.org/resource/Portuguese_language, http://dbpedia.org/resource/Tsonga_language]"
"37","3","http://dbpedia.org/resource/Windhoek"
"37","4","http://dbpedia.org/resource/Unitary_state"
"37","5","http://dbpedia.org/resource/Afrikaans"
"38","3","http://dbpedia.org/resource/Niamey"
"38","4","http://dbpedia.org/resource/Unitary_state"
"38","5","[http://dbpedia.org/resource/French_language, http://dbpedia.org/resource/Hausa_language]"
"39","3","http://dbpedia.org/resource/Abuja"
"39","4","http://dbpedia.org/resource/Federalism"
"39","5","http://dbpedia.org/resource/Hausa_language"
"41","3","http://dbpedia.org/resource/Kigali"
"41","5","http://dbpedia.org/resource/Kinyarwanda"
"42","3","http://dbpedia.org/resource/S%C3%A3o_Tom%C3%A9"
"42","4","http://dbpedia.org/resource/Semi-presidential_system"
"42","5","[http://dbpedia.org/resource/Portuguese_language, http://dbpedia.org/resource/Forro_language]"
"43","3","http://dbpedia.org/resource/Dakar"
"43","5","http://dbpedia.org/resource/Wolof_language"
