"23","3","http://dbpedia.org/resource/Mexico_City"
"23","5","http://dbpedia.org/resource/Spanish_language"
"24","3","http://dbpedia.org/resource/Brades"
"24","5","http://dbpedia.org/resource/English_language"
"26","3","http://dbpedia.org/resource/Willemstad"
"27","3","http://dbpedia.org/resource/Managua"
"27","4","http://dbpedia.org/resource/Unitary_state"
"27","5","[http://dbpedia.org/resource/Spanish_language, http://dbpedia.org/resource/English_language]"
"28","3","http://dbpedia.org/resource/Panama_City"
"28","4","http://dbpedia.org/resource/Unitary_state"
"28","5","http://dbpedia.org/resource/Spanish_language"
"30","3","http://dbpedia.org/resource/San_Juan,_Puerto_Rico"
"30","4","http://dbpedia.org/resource/Commonwealth_(U.S._insular_area)"
"30","5","[http://dbpedia.org/resource/Spanish_language, http://dbpedia.org/resource/English_language]"
"31","3","http://dbpedia.org/resource/Basseterre"
"31","5","http://dbpedia.org/resource/English_language"
"32","3","http://dbpedia.org/resource/Castries"
"32","4","http://dbpedia.org/resource/Constitutional_monarchy"
"32","5","[http://dbpedia.org/resource/England, http://dbpedia.org/resource/Saint_Lucian_Creole_French]"
"10","3","http://dbpedia.org/resource/George_Town,_Cayman_Islands"
"11","3","http://dbpedia.org/resource/San_Jos%C3%A9,_Costa_Rica"
"11","4","http://dbpedia.org/resource/Unitary_state"
"11","5","[http://dbpedia.org/resource/Spanish_language, http://dbpedia.org/resource/Limonese_Creole]"
"33","3","http://dbpedia.org/resource/Kingstown"
"33","4","http://dbpedia.org/resource/Constitutional_monarchy"
"33","5","http://dbpedia.org/resource/English_language"
"12","3","http://dbpedia.org/resource/Havana"
"12","4","http://dbpedia.org/resource/Single-party_state"
"12","5","http://dbpedia.org/resource/Spanish_language"
"34","3","http://dbpedia.org/resource/Jamestown,_Saint_Helena"
"34","4","http://dbpedia.org/resource/British_Overseas_Territories"
"34","5","http://dbpedia.org/resource/English_language"
"13","3","http://dbpedia.org/resource/Roseau"
"13","4","http://dbpedia.org/resource/Unitary_state"
"13","5","[http://dbpedia.org/resource/Antillean_Creole_French, http://dbpedia.org/resource/English_language]"
"35","3","http://dbpedia.org/resource/Saint-Pierre,_Saint_Pierre_and_Miquelon"
"35","4","http://dbpedia.org/resource/Overseas_collectivity"
"14","3","http://dbpedia.org/resource/Santo_Domingo"
"14","4","http://dbpedia.org/resource/Unitary_state"
"14","5","http://dbpedia.org/resource/Spanish_people"
"37","3","http://dbpedia.org/resource/Cockburn_Town"
"37","4","http://dbpedia.org/resource/British_Overseas_Territories"
"37","5","http://dbpedia.org/resource/England_and_Wales"
"15","3","http://dbpedia.org/resource/San_Salvador"
"15","4","http://dbpedia.org/resource/Unitary_state"
"15","5","http://dbpedia.org/resource/Spanish_language"
"16","3","http://dbpedia.org/resource/St._George's,_Grenada"
"16","4","http://dbpedia.org/resource/Parliamentary_system"
"16","5","http://dbpedia.org/resource/English_language"
"38","3","http://dbpedia.org/resource/Washington,_D.C."
"38","4","http://dbpedia.org/resource/Federalism"
"38","5","http://dbpedia.org/resource/English_language"
"39","3","http://dbpedia.org/resource/Charlotte_Amalie,_United_States_Virgin_Islands"
"39","4","http://dbpedia.org/resource/Unincorporated_territories_of_the_United_States"
"39","5","http://dbpedia.org/resource/English_language"
"18","3","http://dbpedia.org/resource/Guatemala_City"
"18","4","http://dbpedia.org/resource/Unitary_state"
"18","5","http://dbpedia.org/resource/Spanish_language"
"19","3","http://dbpedia.org/resource/Port-au-Prince"
"19","4","http://dbpedia.org/resource/Republic"
"19","5","http://dbpedia.org/resource/French_language"
"1","3","http://dbpedia.org/resource/The_Valley,_Anguilla"
"1","5","http://dbpedia.org/resource/English_language"
"2","3","http://dbpedia.org/resource/St._John's,_Antigua_and_Barbuda"
"2","5","[http://dbpedia.org/resource/Leeward_Caribbean_Creole_English, http://dbpedia.org/resource/English_language]"
"3","3","http://dbpedia.org/resource/Oranjestad,_Aruba"
"3","4","http://dbpedia.org/resource/Unitary_state"
"4","3","http://dbpedia.org/resource/Nassau,_Bahamas"
"4","4","http://dbpedia.org/resource/Unitary_state"
"4","5","http://dbpedia.org/resource/English_language"
"5","3","http://dbpedia.org/resource/Bridgetown"
"5","4","http://dbpedia.org/resource/Unitary_state"
"5","5","[http://dbpedia.org/resource/Bajan_Creole, http://dbpedia.org/resource/English_overseas_possessions]"
"6","3","http://dbpedia.org/resource/Belmopan"
"6","4","http://dbpedia.org/resource/Unitary_state"
"6","5","http://dbpedia.org/resource/English_language"
"7","3","http://dbpedia.org/resource/Hamilton,_Bermuda"
"7","5","http://dbpedia.org/resource/English_language"
"8","3","http://dbpedia.org/resource/Road_Town"
"8","4","http://dbpedia.org/resource/British_Overseas_Territories"
"9","3","http://dbpedia.org/resource/Ottawa"
"9","5","http://dbpedia.org/resource/English_language"
"20","3","http://dbpedia.org/resource/Tegucigalpa"
"20","4","http://dbpedia.org/resource/Republic"
"20","5","[http://dbpedia.org/resource/Spanish_language, http://dbpedia.org/resource/English_language]"
"21","3","http://dbpedia.org/resource/Kingston,_Jamaica"
"21","4","http://dbpedia.org/resource/Constitutional_monarchy"
"21","5","http://dbpedia.org/resource/Jamaican_English"
