"44","4","http://dbpedia.org/resource/Parliamentary_republic"
"44","5","http://dbpedia.org/resource/Polish_language"
"45","5","[http://dbpedia.org/resource/Portuguese_language, http://dbpedia.org/resource/Mirandese_language]"
"46","5","http://dbpedia.org/resource/Romanian_language"
"47","3","http://dbpedia.org/resource/Moscow"
"47","4","http://dbpedia.org/resource/Federalism"
"47","5","[http://dbpedia.org/resource/Russian_language, http://dbpedia.org/resource/Languages_of_Russia]"
"48","3","http://dbpedia.org/resource/City_of_San_Marino"
"48","4","http://dbpedia.org/resource/Unitary_state"
"48","5","http://dbpedia.org/resource/Italian_language"
"49","3","http://dbpedia.org/resource/Belgrade"
"49","4","http://dbpedia.org/resource/Parliamentary_republic"
"49","5","http://dbpedia.org/resource/Serbian_language"
"50","4","http://dbpedia.org/resource/Parliamentary_republic"
"50","5","http://dbpedia.org/resource/Slovak_language"
"51","4","http://dbpedia.org/resource/Republic"
"51","5","http://dbpedia.org/resource/Slovene_language"
"52","3","http://dbpedia.org/resource/Madrid"
"52","4","[http://dbpedia.org/resource/Monarchy, http://dbpedia.org/resource/Parliamentary_system, http://dbpedia.org/resource/Unitary_state]"
"52","5","[http://dbpedia.org/resource/Aragonese_language, http://dbpedia.org/resource/Basque_language, http://dbpedia.org/resource/Spanish_language]"
"53","3","http://dbpedia.org/resource/Longyearbyen"
"53","4","http://dbpedia.org/resource/Unincorporated_area"
"53","5","http://dbpedia.org/resource/Norwegian_language"
"10","3","http://dbpedia.org/resource/Sofia"
"10","4","http://dbpedia.org/resource/Unitary_state"
"10","5","[http://dbpedia.org/resource/Bulgarian_language, http://dbpedia.org/resource/Cyrillic_script]"
"54","5","http://dbpedia.org/resource/Swedish_language"
"11","4","http://dbpedia.org/resource/Republic"
"11","5","http://dbpedia.org/resource/Croatian_language"
"55","4","http://dbpedia.org/resource/Federation"
"55","5","[http://dbpedia.org/resource/French_language, http://dbpedia.org/resource/German_language, http://dbpedia.org/resource/Italian_language, http://dbpedia.org/resource/Romansh_language]"
"12","3","http://dbpedia.org/resource/Nicosia"
"12","4","http://dbpedia.org/resource/Unitary_state"
"12","5","[http://dbpedia.org/resource/Armenian_language, http://dbpedia.org/resource/Greek_language, http://dbpedia.org/resource/Turkish_language, http://dbpedia.org/resource/Cypriot_Maronite_Arabic]"
"56","3","http://dbpedia.org/resource/Ankara"
"56","4","http://dbpedia.org/resource/Unitary_state"
"56","5","http://dbpedia.org/resource/Turkish_language"
"57","4","http://dbpedia.org/resource/Unitary_state"
"57","5","http://dbpedia.org/resource/Ukrainian_language"
"13","3","http://dbpedia.org/resource/Prague"
"13","4","http://dbpedia.org/resource/Parliamentary_republic"
"13","5","http://dbpedia.org/resource/Czech_language"
"14","5","[http://dbpedia.org/resource/Danish_language, http://dbpedia.org/resource/Faroese_language]"
"58","3","http://dbpedia.org/resource/London"
"58","4","http://dbpedia.org/resource/Unitary_state"
"58","5","[http://dbpedia.org/resource/Cornish_language, http://dbpedia.org/resource/Scottish_Gaelic, http://dbpedia.org/resource/Scots_language, http://dbpedia.org/resource/Welsh_language, http://dbpedia.org/resource/English_language, http://dbpedia.org/resource/Irish_language]"
"15","3","http://dbpedia.org/resource/Tallinn"
"15","4","http://dbpedia.org/resource/Parliamentary_republic"
"15","5","[http://dbpedia.org/resource/Estonian_language, http://dbpedia.org/resource/V%C3%B5ro_language]"
"59","4","[http://dbpedia.org/resource/Theocracy, http://dbpedia.org/resource/Ecclesiology, http://dbpedia.org/resource/Sacerdotal_state, http://dbpedia.org/resource/Absolute_monarchy, http://dbpedia.org/resource/Elective_monarchy]"
"59","5","http://dbpedia.org/resource/Italy"
"16","4","http://dbpedia.org/resource/Parliamentary_system"
"16","5","http://dbpedia.org/resource/Faroese_language"
"17","4","http://dbpedia.org/resource/Parliamentary_republic"
"17","5","[http://dbpedia.org/resource/Sami_languages, http://dbpedia.org/resource/Finnish_language]"
"18","3","http://dbpedia.org/resource/Paris"
"18","4","http://dbpedia.org/resource/Unitary_state"
"18","5","http://dbpedia.org/resource/French_language"
"19","3","http://dbpedia.org/resource/Tbilisi"
"19","4","http://dbpedia.org/resource/Unitary_state"
"19","5","[http://dbpedia.org/resource/Armenian_language, http://dbpedia.org/resource/Russian_language, http://dbpedia.org/resource/Georgia_(country), http://dbpedia.org/resource/Georgian_language, http://dbpedia.org/resource/Azerbaijani_language]"
"1","3","http://dbpedia.org/resource/Mariehamn"
"1","4","http://dbpedia.org/resource/Autonomous_administrative_division"
"1","5","http://dbpedia.org/resource/Swedish_language"
"2","3","http://dbpedia.org/resource/Tirana"
"2","4","http://dbpedia.org/resource/Unitary_state"
"2","5","http://dbpedia.org/resource/Albanian_language"
"3","3","http://dbpedia.org/resource/Andorra_la_Vella"
"3","4","http://dbpedia.org/resource/Unitary_state"
"3","5","http://dbpedia.org/resource/Catalan_language"
"4","3","http://dbpedia.org/resource/Yerevan"
"4","4","http://dbpedia.org/resource/Semi-presidential_system"
"4","5","http://dbpedia.org/resource/Armenian_language"
"5","3","http://dbpedia.org/resource/Vienna"
"5","4","http://dbpedia.org/resource/Federal_republic"
"5","5","http://dbpedia.org/resource/Austrian_German"
"6","3","http://dbpedia.org/resource/Baku"
"6","4","http://dbpedia.org/resource/Unitary_state"
"6","5","http://dbpedia.org/resource/Azerbaijani_language"
"7","3","http://dbpedia.org/resource/Minsk"
"7","4","http://dbpedia.org/resource/Unitary_state"
"8","3","http://dbpedia.org/resource/Brussels"
"8","5","http://dbpedia.org/resource/Dutch_language"
"9","4","http://dbpedia.org/resource/Federal_republic"
"20","3","http://dbpedia.org/resource/Berlin"
"20","4","http://dbpedia.org/resource/Federalism"
"20","5","http://dbpedia.org/resource/German_language"
"21","3","http://dbpedia.org/resource/Gibraltar_national_football_team"
"21","5","[http://dbpedia.org/resource/Spanish_language, http://dbpedia.org/resource/English_language]"
"22","3","http://dbpedia.org/resource/Athens"
"22","5","http://dbpedia.org/resource/Greek_language"
"23","4","http://dbpedia.org/resource/Constitutional_monarchy"
"23","5","[http://dbpedia.org/resource/Danish_language, http://dbpedia.org/resource/Greenlandic_language]"
"24","5","[http://dbpedia.org/resource/Guern%C3%A9siais, http://dbpedia.org/resource/English_language]"
"25","3","http://dbpedia.org/resource/Budapest"
"25","4","http://dbpedia.org/resource/Parliamentary_republic"
"25","5","http://dbpedia.org/resource/Hungarian_language"
"26","3","http://dbpedia.org/resource/Reykjav%C3%ADk"
"26","4","http://dbpedia.org/resource/Unitary_state"
"26","5","http://dbpedia.org/resource/Icelandic_language"
"27","3","http://dbpedia.org/resource/Dublin"
"27","4","http://dbpedia.org/resource/Republic"
"28","4","[http://dbpedia.org/resource/Democracy, http://dbpedia.org/resource/Parliamentary_system]"
"28","5","[http://dbpedia.org/resource/Manx_language, http://dbpedia.org/resource/English_language]"
"29","3","http://dbpedia.org/resource/Rome"
"29","4","http://dbpedia.org/resource/Unitary_state"
"29","5","http://dbpedia.org/resource/Italian_language"
"31","3","http://dbpedia.org/resource/Saint_Helier"
"31","4","http://dbpedia.org/resource/Crown_dependencies"
"31","5","[http://dbpedia.org/resource/J%C3%A8rriais, http://dbpedia.org/resource/English_language]"
"33","4","http://dbpedia.org/resource/Parliamentary_republic"
"33","5","http://dbpedia.org/resource/Latvian_language"
"34","5","http://dbpedia.org/resource/German_language"
"35","4","http://dbpedia.org/resource/Unitary_state"
"35","5","http://dbpedia.org/resource/Lithuanian_language"
"36","3","http://dbpedia.org/resource/Luxembourg_(city)"
"36","4","http://dbpedia.org/resource/Unitary_state"
"36","5","http://dbpedia.org/resource/French_language"
"37","3","http://dbpedia.org/resource/Skopje"
"37","4","http://dbpedia.org/resource/Parliamentary_republic"
"37","5","[http://dbpedia.org/resource/Macedonian_language, http://dbpedia.org/resource/Albanian_language]"
"38","3","http://dbpedia.org/resource/Valletta"
"38","5","http://dbpedia.org/resource/English_language"
"39","3","http://dbpedia.org/resource/Chi%C8%99in%C4%83u"
"39","5","[http://dbpedia.org/resource/Romanian_language, http://dbpedia.org/resource/Ukrainian_language]"
"40","3","http://dbpedia.org/resource/Monaco-Ville"
"40","4","http://dbpedia.org/resource/Unitary_state"
"40","5","[http://dbpedia.org/resource/French_language, http://dbpedia.org/resource/Mon%C3%A9gasque_dialect]"
"41","3","http://dbpedia.org/resource/Podgorica"
"41","4","http://dbpedia.org/resource/Parliamentary_republic"
"41","5","[http://dbpedia.org/resource/Montenegrin_language, http://dbpedia.org/resource/Serbian_language]"
"42","3","http://dbpedia.org/resource/Amsterdam"
"42","4","http://dbpedia.org/resource/Unitary_state"
"42","5","http://dbpedia.org/resource/Dutch_language"
"43","4","http://dbpedia.org/resource/Unitary_state"
"43","5","http://dbpedia.org/resource/Northern_Sami_language"
