"22","3","http://dbpedia.org/resource/Beirut"
"22","4","http://dbpedia.org/resource/Unitary_state"
"22","5","[http://dbpedia.org/resource/Arabic_language, http://dbpedia.org/resource/French_language]"
"44","3","http://dbpedia.org/resource/Hanoi"
"44","4","http://dbpedia.org/resource/Single-party_state"
"44","5","[http://dbpedia.org/resource/Vietnamese_alphabet, http://dbpedia.org/resource/Vietnamese_language]"
"45","3","http://dbpedia.org/resource/Sana'a"
"45","4","http://dbpedia.org/resource/Unitary_state"
"45","5","http://dbpedia.org/resource/Arabic_language"
"23","3","http://dbpedia.org/resource/Kuala_Lumpur"
"23","4","http://dbpedia.org/resource/Federal_monarchy"
"23","5","[http://dbpedia.org/resource/Malay_alphabet, http://dbpedia.org/resource/Malaysian_language]"
"24","3","http://dbpedia.org/resource/Mal%C3%A9"
"24","4","http://dbpedia.org/resource/Unitary_state"
"24","5","http://dbpedia.org/resource/Maldivian_language"
"25","3","http://dbpedia.org/resource/Ulan_Bator"
"25","4","http://dbpedia.org/resource/Unitary_state"
"25","5","http://dbpedia.org/resource/Mongolian_Cyrillic_alphabet"
"26","4","http://dbpedia.org/resource/Parliamentary_system"
"26","5","http://dbpedia.org/resource/Nepali_language"
"27","3","http://dbpedia.org/resource/Pyongyang"
"27","4","[http://dbpedia.org/resource/Heredity, http://dbpedia.org/resource/Single-party_state, http://dbpedia.org/resource/Juche]"
"27","5","[http://dbpedia.org/resource/Korean_language, http://dbpedia.org/resource/Hangul]"
"28","3","http://dbpedia.org/resource/Muscat,_Oman"
"28","4","http://dbpedia.org/resource/Unitary_state"
"28","5","http://dbpedia.org/resource/Omani_Arabic"
"29","3","http://dbpedia.org/resource/Islamabad"
"29","4","http://dbpedia.org/resource/Federal_republic"
"29","5","[http://dbpedia.org/resource/Brahui_language, http://dbpedia.org/resource/Punjabi_language, http://dbpedia.org/resource/Sindhi_language, http://dbpedia.org/resource/Balti_language, http://dbpedia.org/resource/Saraiki_dialect, http://dbpedia.org/resource/Gawar-Bati_language, http://dbpedia.org/resource/Balochi_language, http://dbpedia.org/resource/Urdu, http://dbpedia.org/resource/Burushaski, http://dbpedia.org/resource/Dameli_language, http://dbpedia.org/resource/Kalash_language, http://dbpedia.org/resource/Khowar_language, http://dbpedia.org/resource/Shina_language, http://dbpedia.org/resource/Domaaki_language, http://dbpedia.org/resource/Pashto_language, http://dbpedia.org/resource/Hindko_dialect, http://dbpedia.org/resource/Kashmiri_language, http://dbpedia.org/resource/Dogri_language, http://dbpedia.org/resource/English_language]"
"30","3","http://dbpedia.org/resource/Port_Moresby"
"30","5","http://dbpedia.org/resource/Hiri_Motu_language"
"31","3","http://dbpedia.org/resource/Manila"
"31","4","http://dbpedia.org/resource/Unitary_state"
"31","5","[http://dbpedia.org/resource/Filipino_language, http://dbpedia.org/resource/Spanish_language_in_the_Philippines]"
"32","3","http://dbpedia.org/resource/Doha"
"32","4","http://dbpedia.org/resource/Unitary_state"
"32","5","http://dbpedia.org/resource/Arabic_language"
"10","3","http://dbpedia.org/resource/Dili"
"10","4","http://dbpedia.org/resource/Unitary_state"
"10","5","[http://dbpedia.org/resource/Portuguese_language, http://dbpedia.org/resource/Indonesian_language]"
"33","3","http://dbpedia.org/resource/Riyadh"
"33","4","http://dbpedia.org/resource/Unitary_state"
"33","5","http://dbpedia.org/resource/Arabic_language"
"11","3","http://dbpedia.org/resource/New_Delhi"
"12","3","http://dbpedia.org/resource/Jakarta"
"12","4","http://dbpedia.org/resource/Unitary_state"
"12","5","http://dbpedia.org/resource/Indonesian_language"
"34","3","http://dbpedia.org/resource/Seoul"
"34","5","[http://dbpedia.org/resource/Korean_language, http://dbpedia.org/resource/Hangul]"
"35","4","http://dbpedia.org/resource/Unitary_state"
"35","5","[http://dbpedia.org/resource/Latin_script, http://dbpedia.org/resource/English_language]"
"13","3","http://dbpedia.org/resource/Tehran"
"13","4","http://dbpedia.org/resource/Unitary_state"
"13","5","http://dbpedia.org/resource/Persian_language"
"14","3","http://dbpedia.org/resource/Baghdad"
"14","4","http://dbpedia.org/resource/Federation"
"14","5","http://dbpedia.org/resource/Arabic_language"
"36","4","http://dbpedia.org/resource/Unitary_state"
"36","5","http://dbpedia.org/resource/Sinhala_language"
"15","3","http://dbpedia.org/resource/Jerusalem"
"15","4","http://dbpedia.org/resource/Unitary_state"
"15","5","http://dbpedia.org/resource/Hebrew_language"
"37","3","http://dbpedia.org/resource/Damascus"
"37","5","http://dbpedia.org/resource/Arabic_language"
"38","3","http://dbpedia.org/resource/Taipei"
"38","4","http://dbpedia.org/resource/Republic"
"38","5","[http://dbpedia.org/resource/Standard_Chinese, http://dbpedia.org/resource/Taiwanese_Hokkien, http://dbpedia.org/resource/Traditional_Chinese_characters]"
"16","3","http://dbpedia.org/resource/Tokyo"
"16","4","http://dbpedia.org/resource/Unitary_state"
"16","5","[http://dbpedia.org/resource/Japanese_language, http://dbpedia.org/resource/Japanese_dialects, http://dbpedia.org/resource/Ainu_language]"
"39","3","http://dbpedia.org/resource/Dushanbe"
"39","4","http://dbpedia.org/resource/Unitary_state"
"39","5","[http://dbpedia.org/resource/Russian_language, http://dbpedia.org/resource/Tajik_language]"
"17","3","http://dbpedia.org/resource/Amman"
"17","5","http://dbpedia.org/resource/Arabic_language"
"18","3","http://dbpedia.org/resource/Astana"
"18","4","http://dbpedia.org/resource/Unitary_state"
"18","5","http://dbpedia.org/resource/Kazakh_language"
"19","3","http://dbpedia.org/resource/Kuwait_City"
"19","5","http://dbpedia.org/resource/Arabic_language"
"1","3","http://dbpedia.org/resource/Kabul"
"1","4","http://dbpedia.org/resource/Unitary_state"
"1","5","http://dbpedia.org/resource/Pashto_language"
"2","3","http://dbpedia.org/resource/Manama"
"2","4","http://dbpedia.org/resource/Unitary_state"
"2","5","http://dbpedia.org/resource/Arabic_language"
"3","3","http://dbpedia.org/resource/Dhaka"
"3","4","http://dbpedia.org/resource/Unitary_state"
"3","5","[http://dbpedia.org/resource/English, http://dbpedia.org/resource/Languages_of_Bangladesh, http://dbpedia.org/resource/Bengali_language]"
"4","3","http://dbpedia.org/resource/Thimphu"
"4","4","http://dbpedia.org/resource/Unitary_state"
"4","5","http://dbpedia.org/resource/Dzongkha"
"5","3","http://dbpedia.org/resource/Diego_Garcia"
"6","3","http://dbpedia.org/resource/Bandar_Seri_Begawan"
"6","5","[http://dbpedia.org/resource/Malay_language, http://dbpedia.org/resource/English_language]"
"7","3","http://dbpedia.org/resource/Naypyidaw"
"7","4","http://dbpedia.org/resource/Unitary_state"
"7","5","[http://dbpedia.org/resource/Burmese_language, http://dbpedia.org/resource/Jingpho_language, http://dbpedia.org/resource/Kukish_languages, http://dbpedia.org/resource/Mon_script]"
"8","3","http://dbpedia.org/resource/Phnom_Penh"
"8","4","http://dbpedia.org/resource/Unitary_state"
"8","5","[http://dbpedia.org/resource/Khmer_language, http://dbpedia.org/resource/Khmer_alphabet]"
"9","3","http://dbpedia.org/resource/Beijing"
"9","4","http://dbpedia.org/resource/Single-party_state"
"9","5","http://dbpedia.org/resource/Written_vernacular_Chinese"
"40","3","http://dbpedia.org/resource/Bangkok"
"40","4","http://dbpedia.org/resource/Unitary_state"
"40","5","[http://dbpedia.org/resource/Thai_alphabet, http://dbpedia.org/resource/Thai_language]"
"41","3","http://dbpedia.org/resource/Ashgabat"
"41","4","http://dbpedia.org/resource/Dominant-party_system"
"41","5","[http://dbpedia.org/resource/Russian_language, http://dbpedia.org/resource/Turkmen_language]"
"42","3","http://dbpedia.org/resource/Abu_Dhabi"
"42","4","http://dbpedia.org/resource/Federation"
"42","5","[http://dbpedia.org/resource/Arabic_language, http://dbpedia.org/resource/English_language]"
"20","3","http://dbpedia.org/resource/Bishkek"
"20","4","http://dbpedia.org/resource/Unitary"
"20","5","http://dbpedia.org/resource/Kyrgyz_language"
"21","3","http://dbpedia.org/resource/Vientiane"
"21","4","http://dbpedia.org/resource/Single-party_state"
"21","5","http://dbpedia.org/resource/Lao_language"
"43","3","http://dbpedia.org/resource/Tashkent"
"43","4","http://dbpedia.org/resource/Unitary_state"
"43","5","[http://dbpedia.org/resource/Uzbek_language, http://dbpedia.org/resource/Karakalpak_language]"
