"11","3","http://dbpedia.org/resource/Asunci%C3%B3n"
"11","4","http://dbpedia.org/resource/Unitary_state"
"11","5","http://dbpedia.org/resource/Spanish_language"
"12","3","http://dbpedia.org/resource/Lima"
"12","4","http://dbpedia.org/resource/Unitary_state"
"12","5","http://dbpedia.org/resource/Spanish_language"
"13","3","http://dbpedia.org/resource/King_Edward_Point"
"13","5","http://dbpedia.org/resource/English_language"
"14","3","http://dbpedia.org/resource/Paramaribo"
"14","4","http://dbpedia.org/resource/Unitary_state"
"14","5","[http://dbpedia.org/resource/Javanese_people, http://dbpedia.org/resource/Dutch_language]"
"15","3","http://dbpedia.org/resource/Montevideo"
"15","4","http://dbpedia.org/resource/Unitary_state"
"15","5","http://dbpedia.org/resource/Spanish_language"
"16","3","http://dbpedia.org/resource/Caracas"
"16","4","http://dbpedia.org/resource/Federal_republic"
"16","5","http://dbpedia.org/resource/Spanish_language"
"1","3","http://dbpedia.org/resource/Buenos_Aires"
"1","4","http://dbpedia.org/resource/Federal_republic"
"1","5","http://dbpedia.org/resource/Spanish_language"
"2","3","http://dbpedia.org/resource/Sucre"
"2","4","http://dbpedia.org/resource/Unitary_state"
"2","5","http://dbpedia.org/resource/Spanish_language"
"3","4","http://dbpedia.org/resource/Dependencies_of_Norway"
"4","3","http://dbpedia.org/resource/Bras%C3%ADlia"
"4","4","http://dbpedia.org/resource/Federalism"
"4","5","http://dbpedia.org/resource/Portuguese_language"
"5","3","http://dbpedia.org/resource/Santiago"
"5","4","http://dbpedia.org/resource/Unitary_state"
"5","5","http://dbpedia.org/resource/Spanish_language"
"6","3","http://dbpedia.org/resource/Bogot%C3%A1"
"6","4","http://dbpedia.org/resource/Unitary_state"
"6","5","[http://dbpedia.org/resource/Spanish_language, http://dbpedia.org/resource/Archipelago_of_San_Andr%C3%A9s,_Providencia_and_Santa_Catalina, http://dbpedia.org/resource/English_language]"
"7","3","http://dbpedia.org/resource/Quito"
"7","4","http://dbpedia.org/resource/Unitary_state"
"7","5","[http://dbpedia.org/resource/Spanish_language, http://dbpedia.org/resource/Shuar_language, http://dbpedia.org/resource/Kichwa_language]"
"8","3","http://dbpedia.org/resource/Stanley,_Falkland_Islands"
"8","4","http://dbpedia.org/resource/Parliamentary_system"
"8","5","http://dbpedia.org/resource/English_language"
"10","3","http://dbpedia.org/resource/Georgetown,_Guyana"
"10","4","http://dbpedia.org/resource/Unitary_state"
"10","5","http://dbpedia.org/resource/Guyanese_Creole"
