"0","2","[http://dbpedia.org/resource/China, http://dbpedia.org/resource/Sagarmatha_Zone, http://dbpedia.org/resource/Tingri_County, http://dbpedia.org/resource/Tibet_Autonomous_Region, http://dbpedia.org/resource/Nepal, http://dbpedia.org/resource/Shigatse_Prefecture, http://dbpedia.org/resource/Solukhumbu_District]"
"1","2","[http://dbpedia.org/resource/China, http://dbpedia.org/resource/Pakistan, http://dbpedia.org/resource/Baltistan, http://dbpedia.org/resource/Tashkurgan_Tajik_Autonomous_County, http://dbpedia.org/resource/Gilgit%E2%80%93Baltistan, http://dbpedia.org/resource/Xinjiang]"
"2","2","http://dbpedia.org/resource/Nepal"
"3","2","[http://dbpedia.org/resource/China, http://dbpedia.org/resource/Nepal]"
"4","2","[http://dbpedia.org/resource/China, http://dbpedia.org/resource/Khumbu, http://dbpedia.org/resource/Tibet_Autonomous_Region, http://dbpedia.org/resource/Nepal]"
"5","2","[http://dbpedia.org/resource/China, http://dbpedia.org/resource/Nepal]"
"6","2","http://dbpedia.org/resource/Nepal"
"7","2","http://dbpedia.org/resource/Nepal"
"8","2","[http://dbpedia.org/resource/Pakistan, http://dbpedia.org/resource/Gilgit%E2%80%93Baltistan]"
"9","2","http://dbpedia.org/resource/Nepal"
"500","2","[http://dbpedia.org/resource/Switzerland, http://dbpedia.org/resource/Canton_of_Bern]"
"501","2","[http://dbpedia.org/resource/Savoie, http://dbpedia.org/resource/France]"
"502","2","[http://dbpedia.org/resource/Greenland, http://dbpedia.org/resource/Sermersooq]"
"504","2","[http://dbpedia.org/resource/Idaho, http://dbpedia.org/resource/Blaine_County,_Idaho, http://dbpedia.org/resource/Custer_County,_Idaho, http://dbpedia.org/resource/United_States]"
"506","2","http://dbpedia.org/resource/Park_County,_Wyoming"
"508","2","[http://dbpedia.org/resource/Nevada, http://dbpedia.org/resource/White_Pine_County,_Nevada, http://dbpedia.org/resource/United_States]"
"509","2","[http://dbpedia.org/resource/Salzburg_(state), http://dbpedia.org/resource/East_Tyrol, http://dbpedia.org/resource/Austria]"
"510","2","[http://dbpedia.org/resource/Hautes-Alpes, http://dbpedia.org/resource/Is%C3%A8re, http://dbpedia.org/resource/France]"
"511","2","http://dbpedia.org/resource/Democratic_Republic_of_the_Congo"
"512","2","[http://dbpedia.org/resource/Switzerland, http://dbpedia.org/resource/Valais]"
"514","2","[http://dbpedia.org/resource/Switzerland, http://dbpedia.org/resource/Canton_of_Bern]"
"515","2","[http://dbpedia.org/resource/Savoie, http://dbpedia.org/resource/France]"
"517","2","[http://dbpedia.org/resource/Italy, http://dbpedia.org/resource/Lombardy, http://dbpedia.org/resource/Trentino]"
"518","2","[http://dbpedia.org/resource/Utah, http://dbpedia.org/resource/Juab_County,_Utah, http://dbpedia.org/resource/Utah_County,_Utah]"
"520","2","http://dbpedia.org/resource/Democratic_Republic_of_the_Congo"
"521","2","[http://dbpedia.org/resource/Switzerland, http://dbpedia.org/resource/Canton_of_Uri, http://dbpedia.org/resource/Valais]"
"401","2","[http://dbpedia.org/resource/Italy, http://dbpedia.org/resource/Switzerland, http://dbpedia.org/resource/Graub%C3%BCnden]"
"522","2","[http://dbpedia.org/resource/Alberta, http://dbpedia.org/resource/Canada]"
"523","2","[http://dbpedia.org/resource/Italy, http://dbpedia.org/resource/South_Tyrol, http://dbpedia.org/resource/Tyrol_(state), http://dbpedia.org/resource/Austria]"
"524","2","[http://dbpedia.org/resource/Nevada, http://dbpedia.org/resource/White_Pine_County,_Nevada, http://dbpedia.org/resource/United_States]"
"404","2","[http://dbpedia.org/resource/Papua_New_Guinea, http://dbpedia.org/resource/Central_Province_(Papua_New_Guinea)]"
"525","2","[http://dbpedia.org/resource/Alberta, http://dbpedia.org/resource/Canada]"
"526","2","[http://dbpedia.org/resource/Switzerland, http://dbpedia.org/resource/Canton_of_Glarus, http://dbpedia.org/resource/Graub%C3%BCnden]"
"527","2","[http://dbpedia.org/resource/Savoie, http://dbpedia.org/resource/France]"
"407","2","[http://dbpedia.org/resource/Switzerland, http://dbpedia.org/resource/Valais]"
"409","2","[http://dbpedia.org/resource/Matanuska-Susitna_Borough,_Alaska, http://dbpedia.org/resource/United_States]"
"530","2","[http://dbpedia.org/resource/Idaho, http://dbpedia.org/resource/Custer_County,_Idaho, http://dbpedia.org/resource/United_States]"
"410","2","[http://dbpedia.org/resource/Wyoming, http://dbpedia.org/resource/Big_Horn_County,_Wyoming, http://dbpedia.org/resource/Johnson_County,_Wyoming]"
"531","2","[http://dbpedia.org/resource/Nevada, http://dbpedia.org/resource/Nye_County,_Nevada, http://dbpedia.org/resource/United_States]"
"411","2","http://dbpedia.org/resource/British_Columbia"
"532","2","[http://dbpedia.org/resource/Nevada, http://dbpedia.org/resource/Nye_County,_Nevada, http://dbpedia.org/resource/United_States]"
"412","2","[http://dbpedia.org/resource/Alaska, http://dbpedia.org/resource/Denali_National_Park_and_Preserve, http://dbpedia.org/resource/United_States]"
"413","2","[http://dbpedia.org/resource/Italy, http://dbpedia.org/resource/Haute-Savoie, http://dbpedia.org/resource/France]"
"534","2","[http://dbpedia.org/resource/Switzerland, http://dbpedia.org/resource/Canton_of_Uri, http://dbpedia.org/resource/Valais]"
"414","2","[http://dbpedia.org/resource/New_Mexico, http://dbpedia.org/resource/Taos_County,_New_Mexico, http://dbpedia.org/resource/United_States]"
"415","2","[http://dbpedia.org/resource/Switzerland, http://dbpedia.org/resource/Valais]"
"537","2","[http://dbpedia.org/resource/Salzburg, http://dbpedia.org/resource/Austria]"
"416","2","[http://dbpedia.org/resource/Wyoming, http://dbpedia.org/resource/Park_County,_Wyoming, http://dbpedia.org/resource/United_States]"
"417","2","[http://dbpedia.org/resource/Nevada, http://dbpedia.org/resource/Esmeralda_County,_Nevada, http://dbpedia.org/resource/United_States]"
"538","2","[http://dbpedia.org/resource/Savoie, http://dbpedia.org/resource/France]"
"418","2","http://dbpedia.org/resource/Kenya"
"539","2","[http://dbpedia.org/resource/Italy, http://dbpedia.org/resource/Trentino]"
"541","2","[http://dbpedia.org/resource/Italy, http://dbpedia.org/resource/Lombardy]"
"420","2","[http://dbpedia.org/resource/California, http://dbpedia.org/resource/Madera_County,_California, http://dbpedia.org/resource/Tuolumne_County,_California, http://dbpedia.org/resource/United_States]"
"421","2","[http://dbpedia.org/resource/Switzerland, http://dbpedia.org/resource/Valais]"
"542","2","[http://dbpedia.org/resource/Italy, http://dbpedia.org/resource/Piedmont, http://dbpedia.org/resource/Switzerland, http://dbpedia.org/resource/Valais]"
"422","2","[http://dbpedia.org/resource/New_Mexico, http://dbpedia.org/resource/Mora_County,_New_Mexico, http://dbpedia.org/resource/Rio_Arriba_County,_New_Mexico, http://dbpedia.org/resource/United_States]"
"543","2","[http://dbpedia.org/resource/Alberta, http://dbpedia.org/resource/Canada]"
"301","2","http://dbpedia.org/resource/Switzerland"
"544","2","[http://dbpedia.org/resource/Italy, http://dbpedia.org/resource/South_Tyrol]"
"302","2","[http://dbpedia.org/resource/Colorado, http://dbpedia.org/resource/Custer_County,_Colorado, http://dbpedia.org/resource/Saguache_County,_Colorado]"
"423","2","[http://dbpedia.org/resource/California, http://dbpedia.org/resource/Mono_County,_California, http://dbpedia.org/resource/Tuolumne_County,_California, http://dbpedia.org/resource/United_States]"
"424","2","[http://dbpedia.org/resource/Is%C3%A8re, http://dbpedia.org/resource/France]"
"425","2","[http://dbpedia.org/resource/Nevada, http://dbpedia.org/resource/White_Pine_County,_Nevada, http://dbpedia.org/resource/United_States]"
"304","2","http://dbpedia.org/resource/Uganda"
"547","2","[http://dbpedia.org/resource/Savoie, http://dbpedia.org/resource/France]"
"305","2","[http://dbpedia.org/resource/Park_County,_Colorado, http://dbpedia.org/resource/United_States]"
"548","2","[http://dbpedia.org/resource/Tyrol_(state), http://dbpedia.org/resource/Austria]"
"549","2","[http://dbpedia.org/resource/Nevada, http://dbpedia.org/resource/White_Pine_County,_Nevada, http://dbpedia.org/resource/United_States]"
"307","2","[http://dbpedia.org/resource/Colorado, http://dbpedia.org/resource/Dolores_County,_Colorado, http://dbpedia.org/resource/United_States]"
"429","2","[http://dbpedia.org/resource/Switzerland, http://dbpedia.org/resource/Canton_of_Bern]"
"309","2","[http://dbpedia.org/resource/Colorado, http://dbpedia.org/resource/Chaffee_County,_Colorado]"
"550","2","[http://dbpedia.org/resource/Italy, http://dbpedia.org/resource/South_Tyrol, http://dbpedia.org/resource/Tyrol_(state), http://dbpedia.org/resource/Austria]"
"551","2","[http://dbpedia.org/resource/Savoie, http://dbpedia.org/resource/France]"
"430","2","[http://dbpedia.org/resource/Italy, http://dbpedia.org/resource/Aosta_Valley]"
"310","2","[http://dbpedia.org/resource/California, http://dbpedia.org/resource/Fresno_County,_California, http://dbpedia.org/resource/Inyo_County,_California, http://dbpedia.org/resource/United_States]"
"552","2","[http://dbpedia.org/resource/Tyrol_(state), http://dbpedia.org/resource/Austria]"
"431","2","[http://dbpedia.org/resource/Iran, http://dbpedia.org/resource/Tehran_Province]"
"311","2","[http://dbpedia.org/resource/Colorado, http://dbpedia.org/resource/Ouray_County,_Colorado]"
"553","2","[http://dbpedia.org/resource/Switzerland, http://dbpedia.org/resource/Canton_of_Bern, http://dbpedia.org/resource/Canton_of_Uri]"
"432","2","http://dbpedia.org/resource/British_Columbia"
"312","2","[http://dbpedia.org/resource/Switzerland, http://dbpedia.org/resource/Valais]"
"433","2","[http://dbpedia.org/resource/Taiwan, http://dbpedia.org/resource/Nantou_County, http://dbpedia.org/resource/Xinyi,_Nantou]"
"313","2","[http://dbpedia.org/resource/Colorado, http://dbpedia.org/resource/Lake_County,_Colorado, http://dbpedia.org/resource/Park_County,_Colorado]"
"434","2","[http://dbpedia.org/resource/Grand_Teton_National_Park, http://dbpedia.org/resource/Wyoming, http://dbpedia.org/resource/Teton_County,_Wyoming]"
"435","2","[http://dbpedia.org/resource/Hautes-Alpes, http://dbpedia.org/resource/France]"
"314","2","http://dbpedia.org/resource/El_Paso_County,_Colorado"
"316","2","http://dbpedia.org/resource/Chile"
"437","2","[http://dbpedia.org/resource/Switzerland, http://dbpedia.org/resource/Valais]"
"438","2","[http://dbpedia.org/resource/Turkey, http://dbpedia.org/resource/Rize]"
"317","2","[http://dbpedia.org/resource/Colorado, http://dbpedia.org/resource/Saguache_County,_Colorado]"
"439","2","[http://dbpedia.org/resource/Russia, http://dbpedia.org/resource/Kamchatka_Peninsula]"
"318","2","[http://dbpedia.org/resource/Colorado, http://dbpedia.org/resource/Gunnison_County,_Colorado, http://dbpedia.org/resource/Pitkin_County,_Colorado]"
"319","2","[http://dbpedia.org/resource/Colorado, http://dbpedia.org/resource/La_Plata_County,_Colorado]"
"320","2","[http://dbpedia.org/resource/Colorado, http://dbpedia.org/resource/La_Plata_County,_Colorado]"
"441","2","[http://dbpedia.org/resource/Italy, http://dbpedia.org/resource/Switzerland, http://dbpedia.org/resource/Graub%C3%BCnden]"
"321","2","http://dbpedia.org/resource/Switzerland"
"443","2","[http://dbpedia.org/resource/Italy, http://dbpedia.org/resource/Switzerland, http://dbpedia.org/resource/Graub%C3%BCnden]"
"201","2","[http://dbpedia.org/resource/Alaska, http://dbpedia.org/resource/Wrangell%E2%80%93St._Elias_National_Park_and_Preserve]"
"322","2","[http://dbpedia.org/resource/California, http://dbpedia.org/resource/Inyo_County,_California, http://dbpedia.org/resource/Tulare_County,_California, http://dbpedia.org/resource/United_States]"
"323","2","[http://dbpedia.org/resource/Colorado, http://dbpedia.org/resource/Custer_County,_Colorado]"
"444","2","[http://dbpedia.org/resource/Park_County,_Montana, http://dbpedia.org/resource/United_States]"
"202","2","[http://dbpedia.org/resource/Indonesia, http://dbpedia.org/resource/Papua_(province)]"
"445","2","[http://dbpedia.org/resource/Italy, http://dbpedia.org/resource/South_Tyrol]"
"203","2","[http://dbpedia.org/resource/Venezuela, http://dbpedia.org/resource/M%C3%A9rida,_M%C3%A9rida]"
"324","2","[http://dbpedia.org/resource/Colorado, http://dbpedia.org/resource/La_Plata_County,_Colorado]"
"446","2","[http://dbpedia.org/resource/California, http://dbpedia.org/resource/Mono_County,_California, http://dbpedia.org/resource/Tuolumne_County,_California, http://dbpedia.org/resource/United_States]"
"325","2","[http://dbpedia.org/resource/California, http://dbpedia.org/resource/Fresno_County,_California, http://dbpedia.org/resource/Inyo_County,_California, http://dbpedia.org/resource/United_States]"
"447","2","[http://dbpedia.org/resource/Taiwan, http://dbpedia.org/resource/Taichung, http://dbpedia.org/resource/Heping_District,_Taichung]"
"326","2","[http://dbpedia.org/resource/Colorado, http://dbpedia.org/resource/Hinsdale_County,_Colorado]"
"206","2","[http://dbpedia.org/resource/Alaska, http://dbpedia.org/resource/Wrangell%E2%80%93St._Elias_National_Park_and_Preserve, http://dbpedia.org/resource/United_States]"
"327","2","[http://dbpedia.org/resource/Costilla_County,_Colorado, http://dbpedia.org/resource/United_States]"
"448","2","[http://dbpedia.org/resource/Utah, http://dbpedia.org/resource/San_Juan_County,_Utah]"
"328","2","[http://dbpedia.org/resource/Colorado, http://dbpedia.org/resource/Costilla_County,_Colorado]"
"207","2","http://dbpedia.org/resource/Uganda"
"329","2","[http://dbpedia.org/resource/Colorado, http://dbpedia.org/resource/Lake_County,_Colorado, http://dbpedia.org/resource/Park_County,_Colorado]"
"208","2","[http://dbpedia.org/resource/Indonesia, http://dbpedia.org/resource/Papua_(province)]"
"450","2","[http://dbpedia.org/resource/Switzerland, http://dbpedia.org/resource/Valais]"
"330","2","[http://dbpedia.org/resource/Colorado, http://dbpedia.org/resource/Alamosa_County,_Colorado, http://dbpedia.org/resource/Costilla_County,_Colorado]"
"451","2","[http://dbpedia.org/resource/California, http://dbpedia.org/resource/Fresno_County,_California, http://dbpedia.org/resource/Inyo_County,_California, http://dbpedia.org/resource/United_States]"
"210","2","http://dbpedia.org/resource/Yukon"
"452","2","[http://dbpedia.org/resource/Italy, http://dbpedia.org/resource/South_Tyrol]"
"331","2","[http://dbpedia.org/resource/Colorado, http://dbpedia.org/resource/Hinsdale_County,_Colorado]"
"332","2","[http://dbpedia.org/resource/Colorado, http://dbpedia.org/resource/Pitkin_County,_Colorado, http://dbpedia.org/resource/United_States]"
"211","2","[http://dbpedia.org/resource/Iran, http://dbpedia.org/resource/Mazandaran_Province]"
"453","2","[http://dbpedia.org/resource/Idaho, http://dbpedia.org/resource/Custer_County,_Idaho, http://dbpedia.org/resource/United_States]"
"333","2","[http://dbpedia.org/resource/Switzerland, http://dbpedia.org/resource/Canton_of_Bern, http://dbpedia.org/resource/Valais]"
"454","2","[http://dbpedia.org/resource/Savoie, http://dbpedia.org/resource/France]"
"334","2","[http://dbpedia.org/resource/Switzerland, http://dbpedia.org/resource/Canton_of_Bern]"
"213","2","[http://dbpedia.org/resource/Italy, http://dbpedia.org/resource/Aosta_Valley, http://dbpedia.org/resource/Haute-Savoie, http://dbpedia.org/resource/France]"
"335","2","[http://dbpedia.org/resource/Colorado, http://dbpedia.org/resource/San_Miguel_County,_Colorado]"
"336","2","[http://dbpedia.org/resource/Colorado, http://dbpedia.org/resource/Gunnison_County,_Colorado, http://dbpedia.org/resource/Pitkin_County,_Colorado]"
"215","2","[http://dbpedia.org/resource/Yukon, http://dbpedia.org/resource/Yakutat,_Alaska, http://dbpedia.org/resource/United_States]"
"337","2","[http://dbpedia.org/resource/Colorado, http://dbpedia.org/resource/Saguache_County,_Colorado, http://dbpedia.org/resource/United_States]"
"459","2","[http://dbpedia.org/resource/Italy, http://dbpedia.org/resource/Piedmont]"
"338","2","[http://dbpedia.org/resource/Eagle_County,_Colorado, http://dbpedia.org/resource/United_States]"
"218","2","http://dbpedia.org/resource/Papua_(province)"
"339","2","[http://dbpedia.org/resource/Colorado, http://dbpedia.org/resource/Hinsdale_County,_Colorado, http://dbpedia.org/resource/United_States]"
"460","2","[http://dbpedia.org/resource/Denali_Borough,_Alaska, http://dbpedia.org/resource/United_States]"
"462","2","[http://dbpedia.org/resource/Italy, http://dbpedia.org/resource/Switzerland, http://dbpedia.org/resource/Aosta_Valley, http://dbpedia.org/resource/France, http://dbpedia.org/resource/Valais]"
"341","2","[http://dbpedia.org/resource/California, http://dbpedia.org/resource/Fresno_County,_California, http://dbpedia.org/resource/Inyo_County,_California, http://dbpedia.org/resource/United_States]"
"463","2","[http://dbpedia.org/resource/Costa_Rica, http://dbpedia.org/resource/Chirrip%C3%B3_National_Park]"
"342","2","[http://dbpedia.org/resource/California, http://dbpedia.org/resource/Tulare_County,_California, http://dbpedia.org/resource/United_States]"
"101","2","[http://dbpedia.org/resource/Jujuy_Province, http://dbpedia.org/resource/Argentina]"
"223","2","[http://dbpedia.org/resource/Georgia_(country), http://dbpedia.org/resource/Svaneti]"
"466","2","[http://dbpedia.org/resource/Alaska, http://dbpedia.org/resource/Denali_Borough,_Alaska]"
"103","2","http://dbpedia.org/resource/Bolivia"
"224","2","[http://dbpedia.org/resource/Indonesia, http://dbpedia.org/resource/Papua_(province)]"
"225","2","[http://dbpedia.org/resource/Alaska, http://dbpedia.org/resource/Glacier_Bay_National_Park_and_Preserve, http://dbpedia.org/resource/Stikine_Region]"
"467","2","[http://dbpedia.org/resource/Carinthia_(state), http://dbpedia.org/resource/Austria]"
"104","2","[http://dbpedia.org/resource/Alaska, http://dbpedia.org/resource/Denali_National_Park_and_Preserve, http://dbpedia.org/resource/United_States]"
"227","2","http://dbpedia.org/resource/Ethiopia"
"469","2","[http://dbpedia.org/resource/New_Mexico, http://dbpedia.org/resource/Colfax_County,_New_Mexico, http://dbpedia.org/resource/United_States]"
"106","2","[http://dbpedia.org/resource/Peru, http://dbpedia.org/resource/Ancash_Region]"
"228","2","http://dbpedia.org/resource/Pakistan"
"349","2","[http://dbpedia.org/resource/Veracruz, http://dbpedia.org/resource/Perote,_Veracruz, http://dbpedia.org/resource/Mexico]"
"229","2","[http://dbpedia.org/resource/Italy, http://dbpedia.org/resource/Switzerland, http://dbpedia.org/resource/Valais]"
"108","2","[http://dbpedia.org/resource/Salta_Province, http://dbpedia.org/resource/Argentina]"
"350","2","http://dbpedia.org/resource/Yukon"
"471","2","[http://dbpedia.org/resource/Savoie, http://dbpedia.org/resource/France]"
"111","2","http://dbpedia.org/resource/Bolivia"
"474","2","http://dbpedia.org/resource/Austria"
"475","2","[http://dbpedia.org/resource/Italy, http://dbpedia.org/resource/Aosta_Valley]"
"112","2","http://dbpedia.org/resource/Bolivia"
"113","2","http://dbpedia.org/resource/Arequipa_Region"
"476","2","[http://dbpedia.org/resource/Coconino_County,_Arizona, http://dbpedia.org/resource/United_States, http://dbpedia.org/resource/Arizona]"
"235","2","[http://dbpedia.org/resource/Yukon, http://dbpedia.org/resource/Yakutat,_Alaska, http://dbpedia.org/resource/United_States]"
"115","2","[http://dbpedia.org/resource/Peru, http://dbpedia.org/resource/Cusco_Region]"
"237","2","[http://dbpedia.org/resource/Switzerland, http://dbpedia.org/resource/Valais]"
"359","2","[http://dbpedia.org/resource/Sublette_County,_Wyoming, http://dbpedia.org/resource/Wyoming, http://dbpedia.org/resource/Fremont_County,_Wyoming, http://dbpedia.org/resource/United_States]"
"239","2","http://dbpedia.org/resource/Antarctica"
"10","2","[http://dbpedia.org/resource/China, http://dbpedia.org/resource/Pakistan]"
"11","2","[http://dbpedia.org/resource/China, http://dbpedia.org/resource/Pakistan, http://dbpedia.org/resource/Gilgit%E2%80%93Baltistan, http://dbpedia.org/resource/Xinjiang]"
"12","2","[http://dbpedia.org/resource/China, http://dbpedia.org/resource/Pakistan, http://dbpedia.org/resource/Gilgit%E2%80%93Baltistan, http://dbpedia.org/resource/Xinjiang]"
"13","2","[http://dbpedia.org/resource/China, http://dbpedia.org/resource/Tibet_Autonomous_Region, http://dbpedia.org/resource/Nyalam_County]"
"14","2","[http://dbpedia.org/resource/Pakistan, http://dbpedia.org/resource/Gilgit%E2%80%93Baltistan]"
"15","2","[http://dbpedia.org/resource/Pakistan, http://dbpedia.org/resource/Gilgit%E2%80%93Baltistan]"
"16","2","[http://dbpedia.org/resource/Pakistan, http://dbpedia.org/resource/Gilgit%E2%80%93Baltistan, http://dbpedia.org/resource/Ghanche_District]"
"17","2","[http://dbpedia.org/resource/Chamoli_district, http://dbpedia.org/resource/Uttarakhand, http://dbpedia.org/resource/Bageshwar, http://dbpedia.org/resource/Pithoragarh]"
"18","2","[http://dbpedia.org/resource/China, http://dbpedia.org/resource/Tibet_Autonomous_Region, http://dbpedia.org/resource/Xinjiang]"
"19","2","[http://dbpedia.org/resource/Pakistan, http://dbpedia.org/resource/Nagar_Valley, http://dbpedia.org/resource/Gilgit%E2%80%93Baltistan]"
"360","2","[http://dbpedia.org/resource/Italy, http://dbpedia.org/resource/Haute-Savoie, http://dbpedia.org/resource/France]"
"361","2","http://dbpedia.org/resource/Hawaii_(island)"
"484","2","[http://dbpedia.org/resource/Savoie, http://dbpedia.org/resource/France]"
"363","2","[http://dbpedia.org/resource/Grand_Teton_National_Park, http://dbpedia.org/resource/Wyoming, http://dbpedia.org/resource/Teton_County,_Wyoming]"
"242","2","[http://dbpedia.org/resource/Papua_New_Guinea, http://dbpedia.org/resource/Chimbu_Province, http://dbpedia.org/resource/Western_Highlands_Province, http://dbpedia.org/resource/Madang_Province]"
"364","2","[http://dbpedia.org/resource/Switzerland, http://dbpedia.org/resource/Valais]"
"485","2","[http://dbpedia.org/resource/Italy, http://dbpedia.org/resource/Aosta_Valley, http://dbpedia.org/resource/Savoie]"
"244","2","http://dbpedia.org/resource/Kazakhstan"
"366","2","[http://dbpedia.org/resource/California, http://dbpedia.org/resource/Mono_County,_California, http://dbpedia.org/resource/United_States]"
"124","2","http://dbpedia.org/resource/Yukon"
"245","2","http://dbpedia.org/resource/Yukon"
"487","2","[http://dbpedia.org/resource/Alberta, http://dbpedia.org/resource/British_Columbia, http://dbpedia.org/resource/Canada]"
"488","2","[http://dbpedia.org/resource/Iran, http://dbpedia.org/resource/Hamedan]"
"246","2","[http://dbpedia.org/resource/Switzerland, http://dbpedia.org/resource/Valais]"
"367","2","[http://dbpedia.org/resource/Southeast_Fairbanks_Census_Area,_Alaska, http://dbpedia.org/resource/United_States]"
"125","2","[http://dbpedia.org/resource/Peru, http://dbpedia.org/resource/Ancash_Region]"
"368","2","[http://dbpedia.org/resource/Italy, http://dbpedia.org/resource/Switzerland, http://dbpedia.org/resource/Aosta_Valley, http://dbpedia.org/resource/Valais]"
"369","2","[http://dbpedia.org/resource/Hawaii, http://dbpedia.org/resource/United_States]"
"129","2","[http://dbpedia.org/resource/Burma, http://dbpedia.org/resource/China, http://dbpedia.org/resource/India, http://dbpedia.org/resource/Kachin_State, http://dbpedia.org/resource/Tibet_Autonomous_Region, http://dbpedia.org/resource/Arunachal_Pradesh]"
"20","2","[http://dbpedia.org/resource/Pakistan, http://dbpedia.org/resource/Gilgit%E2%80%93Baltistan]"
"21","2","[http://dbpedia.org/resource/Tibet, http://dbpedia.org/resource/M%C3%AAdog_County, http://dbpedia.org/resource/McMahon_Line, http://dbpedia.org/resource/Nyingchi_Prefecture]"
"22","2","[http://dbpedia.org/resource/India, http://dbpedia.org/resource/Uttarakhand]"
"23","2","[http://dbpedia.org/resource/India, http://dbpedia.org/resource/Uttarakhand]"
"24","2","[http://dbpedia.org/resource/China, http://dbpedia.org/resource/Xinjiang]"
"25","2","[http://dbpedia.org/resource/India, http://dbpedia.org/resource/Siachen_Glacier]"
"26","2","[http://dbpedia.org/resource/China, http://dbpedia.org/resource/Tibet_Autonomous_Region, http://dbpedia.org/resource/Xinjiang]"
"27","2","[http://dbpedia.org/resource/Pakistan, http://dbpedia.org/resource/Gilgit%E2%80%93Baltistan, http://dbpedia.org/resource/Gilgit_District]"
"28","2","[http://dbpedia.org/resource/China, http://dbpedia.org/resource/Akto_County, http://dbpedia.org/resource/Xinjiang]"
"29","2","http://dbpedia.org/resource/Pakistan"
"490","2","[http://dbpedia.org/resource/Italy, http://dbpedia.org/resource/South_Tyrol, http://dbpedia.org/resource/Tyrol_(state), http://dbpedia.org/resource/Austria]"
"370","2","http://dbpedia.org/resource/Morocco"
"250","2","[http://dbpedia.org/resource/Italy, http://dbpedia.org/resource/Switzerland, http://dbpedia.org/resource/Aosta_Valley, http://dbpedia.org/resource/Valais]"
"371","2","[http://dbpedia.org/resource/California, http://dbpedia.org/resource/Inyo_County,_California, http://dbpedia.org/resource/United_States]"
"372","2","[http://dbpedia.org/resource/Italy, http://dbpedia.org/resource/Switzerland, http://dbpedia.org/resource/Aosta_Valley, http://dbpedia.org/resource/Valais]"
"130","2","http://dbpedia.org/resource/Bolivia"
"494","2","[http://dbpedia.org/resource/Idaho, http://dbpedia.org/resource/Butte_County,_Idaho, http://dbpedia.org/resource/United_States]"
"374","2","[http://dbpedia.org/resource/California, http://dbpedia.org/resource/Inyo_County,_California, http://dbpedia.org/resource/Tulare_County,_California, http://dbpedia.org/resource/United_States]"
"132","2","[http://dbpedia.org/resource/Ecuador, http://dbpedia.org/resource/Pichincha_Province]"
"497","2","[http://dbpedia.org/resource/Utah, http://dbpedia.org/resource/Beaver_County,_Utah, http://dbpedia.org/resource/Piute_County,_Utah]"
"134","2","[http://dbpedia.org/resource/Peru, http://dbpedia.org/resource/Ancash_Region]"
"257","2","[http://dbpedia.org/resource/Alaska, http://dbpedia.org/resource/Matanuska-Susitna_Borough,_Alaska]"
"136","2","[http://dbpedia.org/resource/Colombia, http://dbpedia.org/resource/Magdalena_Department]"
"259","2","[http://dbpedia.org/resource/Ethiopia, http://dbpedia.org/resource/Amhara_Region]"
"30","2","http://dbpedia.org/resource/Pakistan"
"31","2","[http://dbpedia.org/resource/Pakistan, http://dbpedia.org/resource/Gilgit%E2%80%93Baltistan]"
"32","2","[http://dbpedia.org/resource/China, http://dbpedia.org/resource/Sichuan, http://dbpedia.org/resource/Garz%C3%AA_Tibetan_Prefecture]"
"33","2","http://dbpedia.org/resource/Bhutan"
"34","2","[http://dbpedia.org/resource/China, http://dbpedia.org/resource/Xinjiang]"
"35","2","[http://dbpedia.org/resource/Tajikistan, http://dbpedia.org/resource/Gorno-Badakhshan_Autonomous_Province]"
"36","2","[http://dbpedia.org/resource/Afghanistan, http://dbpedia.org/resource/Pakistan]"
"37","2","[http://dbpedia.org/resource/China, http://dbpedia.org/resource/Kyrgyzstan]"
"38","2","[http://dbpedia.org/resource/Pakistan, http://dbpedia.org/resource/Gilgit%E2%80%93Baltistan]"
"39","2","[http://dbpedia.org/resource/Pakistan, http://dbpedia.org/resource/Gilgit%E2%80%93Baltistan]"
"261","2","[http://dbpedia.org/resource/Yukon, http://dbpedia.org/resource/Yakutat,_Alaska, http://dbpedia.org/resource/Canada, http://dbpedia.org/resource/United_States]"
"262","2","[http://dbpedia.org/resource/Iran, http://dbpedia.org/resource/Iranian_plateau]"
"383","2","[http://dbpedia.org/resource/Switzerland, http://dbpedia.org/resource/Canton_of_Bern, http://dbpedia.org/resource/Valais]"
"263","2","[http://dbpedia.org/resource/California, http://dbpedia.org/resource/Sequoia_National_Park, http://dbpedia.org/resource/Inyo_National_Forest, http://dbpedia.org/resource/United_States]"
"142","2","[http://dbpedia.org/resource/Peru, http://dbpedia.org/resource/Jun%C3%ADn_Region]"
"266","2","[http://dbpedia.org/resource/Colorado, http://dbpedia.org/resource/Lake_County,_Colorado]"
"146","2","[http://dbpedia.org/resource/Peru, http://dbpedia.org/resource/Ancash_Region]"
"267","2","[http://dbpedia.org/resource/Colorado, http://dbpedia.org/resource/Lake_County,_Colorado]"
"268","2","[http://dbpedia.org/resource/Colorado, http://dbpedia.org/resource/Chaffee_County,_Colorado]"
"389","2","[http://dbpedia.org/resource/Switzerland, http://dbpedia.org/resource/Canton_of_Bern, http://dbpedia.org/resource/Valais]"
"40","2","[http://dbpedia.org/resource/China, http://dbpedia.org/resource/Tibet, http://dbpedia.org/resource/Bhutan, http://dbpedia.org/resource/Thimphu_District]"
"41","2","[http://dbpedia.org/resource/Pakistan, http://dbpedia.org/resource/Gilgit%E2%80%93Baltistan]"
"42","2","[http://dbpedia.org/resource/Pakistan, http://dbpedia.org/resource/Gilgit%E2%80%93Baltistan]"
"44","2","[http://dbpedia.org/resource/Nepal, http://dbpedia.org/resource/Langtang]"
"47","2","[http://dbpedia.org/resource/India, http://dbpedia.org/resource/Jammu_and_Kashmir]"
"48","2","http://dbpedia.org/resource/Kyrgyzstan"
"49","2","[http://dbpedia.org/resource/Khumbu, http://dbpedia.org/resource/Nepal]"
"390","2","[http://dbpedia.org/resource/Nevada, http://dbpedia.org/resource/Elko_County,_Nevada, http://dbpedia.org/resource/United_States]"
"271","2","[http://dbpedia.org/resource/Inyo_County,_California, http://dbpedia.org/resource/United_States]"
"393","2","[http://dbpedia.org/resource/Borneo, http://dbpedia.org/resource/Sabah, http://dbpedia.org/resource/Malaysia]"
"273","2","[http://dbpedia.org/resource/Iran, http://dbpedia.org/resource/Tehran]"
"394","2","[http://dbpedia.org/resource/Sublette_County,_Wyoming, http://dbpedia.org/resource/Wyoming, http://dbpedia.org/resource/Fremont_County,_Wyoming]"
"274","2","[http://dbpedia.org/resource/Iran, http://dbpedia.org/resource/Mazandaran_Province]"
"395","2","[http://dbpedia.org/resource/Switzerland, http://dbpedia.org/resource/Canton_of_Bern]"
"396","2","[http://dbpedia.org/resource/Switzerland, http://dbpedia.org/resource/Valais]"
"276","2","[http://dbpedia.org/resource/Colorado, http://dbpedia.org/resource/Alamosa_County,_Colorado, http://dbpedia.org/resource/Costilla_County,_Colorado, http://dbpedia.org/resource/Huerfano_County,_Colorado]"
"398","2","http://dbpedia.org/resource/Italy"
"277","2","[http://dbpedia.org/resource/Colorado, http://dbpedia.org/resource/Chaffee_County,_Colorado]"
"278","2","[http://dbpedia.org/resource/Papua_New_Guinea, http://dbpedia.org/resource/Southern_Highlands_Province]"
"158","2","[http://dbpedia.org/resource/Colombia, http://dbpedia.org/resource/Sierra_Nevada_del_Cocuy]"
"279","2","[http://dbpedia.org/resource/Colorado, http://dbpedia.org/resource/Hinsdale_County,_Colorado]"
"159","2","[http://dbpedia.org/resource/Yukon, http://dbpedia.org/resource/Yakutat,_Alaska, http://dbpedia.org/resource/Canada, http://dbpedia.org/resource/United_States]"
"50","2","[http://dbpedia.org/resource/Tajikistan, http://dbpedia.org/resource/Gorno-Badakhshan_Autonomous_Province]"
"54","2","http://dbpedia.org/resource/China"
"56","2","http://dbpedia.org/resource/Argentina"
"59","2","[http://dbpedia.org/resource/Khyber_Pakhtunkhwa, http://dbpedia.org/resource/Pakistan, http://dbpedia.org/resource/Gilgit%E2%80%93Baltistan]"
"280","2","[http://dbpedia.org/resource/Colorado, http://dbpedia.org/resource/Custer_County,_Colorado, http://dbpedia.org/resource/Saguache_County,_Colorado]"
"160","2","http://dbpedia.org/resource/Chile"
"281","2","[http://dbpedia.org/resource/Switzerland, http://dbpedia.org/resource/Valais]"
"161","2","[http://dbpedia.org/resource/Peru, http://dbpedia.org/resource/Puno_Region]"
"282","2","[http://dbpedia.org/resource/Park_County,_Colorado, http://dbpedia.org/resource/United_States]"
"284","2","[http://dbpedia.org/resource/Colorado, http://dbpedia.org/resource/Clear_Creek_County,_Colorado, http://dbpedia.org/resource/Summit_County,_Colorado]"
"165","2","http://dbpedia.org/resource/Chile"
"287","2","[http://dbpedia.org/resource/Colorado, http://dbpedia.org/resource/Clear_Creek_County,_Colorado, http://dbpedia.org/resource/Summit_County,_Colorado]"
"288","2","[http://dbpedia.org/resource/Chaffee_County,_Colorado, http://dbpedia.org/resource/United_States]"
"60","2","[http://dbpedia.org/resource/La_Rioja_Province,_Argentina, http://dbpedia.org/resource/Argentina]"
"61","2","[http://dbpedia.org/resource/Khumbu, http://dbpedia.org/resource/Nepal]"
"62","2","http://dbpedia.org/resource/Afghanistan"
"63","2","[http://dbpedia.org/resource/San_Juan_Province,_Argentina, http://dbpedia.org/resource/Argentina]"
"64","2","[http://dbpedia.org/resource/Peru, http://dbpedia.org/resource/Yungay_Province]"
"65","2","http://dbpedia.org/resource/Afghanistan"
"68","2","[http://dbpedia.org/resource/China, http://dbpedia.org/resource/Tibet_Autonomous_Region]"
"290","2","[http://dbpedia.org/resource/Colorado, http://dbpedia.org/resource/Clear_Creek_County,_Colorado]"
"291","2","[http://dbpedia.org/resource/Colorado, http://dbpedia.org/resource/Gunnison_County,_Colorado, http://dbpedia.org/resource/Pitkin_County,_Colorado]"
"292","2","[http://dbpedia.org/resource/Colorado, http://dbpedia.org/resource/Boulder_County,_Colorado]"
"172","2","http://dbpedia.org/resource/Ecuador"
"294","2","[http://dbpedia.org/resource/Colorado, http://dbpedia.org/resource/Dolores_County,_Colorado]"
"173","2","[http://dbpedia.org/resource/Alaska, http://dbpedia.org/resource/Denali_Borough,_Alaska]"
"295","2","[http://dbpedia.org/resource/California, http://dbpedia.org/resource/Mono_County,_California]"
"296","2","[http://dbpedia.org/resource/California, http://dbpedia.org/resource/Fresno_County,_California, http://dbpedia.org/resource/United_States]"
"297","2","[http://dbpedia.org/resource/Colorado, http://dbpedia.org/resource/Chaffee_County,_Colorado]"
"176","2","[http://dbpedia.org/resource/Puebla, http://dbpedia.org/resource/State_of_Mexico, http://dbpedia.org/resource/Mexico]"
"298","2","[http://dbpedia.org/resource/Colorado, http://dbpedia.org/resource/Chaffee_County,_Colorado]"
"299","2","[http://dbpedia.org/resource/California, http://dbpedia.org/resource/Fresno_County,_California, http://dbpedia.org/resource/United_States]"
"179","2","http://dbpedia.org/resource/Yukon"
"72","2","[http://dbpedia.org/resource/Peru, http://dbpedia.org/resource/Ancash_Region]"
"77","2","http://dbpedia.org/resource/Pakistan"
"78","2","[http://dbpedia.org/resource/Bolivia, http://dbpedia.org/resource/La_Paz_Department_(Bolivia)]"
"79","2","http://dbpedia.org/resource/Nepal"
"187","2","[http://dbpedia.org/resource/Russia, http://dbpedia.org/resource/Kabardino-Balkaria]"
"80","2","[http://dbpedia.org/resource/Bolivia, http://dbpedia.org/resource/La_Paz_Department_(Bolivia)]"
"82","2","http://dbpedia.org/resource/Peru"
"83","2","[http://dbpedia.org/resource/Peru, http://dbpedia.org/resource/Yungay_Province, http://dbpedia.org/resource/Ancash_Region]"
"84","2","http://dbpedia.org/resource/Argentina"
"85","2","[http://dbpedia.org/resource/Peru, http://dbpedia.org/resource/Cusco_Region]"
"86","2","[http://dbpedia.org/resource/Bolivia, http://dbpedia.org/resource/La_Paz_Department_(Bolivia), http://dbpedia.org/resource/Larecaja_Province, http://dbpedia.org/resource/Sorata_Municipality, http://dbpedia.org/resource/Ancoma_Canton]"
"192","2","http://dbpedia.org/resource/Antarctica"
"193","2","[http://dbpedia.org/resource/Uganda, http://dbpedia.org/resource/Democratic_Republic_of_the_Congo]"
"195","2","[http://dbpedia.org/resource/Uganda, http://dbpedia.org/resource/Democratic_Republic_of_the_Congo]"
"199","2","http://dbpedia.org/resource/Yukon"
"92","2","[http://dbpedia.org/resource/Peru, http://dbpedia.org/resource/Ancash_Region]"
"93","2","[http://dbpedia.org/resource/Chile, http://dbpedia.org/resource/Argentina]"
"96","2","[http://dbpedia.org/resource/China, http://dbpedia.org/resource/Qinghai]"
"97","2","[http://dbpedia.org/resource/Peru, http://dbpedia.org/resource/Cusco_Region]"
"99","2","http://dbpedia.org/resource/Sichuan"
