"88","3","http://dbpedia.org/resource/Mel_Stuart"
"90","3","http://dbpedia.org/resource/Anthony_Minghella"
"91","3","http://dbpedia.org/resource/Michelangelo_Antonioni"
"92","3","http://dbpedia.org/resource/Rob_Reiner"
"93","3","http://dbpedia.org/resource/Woody_Allen"
"94","3","http://dbpedia.org/resource/Cameron_Crowe"
"95","3","http://dbpedia.org/resource/Steven_Spielberg"
"96","3","http://dbpedia.org/resource/Michael_Mann_(director)"
"97","3","http://dbpedia.org/resource/Steven_Spielberg"
"98","3","http://dbpedia.org/resource/Tobe_Hooper"
"10","3","http://dbpedia.org/resource/Roman_Polanski"
"11","3","http://dbpedia.org/resource/Terrence_Malick"
"99","3","http://dbpedia.org/resource/Randal_Kleiser"
"12","3","http://dbpedia.org/resource/Mel_Brooks"
"13","3","http://dbpedia.org/resource/Ingmar_Bergman"
"14","3","http://dbpedia.org/resource/John_Boorman"
"16","3","http://dbpedia.org/resource/Charlie_Chaplin"
"17","3","http://dbpedia.org/resource/John_Carpenter"
"18","3","http://dbpedia.org/resource/John_Lasseter"
"19","3","http://dbpedia.org/resource/F._W._Murnau"
"1","3","http://dbpedia.org/resource/Jean_Renoir"
"2","3","http://dbpedia.org/resource/Michel_Gondry"
"3","3","http://dbpedia.org/resource/Giuseppe_Tornatore"
"4","3","http://dbpedia.org/resource/George_Lucas"
"5","3","http://dbpedia.org/resource/Steven_Soderbergh"
"6","3","http://dbpedia.org/resource/Howard_Hawks"
"7","3","http://dbpedia.org/resource/John_Hughes_(filmmaker)"
"8","3","http://dbpedia.org/resource/Werner_Herzog"
"9","3","http://dbpedia.org/resource/Peter_Weir"
"21","3","http://dbpedia.org/resource/Ron_Howard"
"22","3","http://dbpedia.org/resource/Alan_J._Pakula"
"23","3","http://dbpedia.org/resource/Robert_Altman"
"24","3","http://dbpedia.org/resource/Quentin_Tarantino"
"25","3","http://dbpedia.org/resource/Coen_brothers"
"26","3","http://dbpedia.org/resource/Stanley_Kubrick"
"27","3","http://dbpedia.org/resource/James_L._Brooks"
"28","3","http://dbpedia.org/resource/Tony_Scott"
"29","3","http://dbpedia.org/resource/George_A._Romero"
"30","3","http://dbpedia.org/resource/F._W._Murnau"
"31","3","http://dbpedia.org/resource/Lewis_Milestone"
"32","3","http://dbpedia.org/resource/Coen_brothers"
"34","3","http://dbpedia.org/resource/Guy_Ritchie"
"35","3","http://dbpedia.org/resource/Rob_Reiner"
"36","3","http://dbpedia.org/resource/Robert_Rossen"
"37","3","http://dbpedia.org/resource/John_Landis"
"38","3","http://dbpedia.org/resource/Wes_Anderson"
"39","3","http://dbpedia.org/resource/Bob_Clark"
"40","3","http://dbpedia.org/resource/Guy_Hamilton"
"41","3","http://dbpedia.org/resource/Stanley_Kubrick"
"42","3","http://dbpedia.org/resource/Fred_Zinnemann"
"43","3","http://dbpedia.org/resource/Krzysztof_Kie%C5%9Blowski"
"44","3","http://dbpedia.org/resource/George_A._Romero"
"45","3","http://dbpedia.org/resource/John_Madden_(director)"
"46","3","http://dbpedia.org/resource/Peter_Bogdanovich"
"47","3","http://dbpedia.org/resource/Robert_Altman"
"48","3","http://dbpedia.org/resource/David_Lean"
"49","3","http://dbpedia.org/resource/Yasujir%C5%8D_Ozu"
"50","3","http://dbpedia.org/resource/Don_Siegel"
"51","3","http://dbpedia.org/resource/Kevin_Smith"
"52","3","http://dbpedia.org/resource/Quentin_Tarantino"
"53","3","http://dbpedia.org/resource/Sydney_Pollack"
"54","3","http://dbpedia.org/resource/Akira_Kurosawa"
"55","3","[http://dbpedia.org/resource/Ben_Sharpsteen, http://dbpedia.org/resource/Larry_Morey, http://dbpedia.org/resource/Wilfred_Jackson, http://dbpedia.org/resource/David_Hand_(animator), http://dbpedia.org/resource/Perce_Pearce]"
"56","3","http://dbpedia.org/resource/Francis_Ford_Coppola"
"57","3","http://dbpedia.org/resource/Guy_Ritchie"
"58","3","http://dbpedia.org/resource/Mel_Brooks"
"59","3","http://dbpedia.org/resource/Robert_Zemeckis"
"60","3","http://dbpedia.org/resource/Hayao_Miyazaki"
"61","3","http://dbpedia.org/resource/Oliver_Stone"
"62","3","http://dbpedia.org/resource/George_Miller_(filmmaker)"
"63","3","http://dbpedia.org/resource/Akira_Kurosawa"
"64","3","http://dbpedia.org/resource/Wim_Wenders"
"65","3","http://dbpedia.org/resource/Sam_Raimi"
"66","3","http://dbpedia.org/resource/Wes_Anderson"
"67","3","http://dbpedia.org/resource/Richard_Attenborough"
"68","3","http://dbpedia.org/resource/Dennis_Hopper"
"69","3","http://dbpedia.org/resource/James_Whale"
"70","3","http://dbpedia.org/resource/Richard_Lester"
"71","3","http://dbpedia.org/resource/Mike_Nichols"
"72","3","http://dbpedia.org/resource/John_Ford"
"73","3","http://dbpedia.org/resource/Billy_Bob_Thornton"
"74","3","http://dbpedia.org/resource/Michelangelo_Antonioni"
"75","3","[http://dbpedia.org/resource/Bobby_Farrelly, http://dbpedia.org/resource/Peter_Farrelly]"
"76","3","http://dbpedia.org/resource/James_Whale"
"77","3","http://dbpedia.org/resource/Marcel_Carn%C3%A9"
"78","3","[http://dbpedia.org/resource/William_Keighley, http://dbpedia.org/resource/Michael_Curtiz]"
"79","3","http://dbpedia.org/resource/George_Cukor"
"80","3","http://dbpedia.org/resource/Terrence_Malick"
"81","3","http://dbpedia.org/resource/Sofia_Coppola"
"82","3","http://dbpedia.org/resource/Hal_Ashby"
"83","3","http://dbpedia.org/resource/Mike_Judge"
"84","3","http://dbpedia.org/resource/Blake_Edwards"
"85","3","http://dbpedia.org/resource/Federico_Fellini"
"86","3","http://dbpedia.org/resource/Andrei_Tarkovsky"
"87","3","http://dbpedia.org/resource/Roman_Polanski"
