"88","2","http://dbpedia.org/resource/United_States"
"89","2","http://dbpedia.org/resource/Germany"
"112","2","http://dbpedia.org/resource/India"
"114","2","http://dbpedia.org/resource/Australia"
"115","2","http://dbpedia.org/resource/Pakistan"
"116","2","http://dbpedia.org/resource/United_States"
"93","2","http://dbpedia.org/resource/Japan"
"97","2","http://dbpedia.org/resource/Nigeria"
"13","2","http://dbpedia.org/resource/United_Kingdom"
"15","2","http://dbpedia.org/resource/Philippines"
"17","2","http://dbpedia.org/resource/Mozambique"
"120","2","http://dbpedia.org/resource/India"
"121","2","http://dbpedia.org/resource/China"
"122","2","http://dbpedia.org/resource/China"
"123","2","http://dbpedia.org/resource/United_States"
"127","2","http://dbpedia.org/resource/Haiti"
"128","2","http://dbpedia.org/resource/United_States"
"20","2","http://dbpedia.org/resource/Morocco"
"22","2","http://dbpedia.org/resource/Iran"
"23","2","http://dbpedia.org/resource/Oman"
"24","2","http://dbpedia.org/resource/Mexico"
"25","2","http://dbpedia.org/resource/Indonesia"
"28","2","http://dbpedia.org/resource/Indonesia"
"131","2","http://dbpedia.org/resource/Czech_Republic"
"132","2","http://dbpedia.org/resource/Mexico"
"134","2","http://dbpedia.org/resource/North_Korea"
"135","2","http://dbpedia.org/resource/China"
"136","2","http://dbpedia.org/resource/China"
"137","2","http://dbpedia.org/resource/China"
"138","2","http://dbpedia.org/resource/China"
"139","2","http://dbpedia.org/resource/Iran"
"32","2","http://dbpedia.org/resource/Australia"
"34","2","http://dbpedia.org/resource/Argentina"
"36","2","http://dbpedia.org/resource/Mexico"
"38","2","http://dbpedia.org/resource/United_States"
"39","2","http://dbpedia.org/resource/China"
"140","2","http://dbpedia.org/resource/China"
"141","2","http://dbpedia.org/resource/Canada"
"142","2","http://dbpedia.org/resource/Philippines"
"143","2","http://dbpedia.org/resource/Ecuador"
"145","2","http://dbpedia.org/resource/India"
"148","2","http://dbpedia.org/resource/Pakistan"
"41","2","http://dbpedia.org/resource/United_States"
"42","2","http://dbpedia.org/resource/United_States"
"43","2","http://dbpedia.org/resource/Belarus"
"46","2","http://dbpedia.org/resource/Kenya"
"47","2","http://dbpedia.org/resource/Liberia"
"48","2","http://dbpedia.org/resource/Mexico"
"49","2","http://dbpedia.org/resource/Uruguay"
"153","2","http://dbpedia.org/resource/Latvia"
"156","2","http://dbpedia.org/resource/China"
"157","2","http://dbpedia.org/resource/United_States"
"159","2","http://dbpedia.org/resource/Argentina"
"51","2","http://dbpedia.org/resource/Canada"
"54","2","http://dbpedia.org/resource/China"
"56","2","http://dbpedia.org/resource/India"
"57","2","http://dbpedia.org/resource/Germany"
"58","2","http://dbpedia.org/resource/Germany"
"59","2","http://dbpedia.org/resource/India"
"162","2","http://dbpedia.org/resource/Netherlands"
"163","2","http://dbpedia.org/resource/China"
"164","2","http://dbpedia.org/resource/China"
"60","2","http://dbpedia.org/resource/Japan"
"62","2","http://dbpedia.org/resource/Kenya"
"64","2","http://dbpedia.org/resource/China"
"65","2","http://dbpedia.org/resource/China"
"66","2","http://dbpedia.org/resource/China"
"67","2","http://dbpedia.org/resource/China"
"69","2","http://dbpedia.org/resource/China"
"71","2","http://dbpedia.org/resource/India"
"78","2","http://dbpedia.org/resource/United_Kingdom"
"79","2","http://dbpedia.org/resource/Mexico"
"102","2","http://dbpedia.org/resource/Nigeria"
"104","2","http://dbpedia.org/resource/Canada"
"106","2","http://dbpedia.org/resource/Indonesia"
"107","2","http://dbpedia.org/resource/Indonesia"
"109","2","http://dbpedia.org/resource/Panama"
"82","2","http://dbpedia.org/resource/China"
"84","2","http://dbpedia.org/resource/United_States"
"87","2","http://dbpedia.org/resource/Germany"
