"350","1","http://dbpedia.org/resource/Byron_Haskin"
"230","1","http://dbpedia.org/resource/Shane_Acker"
"351","1","http://dbpedia.org/resource/Steven_Spielberg"
"110","1","http://dbpedia.org/resource/Tim_Burton"
"352","1","http://dbpedia.org/resource/Zack_Snyder"
"231","1","http://dbpedia.org/resource/Coen_brothers"
"353","1","http://dbpedia.org/resource/David_Dobkin_(director)"
"111","1","http://dbpedia.org/resource/Kevin_Lima"
"232","1","http://dbpedia.org/resource/Alfred_Hitchcock"
"354","1","http://dbpedia.org/resource/Lasse_Hallstr%C3%B6m"
"112","1","http://dbpedia.org/resource/Alex_Gibney"
"113","1","http://dbpedia.org/resource/Michel_Gondry"
"355","1","http://dbpedia.org/resource/Roger_Donaldson"
"234","1","http://dbpedia.org/resource/Steven_Soderbergh"
"114","1","http://dbpedia.org/resource/Banksy"
"356","1","http://dbpedia.org/resource/Darren_Aronofsky"
"235","1","http://dbpedia.org/resource/Steven_Soderbergh"
"236","1","http://dbpedia.org/resource/Mike_Judge"
"115","1","http://dbpedia.org/resource/Stanley_Kubrick"
"237","1","http://dbpedia.org/resource/Todd_Phillips"
"116","1","http://dbpedia.org/resource/Coen_brothers"
"117","1","http://dbpedia.org/resource/Terry_Gilliam"
"238","1","http://dbpedia.org/resource/Park_Chan-wook"
"118","1","http://dbpedia.org/resource/Farrelly_brothers"
"239","1","http://dbpedia.org/resource/John_Carney_(director)"
"119","1","http://dbpedia.org/resource/David_Fincher"
"10","1","http://dbpedia.org/resource/Sam_Mendes"
"11","1","http://dbpedia.org/resource/Ridley_Scott"
"12","1","http://dbpedia.org/resource/Paul_Weitz_(filmmaker)"
"13","1","http://dbpedia.org/resource/J._B._Rogers"
"14","1","http://dbpedia.org/resource/Mary_Harron"
"15","1","http://dbpedia.org/resource/Adam_McKay"
"16","1","http://dbpedia.org/resource/John_Frankenheimer"
"17","1","http://dbpedia.org/resource/Ron_Howard"
"18","1","http://dbpedia.org/resource/Woody_Allen"
"19","1","http://dbpedia.org/resource/Francis_Ford_Coppola"
"240","1","http://dbpedia.org/resource/Milo%C5%A1_Forman"
"241","1","http://dbpedia.org/resource/Adam_McKay"
"120","1","http://dbpedia.org/resource/Andrew_Stanton"
"121","1","http://dbpedia.org/resource/Marc_Forster"
"242","1","http://dbpedia.org/resource/Guillermo_del_Toro"
"1","1","http://dbpedia.org/resource/Danny_Boyle"
"122","1","http://dbpedia.org/resource/Michael_Ritchie_(film_director)"
"243","1","http://dbpedia.org/resource/David_Fincher"
"2","1","http://dbpedia.org/resource/Danny_Boyle"
"244","1","http://dbpedia.org/resource/Franklin_J._Schaffner"
"123","1","http://dbpedia.org/resource/Robert_Schwentke"
"245","1","http://dbpedia.org/resource/Darren_Aronofsky"
"3","1","http://dbpedia.org/resource/Juan_Carlos_Fresnadillo"
"124","1","http://dbpedia.org/resource/Errol_Morris"
"4","1","http://dbpedia.org/resource/Alfred_Hitchcock"
"246","1","http://dbpedia.org/resource/David_Gordon_Green"
"125","1","http://dbpedia.org/resource/Christopher_Nolan"
"126","1","http://dbpedia.org/resource/Nicholas_Stoller"
"5","1","http://dbpedia.org/resource/James_Mangold"
"247","1","http://dbpedia.org/resource/Gore_Verbinski"
"248","1","http://dbpedia.org/resource/Gore_Verbinski"
"6","1","http://dbpedia.org/resource/Spike_Jonze"
"7","1","http://dbpedia.org/resource/Wolfgang_Petersen"
"249","1","http://dbpedia.org/resource/Gore_Verbinski"
"128","1","http://dbpedia.org/resource/Stanley_Kubrick"
"8","1","http://dbpedia.org/resource/Tim_Burton"
"129","1","http://dbpedia.org/resource/Josh_Fox"
"9","1","http://dbpedia.org/resource/John_Hamburg"
"20","1","[http://dbpedia.org/resource/Paul_Provenza, http://dbpedia.org/resource/Penn_Jillette]"
"21","1","http://dbpedia.org/resource/Michael_Bay"
"22","1","http://dbpedia.org/resource/Sam_Raimi"
"23","1","http://dbpedia.org/resource/Jean-Pierre_Melville"
"24","1","http://dbpedia.org/resource/Steven_Spielberg"
"25","1","http://dbpedia.org/resource/Michel_Hazanavicius"
"26","1","http://dbpedia.org/resource/Andrew_Dominik"
"27","1","[http://dbpedia.org/resource/David_Jackson_(director), http://dbpedia.org/resource/Dick_Lowry]"
"28","1","http://dbpedia.org/resource/Joe_Wright"
"29","1","http://dbpedia.org/resource/James_Cameron"
"250","1","http://dbpedia.org/resource/Leslie_Iwerks"
"251","1","http://dbpedia.org/resource/John_McTiernan"
"130","1","http://dbpedia.org/resource/Nicholas_Stoller"
"252","1","http://dbpedia.org/resource/Christopher_Nolan"
"131","1","http://dbpedia.org/resource/Jerry_Zucker_(film_director)"
"253","1","http://dbpedia.org/resource/Garry_Marshall"
"132","1","http://dbpedia.org/resource/Thomas_Carter_(director)"
"254","1","http://dbpedia.org/resource/Joe_Wright"
"133","1","http://dbpedia.org/resource/Luke_Greenfield"
"255","1","http://dbpedia.org/resource/Shane_Carruth"
"134","1","http://dbpedia.org/resource/James_Foley"
"135","1","http://dbpedia.org/resource/Edward_Zwick"
"256","1","http://dbpedia.org/resource/Susan_Stroman"
"136","1","http://dbpedia.org/resource/Doug_Liman"
"257","1","http://dbpedia.org/resource/Mel_Brooks"
"137","1","http://dbpedia.org/resource/Francis_Ford_Coppola"
"258","1","http://dbpedia.org/resource/Michael_Mann_(director)"
"259","1","http://dbpedia.org/resource/Quentin_Tarantino"
"138","1","http://dbpedia.org/resource/Francis_Ford_Coppola"
"30","1","http://dbpedia.org/resource/Martin_Scorsese"
"31","1","http://dbpedia.org/resource/Sam_Mendes"
"32","1","http://dbpedia.org/resource/Michael_McCullers"
"33","1","http://dbpedia.org/resource/Robert_Zemeckis"
"34","1","http://dbpedia.org/resource/Robert_Zemeckis"
"35","1","http://dbpedia.org/resource/Robert_Zemeckis"
"36","1","http://dbpedia.org/resource/Coen_brothers"
"37","1","http://dbpedia.org/resource/Christopher_Nolan"
"38","1","http://dbpedia.org/resource/Kinji_Fukasaku"
"39","1","http://dbpedia.org/resource/Danny_Boyle"
"260","1","http://dbpedia.org/resource/Paul_Thomas_Anderson"
"140","1","http://dbpedia.org/resource/Wolfgang_Becker"
"261","1","http://dbpedia.org/resource/Gabriele_Muccino"
"141","1","http://dbpedia.org/resource/George_Clooney"
"262","1","http://dbpedia.org/resource/Marc_Forster"
"263","1","http://dbpedia.org/resource/Stephen_Frears"
"142","1","http://dbpedia.org/resource/Robert_De_Niro"
"143","1","http://dbpedia.org/resource/Sergio_Leone"
"264","1","http://dbpedia.org/resource/Michael_Rymer"
"144","1","http://dbpedia.org/resource/Martin_Scorsese"
"265","1","http://dbpedia.org/resource/John_Ford"
"145","1","http://dbpedia.org/resource/Bill_Paxton"
"266","1","http://dbpedia.org/resource/Jonathan_Demme"
"267","1","http://dbpedia.org/resource/Coen_brothers"
"146","1","http://dbpedia.org/resource/Todd_Phillips"
"268","1","[http://dbpedia.org/resource/Henriette_Mantel, http://dbpedia.org/resource/Steve_Skrovan]"
"147","1","http://dbpedia.org/resource/George_Miller_(filmmaker)"
"269","1","http://dbpedia.org/resource/Brad_Bird"
"148","1","http://dbpedia.org/resource/Mark_Illsley"
"149","1","http://dbpedia.org/resource/David_Yates"
"40","1","http://dbpedia.org/resource/Simon_J._Smith"
"41","1","http://dbpedia.org/resource/Jay_Chandrasekhar"
"42","1","http://dbpedia.org/resource/Spike_Jonze"
"43","1","http://dbpedia.org/resource/Christopher_Guest"
"44","1","http://dbpedia.org/resource/William_Wyler"
"45","1","http://dbpedia.org/resource/Robert_D._Siegel"
"46","1","http://dbpedia.org/resource/Tim_Burton"
"47","1","http://dbpedia.org/resource/Coen_brothers"
"48","1","http://dbpedia.org/resource/Barry_Sonnenfeld"
"49","1","http://dbpedia.org/resource/Ridley_Scott"
"270","1","http://dbpedia.org/resource/Stephen_Daldry"
"271","1","http://dbpedia.org/resource/Alfred_Hitchcock"
"150","1","http://dbpedia.org/resource/Mike_Newell_(director)"
"151","1","http://dbpedia.org/resource/David_Yates"
"272","1","http://dbpedia.org/resource/Brett_Ratner"
"273","1","http://dbpedia.org/resource/John_Frankenheimer"
"152","1","http://dbpedia.org/resource/David_Yates"
"274","1","http://dbpedia.org/resource/Quentin_Tarantino"
"153","1","http://dbpedia.org/resource/Scott_Hicks"
"154","1","http://dbpedia.org/resource/Gary_Hustwit"
"155","1","http://dbpedia.org/resource/Zhang_Yimou"
"276","1","http://dbpedia.org/resource/John_Hillcoat"
"156","1","http://dbpedia.org/resource/Stephen_Frears"
"277","1","http://dbpedia.org/resource/Rowdy_Herrington"
"278","1","http://dbpedia.org/resource/Sam_Mendes"
"157","1","http://dbpedia.org/resource/Hammer_&_Tongs"
"279","1","http://dbpedia.org/resource/Rob_Reiner"
"158","1","http://dbpedia.org/resource/Edgar_Wright"
"159","1","http://dbpedia.org/resource/John_McTiernan"
"50","1","http://dbpedia.org/resource/Darren_Aronofsky"
"51","1","http://dbpedia.org/resource/Ridley_Scott"
"52","1","http://dbpedia.org/resource/Will_Speck"
"53","1","http://dbpedia.org/resource/Ted_Demme"
"54","1","http://dbpedia.org/resource/Paul_Thomas_Anderson"
"55","1","http://dbpedia.org/resource/Troy_Duffy"
"56","1","http://dbpedia.org/resource/Larry_Charles"
"57","1","http://dbpedia.org/resource/Doug_Liman"
"58","1","http://dbpedia.org/resource/Paul_Greengrass"
"59","1","http://dbpedia.org/resource/Paul_Greengrass"
"280","1","http://dbpedia.org/resource/Ryan_Murphy_(writer)"
"160","1","http://dbpedia.org/resource/Kathryn_Bigelow"
"281","1","http://dbpedia.org/resource/Billy_Wilder"
"161","1","http://dbpedia.org/resource/Francis_Lawrence"
"282","1","http://dbpedia.org/resource/Brian_Dannelly"
"162","1","http://dbpedia.org/resource/David_O._Russell"
"283","1","http://dbpedia.org/resource/Steven_Spielberg"
"284","1","http://dbpedia.org/resource/Richard_Linklater"
"163","1","http://dbpedia.org/resource/John_Hamburg"
"285","1","http://dbpedia.org/resource/Steven_Spielberg"
"164","1","http://dbpedia.org/resource/Alex_Proyas"
"286","1","http://dbpedia.org/resource/Gary_Ross"
"165","1","http://dbpedia.org/resource/Mike_Judge"
"166","1","http://dbpedia.org/resource/Paul_Weitz_(filmmaker)"
"287","1","http://dbpedia.org/resource/Don_Bluth"
"288","1","http://dbpedia.org/resource/Clark_Johnson"
"167","1","http://dbpedia.org/resource/Davis_Guggenheim"
"289","1","http://dbpedia.org/resource/David_Fincher"
"168","1","http://dbpedia.org/resource/Brad_Bird"
"169","1","http://dbpedia.org/resource/Steven_Spielberg"
"60","1","http://dbpedia.org/resource/Michael_Moore"
"61","1","[http://dbpedia.org/resource/Heidi_Ewing, http://dbpedia.org/resource/Rachel_Grady]"
"62","1","http://dbpedia.org/resource/Gary_Winick"
"63","1","http://dbpedia.org/resource/Ang_Lee"
"64","1","http://dbpedia.org/resource/Robert_De_Niro"
"65","1","http://dbpedia.org/resource/Coen_brothers"
"66","1","http://dbpedia.org/resource/Bennett_Miller"
"67","1","http://dbpedia.org/resource/Michael_Curtiz"
"68","1","http://dbpedia.org/resource/Martin_Scorsese"
"69","1","http://dbpedia.org/resource/Martin_Campbell"
"290","1","http://dbpedia.org/resource/Edgar_Wright"
"291","1","http://dbpedia.org/resource/Guy_Ritchie"
"170","1","http://dbpedia.org/resource/Steven_Soderbergh"
"171","1","http://dbpedia.org/resource/Quentin_Tarantino"
"292","1","http://dbpedia.org/resource/Stanley_Kubrick"
"293","1","http://dbpedia.org/resource/Alexander_Payne"
"172","1","http://dbpedia.org/resource/Michael_Mann_(director)"
"173","1","http://dbpedia.org/resource/Sean_Penn"
"294","1","http://dbpedia.org/resource/Jonathan_Demme"
"174","1","http://dbpedia.org/resource/Ricky_Gervais"
"295","1","http://dbpedia.org/resource/Andrew_Niccol"
"175","1","http://dbpedia.org/resource/Jon_Favreau"
"297","1","http://dbpedia.org/resource/Tom_Ford"
"298","1","http://dbpedia.org/resource/M._Night_Shyamalan"
"177","1","http://dbpedia.org/resource/Jason_Reitman"
"299","1","http://dbpedia.org/resource/Nora_Ephron"
"178","1","http://dbpedia.org/resource/Steven_Spielberg"
"179","1","http://dbpedia.org/resource/Joe_Johnston"
"70","1","http://dbpedia.org/resource/Steven_Spielberg"
"71","1","http://dbpedia.org/resource/Tim_Burton"
"72","1","http://dbpedia.org/resource/Jon_Poll"
"73","1","http://dbpedia.org/resource/Mike_Nichols"
"74","1","http://dbpedia.org/resource/McG"
"75","1","http://dbpedia.org/resource/Alfonso_Cuar%C3%B3n"
"76","1","http://dbpedia.org/resource/Lasse_Hallstr%C3%B6m"
"77","1","http://dbpedia.org/resource/Ron_Howard"
"78","1","http://dbpedia.org/resource/Orson_Welles"
"79","1","http://dbpedia.org/resource/Lewis_John_Carlino"
"180","1","http://dbpedia.org/resource/Matthew_Vaughn"
"181","1","http://dbpedia.org/resource/Quentin_Tarantino"
"182","1","http://dbpedia.org/resource/Quentin_Tarantino"
"183","1","http://dbpedia.org/resource/Peter_Jackson"
"184","1","http://dbpedia.org/resource/Steven_Soderbergh"
"185","1","http://dbpedia.org/resource/Tom_Hooper"
"186","1","http://dbpedia.org/resource/Shane_Black"
"187","1","http://dbpedia.org/resource/Judd_Apatow"
"188","1","http://dbpedia.org/resource/Stephen_Chow"
"189","1","http://dbpedia.org/resource/Jim_Henson"
"80","1","http://dbpedia.org/resource/Kevin_Smith"
"81","1","http://dbpedia.org/resource/Frank_Coraci"
"82","1","http://dbpedia.org/resource/Stanley_Kubrick"
"83","1","http://dbpedia.org/resource/Mike_Nichols"
"84","1","http://dbpedia.org/resource/Anthony_Minghella"
"85","1","http://dbpedia.org/resource/Michael_Mann_(director)"
"86","1","[http://dbpedia.org/resource/Tim_Burton, http://dbpedia.org/resource/Mike_Johnson_(animator)]"
"87","1","http://dbpedia.org/resource/Paul_Haggis"
"88","1","http://dbpedia.org/resource/Scott_Cooper_(director)"
"89","1","http://dbpedia.org/resource/Ang_Lee"
"190","1","http://dbpedia.org/resource/Craig_Gillespie"
"191","1","http://dbpedia.org/resource/Jonathan_Dayton_and_Valerie_Faris"
"192","1","http://dbpedia.org/resource/Florian_Henckel_von_Donnersmarck"
"193","1","http://dbpedia.org/resource/Guy_Ritchie"
"194","1","http://dbpedia.org/resource/Andrew_Niccol"
"195","1","http://dbpedia.org/resource/Sofia_Coppola"
"196","1","http://dbpedia.org/resource/Steven_Spielberg"
"197","1","http://dbpedia.org/resource/Richard_Curtis"
"198","1","http://dbpedia.org/resource/Brad_Anderson_(director)"
"199","1","http://dbpedia.org/resource/Marilyn_Argrelo"
"90","1","http://dbpedia.org/resource/David_Fincher"
"91","1","http://dbpedia.org/resource/Peter_Hedges"
"92","1","http://dbpedia.org/resource/Christopher_Nolan"
"93","1","http://dbpedia.org/resource/Wolfgang_Petersen"
"94","1","http://dbpedia.org/resource/Roland_Emmerich"
"96","1","http://dbpedia.org/resource/Paul_W._S._Anderson"
"97","1","http://dbpedia.org/resource/Martin_Scorsese"
"98","1","http://dbpedia.org/resource/David_Frankel"
"99","1","http://dbpedia.org/resource/Andrew_Fleming"
"300","1","http://dbpedia.org/resource/Danny_Boyle"
"301","1","http://dbpedia.org/resource/David_Fincher"
"302","1","http://dbpedia.org/resource/Trey_Parker"
"303","1","http://dbpedia.org/resource/Clint_Eastwood"
"304","1","http://dbpedia.org/resource/James_L._Brooks"
"305","1","http://dbpedia.org/resource/Barry_Levinson"
"306","1","http://dbpedia.org/resource/Sam_Raimi"
"307","1","http://dbpedia.org/resource/Sam_Raimi"
"308","1","http://dbpedia.org/resource/Sam_Raimi"
"309","1","http://dbpedia.org/resource/George_Lucas"
"310","1","http://dbpedia.org/resource/Kevin_Macdonald_(director)"
"311","1","http://dbpedia.org/resource/Frank_Oz"
"313","1","http://dbpedia.org/resource/Marc_Forster"
"314","1","http://dbpedia.org/resource/Jay_Chandrasekhar"
"315","1","http://dbpedia.org/resource/Greg_Mottola"
"316","1","http://dbpedia.org/resource/Bryan_Singer"
"317","1","http://dbpedia.org/resource/Tim_Burton"
"318","1","http://dbpedia.org/resource/Andy_Tennant"
"319","1","http://dbpedia.org/resource/Stephen_Gaghan"
"320","1","http://dbpedia.org/resource/Pierre_Morel"
"200","1","http://dbpedia.org/resource/John_Whitesell"
"321","1","http://dbpedia.org/resource/Adam_McKay"
"201","1","http://dbpedia.org/resource/Tony_Scott"
"322","1","http://dbpedia.org/resource/Martin_Scorsese"
"202","1","http://dbpedia.org/resource/James_Marsh_(director)"
"323","1","http://dbpedia.org/resource/Trey_Parker"
"324","1","http://dbpedia.org/resource/McG"
"203","1","http://dbpedia.org/resource/Jonathan_Demme"
"325","1","http://dbpedia.org/resource/Jason_Reitman"
"204","1","http://dbpedia.org/resource/Ridley_Scott"
"326","1","http://dbpedia.org/resource/Wayne_Kramer_(filmmaker)"
"327","1","http://dbpedia.org/resource/Paul_Thomas_Anderson"
"206","1","http://dbpedia.org/resource/The_Wachowskis"
"328","1","http://dbpedia.org/resource/Rob_Reiner"
"329","1","http://dbpedia.org/resource/David_O._Russell"
"208","1","http://dbpedia.org/resource/Mark_Waters_(director)"
"209","1","http://dbpedia.org/resource/Jay_Roach"
"330","1","http://dbpedia.org/resource/Ben_Affleck"
"210","1","http://dbpedia.org/resource/Christopher_Nolan"
"331","1","http://dbpedia.org/resource/John_Landis"
"211","1","http://dbpedia.org/resource/Joe_Berlinger_and_Bruce_Sinofsky"
"332","1","http://dbpedia.org/resource/Antoine_Fuqua"
"333","1","http://dbpedia.org/resource/Peter_Kuran"
"212","1","http://dbpedia.org/resource/Tony_Gilroy"
"213","1","http://dbpedia.org/resource/Clint_Eastwood"
"334","1","http://dbpedia.org/resource/Joseph_Kosinski"
"335","1","http://dbpedia.org/resource/Ben_Stiller"
"214","1","http://dbpedia.org/resource/Steven_Spielberg"
"336","1","http://dbpedia.org/resource/Terry_Gilliam"
"215","1","http://dbpedia.org/resource/Gavin_O'Connor_(director)"
"337","1","http://dbpedia.org/resource/Catherine_Hardwicke"
"216","1","http://dbpedia.org/resource/J._J._Abrams"
"338","1","http://dbpedia.org/resource/Pete_Docter"
"217","1","http://dbpedia.org/resource/Gil_Kenan"
"339","1","http://dbpedia.org/resource/Jason_Reitman"
"218","1","http://dbpedia.org/resource/Robert_Luketic"
"219","1","[http://dbpedia.org/resource/Terry_Gilliam, http://dbpedia.org/resource/Terry_Jones]"
"340","1","http://dbpedia.org/resource/James_McTeigue"
"220","1","http://dbpedia.org/resource/Walter_Salles"
"341","1","http://dbpedia.org/resource/Bryan_Singer"
"342","1","http://dbpedia.org/resource/Cameron_Crowe"
"221","1","http://dbpedia.org/resource/Doug_Liman"
"222","1","http://dbpedia.org/resource/Errol_Morris"
"101","1","http://dbpedia.org/resource/Richard_Kelly_(director)"
"343","1","http://dbpedia.org/resource/Alfred_Hitchcock"
"344","1","http://dbpedia.org/resource/Barry_Levinson"
"102","1","http://dbpedia.org/resource/John_Patrick_Shanley"
"223","1","http://dbpedia.org/resource/Stephen_Herek"
"224","1","http://dbpedia.org/resource/Brian_Henson"
"345","1","http://dbpedia.org/resource/Don_Hahn"
"103","1","http://dbpedia.org/resource/David_S._Ward"
"225","1","[http://dbpedia.org/resource/Henry_Alex_Rubin, http://dbpedia.org/resource/Dana_Adam_Shapiro]"
"104","1","http://dbpedia.org/resource/Oliver_Hirschbiegel"
"346","1","http://dbpedia.org/resource/Jake_Kasdan"
"347","1","http://dbpedia.org/resource/James_Mangold"
"105","1","http://dbpedia.org/resource/Stanley_Kubrick"
"226","1","http://dbpedia.org/resource/Jared_and_Jerusha_Hess"
"106","1","http://dbpedia.org/resource/Bill_Condon"
"348","1","http://dbpedia.org/resource/Andrew_Stanton"
"227","1","http://dbpedia.org/resource/John_Landis"
"349","1","[http://dbpedia.org/resource/Nick_Park, http://dbpedia.org/resource/Steve_Box]"
"107","1","http://dbpedia.org/resource/Nicolas_Winding_Refn"
"108","1","http://dbpedia.org/resource/Danny_DeVito"
"229","1","http://dbpedia.org/resource/Henry_Selick"
"109","1","http://dbpedia.org/resource/Tim_Burton"
