"111","1","http://dbpedia.org/resource/Luxembourg_(city)"
"113","1","http://dbpedia.org/resource/Antananarivo"
"114","1","http://dbpedia.org/resource/Lilongwe"
"115","1","http://dbpedia.org/resource/Kuala_Lumpur"
"116","1","http://dbpedia.org/resource/Mal%C3%A9"
"117","1","http://dbpedia.org/resource/Bamako"
"118","1","http://dbpedia.org/resource/Valletta"
"10","1","http://dbpedia.org/resource/Oranjestad,_Aruba"
"11","1","http://dbpedia.org/resource/Canberra"
"12","1","http://dbpedia.org/resource/Vienna"
"13","1","http://dbpedia.org/resource/Baku"
"14","1","http://dbpedia.org/resource/Nassau,_Bahamas"
"15","1","http://dbpedia.org/resource/Manama"
"16","1","http://dbpedia.org/resource/Dhaka"
"17","1","http://dbpedia.org/resource/Bridgetown"
"18","1","http://dbpedia.org/resource/Minsk"
"19","1","http://dbpedia.org/resource/Brussels"
"120","1","http://dbpedia.org/resource/Nouakchott"
"1","1","http://dbpedia.org/resource/Kabul"
"122","1","http://dbpedia.org/resource/Mexico_City"
"123","1","http://dbpedia.org/resource/Palikir"
"2","1","http://dbpedia.org/resource/Tirana"
"124","1","http://dbpedia.org/resource/Chi%C8%99in%C4%83u"
"3","1","http://dbpedia.org/resource/Algiers"
"125","1","http://dbpedia.org/resource/Maputo"
"4","1","http://dbpedia.org/resource/Pago_Pago"
"126","1","http://dbpedia.org/resource/Naypyidaw"
"5","1","http://dbpedia.org/resource/Andorra_la_Vella"
"127","1","http://dbpedia.org/resource/Windhoek"
"6","1","http://dbpedia.org/resource/Luanda"
"7","1","http://dbpedia.org/resource/St._John's,_Antigua_and_Barbuda"
"8","1","http://dbpedia.org/resource/Buenos_Aires"
"129","1","http://dbpedia.org/resource/Amsterdam"
"9","1","http://dbpedia.org/resource/Yerevan"
"20","1","http://dbpedia.org/resource/Belmopan"
"21","1","http://dbpedia.org/resource/Porto-Novo"
"22","1","http://dbpedia.org/resource/Thimphu"
"23","1","http://dbpedia.org/resource/Sucre"
"25","1","http://dbpedia.org/resource/Gaborone"
"26","1","http://dbpedia.org/resource/Bras%C3%ADlia"
"27","1","http://dbpedia.org/resource/Road_Town"
"28","1","http://dbpedia.org/resource/Bandar_Seri_Begawan"
"29","1","http://dbpedia.org/resource/Sofia"
"130","1","http://dbpedia.org/resource/Willemstad"
"131","1","http://dbpedia.org/resource/Noum%C3%A9a"
"132","1","http://dbpedia.org/resource/Wellington"
"133","1","http://dbpedia.org/resource/Managua"
"134","1","http://dbpedia.org/resource/Niamey"
"135","1","http://dbpedia.org/resource/Abuja"
"136","1","http://dbpedia.org/resource/Kingston,_Norfolk_Island"
"137","1","http://dbpedia.org/resource/Capitol_Hill,_Saipan"
"139","1","http://dbpedia.org/resource/Muscat,_Oman"
"30","1","http://dbpedia.org/resource/Ouagadougou"
"31","1","http://dbpedia.org/resource/Bujumbura"
"32","1","http://dbpedia.org/resource/Phnom_Penh"
"33","1","http://dbpedia.org/resource/Yaound%C3%A9"
"34","1","http://dbpedia.org/resource/Ottawa"
"35","1","http://dbpedia.org/resource/Praia"
"36","1","http://dbpedia.org/resource/George_Town,_Cayman_Islands"
"37","1","http://dbpedia.org/resource/Bangui"
"38","1","http://dbpedia.org/resource/N'Djamena"
"39","1","http://dbpedia.org/resource/Santiago"
"140","1","http://dbpedia.org/resource/Islamabad"
"141","1","[http://dbpedia.org/resource/Ngerulmud, http://dbpedia.org/resource/Melekeok]"
"142","1","http://dbpedia.org/resource/Panama_City"
"143","1","http://dbpedia.org/resource/Port_Moresby"
"144","1","http://dbpedia.org/resource/Asunci%C3%B3n"
"145","1","http://dbpedia.org/resource/Lima"
"146","1","http://dbpedia.org/resource/Manila"
"149","1","http://dbpedia.org/resource/San_Juan,_Puerto_Rico"
"40","1","http://dbpedia.org/resource/Beijing"
"41","1","http://dbpedia.org/resource/Bogot%C3%A1"
"42","1","http://dbpedia.org/resource/Moroni,_Comoros"
"43","1","http://dbpedia.org/resource/Brazzaville"
"44","1","http://dbpedia.org/resource/San_Jos%C3%A9,_Costa_Rica"
"45","1","http://dbpedia.org/resource/Yamoussoukro"
"47","1","http://dbpedia.org/resource/Havana"
"48","1","http://dbpedia.org/resource/Nicosia"
"49","1","http://dbpedia.org/resource/Prague"
"150","1","http://dbpedia.org/resource/Doha"
"151","1","http://dbpedia.org/resource/Seoul"
"153","1","http://dbpedia.org/resource/Moscow"
"154","1","http://dbpedia.org/resource/Kigali"
"155","1","http://dbpedia.org/resource/Basseterre"
"156","1","http://dbpedia.org/resource/Castries"
"157","1","http://dbpedia.org/resource/Saint-Pierre,_Saint_Pierre_and_Miquelon"
"158","1","http://dbpedia.org/resource/Kingstown"
"159","1","http://dbpedia.org/resource/Apia"
"50","1","http://dbpedia.org/resource/Pyongyang"
"51","1","http://dbpedia.org/resource/Kinshasa"
"53","1","http://dbpedia.org/resource/Djibouti_(city)"
"54","1","http://dbpedia.org/resource/Roseau"
"55","1","http://dbpedia.org/resource/Santo_Domingo"
"56","1","http://dbpedia.org/resource/Dili"
"57","1","http://dbpedia.org/resource/Quito"
"58","1","http://dbpedia.org/resource/Cairo"
"58","1","http://dbpedia.org/resource/Cairo"
"59","1","http://dbpedia.org/resource/San_Salvador"
"160","1","http://dbpedia.org/resource/City_of_San_Marino"
"161","1","http://dbpedia.org/resource/S%C3%A3o_Tom%C3%A9"
"162","1","http://dbpedia.org/resource/Riyadh"
"163","1","http://dbpedia.org/resource/Dakar"
"164","1","http://dbpedia.org/resource/Freetown"
"167","1","http://dbpedia.org/resource/Honiara"
"168","1","http://dbpedia.org/resource/Mogadishu"
"169","1","http://dbpedia.org/resource/Pretoria"
"60","1","http://dbpedia.org/resource/Malabo"
"61","1","http://dbpedia.org/resource/Asmara"
"62","1","http://dbpedia.org/resource/Tallinn"
"63","1","http://dbpedia.org/resource/Addis_Ababa"
"64","1","http://dbpedia.org/resource/Stanley,_Falkland_Islands"
"66","1","http://dbpedia.org/resource/Suva"
"68","1","http://dbpedia.org/resource/Paris"
"170","1","http://dbpedia.org/resource/Madrid"
"171","1","http://dbpedia.org/resource/Khartoum"
"172","1","http://dbpedia.org/resource/Paramaribo"
"176","1","http://dbpedia.org/resource/Damascus"
"177","1","http://dbpedia.org/resource/Dushanbe"
"178","1","http://dbpedia.org/resource/Bangkok"
"179","1","http://dbpedia.org/resource/Skopje"
"70","1","http://dbpedia.org/resource/Papeete"
"71","1","http://dbpedia.org/resource/Libreville"
"72","1","http://dbpedia.org/resource/Banjul"
"73","1","http://dbpedia.org/resource/Tbilisi"
"74","1","http://dbpedia.org/resource/Berlin"
"75","1","http://dbpedia.org/resource/Accra"
"76","1","http://dbpedia.org/resource/Athens"
"79","1","http://dbpedia.org/resource/Guatemala_City"
"180","1","http://dbpedia.org/resource/Lom%C3%A9"
"181","1","http://dbpedia.org/resource/Nuku%CA%BBalofa"
"182","1","http://dbpedia.org/resource/Tunis"
"183","1","http://dbpedia.org/resource/Ankara"
"184","1","http://dbpedia.org/resource/Ashgabat"
"185","1","http://dbpedia.org/resource/Funafuti"
"188","1","http://dbpedia.org/resource/Abu_Dhabi"
"189","1","http://dbpedia.org/resource/London"
"81","1","http://dbpedia.org/resource/Conakry"
"82","1","http://dbpedia.org/resource/Bissau"
"83","1","http://dbpedia.org/resource/Georgetown,_Guyana"
"84","1","http://dbpedia.org/resource/Port-au-Prince"
"86","1","http://dbpedia.org/resource/Tegucigalpa"
"87","1","http://dbpedia.org/resource/Budapest"
"88","1","http://dbpedia.org/resource/Reykjav%C3%ADk"
"89","1","http://dbpedia.org/resource/New_Delhi"
"190","1","http://dbpedia.org/resource/Dodoma"
"191","1","http://dbpedia.org/resource/Washington,_D.C."
"192","1","http://dbpedia.org/resource/Charlotte_Amalie,_United_States_Virgin_Islands"
"193","1","http://dbpedia.org/resource/Montevideo"
"194","1","http://dbpedia.org/resource/Tashkent"
"195","1","http://dbpedia.org/resource/Port_Vila"
"196","1","http://dbpedia.org/resource/Caracas"
"197","1","http://dbpedia.org/resource/Hanoi"
"198","1","http://dbpedia.org/resource/Belgrade"
"199","1","http://dbpedia.org/resource/Lusaka"
"90","1","http://dbpedia.org/resource/Jakarta"
"91","1","http://dbpedia.org/resource/Tehran"
"92","1","http://dbpedia.org/resource/Baghdad"
"93","1","http://dbpedia.org/resource/Dublin"
"94","1","http://dbpedia.org/resource/Jerusalem"
"95","1","http://dbpedia.org/resource/Rome"
"96","1","http://dbpedia.org/resource/Kingston,_Jamaica"
"97","1","http://dbpedia.org/resource/Amman"
"98","1","http://dbpedia.org/resource/Astana"
"99","1","http://dbpedia.org/resource/Nairobi"
"200","1","http://dbpedia.org/resource/Harare"
"100","1","http://dbpedia.org/resource/South_Tarawa"
"101","1","http://dbpedia.org/resource/Kuwait_City"
"102","1","http://dbpedia.org/resource/Bishkek"
"103","1","http://dbpedia.org/resource/Vientiane"
"105","1","http://dbpedia.org/resource/Beirut"
"106","1","http://dbpedia.org/resource/Maseru"
"107","1","http://dbpedia.org/resource/Monrovia"
"108","1","http://dbpedia.org/resource/Tripoli"
