"89","2","http://dbpedia.org/resource/Germany"
"110","2","http://dbpedia.org/resource/Venezuela"
"112","2","http://dbpedia.org/resource/Morocco"
"114","2","http://dbpedia.org/resource/Philippines"
"115","2","http://dbpedia.org/resource/India"
"116","2","http://dbpedia.org/resource/China"
"118","2","http://dbpedia.org/resource/China"
"92","2","http://dbpedia.org/resource/Australia"
"96","2","http://dbpedia.org/resource/Romania"
"97","2","http://dbpedia.org/resource/South_Korea"
"10","2","http://dbpedia.org/resource/Australia"
"98","2","http://dbpedia.org/resource/Hungary"
"11","2","http://dbpedia.org/resource/India"
"13","2","http://dbpedia.org/resource/India"
"14","2","http://dbpedia.org/resource/Iran"
"120","2","http://dbpedia.org/resource/South_Korea"
"121","2","http://dbpedia.org/resource/China"
"122","2","http://dbpedia.org/resource/China"
"125","2","http://dbpedia.org/resource/Germany"
"126","2","http://dbpedia.org/resource/China"
"5","2","http://dbpedia.org/resource/Mexico"
"127","2","http://dbpedia.org/resource/India"
"6","2","http://dbpedia.org/resource/Ghana"
"7","2","http://dbpedia.org/resource/Saudi_Arabia"
"129","2","http://dbpedia.org/resource/United_States"
"23","2","http://dbpedia.org/resource/Jordan"
"25","2","http://dbpedia.org/resource/India"
"26","2","http://dbpedia.org/resource/Netherlands"
"29","2","http://dbpedia.org/resource/China"
"130","2","http://dbpedia.org/resource/Mexico"
"131","2","http://dbpedia.org/resource/Moldova"
"132","2","http://dbpedia.org/resource/Bangladesh"
"134","2","http://dbpedia.org/resource/United_States"
"135","2","http://dbpedia.org/resource/Indonesia"
"137","2","http://dbpedia.org/resource/Mexico"
"139","2","http://dbpedia.org/resource/United_States"
"33","2","http://dbpedia.org/resource/China"
"36","2","http://dbpedia.org/resource/Kazakhstan"
"141","2","http://dbpedia.org/resource/India"
"142","2","http://dbpedia.org/resource/Germany"
"147","2","http://dbpedia.org/resource/Chile"
"42","2","http://dbpedia.org/resource/India"
"43","2","http://dbpedia.org/resource/United_States"
"44","2","http://dbpedia.org/resource/Iraq"
"47","2","http://dbpedia.org/resource/Mali"
"48","2","http://dbpedia.org/resource/Indonesia"
"49","2","http://dbpedia.org/resource/Indonesia"
"151","2","http://dbpedia.org/resource/Brazil"
"152","2","http://dbpedia.org/resource/South_Korea"
"153","2","http://dbpedia.org/resource/South_Korea"
"158","2","http://dbpedia.org/resource/Saudi_Arabia"
"159","2","http://dbpedia.org/resource/China"
"53","2","http://dbpedia.org/resource/China"
"55","2","http://dbpedia.org/resource/China"
"58","2","http://dbpedia.org/resource/Colombia"
"160","2","http://dbpedia.org/resource/China"
"161","2","http://dbpedia.org/resource/Tanzania"
"163","2","http://dbpedia.org/resource/%7B%7B"
"164","2","http://dbpedia.org/resource/China"
"166","2","http://dbpedia.org/resource/India"
"167","2","http://dbpedia.org/resource/Indonesia"
"168","2","http://dbpedia.org/resource/United_States"
"169","2","http://dbpedia.org/resource/United_States"
"60","2","http://dbpedia.org/resource/China"
"62","2","http://dbpedia.org/resource/China"
"65","2","http://dbpedia.org/resource/Serbia"
"67","2","http://dbpedia.org/resource/China"
"69","2","http://dbpedia.org/resource/Nigeria"
"171","2","http://dbpedia.org/resource/India"
"174","2","http://dbpedia.org/resource/China"
"175","2","http://dbpedia.org/resource/China"
"176","2","http://dbpedia.org/resource/China"
"177","2","http://dbpedia.org/resource/Germany"
"179","2","http://dbpedia.org/resource/Germany"
"70","2","http://dbpedia.org/resource/China"
"73","2","http://dbpedia.org/resource/India"
"74","2","http://dbpedia.org/resource/India"
"75","2","http://dbpedia.org/resource/Germany"
"78","2","http://dbpedia.org/resource/United_Kingdom"
"79","2","http://dbpedia.org/resource/United_Kingdom"
"181","2","http://dbpedia.org/resource/Republic_of_Ireland"
"182","2","http://dbpedia.org/resource/Germany"
"101","2","http://dbpedia.org/resource/Zimbabwe"
"103","2","http://dbpedia.org/resource/South_Korea"
"104","2","http://dbpedia.org/resource/Egypt"
"105","2","http://dbpedia.org/resource/Canada"
"106","2","http://dbpedia.org/resource/Colombia"
"80","2","http://dbpedia.org/resource/Kyrgyzstan"
"107","2","http://dbpedia.org/resource/Philippines"
"81","2","http://dbpedia.org/resource/Indonesia"
"86","2","http://dbpedia.org/resource/China"
