"11","1","http://dbpedia.org/resource/Nintendo_Entertainment_Analysis_&_Development"
"11","2","http://dbpedia.org/resource/Nintendo"
"12","1","http://dbpedia.org/resource/HAL_Laboratory"
"12","2","http://dbpedia.org/resource/Nintendo"
"13","1","[http://dbpedia.org/resource/Midway_Games, http://dbpedia.org/resource/WMS_Industries]"
"13","2","http://dbpedia.org/resource/Nintendo"
"14","1","http://dbpedia.org/resource/Nintendo_Software_Technology"
"14","2","http://dbpedia.org/resource/Nintendo"
"15","1","http://dbpedia.org/resource/Camelot_Software_Planning"
"15","2","http://dbpedia.org/resource/Nintendo"
"16","1","http://dbpedia.org/resource/Nintendo_Entertainment_Analysis_&_Development"
"16","2","http://dbpedia.org/resource/Nintendo"
"17","1","http://dbpedia.org/resource/HAL_Laboratory"
"17","2","http://dbpedia.org/resource/Nintendo"
"18","1","[http://dbpedia.org/resource/Quest_Corporation, http://dbpedia.org/resource/Dual_Corporation]"
"18","2","http://dbpedia.org/resource/Square_Enix"
"19","1","http://dbpedia.org/resource/Camelot_Software_Planning"
"19","2","http://dbpedia.org/resource/Nintendo"
"1","1","http://dbpedia.org/resource/Nintendo_Entertainment_Analysis_&_Development"
"1","2","http://dbpedia.org/resource/Nintendo"
"2","1","http://dbpedia.org/resource/Nintendo_Entertainment_Analysis_&_Development"
"2","2","http://dbpedia.org/resource/Nintendo"
"3","1","http://dbpedia.org/resource/Nintendo_Entertainment_Analysis_&_Development"
"3","2","http://dbpedia.org/resource/Nintendo"
"4","1","http://dbpedia.org/resource/Nintendo_Entertainment_Analysis_&_Development"
"4","2","http://dbpedia.org/resource/Nintendo"
"5","1","http://dbpedia.org/resource/Nintendo_Entertainment_Analysis_&_Development"
"5","2","http://dbpedia.org/resource/Nintendo"
"6","1","http://dbpedia.org/resource/Intelligent_Systems"
"6","2","http://dbpedia.org/resource/Nintendo"
"7","1","http://dbpedia.org/resource/Nintendo_Entertainment_Analysis_&_Development"
"7","2","http://dbpedia.org/resource/Nintendo"
"8","1","http://dbpedia.org/resource/Nintendo_Entertainment_Analysis_&_Development"
"8","2","http://dbpedia.org/resource/Nintendo"
"9","1","[http://dbpedia.org/resource/Nintendo_Research_&_Development_1, http://dbpedia.org/resource/Treasure_(company), http://dbpedia.org/resource/Nintendo_Software_Technology]"
"9","2","http://dbpedia.org/resource/Nintendo"
"20","1","http://dbpedia.org/resource/Hudson_Soft"
"20","2","http://dbpedia.org/resource/Nintendo"
"10","1","[http://dbpedia.org/resource/HAL_Laboratory, http://dbpedia.org/resource/Pax_Softnica]"
"10","2","http://dbpedia.org/resource/Nintendo"
"21","1","http://dbpedia.org/resource/Hudson_Soft"
"21","2","http://dbpedia.org/resource/Nintendo"
