"88","2","http://dbpedia.org/resource/Honduras"
"89","2","http://dbpedia.org/resource/Iran"
"111","2","http://dbpedia.org/resource/United_States"
"114","2","http://dbpedia.org/resource/Tunisia"
"91","2","http://dbpedia.org/resource/China"
"119","2","http://dbpedia.org/resource/South_Korea"
"93","2","http://dbpedia.org/resource/India"
"94","2","http://dbpedia.org/resource/Netherlands"
"95","2","http://dbpedia.org/resource/Greece"
"96","2","http://dbpedia.org/resource/India"
"98","2","http://dbpedia.org/resource/China"
"11","2","http://dbpedia.org/resource/United_States"
"99","2","http://dbpedia.org/resource/China"
"12","2","http://dbpedia.org/resource/United_States"
"16","2","http://dbpedia.org/resource/Mexico"
"19","2","http://dbpedia.org/resource/Bolivia"
"120","2","http://dbpedia.org/resource/China"
"3","2","http://dbpedia.org/resource/United_States"
"125","2","http://dbpedia.org/resource/Canada"
"129","2","http://dbpedia.org/resource/India"
"9","2","http://dbpedia.org/resource/Iraq"
"21","2","http://dbpedia.org/resource/Dominican_Republic"
"22","2","http://dbpedia.org/resource/Mexico"
"23","2","http://dbpedia.org/resource/Dominican_Republic"
"130","2","http://dbpedia.org/resource/LTU"
"131","2","http://dbpedia.org/resource/India"
"135","2","http://dbpedia.org/resource/China"
"138","2","http://dbpedia.org/resource/China"
"139","2","http://dbpedia.org/resource/China"
"32","2","http://dbpedia.org/resource/United_States"
"33","2","http://dbpedia.org/resource/Indonesia"
"35","2","http://dbpedia.org/resource/South_Korea"
"36","2","http://dbpedia.org/resource/South_Korea"
"39","2","http://dbpedia.org/resource/China"
"141","2","http://dbpedia.org/resource/China"
"143","2","http://dbpedia.org/resource/Germany"
"144","2","http://dbpedia.org/resource/China"
"145","2","http://dbpedia.org/resource/China"
"147","2","http://dbpedia.org/resource/China"
"148","2","http://dbpedia.org/resource/China"
"149","2","http://dbpedia.org/resource/China"
"40","2","http://dbpedia.org/resource/China"
"42","2","http://dbpedia.org/resource/China"
"43","2","http://dbpedia.org/resource/China"
"44","2","http://dbpedia.org/resource/China"
"48","2","http://dbpedia.org/resource/China"
"150","2","http://dbpedia.org/resource/China"
"151","2","http://dbpedia.org/resource/Burma"
"152","2","http://dbpedia.org/resource/China"
"157","2","http://dbpedia.org/resource/Indonesia"
"158","2","http://dbpedia.org/resource/Japan"
"159","2","http://dbpedia.org/resource/China"
"56","2","http://dbpedia.org/resource/United_States"
"160","2","http://dbpedia.org/resource/China"
"161","2","http://dbpedia.org/resource/Croatia"
"162","2","http://dbpedia.org/resource/Mexico"
"163","2","http://dbpedia.org/resource/Ukraine"
"164","2","http://dbpedia.org/resource/Nigeria"
"165","2","http://dbpedia.org/resource/China"
"167","2","http://dbpedia.org/resource/China"
"168","2","http://dbpedia.org/resource/China"
"169","2","http://dbpedia.org/resource/China"
"61","2","http://dbpedia.org/resource/China"
"62","2","http://dbpedia.org/resource/China"
"63","2","http://dbpedia.org/resource/Indonesia"
"64","2","http://dbpedia.org/resource/Indonesia"
"66","2","http://dbpedia.org/resource/South_Korea"
"67","2","http://dbpedia.org/resource/China"
"69","2","http://dbpedia.org/resource/Australia"
"71","2","http://dbpedia.org/resource/China"
"76","2","http://dbpedia.org/resource/China"
"78","2","http://dbpedia.org/resource/China"
"79","2","http://dbpedia.org/resource/Estonia"
"100","2","http://dbpedia.org/resource/Mexico"
"103","2","http://dbpedia.org/resource/Japan"
"106","2","http://dbpedia.org/resource/Canada"
"80","2","http://dbpedia.org/resource/United_States"
"84","2","http://dbpedia.org/resource/China"
