"88","3","http://dbpedia.org/resource/Brian_De_Palma"
"89","3","http://dbpedia.org/resource/Werner_Jacobs"
"90","3","http://dbpedia.org/resource/David_Lynch"
"91","3","http://dbpedia.org/resource/John_Lasseter"
"92","3","http://dbpedia.org/resource/John_Frankenheimer"
"93","3","http://dbpedia.org/resource/Sam_Peckinpah"
"94","3","http://dbpedia.org/resource/Steven_Spielberg"
"95","3","http://dbpedia.org/resource/Oliver_Stone"
"96","3","http://dbpedia.org/resource/Rob_Reiner"
"97","3","http://dbpedia.org/resource/John_G._Avildsen"
"10","3","http://dbpedia.org/resource/Francis_Ford_Coppola"
"98","3","http://dbpedia.org/resource/George_Roy_Hill"
"11","3","http://dbpedia.org/resource/Steven_Spielberg"
"99","3","http://dbpedia.org/resource/John_Schlesinger"
"12","3","http://dbpedia.org/resource/Stanley_Kubrick"
"13","3","http://dbpedia.org/resource/Frank_Darabont"
"14","3","http://dbpedia.org/resource/Alfred_Hitchcock"
"15","3","http://dbpedia.org/resource/Irvin_Kershner"
"16","3","http://dbpedia.org/resource/Steven_Spielberg"
"17","3","http://dbpedia.org/resource/Jonathan_Demme"
"18","3","http://dbpedia.org/resource/Milo%C5%A1_Forman"
"19","3","http://dbpedia.org/resource/Stanley_Kubrick"
"1","3","http://dbpedia.org/resource/Francis_Ford_Coppola"
"2","3","http://dbpedia.org/resource/Quentin_Tarantino"
"3","3","http://dbpedia.org/resource/Orson_Welles"
"4","3","http://dbpedia.org/resource/Francis_Ford_Coppola"
"5","3","http://dbpedia.org/resource/George_Lucas"
"6","3","http://dbpedia.org/resource/Martin_Scorsese"
"7","3","http://dbpedia.org/resource/Michael_Curtiz"
"8","3","http://dbpedia.org/resource/Martin_Scorsese"
"9","3","http://dbpedia.org/resource/Stanley_Kubrick"
"20","3","http://dbpedia.org/resource/Steven_Spielberg"
"21","3","http://dbpedia.org/resource/Alfred_Hitchcock"
"22","3","http://dbpedia.org/resource/Alfred_Hitchcock"
"23","3","http://dbpedia.org/resource/Roman_Polanski"
"24","3","http://dbpedia.org/resource/Martin_Scorsese"
"25","3","http://dbpedia.org/resource/Sam_Mendes"
"26","3","http://dbpedia.org/resource/Coen_brothers"
"27","3","http://dbpedia.org/resource/Frank_Capra"
"28","3","http://dbpedia.org/resource/Steven_Spielberg"
"29","3","http://dbpedia.org/resource/Bryan_Singer"
"30","3","http://dbpedia.org/resource/Ridley_Scott"
"31","3","http://dbpedia.org/resource/Alfred_Hitchcock"
"32","3","http://dbpedia.org/resource/Quentin_Tarantino"
"33","3","http://dbpedia.org/resource/Victor_Fleming"
"35","3","http://dbpedia.org/resource/David_Lean"
"36","3","http://dbpedia.org/resource/David_Fincher"
"37","3","http://dbpedia.org/resource/Robert_Zemeckis"
"38","3","http://dbpedia.org/resource/Stanley_Kubrick"
"39","3","http://dbpedia.org/resource/Woody_Allen"
"40","3","http://dbpedia.org/resource/Akira_Kurosawa"
"41","3","http://dbpedia.org/resource/Ridley_Scott"
"42","3","http://dbpedia.org/resource/David_Fincher"
"43","3","http://dbpedia.org/resource/Mike_Nichols"
"44","3","http://dbpedia.org/resource/Peter_Jackson"
"45","3","http://dbpedia.org/resource/Mel_Gibson"
"46","3","http://dbpedia.org/resource/Victor_Fleming"
"47","3","http://dbpedia.org/resource/James_Cameron"
"48","3","[http://dbpedia.org/resource/Gene_Kelly, http://dbpedia.org/resource/Stanley_Donen]"
"49","3","http://dbpedia.org/resource/Carol_Reed"
"50","3","http://dbpedia.org/resource/Billy_Wilder"
"51","3","http://dbpedia.org/resource/Elia_Kazan"
"52","3","http://dbpedia.org/resource/Curtis_Hanson"
"53","3","http://dbpedia.org/resource/Stanley_Kubrick"
"54","3","http://dbpedia.org/resource/Steven_Spielberg"
"55","3","http://dbpedia.org/resource/Sergio_Leone"
"56","3","http://dbpedia.org/resource/Billy_Wilder"
"57","3","http://dbpedia.org/resource/John_Huston"
"58","3","http://dbpedia.org/resource/Richard_Marquand"
"59","3","http://dbpedia.org/resource/Christopher_Nolan"
"60","3","http://dbpedia.org/resource/Robert_Zemeckis"
"61","3","http://dbpedia.org/resource/John_McTiernan"
"62","3","[http://dbpedia.org/resource/Terry_Gilliam, http://dbpedia.org/resource/Terry_Jones]"
"63","3","http://dbpedia.org/resource/James_Cameron"
"64","3","http://dbpedia.org/resource/Robert_Mulligan"
"65","3","http://dbpedia.org/resource/David_Lean"
"66","3","http://dbpedia.org/resource/Milo%C5%A1_Forman"
"67","3","http://dbpedia.org/resource/Oliver_Stone"
"68","3","http://dbpedia.org/resource/Clint_Eastwood"
"69","3","http://dbpedia.org/resource/Michael_Cimino"
"70","3","http://dbpedia.org/resource/William_Friedkin"
"71","3","http://dbpedia.org/resource/Terry_Gilliam"
"72","3","http://dbpedia.org/resource/Ridley_Scott"
"73","3","http://dbpedia.org/resource/James_Cameron"
"74","3","http://dbpedia.org/resource/Peter_Jackson"
"75","3","http://dbpedia.org/resource/Orson_Welles"
"76","3","http://dbpedia.org/resource/Sidney_Lumet"
"77","3","http://dbpedia.org/resource/Billy_Wilder"
"78","3","http://dbpedia.org/resource/Peter_Jackson"
"79","3","http://dbpedia.org/resource/Paul_Thomas_Anderson"
"100","3","http://dbpedia.org/resource/Coen_brothers"
"80","3","http://dbpedia.org/resource/John_Ford"
"81","3","http://dbpedia.org/resource/Joseph_L._Mankiewicz"
"82","3","http://dbpedia.org/resource/James_Cameron"
"83","3","http://dbpedia.org/resource/Steven_Spielberg"
"84","3","http://dbpedia.org/resource/M._Night_Shyamalan"
"85","3","http://dbpedia.org/resource/Michael_Mann_(director)"
"86","3","http://dbpedia.org/resource/Sergio_Leone"
"87","3","http://dbpedia.org/resource/Arthur_Penn"
