"110","2","http://dbpedia.org/resource/India"
"111","2","http://dbpedia.org/resource/Saudi_Arabia"
"114","2","http://dbpedia.org/resource/China"
"115","2","http://dbpedia.org/resource/China"
"117","2","http://dbpedia.org/resource/China"
"119","2","http://dbpedia.org/resource/China"
"11","2","http://dbpedia.org/resource/China"
"12","2","http://dbpedia.org/resource/China"
"17","2","http://dbpedia.org/resource/Germany"
"120","2","http://dbpedia.org/resource/China"
"121","2","http://dbpedia.org/resource/China"
"1","2","http://dbpedia.org/resource/Mexico"
"2","2","http://dbpedia.org/resource/Canada"
"123","2","http://dbpedia.org/resource/India"
"3","2","http://dbpedia.org/resource/Netherlands"
"125","2","http://dbpedia.org/resource/Afghanistan"
"5","2","http://dbpedia.org/resource/Germany"
"127","2","http://dbpedia.org/resource/China"
"6","2","http://dbpedia.org/resource/Iran"
"7","2","http://dbpedia.org/resource/Germany"
"129","2","http://dbpedia.org/resource/Nigeria"
"21","2","http://dbpedia.org/resource/Japan"
"24","2","http://dbpedia.org/resource/China"
"25","2","http://dbpedia.org/resource/China"
"26","2","http://dbpedia.org/resource/China"
"27","2","http://dbpedia.org/resource/China"
"28","2","http://dbpedia.org/resource/China"
"133","2","http://dbpedia.org/resource/Pakistan"
"134","2","http://dbpedia.org/resource/Iran"
"136","2","http://dbpedia.org/resource/Nepal"
"138","2","http://dbpedia.org/resource/Japan"
"32","2","http://dbpedia.org/resource/Germany"
"34","2","http://dbpedia.org/resource/India"
"38","2","http://dbpedia.org/resource/China"
"140","2","http://dbpedia.org/resource/Iran"
"142","2","http://dbpedia.org/resource/Sudan"
"143","2","http://dbpedia.org/resource/Bangladesh"
"145","2","http://dbpedia.org/resource/Jamaica"
"146","2","http://dbpedia.org/resource/The_Democratic_Republic_Of_Congo"
"149","2","http://dbpedia.org/resource/Zambia"
"40","2","http://dbpedia.org/resource/South_Korea"
"41","2","http://dbpedia.org/resource/United_States"
"42","2","http://dbpedia.org/resource/United_States"
"43","2","http://dbpedia.org/resource/Mexico"
"44","2","http://dbpedia.org/resource/China"
"45","2","http://dbpedia.org/resource/China"
"47","2","http://dbpedia.org/resource/Guatemala"
"49","2","http://dbpedia.org/resource/China"
"150","2","http://dbpedia.org/resource/Japan"
"151","2","http://dbpedia.org/resource/India"
"154","2","http://dbpedia.org/resource/India"
"158","2","http://dbpedia.org/resource/Germany"
"50","2","http://dbpedia.org/resource/China"
"52","2","http://dbpedia.org/resource/China"
"53","2","http://dbpedia.org/resource/Pakistan"
"54","2","http://dbpedia.org/resource/India"
"55","2","http://dbpedia.org/resource/India"
"56","2","http://dbpedia.org/resource/South_Korea"
"57","2","http://dbpedia.org/resource/China"
"59","2","http://dbpedia.org/resource/China"
"160","2","http://dbpedia.org/resource/Ghana"
"161","2","http://dbpedia.org/resource/China"
"163","2","http://dbpedia.org/resource/Japan"
"169","2","http://dbpedia.org/resource/China"
"60","2","http://dbpedia.org/resource/China"
"62","2","http://dbpedia.org/resource/Germany"
"64","2","http://dbpedia.org/resource/Japan"
"65","2","http://dbpedia.org/resource/Germany"
"66","2","http://dbpedia.org/resource/North_Korea"
"67","2","http://dbpedia.org/resource/China"
"68","2","http://dbpedia.org/resource/China"
"69","2","http://dbpedia.org/resource/Germany"
"170","2","http://dbpedia.org/resource/China"
"171","2","http://dbpedia.org/resource/China"
"173","2","http://dbpedia.org/resource/United_Kingdom"
"175","2","http://dbpedia.org/resource/Mexico"
"176","2","http://dbpedia.org/resource/China"
"177","2","http://dbpedia.org/resource/China"
"71","2","http://dbpedia.org/resource/India"
"72","2","http://dbpedia.org/resource/India"
"73","2","http://dbpedia.org/resource/Zimbabwe"
"74","2","http://dbpedia.org/resource/China"
"75","2","http://dbpedia.org/resource/Cuba"
"77","2","http://dbpedia.org/resource/China"
"182","2","http://dbpedia.org/resource/China"
"185","2","http://dbpedia.org/resource/China"
"81","2","http://dbpedia.org/resource/China"
"82","2","http://dbpedia.org/resource/China"
"84","2","http://dbpedia.org/resource/Japan"
"86","2","http://dbpedia.org/resource/China"
"191","2","http://dbpedia.org/resource/United_States"
"192","2","http://dbpedia.org/resource/Angola"
"193","2","http://dbpedia.org/resource/Germany"
"198","2","http://dbpedia.org/resource/China"
"199","2","http://dbpedia.org/resource/Zambia"
"90","2","http://dbpedia.org/resource/United_States"
"91","2","http://dbpedia.org/resource/China"
"94","2","http://dbpedia.org/resource/China"
"95","2","http://dbpedia.org/resource/China"
"96","2","http://dbpedia.org/resource/Pakistan"
"97","2","http://dbpedia.org/resource/Pakistan"
"98","2","http://dbpedia.org/resource/Nigeria"
"99","2","http://dbpedia.org/resource/South_Korea"
"200","2","http://dbpedia.org/resource/China"
"100","2","http://dbpedia.org/resource/United_States"
"101","2","http://dbpedia.org/resource/India"
"105","2","http://dbpedia.org/resource/India"
"106","2","http://dbpedia.org/resource/United_States"
"107","2","http://dbpedia.org/resource/India"
"109","2","http://dbpedia.org/resource/India"
