"230","2","http://dbpedia.org/resource/Road_Town"
"230","3","http://dbpedia.org/resource/Road_Town"
"110","2","http://dbpedia.org/resource/Astana"
"110","3","http://dbpedia.org/resource/Astana"
"231","2","http://dbpedia.org/resource/Charlotte_Amalie,_United_States_Virgin_Islands"
"231","3","http://dbpedia.org/resource/Charlotte_Amalie,_United_States_Virgin_Islands"
"111","2","http://dbpedia.org/resource/Nairobi"
"111","3","http://dbpedia.org/resource/Nairobi"
"112","2","http://dbpedia.org/resource/South_Tarawa"
"112","3","http://dbpedia.org/resource/South_Tarawa"
"233","2","http://dbpedia.org/resource/Mata-Utu"
"233","3","http://dbpedia.org/resource/Mata-Utu"
"113","2","http://dbpedia.org/resource/Pyongyang"
"113","3","http://dbpedia.org/resource/Pyongyang"
"234","2","http://dbpedia.org/resource/Sana'a"
"234","3","http://dbpedia.org/resource/Sana'a"
"235","2","http://dbpedia.org/resource/Belgrade"
"235","3","http://dbpedia.org/resource/Belgrade"
"114","2","http://dbpedia.org/resource/Seoul"
"114","3","http://dbpedia.org/resource/Seoul"
"115","2","http://dbpedia.org/resource/Kuwait_City"
"115","3","http://dbpedia.org/resource/Kuwait_City"
"236","2","http://dbpedia.org/resource/Lusaka"
"236","3","http://dbpedia.org/resource/Lusaka"
"237","2","http://dbpedia.org/resource/Harare"
"237","3","http://dbpedia.org/resource/Harare"
"116","2","http://dbpedia.org/resource/Bishkek"
"116","3","http://dbpedia.org/resource/Bishkek"
"117","2","http://dbpedia.org/resource/Vientiane"
"117","3","http://dbpedia.org/resource/Vientiane"
"119","2","http://dbpedia.org/resource/Beirut"
"119","3","http://dbpedia.org/resource/Beirut"
"10","2","http://dbpedia.org/resource/Yerevan"
"10","3","http://dbpedia.org/resource/Yerevan"
"11","2","http://dbpedia.org/resource/Oranjestad,_Aruba"
"11","3","http://dbpedia.org/resource/Oranjestad,_Aruba"
"12","2","http://dbpedia.org/resource/Canberra"
"12","3","http://dbpedia.org/resource/Canberra"
"13","2","http://dbpedia.org/resource/Vienna"
"13","3","http://dbpedia.org/resource/Vienna"
"14","2","http://dbpedia.org/resource/Baku"
"14","3","http://dbpedia.org/resource/Baku"
"16","2","http://dbpedia.org/resource/Nassau,_Bahamas"
"16","3","http://dbpedia.org/resource/Nassau,_Bahamas"
"17","2","http://dbpedia.org/resource/Manama"
"17","3","http://dbpedia.org/resource/Manama"
"18","2","http://dbpedia.org/resource/Dhaka"
"18","3","http://dbpedia.org/resource/Dhaka"
"19","2","http://dbpedia.org/resource/Bridgetown"
"19","3","http://dbpedia.org/resource/Bridgetown"
"120","2","http://dbpedia.org/resource/Maseru"
"120","3","http://dbpedia.org/resource/Maseru"
"121","2","http://dbpedia.org/resource/Monrovia"
"121","3","http://dbpedia.org/resource/Monrovia"
"122","2","http://dbpedia.org/resource/Tripoli"
"122","3","http://dbpedia.org/resource/Tripoli"
"1","2","http://dbpedia.org/resource/Kabul"
"1","3","http://dbpedia.org/resource/Kabul"
"2","2","http://dbpedia.org/resource/Tirana"
"2","3","http://dbpedia.org/resource/Tirana"
"3","2","http://dbpedia.org/resource/Algiers"
"3","3","http://dbpedia.org/resource/Algiers"
"125","2","http://dbpedia.org/resource/Luxembourg_(city)"
"125","3","http://dbpedia.org/resource/Luxembourg_(city)"
"4","2","http://dbpedia.org/resource/Pago_Pago"
"4","3","http://dbpedia.org/resource/Pago_Pago"
"5","2","http://dbpedia.org/resource/Andorra_la_Vella"
"5","3","http://dbpedia.org/resource/Andorra_la_Vella"
"127","2","http://dbpedia.org/resource/Skopje"
"127","3","http://dbpedia.org/resource/Skopje"
"6","2","http://dbpedia.org/resource/Luanda"
"6","3","http://dbpedia.org/resource/Luanda"
"128","2","http://dbpedia.org/resource/Antananarivo"
"128","3","http://dbpedia.org/resource/Antananarivo"
"7","2","http://dbpedia.org/resource/The_Valley,_Anguilla"
"7","3","http://dbpedia.org/resource/The_Valley,_Anguilla"
"8","2","http://dbpedia.org/resource/St._John's,_Antigua_and_Barbuda"
"8","3","http://dbpedia.org/resource/St._John's,_Antigua_and_Barbuda"
"9","2","http://dbpedia.org/resource/Buenos_Aires"
"9","3","http://dbpedia.org/resource/Buenos_Aires"
"20","2","http://dbpedia.org/resource/Minsk"
"20","3","http://dbpedia.org/resource/Minsk"
"21","2","http://dbpedia.org/resource/Brussels"
"21","3","http://dbpedia.org/resource/Brussels"
"22","2","http://dbpedia.org/resource/Belmopan"
"22","3","http://dbpedia.org/resource/Belmopan"
"23","2","http://dbpedia.org/resource/Porto-Novo"
"23","3","http://dbpedia.org/resource/Porto-Novo"
"24","2","http://dbpedia.org/resource/Hamilton,_Bermuda"
"24","3","http://dbpedia.org/resource/Hamilton,_Bermuda"
"25","2","http://dbpedia.org/resource/Thimphu"
"25","3","http://dbpedia.org/resource/Thimphu"
"26","2","http://dbpedia.org/resource/Sucre"
"26","3","http://dbpedia.org/resource/Sucre"
"28","2","http://dbpedia.org/resource/Gaborone"
"28","3","http://dbpedia.org/resource/Gaborone"
"29","2","http://dbpedia.org/resource/Bras%C3%ADlia"
"29","3","http://dbpedia.org/resource/Bras%C3%ADlia"
"130","2","http://dbpedia.org/resource/Lilongwe"
"130","3","http://dbpedia.org/resource/Lilongwe"
"131","2","http://dbpedia.org/resource/Kuala_Lumpur"
"131","3","http://dbpedia.org/resource/Kuala_Lumpur"
"132","2","http://dbpedia.org/resource/Mal%C3%A9"
"132","3","http://dbpedia.org/resource/Mal%C3%A9"
"133","2","http://dbpedia.org/resource/Bamako"
"133","3","http://dbpedia.org/resource/Bamako"
"134","2","http://dbpedia.org/resource/Valletta"
"134","3","http://dbpedia.org/resource/Valletta"
"135","2","http://dbpedia.org/resource/Majuro"
"135","3","http://dbpedia.org/resource/Majuro"
"137","2","http://dbpedia.org/resource/Nouakchott"
"137","3","http://dbpedia.org/resource/Nouakchott"
"138","2","http://dbpedia.org/resource/Port_Louis"
"138","3","http://dbpedia.org/resource/Port_Louis"
"30","2","http://dbpedia.org/resource/Diego_Garcia"
"30","3","http://dbpedia.org/resource/Diego_Garcia"
"31","2","http://dbpedia.org/resource/Bandar_Seri_Begawan"
"31","3","http://dbpedia.org/resource/Bandar_Seri_Begawan"
"32","2","http://dbpedia.org/resource/Sofia"
"32","3","http://dbpedia.org/resource/Sofia"
"33","2","http://dbpedia.org/resource/Ouagadougou"
"33","3","http://dbpedia.org/resource/Ouagadougou"
"34","2","http://dbpedia.org/resource/Bujumbura"
"34","3","http://dbpedia.org/resource/Bujumbura"
"35","2","http://dbpedia.org/resource/Phnom_Penh"
"35","3","http://dbpedia.org/resource/Phnom_Penh"
"36","2","http://dbpedia.org/resource/Yaound%C3%A9"
"36","3","http://dbpedia.org/resource/Yaound%C3%A9"
"37","2","http://dbpedia.org/resource/Ottawa"
"37","3","http://dbpedia.org/resource/Ottawa"
"39","2","http://dbpedia.org/resource/Praia"
"39","3","http://dbpedia.org/resource/Praia"
"140","2","http://dbpedia.org/resource/Mexico_City"
"140","3","http://dbpedia.org/resource/Mexico_City"
"141","2","http://dbpedia.org/resource/Palikir"
"141","3","http://dbpedia.org/resource/Palikir"
"143","2","http://dbpedia.org/resource/Chi%C8%99in%C4%83u"
"143","3","http://dbpedia.org/resource/Chi%C8%99in%C4%83u"
"144","2","http://dbpedia.org/resource/Monaco-Ville"
"144","3","http://dbpedia.org/resource/Monaco-Ville"
"145","2","http://dbpedia.org/resource/Ulan_Bator"
"145","3","http://dbpedia.org/resource/Ulan_Bator"
"146","2","http://dbpedia.org/resource/Brades"
"146","3","http://dbpedia.org/resource/Brades"
"147","2","http://dbpedia.org/resource/Rabat"
"147","3","http://dbpedia.org/resource/Rabat"
"148","2","http://dbpedia.org/resource/Maputo"
"148","3","http://dbpedia.org/resource/Maputo"
"149","2","http://dbpedia.org/resource/Naypyidaw"
"149","3","http://dbpedia.org/resource/Naypyidaw"
"40","2","http://dbpedia.org/resource/George_Town,_Cayman_Islands"
"40","3","http://dbpedia.org/resource/George_Town,_Cayman_Islands"
"41","2","http://dbpedia.org/resource/Bangui"
"41","3","http://dbpedia.org/resource/Bangui"
"42","2","http://dbpedia.org/resource/N'Djamena"
"42","3","http://dbpedia.org/resource/N'Djamena"
"44","2","http://dbpedia.org/resource/Santiago"
"44","3","http://dbpedia.org/resource/Santiago"
"45","2","http://dbpedia.org/resource/Beijing"
"45","3","http://dbpedia.org/resource/Beijing"
"46","2","http://dbpedia.org/resource/Flying_Fish_Cove"
"46","3","http://dbpedia.org/resource/Flying_Fish_Cove"
"47","2","http://dbpedia.org/resource/West_Island,_Cocos_(Keeling)_Islands"
"47","3","http://dbpedia.org/resource/West_Island,_Cocos_(Keeling)_Islands"
"48","2","http://dbpedia.org/resource/Bogot%C3%A1"
"48","3","http://dbpedia.org/resource/Bogot%C3%A1"
"49","2","http://dbpedia.org/resource/Moroni,_Comoros"
"49","3","http://dbpedia.org/resource/Moroni,_Comoros"
"150","2","http://dbpedia.org/resource/Windhoek"
"150","3","http://dbpedia.org/resource/Windhoek"
"151","2","http://dbpedia.org/resource/Yaren_District"
"151","3","http://dbpedia.org/resource/Yaren_District"
"153","2","http://dbpedia.org/resource/Amsterdam"
"153","3","http://dbpedia.org/resource/Amsterdam"
"154","2","http://dbpedia.org/resource/Willemstad"
"154","3","http://dbpedia.org/resource/Willemstad"
"155","2","http://dbpedia.org/resource/Noum%C3%A9a"
"155","3","http://dbpedia.org/resource/Noum%C3%A9a"
"156","2","http://dbpedia.org/resource/Wellington"
"156","3","http://dbpedia.org/resource/Wellington"
"157","2","http://dbpedia.org/resource/Managua"
"157","3","http://dbpedia.org/resource/Managua"
"158","2","http://dbpedia.org/resource/Niamey"
"158","3","http://dbpedia.org/resource/Niamey"
"159","2","http://dbpedia.org/resource/Abuja"
"159","3","http://dbpedia.org/resource/Abuja"
"50","2","http://dbpedia.org/resource/Kinshasa"
"50","3","http://dbpedia.org/resource/Kinshasa"
"51","2","http://dbpedia.org/resource/Brazzaville"
"51","3","http://dbpedia.org/resource/Brazzaville"
"52","2","http://dbpedia.org/resource/Avarua"
"52","3","http://dbpedia.org/resource/Avarua"
"53","2","http://dbpedia.org/resource/San_Jos%C3%A9,_Costa_Rica"
"53","3","http://dbpedia.org/resource/San_Jos%C3%A9,_Costa_Rica"
"54","2","http://dbpedia.org/resource/Yamoussoukro"
"54","3","http://dbpedia.org/resource/Yamoussoukro"
"56","2","http://dbpedia.org/resource/Havana"
"56","3","http://dbpedia.org/resource/Havana"
"57","2","http://dbpedia.org/resource/Nicosia"
"57","3","http://dbpedia.org/resource/Nicosia"
"58","2","http://dbpedia.org/resource/Prague"
"58","3","http://dbpedia.org/resource/Prague"
"160","2","http://dbpedia.org/resource/Alofi"
"160","3","http://dbpedia.org/resource/Alofi"
"161","2","http://dbpedia.org/resource/Kingston,_Norfolk_Island"
"161","3","http://dbpedia.org/resource/Kingston,_Norfolk_Island"
"162","2","http://dbpedia.org/resource/Capitol_Hill,_Saipan"
"162","3","http://dbpedia.org/resource/Capitol_Hill,_Saipan"
"164","2","http://dbpedia.org/resource/Muscat,_Oman"
"164","3","http://dbpedia.org/resource/Muscat,_Oman"
"165","2","http://dbpedia.org/resource/Islamabad"
"165","3","http://dbpedia.org/resource/Islamabad"
"166","2","[http://dbpedia.org/resource/Ngerulmud, http://dbpedia.org/resource/Melekeok]"
"166","3","[http://dbpedia.org/resource/Ngerulmud, http://dbpedia.org/resource/Melekeok]"
"167","2","http://dbpedia.org/resource/Panama_City"
"167","3","http://dbpedia.org/resource/Panama_City"
"168","2","http://dbpedia.org/resource/Port_Moresby"
"168","3","http://dbpedia.org/resource/Port_Moresby"
"169","2","http://dbpedia.org/resource/Asunci%C3%B3n"
"169","3","http://dbpedia.org/resource/Asunci%C3%B3n"
"60","2","http://dbpedia.org/resource/Djibouti_(city)"
"60","3","http://dbpedia.org/resource/Djibouti_(city)"
"61","2","http://dbpedia.org/resource/Roseau"
"61","3","http://dbpedia.org/resource/Roseau"
"62","2","http://dbpedia.org/resource/Santo_Domingo"
"62","3","http://dbpedia.org/resource/Santo_Domingo"
"64","2","http://dbpedia.org/resource/Quito"
"64","3","http://dbpedia.org/resource/Quito"
"65","2","http://dbpedia.org/resource/Cairo"
"65","2","http://dbpedia.org/resource/Cairo"
"65","3","http://dbpedia.org/resource/Cairo"
"65","3","http://dbpedia.org/resource/Cairo"
"66","2","http://dbpedia.org/resource/San_Salvador"
"66","3","http://dbpedia.org/resource/San_Salvador"
"67","2","http://dbpedia.org/resource/Malabo"
"67","3","http://dbpedia.org/resource/Malabo"
"68","2","http://dbpedia.org/resource/Asmara"
"68","3","http://dbpedia.org/resource/Asmara"
"69","2","http://dbpedia.org/resource/Tallinn"
"69","3","http://dbpedia.org/resource/Tallinn"
"170","2","http://dbpedia.org/resource/Lima"
"170","3","http://dbpedia.org/resource/Lima"
"171","2","http://dbpedia.org/resource/Manila"
"171","3","http://dbpedia.org/resource/Manila"
"172","2","http://dbpedia.org/resource/Adamstown,_Pitcairn_Islands"
"172","3","http://dbpedia.org/resource/Adamstown,_Pitcairn_Islands"
"175","2","http://dbpedia.org/resource/San_Juan,_Puerto_Rico"
"175","3","http://dbpedia.org/resource/San_Juan,_Puerto_Rico"
"176","2","http://dbpedia.org/resource/Doha"
"176","3","http://dbpedia.org/resource/Doha"
"179","2","http://dbpedia.org/resource/Moscow"
"179","3","http://dbpedia.org/resource/Moscow"
"70","2","http://dbpedia.org/resource/Addis_Ababa"
"70","3","http://dbpedia.org/resource/Addis_Ababa"
"71","2","http://dbpedia.org/resource/Stanley,_Falkland_Islands"
"71","3","http://dbpedia.org/resource/Stanley,_Falkland_Islands"
"73","2","http://dbpedia.org/resource/Suva"
"73","3","http://dbpedia.org/resource/Suva"
"75","2","http://dbpedia.org/resource/Paris"
"75","3","http://dbpedia.org/resource/Paris"
"77","2","http://dbpedia.org/resource/Papeete"
"77","3","http://dbpedia.org/resource/Papeete"
"78","2","http://dbpedia.org/resource/Libreville"
"78","3","http://dbpedia.org/resource/Libreville"
"180","2","http://dbpedia.org/resource/Kigali"
"180","3","http://dbpedia.org/resource/Kigali"
"181","2","http://dbpedia.org/resource/Apia"
"181","3","http://dbpedia.org/resource/Apia"
"182","2","http://dbpedia.org/resource/City_of_San_Marino"
"182","3","http://dbpedia.org/resource/City_of_San_Marino"
"183","2","http://dbpedia.org/resource/S%C3%A3o_Tom%C3%A9"
"183","3","http://dbpedia.org/resource/S%C3%A3o_Tom%C3%A9"
"184","2","http://dbpedia.org/resource/Riyadh"
"184","3","http://dbpedia.org/resource/Riyadh"
"185","2","http://dbpedia.org/resource/Dakar"
"185","3","http://dbpedia.org/resource/Dakar"
"186","2","http://dbpedia.org/resource/Victoria,_Seychelles"
"186","3","http://dbpedia.org/resource/Victoria,_Seychelles"
"187","2","http://dbpedia.org/resource/Freetown"
"187","3","http://dbpedia.org/resource/Freetown"
"80","2","http://dbpedia.org/resource/Banjul"
"80","3","http://dbpedia.org/resource/Banjul"
"81","2","http://dbpedia.org/resource/Tbilisi"
"81","3","http://dbpedia.org/resource/Tbilisi"
"82","2","http://dbpedia.org/resource/Berlin"
"82","3","http://dbpedia.org/resource/Berlin"
"83","2","http://dbpedia.org/resource/Accra"
"83","3","http://dbpedia.org/resource/Accra"
"84","2","http://dbpedia.org/resource/Gibraltar_national_football_team"
"84","3","http://dbpedia.org/resource/Gibraltar_national_football_team"
"85","2","http://dbpedia.org/resource/Athens"
"85","3","http://dbpedia.org/resource/Athens"
"87","2","http://dbpedia.org/resource/St._George's,_Grenada"
"87","3","http://dbpedia.org/resource/St._George's,_Grenada"
"89","2","http://dbpedia.org/resource/Hag%C3%A5t%C3%B1a,_Guam"
"89","3","http://dbpedia.org/resource/Hag%C3%A5t%C3%B1a,_Guam"
"191","2","http://dbpedia.org/resource/Honiara"
"191","3","http://dbpedia.org/resource/Honiara"
"192","2","http://dbpedia.org/resource/Mogadishu"
"192","3","http://dbpedia.org/resource/Mogadishu"
"193","2","http://dbpedia.org/resource/Pretoria"
"193","3","http://dbpedia.org/resource/Pretoria"
"194","2","http://dbpedia.org/resource/Madrid"
"194","3","http://dbpedia.org/resource/Madrid"
"196","2","http://dbpedia.org/resource/Jamestown,_Saint_Helena"
"196","3","http://dbpedia.org/resource/Jamestown,_Saint_Helena"
"197","2","http://dbpedia.org/resource/Basseterre"
"197","3","http://dbpedia.org/resource/Basseterre"
"198","2","http://dbpedia.org/resource/Castries"
"198","3","http://dbpedia.org/resource/Castries"
"199","2","http://dbpedia.org/resource/Saint-Pierre,_Saint_Pierre_and_Miquelon"
"199","3","http://dbpedia.org/resource/Saint-Pierre,_Saint_Pierre_and_Miquelon"
"90","2","http://dbpedia.org/resource/Guatemala_City"
"90","3","http://dbpedia.org/resource/Guatemala_City"
"91","2","http://dbpedia.org/resource/Conakry"
"91","3","http://dbpedia.org/resource/Conakry"
"92","2","http://dbpedia.org/resource/Bissau"
"92","3","http://dbpedia.org/resource/Bissau"
"93","2","http://dbpedia.org/resource/Georgetown,_Guyana"
"93","3","http://dbpedia.org/resource/Georgetown,_Guyana"
"94","2","http://dbpedia.org/resource/Port-au-Prince"
"94","3","http://dbpedia.org/resource/Port-au-Prince"
"96","2","http://dbpedia.org/resource/Tegucigalpa"
"96","3","http://dbpedia.org/resource/Tegucigalpa"
"98","2","http://dbpedia.org/resource/Budapest"
"98","3","http://dbpedia.org/resource/Budapest"
"99","2","http://dbpedia.org/resource/Reykjav%C3%ADk"
"99","3","http://dbpedia.org/resource/Reykjav%C3%ADk"
"200","2","http://dbpedia.org/resource/Kingstown"
"200","3","http://dbpedia.org/resource/Kingstown"
"201","2","http://dbpedia.org/resource/Khartoum"
"201","3","http://dbpedia.org/resource/Khartoum"
"202","2","http://dbpedia.org/resource/Paramaribo"
"202","3","http://dbpedia.org/resource/Paramaribo"
"203","2","http://dbpedia.org/resource/Longyearbyen"
"203","3","http://dbpedia.org/resource/Longyearbyen"
"207","2","http://dbpedia.org/resource/Damascus"
"207","3","http://dbpedia.org/resource/Damascus"
"208","2","http://dbpedia.org/resource/Taipei"
"208","3","http://dbpedia.org/resource/Taipei"
"209","2","http://dbpedia.org/resource/Dushanbe"
"209","3","http://dbpedia.org/resource/Dushanbe"
"210","2","http://dbpedia.org/resource/Dodoma"
"210","3","http://dbpedia.org/resource/Dodoma"
"211","2","http://dbpedia.org/resource/Bangkok"
"211","3","http://dbpedia.org/resource/Bangkok"
"212","2","http://dbpedia.org/resource/Lom%C3%A9"
"212","3","http://dbpedia.org/resource/Lom%C3%A9"
"213","2","http://dbpedia.org/resource/Nuku%CA%BBalofa"
"213","3","http://dbpedia.org/resource/Nuku%CA%BBalofa"
"215","2","http://dbpedia.org/resource/Tunis"
"215","3","http://dbpedia.org/resource/Tunis"
"216","2","http://dbpedia.org/resource/Ankara"
"216","3","http://dbpedia.org/resource/Ankara"
"217","2","http://dbpedia.org/resource/Ashgabat"
"217","3","http://dbpedia.org/resource/Ashgabat"
"218","2","http://dbpedia.org/resource/Cockburn_Town"
"218","3","http://dbpedia.org/resource/Cockburn_Town"
"219","2","http://dbpedia.org/resource/Funafuti"
"219","3","http://dbpedia.org/resource/Funafuti"
"100","2","http://dbpedia.org/resource/New_Delhi"
"100","3","http://dbpedia.org/resource/New_Delhi"
"101","2","http://dbpedia.org/resource/Jakarta"
"101","3","http://dbpedia.org/resource/Jakarta"
"222","2","http://dbpedia.org/resource/Abu_Dhabi"
"222","3","http://dbpedia.org/resource/Abu_Dhabi"
"102","2","http://dbpedia.org/resource/Tehran"
"102","3","http://dbpedia.org/resource/Tehran"
"223","2","http://dbpedia.org/resource/London"
"223","3","http://dbpedia.org/resource/London"
"224","2","http://dbpedia.org/resource/Washington,_D.C."
"224","3","http://dbpedia.org/resource/Washington,_D.C."
"103","2","http://dbpedia.org/resource/Baghdad"
"103","3","http://dbpedia.org/resource/Baghdad"
"104","2","http://dbpedia.org/resource/Dublin"
"104","3","http://dbpedia.org/resource/Dublin"
"225","2","http://dbpedia.org/resource/Montevideo"
"225","3","http://dbpedia.org/resource/Montevideo"
"105","2","http://dbpedia.org/resource/Jerusalem"
"105","3","http://dbpedia.org/resource/Jerusalem"
"226","2","http://dbpedia.org/resource/Tashkent"
"226","3","http://dbpedia.org/resource/Tashkent"
"227","2","http://dbpedia.org/resource/Port_Vila"
"227","3","http://dbpedia.org/resource/Port_Vila"
"106","2","http://dbpedia.org/resource/Rome"
"106","3","http://dbpedia.org/resource/Rome"
"228","2","http://dbpedia.org/resource/Caracas"
"228","3","http://dbpedia.org/resource/Caracas"
"107","2","http://dbpedia.org/resource/Kingston,_Jamaica"
"107","3","http://dbpedia.org/resource/Kingston,_Jamaica"
"229","2","http://dbpedia.org/resource/Hanoi"
"229","3","http://dbpedia.org/resource/Hanoi"
"108","2","http://dbpedia.org/resource/Tokyo"
"108","3","http://dbpedia.org/resource/Tokyo"
"109","2","http://dbpedia.org/resource/Amman"
"109","3","http://dbpedia.org/resource/Amman"
