"110","2","[http://dbpedia.org/resource/Mammal, http://dbpedia.org/resource/Marsupial]"
"111","2","[http://dbpedia.org/resource/Mammal, http://dbpedia.org/resource/Marsupial]"
"233","2","http://dbpedia.org/resource/Mammal"
"112","2","http://dbpedia.org/resource/Bird"
"234","2","[http://dbpedia.org/resource/Bird, http://dbpedia.org/resource/Neognathae, http://dbpedia.org/resource/Modern_birds]"
"114","2","http://dbpedia.org/resource/Mammal"
"235","2","http://dbpedia.org/resource/Mammal"
"115","2","http://dbpedia.org/resource/Amphibian"
"236","2","http://dbpedia.org/resource/Mammal"
"116","2","http://dbpedia.org/resource/Mammal"
"237","2","http://dbpedia.org/resource/Mammal"
"117","2","http://dbpedia.org/resource/Mammal"
"238","2","http://dbpedia.org/resource/Actinopterygii"
"118","2","http://dbpedia.org/resource/Mammal"
"239","2","http://dbpedia.org/resource/Mammal"
"119","2","http://dbpedia.org/resource/Mammal"
"10","2","http://dbpedia.org/resource/Mammal"
"11","2","http://dbpedia.org/resource/Mammal"
"15","2","http://dbpedia.org/resource/Mammal"
"16","2","http://dbpedia.org/resource/Mammal"
"17","2","http://dbpedia.org/resource/Bird"
"18","2","http://dbpedia.org/resource/Bird"
"19","2","http://dbpedia.org/resource/Malacostraca"
"240","2","http://dbpedia.org/resource/Mammal"
"241","2","http://dbpedia.org/resource/Mammal"
"121","2","http://dbpedia.org/resource/Mammal"
"122","2","[http://dbpedia.org/resource/Reptile, http://dbpedia.org/resource/Anapsid]"
"2","2","http://dbpedia.org/resource/Bird"
"123","2","[http://dbpedia.org/resource/Reptile, http://dbpedia.org/resource/Anapsid]"
"124","2","[http://dbpedia.org/resource/Reptile, http://dbpedia.org/resource/Anapsid]"
"4","2","http://dbpedia.org/resource/Bird"
"126","2","http://dbpedia.org/resource/Bird"
"6","2","http://dbpedia.org/resource/Mammal"
"127","2","http://dbpedia.org/resource/Bird"
"128","2","[http://dbpedia.org/resource/Mammal, http://dbpedia.org/resource/Eutheria]"
"129","2","[http://dbpedia.org/resource/Mammal, http://dbpedia.org/resource/Eutheria]"
"9","2","[http://dbpedia.org/resource/Mammal, http://dbpedia.org/resource/Eutheria]"
"20","2","http://dbpedia.org/resource/Mammal"
"21","2","http://dbpedia.org/resource/Bird"
"22","2","http://dbpedia.org/resource/Reptile"
"23","2","http://dbpedia.org/resource/Mammal"
"24","2","http://dbpedia.org/resource/Mammal"
"25","2","http://dbpedia.org/resource/Mammal"
"26","2","http://dbpedia.org/resource/Mammal"
"27","2","http://dbpedia.org/resource/Bird"
"28","2","http://dbpedia.org/resource/Mammal"
"130","2","[http://dbpedia.org/resource/Mammal, http://dbpedia.org/resource/Eutheria]"
"131","2","http://dbpedia.org/resource/Mammal"
"132","2","http://dbpedia.org/resource/Bird"
"133","2","http://dbpedia.org/resource/Mammal"
"134","2","http://dbpedia.org/resource/Mammal"
"135","2","[http://dbpedia.org/resource/Mammal, http://dbpedia.org/resource/Eutheria]"
"136","2","http://dbpedia.org/resource/Mammal"
"137","2","http://dbpedia.org/resource/Gastropoda"
"138","2","http://dbpedia.org/resource/Mammal"
"139","2","http://dbpedia.org/resource/Bird"
"30","2","http://dbpedia.org/resource/Mammal"
"31","2","http://dbpedia.org/resource/Mammal"
"32","2","http://dbpedia.org/resource/Bird"
"33","2","http://dbpedia.org/resource/Mammal"
"34","2","http://dbpedia.org/resource/Mammal"
"35","2","http://dbpedia.org/resource/Bird"
"36","2","http://dbpedia.org/resource/Bivalvia"
"37","2","http://dbpedia.org/resource/Actinopterygii"
"38","2","http://dbpedia.org/resource/Actinopterygii"
"39","2","http://dbpedia.org/resource/Bird"
"140","2","http://dbpedia.org/resource/Mammal"
"141","2","http://dbpedia.org/resource/Mammal"
"143","2","http://dbpedia.org/resource/Bird"
"145","2","[http://dbpedia.org/resource/Amphibian, http://dbpedia.org/resource/Tetrapod, http://dbpedia.org/resource/Lissamphibia]"
"147","2","http://dbpedia.org/resource/Bird"
"40","2","[http://dbpedia.org/resource/Bird, http://dbpedia.org/resource/Neoaves, http://dbpedia.org/resource/Modern_birds]"
"41","2","http://dbpedia.org/resource/Mammal"
"42","2","[http://dbpedia.org/resource/Mammal, http://dbpedia.org/resource/Eutheria]"
"43","2","http://dbpedia.org/resource/Malacostraca"
"45","2","http://dbpedia.org/resource/Bird"
"46","2","[http://dbpedia.org/resource/Mammal, http://dbpedia.org/resource/Eutheria]"
"47","2","[http://dbpedia.org/resource/Mammal, http://dbpedia.org/resource/Eutheria]"
"48","2","[http://dbpedia.org/resource/Mammal, http://dbpedia.org/resource/Eutheria]"
"49","2","[http://dbpedia.org/resource/Reptile, http://dbpedia.org/resource/Anapsid]"
"150","2","http://dbpedia.org/resource/Mammal"
"151","2","http://dbpedia.org/resource/Mammal"
"155","2","http://dbpedia.org/resource/Bird"
"156","2","http://dbpedia.org/resource/Insect"
"158","2","http://dbpedia.org/resource/Mammal"
"159","2","http://dbpedia.org/resource/Reptile"
"50","2","http://dbpedia.org/resource/Mammal"
"51","2","http://dbpedia.org/resource/Mammal"
"53","2","http://dbpedia.org/resource/Mammal"
"54","2","http://dbpedia.org/resource/Mammal"
"55","2","http://dbpedia.org/resource/Mammal"
"56","2","http://dbpedia.org/resource/Actinopterygii"
"58","2","http://dbpedia.org/resource/Mammal"
"59","2","http://dbpedia.org/resource/Mammal"
"160","2","[http://dbpedia.org/resource/Actinopterygii, http://dbpedia.org/resource/Osteichthyes]"
"161","2","http://dbpedia.org/resource/Bird"
"162","2","http://dbpedia.org/resource/Bird"
"163","2","[http://dbpedia.org/resource/Bird, http://dbpedia.org/resource/Neognathae]"
"164","2","http://dbpedia.org/resource/Gastropoda"
"165","2","http://dbpedia.org/resource/Mammal"
"166","2","http://dbpedia.org/resource/Mammal"
"167","2","http://dbpedia.org/resource/Amphibian"
"168","2","http://dbpedia.org/resource/Mammal"
"169","2","http://dbpedia.org/resource/Mammal"
"60","2","http://dbpedia.org/resource/Mammal"
"61","2","http://dbpedia.org/resource/Mammal"
"62","2","http://dbpedia.org/resource/Mammal"
"63","2","http://dbpedia.org/resource/Reptile"
"64","2","http://dbpedia.org/resource/Malacostraca"
"65","2","http://dbpedia.org/resource/Insect"
"170","2","http://dbpedia.org/resource/Mammal"
"171","2","http://dbpedia.org/resource/Mammal"
"172","2","http://dbpedia.org/resource/Actinopterygii"
"174","2","http://dbpedia.org/resource/Bird"
"175","2","http://dbpedia.org/resource/Mammal"
"176","2","http://dbpedia.org/resource/Mammal"
"177","2","http://dbpedia.org/resource/Mammal"
"178","2","http://dbpedia.org/resource/Mammal"
"179","2","http://dbpedia.org/resource/Mammal"
"71","2","http://dbpedia.org/resource/Mammal"
"72","2","http://dbpedia.org/resource/Mammal"
"73","2","http://dbpedia.org/resource/Mammal"
"75","2","http://dbpedia.org/resource/Reptile"
"76","2","http://dbpedia.org/resource/Mammal"
"77","2","http://dbpedia.org/resource/Mammal"
"78","2","http://dbpedia.org/resource/Mammal"
"79","2","http://dbpedia.org/resource/Mammal"
"180","2","http://dbpedia.org/resource/Mammal"
"181","2","[http://dbpedia.org/resource/Mammal, http://dbpedia.org/resource/Eutheria]"
"182","2","[http://dbpedia.org/resource/Mammal, http://dbpedia.org/resource/Eutheria]"
"183","2","http://dbpedia.org/resource/Bird"
"184","2","http://dbpedia.org/resource/Mammal"
"185","2","http://dbpedia.org/resource/Mammal"
"186","2","http://dbpedia.org/resource/Bird"
"187","2","http://dbpedia.org/resource/Bird"
"189","2","[http://dbpedia.org/resource/Sea_urchin, http://dbpedia.org/resource/Euechinoidea]"
"80","2","http://dbpedia.org/resource/Actinopterygii"
"81","2","http://dbpedia.org/resource/Mammal"
"82","2","http://dbpedia.org/resource/Mammal"
"83","2","http://dbpedia.org/resource/Insect"
"84","2","http://dbpedia.org/resource/Bird"
"85","2","http://dbpedia.org/resource/Bird"
"86","2","http://dbpedia.org/resource/Bird"
"87","2","http://dbpedia.org/resource/Bird"
"89","2","http://dbpedia.org/resource/Mammal"
"190","2","http://dbpedia.org/resource/Bird"
"191","2","http://dbpedia.org/resource/Bird"
"192","2","http://dbpedia.org/resource/Bird"
"193","2","http://dbpedia.org/resource/Bird"
"194","2","http://dbpedia.org/resource/Mammal"
"195","2","http://dbpedia.org/resource/Mammal"
"196","2","http://dbpedia.org/resource/Mammal"
"198","2","http://dbpedia.org/resource/Actinopterygii"
"199","2","http://dbpedia.org/resource/Actinopterygii"
"92","2","http://dbpedia.org/resource/Mammal"
"93","2","http://dbpedia.org/resource/Mammal"
"94","2","http://dbpedia.org/resource/Mammal"
"95","2","http://dbpedia.org/resource/Merostomata"
"97","2","[http://dbpedia.org/resource/Bird, http://dbpedia.org/resource/Neognathae, http://dbpedia.org/resource/Modern_birds]"
"98","2","[http://dbpedia.org/resource/Mammal, http://dbpedia.org/resource/Eutheria]"
"99","2","[http://dbpedia.org/resource/Mammal, http://dbpedia.org/resource/Eutheria]"
"202","2","[http://dbpedia.org/resource/Chondrichthyes, http://dbpedia.org/resource/Elasmobranchii]"
"203","2","[http://dbpedia.org/resource/Chondrichthyes, http://dbpedia.org/resource/Elasmobranchii]"
"206","2","[http://dbpedia.org/resource/Reptile, http://dbpedia.org/resource/Diapsid]"
"207","2","http://dbpedia.org/resource/Mammal"
"208","2","http://dbpedia.org/resource/Mammal"
"209","2","[http://dbpedia.org/resource/Mammal, http://dbpedia.org/resource/Eutheria, http://dbpedia.org/resource/Theria]"
"210","2","[http://dbpedia.org/resource/Mammal, http://dbpedia.org/resource/Eutheria, http://dbpedia.org/resource/Theria]"
"213","2","http://dbpedia.org/resource/Mammal"
"214","2","http://dbpedia.org/resource/Mammal"
"215","2","http://dbpedia.org/resource/Mammal"
"216","2","http://dbpedia.org/resource/Bird"
"217","2","[http://dbpedia.org/resource/Chondrichthyes, http://dbpedia.org/resource/Elasmobranchii]"
"219","2","http://dbpedia.org/resource/Mammal"
"220","2","http://dbpedia.org/resource/Bird"
"221","2","http://dbpedia.org/resource/Bird"
"100","2","http://dbpedia.org/resource/Reptile"
"222","2","http://dbpedia.org/resource/Bird"
"101","2","[http://dbpedia.org/resource/Mammal, http://dbpedia.org/resource/Eutheria]"
"102","2","http://dbpedia.org/resource/Bivalvia"
"103","2","http://dbpedia.org/resource/Mammal"
"104","2","http://dbpedia.org/resource/Mammal"
"105","2","http://dbpedia.org/resource/Mammal"
"227","2","http://dbpedia.org/resource/Mammal"
"106","2","[http://dbpedia.org/resource/Mammal, http://dbpedia.org/resource/Marsupial]"
"107","2","http://dbpedia.org/resource/Insect"
"228","2","http://dbpedia.org/resource/Mammal"
"108","2","http://dbpedia.org/resource/Bird"
"229","2","http://dbpedia.org/resource/Bird"
"109","2","http://dbpedia.org/resource/Gastropoda"
