"23","0","http://dbpedia.org/resource/Pharmaceutical_industry"
"24","0","[http://dbpedia.org/resource/Software, http://dbpedia.org/resource/Computer_hardware]"
"25","0","http://dbpedia.org/resource/Pharmaceutical_industry"
"26","0","http://dbpedia.org/resource/Fast-moving_consumer_goods"
"27","0","http://dbpedia.org/resource/Conglomerate_(company)"
"28","0","http://dbpedia.org/resource/Telecommunication"
"29","0","http://dbpedia.org/resource/Retail"
"30","0","http://dbpedia.org/resource/Mass_media"
"10","0","http://dbpedia.org/resource/Financial_services"
"11","0","http://dbpedia.org/resource/Drink"
"12","0","http://dbpedia.org/resource/Chemical_industry"
"13","0","http://dbpedia.org/resource/List_of_oil_exploration_and_production_companies"
"14","0","http://dbpedia.org/resource/Conglomerate_(company)"
"15","0","http://dbpedia.org/resource/Automotive_industry"
"16","0","[http://dbpedia.org/resource/Software, http://dbpedia.org/resource/Information_technology_consulting, http://dbpedia.org/resource/IT_service_management, http://dbpedia.org/resource/Computer_hardware]"
"17","0","http://dbpedia.org/resource/Retail"
"18","0","http://dbpedia.org/resource/Semiconductor"
"19","0","[http://dbpedia.org/resource/Software, http://dbpedia.org/resource/Information_technology_consulting, http://dbpedia.org/resource/IT_service_management, http://dbpedia.org/resource/Computer_hardware]"
"1","0","http://dbpedia.org/resource/Conglomerate_(company)"
"2","0","http://dbpedia.org/resource/Non-ferrous_metal"
"3","0","http://dbpedia.org/resource/Financial_services"
"4","0","http://dbpedia.org/resource/Financial_services"
"5","0","http://dbpedia.org/resource/Wireless"
"6","0","[http://dbpedia.org/resource/Financial_services, http://dbpedia.org/resource/Bank]"
"8","0","[http://dbpedia.org/resource/Financial_services, http://dbpedia.org/resource/Heavy_equipment]"
"9","0","http://dbpedia.org/resource/Petroleum_industry"
"20","0","[http://dbpedia.org/resource/Medical_equipment, http://dbpedia.org/resource/Pharmaceutical_industry]"
"21","0","[http://dbpedia.org/resource/Financial_services, http://dbpedia.org/resource/Bank]"
