"22","1","http://dbpedia.org/resource/King_Edward_Point"
"23","1","http://dbpedia.org/resource/Seoul"
"24","1","http://dbpedia.org/resource/Madrid"
"26","1","http://dbpedia.org/resource/Khartoum"
"27","1","http://dbpedia.org/resource/Paramaribo"
"28","1","http://dbpedia.org/resource/Longyearbyen"
"10","1","http://dbpedia.org/resource/Riyadh"
"32","1","http://dbpedia.org/resource/Damascus"
"11","1","http://dbpedia.org/resource/Dakar"
"12","1","http://dbpedia.org/resource/Belgrade"
"13","1","http://dbpedia.org/resource/Victoria,_Seychelles"
"14","1","http://dbpedia.org/resource/Freetown"
"18","1","http://dbpedia.org/resource/Honiara"
"19","1","http://dbpedia.org/resource/Mogadishu"
"2","1","http://dbpedia.org/resource/Jamestown,_Saint_Helena"
"3","1","http://dbpedia.org/resource/Basseterre"
"4","1","http://dbpedia.org/resource/Castries"
"5","1","http://dbpedia.org/resource/Saint-Pierre,_Saint_Pierre_and_Miquelon"
"6","1","http://dbpedia.org/resource/Kingstown"
"7","1","http://dbpedia.org/resource/Apia"
"8","1","http://dbpedia.org/resource/City_of_San_Marino"
"9","1","http://dbpedia.org/resource/S%C3%A3o_Tom%C3%A9"
"20","1","http://dbpedia.org/resource/Pretoria"
