"88","3","[http://dbpedia.org/resource/John_Cleese, http://dbpedia.org/resource/Charles_Crichton]"
"89","3","http://dbpedia.org/resource/Sergio_Leone"
"90","3","http://dbpedia.org/resource/Bob_Rafelson"
"91","3","http://dbpedia.org/resource/Sergio_Leone"
"92","3","http://dbpedia.org/resource/Robert_Zemeckis"
"93","3","http://dbpedia.org/resource/James_Whale"
"94","3","http://dbpedia.org/resource/Tod_Browning"
"95","3","http://dbpedia.org/resource/William_Friedkin"
"96","3","http://dbpedia.org/resource/Robert_Rodriguez"
"97","3","http://dbpedia.org/resource/Fred_Zinnemann"
"10","3","http://dbpedia.org/resource/Hugh_Hudson"
"98","3","http://dbpedia.org/resource/Andrew_Davis_(director)"
"11","3","http://dbpedia.org/resource/Kevin_Smith"
"99","3","http://dbpedia.org/resource/Stanley_Kubrick"
"12","3","http://dbpedia.org/resource/Rob_Marshall"
"13","3","http://dbpedia.org/resource/Marcel_Carn%C3%A9"
"14","3","http://dbpedia.org/resource/Roman_Polanski"
"15","3","http://dbpedia.org/resource/Bob_Clark"
"16","3","http://dbpedia.org/resource/Wong_Kar-wai"
"17","3","http://dbpedia.org/resource/Giuseppe_Tornatore"
"18","3","http://dbpedia.org/resource/Orson_Welles"
"19","3","http://dbpedia.org/resource/Charlie_Chaplin"
"1","3","http://dbpedia.org/resource/Bob_Fosse"
"2","3","http://dbpedia.org/resource/Robert_Wiene"
"3","3","http://dbpedia.org/resource/Harold_Ramis"
"4","3","http://dbpedia.org/resource/Brian_De_Palma"
"5","3","http://dbpedia.org/resource/Brian_De_Palma"
"6","3","http://dbpedia.org/resource/Michael_Curtiz"
"7","3","http://dbpedia.org/resource/Martin_Scorsese"
"8","3","http://dbpedia.org/resource/Robert_Zemeckis"
"9","3","http://dbpedia.org/resource/Stanley_Donen"
"20","3","[http://dbpedia.org/resource/Fernando_Meirelles, http://dbpedia.org/resource/K%C3%A1tia_Lund]"
"21","3","http://dbpedia.org/resource/Kevin_Smith"
"22","3","http://dbpedia.org/resource/Stanley_Kubrick"
"23","3","http://dbpedia.org/resource/Steven_Spielberg"
"24","3","http://dbpedia.org/resource/Steven_Spielberg"
"25","3","http://dbpedia.org/resource/Robert_Zemeckis"
"26","3","http://dbpedia.org/resource/Jean-Luc_Godard"
"27","3","http://dbpedia.org/resource/Francis_Ford_Coppola"
"28","3","http://dbpedia.org/resource/Stuart_Rosenberg"
"29","3","http://dbpedia.org/resource/Ingmar_Bergman"
"30","3","http://dbpedia.org/resource/Woody_Allen"
"31","3","http://dbpedia.org/resource/Ang_Lee"
"32","3","http://dbpedia.org/resource/Neil_Jordan"
"33","3","http://dbpedia.org/resource/Lars_von_Trier"
"34","3","http://dbpedia.org/resource/Kevin_Costner"
"35","3","http://dbpedia.org/resource/Alex_Proyas"
"36","3","http://dbpedia.org/resource/George_A._Romero"
"37","3","http://dbpedia.org/resource/Robert_Wise"
"38","3","http://dbpedia.org/resource/Terrence_Malick"
"40","3","http://dbpedia.org/resource/Jim_Jarmusch"
"41","3","http://dbpedia.org/resource/Tim_Robbins"
"42","3","http://dbpedia.org/resource/Peter_Weir"
"44","3","http://dbpedia.org/resource/Michael_Cimino"
"45","3","http://dbpedia.org/resource/John_Boorman"
"46","3","http://dbpedia.org/resource/Henri-Georges_Clouzot"
"47","3","http://dbpedia.org/resource/John_McTiernan"
"48","3","http://dbpedia.org/resource/Don_Siegel"
"49","3","http://dbpedia.org/resource/Luis_Bu%C3%B1uel"
"50","3","http://dbpedia.org/resource/Spike_Lee"
"51","3","http://dbpedia.org/resource/David_Lean"
"52","3","http://dbpedia.org/resource/Sidney_Lumet"
"53","3","http://dbpedia.org/resource/Kevin_Smith"
"54","3","http://dbpedia.org/resource/Federico_Fellini"
"55","3","http://dbpedia.org/resource/Mike_Newell_(director)"
"56","3","http://dbpedia.org/resource/Richard_Kelly_(director)"
"57","3","http://dbpedia.org/resource/Nicolas_Roeg"
"58","3","http://dbpedia.org/resource/Billy_Wilder"
"59","3","http://dbpedia.org/resource/Stanley_Kubrick"
"60","3","http://dbpedia.org/resource/Leo_McCarey"
"61","3","[http://dbpedia.org/resource/Bobby_Farrelly, http://dbpedia.org/resource/Peter_Farrelly]"
"62","3","http://dbpedia.org/resource/Steven_Spielberg"
"63","3","http://dbpedia.org/resource/Dennis_Hopper"
"64","3","http://dbpedia.org/resource/Tim_Burton"
"65","3","http://dbpedia.org/resource/Tim_Burton"
"66","3","http://dbpedia.org/resource/Alexander_Payne"
"67","3","http://dbpedia.org/resource/David_Lynch"
"68","3","http://dbpedia.org/resource/Irvin_Kershner"
"69","3","http://dbpedia.org/resource/Anthony_Minghella"
"70","3","[http://dbpedia.org/resource/Bruce_Lee, http://dbpedia.org/resource/Robert_Clouse]"
"71","3","http://dbpedia.org/resource/David_Lynch"
"72","3","http://dbpedia.org/resource/Michel_Gondry"
"73","3","http://dbpedia.org/resource/Sam_Raimi"
"74","3","http://dbpedia.org/resource/Sam_Raimi"
"75","3","http://dbpedia.org/resource/William_Friedkin"
"76","3","http://dbpedia.org/resource/Stanley_Kubrick"
"78","3","http://dbpedia.org/resource/Ingmar_Bergman"
"80","3","http://dbpedia.org/resource/Coen_brothers"
"81","3","http://dbpedia.org/resource/Terry_Gilliam"
"82","3","http://dbpedia.org/resource/John_Hughes_(filmmaker)"
"83","3","http://dbpedia.org/resource/Rob_Reiner"
"84","3","http://dbpedia.org/resource/Phil_Alden_Robinson"
"85","3","http://dbpedia.org/resource/Luc_Besson"
"86","3","http://dbpedia.org/resource/David_Fincher"
"87","3","http://dbpedia.org/resource/Andrew_Stanton"
