"230","1","http://dbpedia.org/resource/Plectrophenax"
"110","1","http://dbpedia.org/resource/Cyanocitta"
"111","1","http://dbpedia.org/resource/Cyanocitta"
"232","1","http://dbpedia.org/resource/Melospiza"
"112","1","http://dbpedia.org/resource/Aphelocoma"
"233","1","http://dbpedia.org/resource/Melospiza"
"234","1","http://dbpedia.org/resource/Melospiza"
"113","1","http://dbpedia.org/resource/Crow"
"114","1","http://dbpedia.org/resource/Waxwing"
"235","1","http://dbpedia.org/resource/Zonotrichia"
"236","1","http://dbpedia.org/resource/Zonotrichia"
"115","1","http://dbpedia.org/resource/Waxwing"
"116","1","http://dbpedia.org/resource/Poecile"
"237","1","http://dbpedia.org/resource/Zonotrichia"
"238","1","http://dbpedia.org/resource/Zonotrichia"
"117","1","http://dbpedia.org/resource/Poecile"
"239","1","http://dbpedia.org/resource/Junco"
"118","1","http://dbpedia.org/resource/Poecile"
"119","1","http://dbpedia.org/resource/Poecile"
"10","1","http://dbpedia.org/resource/Puffinus"
"11","1","http://dbpedia.org/resource/Puffinus"
"12","1","http://dbpedia.org/resource/Oceanodroma"
"13","1","http://dbpedia.org/resource/Podilymbus"
"14","1","http://dbpedia.org/resource/Butorides"
"16","1","http://dbpedia.org/resource/Cathartes"
"17","1","http://dbpedia.org/resource/Falcon"
"18","1","http://dbpedia.org/resource/Falcon"
"19","1","http://dbpedia.org/resource/Falcon"
"240","1","http://dbpedia.org/resource/Junco"
"120","1","http://dbpedia.org/resource/Poecile"
"242","1","http://dbpedia.org/resource/Ammodramus"
"121","1","http://dbpedia.org/resource/Baeolophus"
"122","1","http://dbpedia.org/resource/Baeolophus"
"243","1","http://dbpedia.org/resource/Ammodramus"
"244","1","http://dbpedia.org/resource/Ammodramus"
"2","1","http://dbpedia.org/resource/Callipepla"
"3","1","http://dbpedia.org/resource/Callipepla"
"245","1","http://dbpedia.org/resource/Spizella"
"124","1","http://dbpedia.org/resource/Riparia"
"246","1","http://dbpedia.org/resource/Spizella"
"125","1","http://dbpedia.org/resource/Tachycineta"
"4","1","http://dbpedia.org/resource/Colinus"
"247","1","http://dbpedia.org/resource/Spizella"
"126","1","http://dbpedia.org/resource/Tachycineta"
"5","1","http://dbpedia.org/resource/Turkey_(bird)"
"248","1","http://dbpedia.org/resource/Spizella"
"127","1","http://dbpedia.org/resource/Progne"
"7","1","http://dbpedia.org/resource/Phasianus"
"128","1","http://dbpedia.org/resource/Stelgidopteryx"
"249","1","http://dbpedia.org/resource/Spizella"
"129","1","http://dbpedia.org/resource/Hirundo"
"9","1","http://dbpedia.org/resource/Stiff-tailed_duck"
"20","1","http://dbpedia.org/resource/Accipiter"
"21","1","http://dbpedia.org/resource/Accipiter"
"22","1","http://dbpedia.org/resource/Accipiter"
"23","1","http://dbpedia.org/resource/Buteo"
"24","1","http://dbpedia.org/resource/Buteo"
"25","1","http://dbpedia.org/resource/Buteo"
"26","1","http://dbpedia.org/resource/Buteo"
"27","1","http://dbpedia.org/resource/Laterallus"
"28","1","http://dbpedia.org/resource/Rallus"
"29","1","http://dbpedia.org/resource/Porzana"
"250","1","http://dbpedia.org/resource/Spizella"
"130","1","http://dbpedia.org/resource/Petrochelidon"
"131","1","http://dbpedia.org/resource/Petrochelidon"
"252","1","http://dbpedia.org/resource/Amphispiza"
"253","1","http://dbpedia.org/resource/Peucaea"
"254","1","http://dbpedia.org/resource/Towhee"
"133","1","http://dbpedia.org/resource/Zosterops"
"255","1","http://dbpedia.org/resource/Towhee"
"134","1","http://dbpedia.org/resource/Kinglet"
"135","1","http://dbpedia.org/resource/Kinglet"
"256","1","http://dbpedia.org/resource/Towhee"
"136","1","http://dbpedia.org/resource/Cistothorus"
"257","1","http://dbpedia.org/resource/Melozone"
"137","1","http://dbpedia.org/resource/Cistothorus"
"258","1","http://dbpedia.org/resource/Melozone"
"259","1","http://dbpedia.org/resource/Paroaria"
"30","1","http://dbpedia.org/resource/Coot"
"31","1","http://dbpedia.org/resource/Charadrius"
"32","1","http://dbpedia.org/resource/Woodcock"
"33","1","http://dbpedia.org/resource/Gallinago"
"34","1","http://dbpedia.org/resource/Larus"
"35","1","http://dbpedia.org/resource/Leucophaeus"
"37","1","http://dbpedia.org/resource/Columba_(genus)"
"38","1","http://dbpedia.org/resource/Patagioenas"
"39","1","http://dbpedia.org/resource/Spilopelia"
"260","1","http://dbpedia.org/resource/Tiaris"
"140","1","http://dbpedia.org/resource/Troglodytes_(wren)"
"261","1","http://dbpedia.org/resource/Piranga"
"262","1","http://dbpedia.org/resource/Piranga"
"141","1","http://dbpedia.org/resource/Troglodytes_(wren)"
"142","1","http://dbpedia.org/resource/Nuthatch"
"263","1","http://dbpedia.org/resource/Piranga"
"143","1","http://dbpedia.org/resource/Nuthatch"
"144","1","http://dbpedia.org/resource/Certhia"
"265","1","http://dbpedia.org/resource/Pheucticus"
"266","1","http://dbpedia.org/resource/Pheucticus"
"267","1","http://dbpedia.org/resource/Cardinalis"
"146","1","http://dbpedia.org/resource/Mimus"
"147","1","http://dbpedia.org/resource/Toxostoma"
"268","1","http://dbpedia.org/resource/Cardinalis"
"148","1","http://dbpedia.org/resource/Toxostoma"
"269","1","http://dbpedia.org/resource/Passerina"
"149","1","http://dbpedia.org/resource/Acridotheres"
"40","1","http://dbpedia.org/resource/Geopelia"
"41","1","http://dbpedia.org/resource/Zenaida_doves"
"42","1","http://dbpedia.org/resource/Zenaida_doves"
"43","1","http://dbpedia.org/resource/Columbina_(genus)"
"44","1","http://dbpedia.org/resource/Columbina_(genus)"
"45","1","http://dbpedia.org/resource/Quail-dove"
"46","1","http://dbpedia.org/resource/Coccyzus"
"47","1","http://dbpedia.org/resource/Coccyzus"
"48","1","http://dbpedia.org/resource/Tyto"
"49","1","http://dbpedia.org/resource/Screech_owl"
"270","1","http://dbpedia.org/resource/Passerina"
"150","1","http://dbpedia.org/resource/Sturnus"
"271","1","http://dbpedia.org/resource/Passerina"
"272","1","http://dbpedia.org/resource/Passerina"
"152","1","http://dbpedia.org/resource/Bluebird"
"153","1","http://dbpedia.org/resource/Bluebird"
"154","1","http://dbpedia.org/resource/Bluebird"
"156","1","http://dbpedia.org/resource/Catharus"
"157","1","http://dbpedia.org/resource/Catharus"
"158","1","http://dbpedia.org/resource/Catharus"
"50","1","http://dbpedia.org/resource/Screech_owl"
"51","1","http://dbpedia.org/resource/Horned_owl"
"52","1","http://dbpedia.org/resource/Strix_(genus)"
"53","1","http://dbpedia.org/resource/Pygmy_owl"
"54","1","http://dbpedia.org/resource/Aegolius"
"55","1","http://dbpedia.org/resource/Asio"
"56","1","http://dbpedia.org/resource/Asio"
"57","1","http://dbpedia.org/resource/Chordeiles"
"58","1","http://dbpedia.org/resource/Chordeiles"
"160","1","http://dbpedia.org/resource/Catharus"
"162","1","http://dbpedia.org/resource/True_thrush"
"164","1","http://dbpedia.org/resource/Munia"
"165","1","http://dbpedia.org/resource/Munia"
"166","1","http://dbpedia.org/resource/Pipit"
"167","1","http://dbpedia.org/resource/Carduelis"
"168","1","http://dbpedia.org/resource/Carduelis"
"169","1","[http://dbpedia.org/resource/Carduelis, http://dbpedia.org/resource/Spinus_(genus)]"
"60","1","http://dbpedia.org/resource/Antrostomus"
"61","1","http://dbpedia.org/resource/Antrostomus"
"62","1","http://dbpedia.org/resource/Chaetura"
"63","1","http://dbpedia.org/resource/Chlorostilbon"
"64","1","http://dbpedia.org/resource/Amazilia"
"65","1","http://dbpedia.org/resource/Archilochus_(bird)"
"66","1","http://dbpedia.org/resource/Archilochus_(bird)"
"67","1","http://dbpedia.org/resource/Calypte"
"68","1","http://dbpedia.org/resource/Calypte"
"69","1","http://dbpedia.org/resource/Selasphorus"
"170","1","http://dbpedia.org/resource/Carduelis"
"171","1","http://dbpedia.org/resource/American_rosefinch"
"172","1","http://dbpedia.org/resource/American_rosefinch"
"173","1","http://dbpedia.org/resource/American_rosefinch"
"174","1","http://dbpedia.org/resource/Pinicola"
"175","1","http://dbpedia.org/resource/Crossbill"
"176","1","http://dbpedia.org/resource/Crossbill"
"177","1","http://dbpedia.org/resource/Coccothraustes"
"178","1","http://dbpedia.org/resource/Vermivora"
"179","1","http://dbpedia.org/resource/Vermivora"
"70","1","http://dbpedia.org/resource/Selasphorus"
"71","1","http://dbpedia.org/resource/Selasphorus"
"72","1","http://dbpedia.org/resource/Selasphorus"
"73","1","http://dbpedia.org/resource/Megaceryle"
"74","1","http://dbpedia.org/resource/Melanerpes"
"75","1","http://dbpedia.org/resource/Melanerpes"
"76","1","http://dbpedia.org/resource/Melanerpes"
"77","1","http://dbpedia.org/resource/Melanerpes"
"78","1","http://dbpedia.org/resource/Sapsucker"
"79","1","http://dbpedia.org/resource/Sapsucker"
"180","1","http://dbpedia.org/resource/Oreothlypis"
"181","1","http://dbpedia.org/resource/Oreothlypis"
"182","1","http://dbpedia.org/resource/Oreothlypis"
"183","1","http://dbpedia.org/resource/Oreothlypis"
"184","1","http://dbpedia.org/resource/Setophaga"
"185","1","http://dbpedia.org/resource/Setophaga"
"187","1","http://dbpedia.org/resource/Setophaga"
"188","1","http://dbpedia.org/resource/Setophaga"
"189","1","http://dbpedia.org/resource/Setophaga"
"80","1","http://dbpedia.org/resource/Sapsucker"
"81","1","http://dbpedia.org/resource/Picoides"
"82","1","http://dbpedia.org/resource/Picoides"
"83","1","http://dbpedia.org/resource/Picoides"
"84","1","http://dbpedia.org/resource/Picoides"
"85","1","http://dbpedia.org/resource/Colaptes"
"86","1","http://dbpedia.org/resource/Dryocopus"
"87","1","http://dbpedia.org/resource/Phoebe_(bird)"
"88","1","http://dbpedia.org/resource/Pewee"
"89","1","http://dbpedia.org/resource/Pewee"
"190","1","http://dbpedia.org/resource/Setophaga"
"191","1","http://dbpedia.org/resource/Setophaga"
"192","1","http://dbpedia.org/resource/Setophaga"
"193","1","http://dbpedia.org/resource/Setophaga"
"194","1","http://dbpedia.org/resource/Setophaga"
"195","1","http://dbpedia.org/resource/Setophaga"
"196","1","http://dbpedia.org/resource/Setophaga"
"197","1","http://dbpedia.org/resource/Setophaga"
"198","1","http://dbpedia.org/resource/Setophaga"
"199","1","http://dbpedia.org/resource/Setophaga"
"90","1","http://dbpedia.org/resource/Pewee"
"91","1","http://dbpedia.org/resource/Empidonax"
"92","1","http://dbpedia.org/resource/Empidonax"
"93","1","http://dbpedia.org/resource/Empidonax"
"94","1","http://dbpedia.org/resource/Empidonax"
"95","1","http://dbpedia.org/resource/Empidonax"
"96","1","http://dbpedia.org/resource/Pitangus"
"97","1","http://dbpedia.org/resource/Kingbird"
"98","1","http://dbpedia.org/resource/Kingbird"
"99","1","http://dbpedia.org/resource/Kingbird"
"200","1","http://dbpedia.org/resource/Setophaga"
"202","1","http://dbpedia.org/resource/Setophaga"
"206","1","http://dbpedia.org/resource/Waterthrush"
"207","1","http://dbpedia.org/resource/Waterthrush"
"208","1","http://dbpedia.org/resource/Yellowthroat"
"209","1","http://dbpedia.org/resource/Connecticut_Warbler"
"210","1","http://dbpedia.org/resource/Yellowthroat"
"211","1","http://dbpedia.org/resource/Yellowthroat"
"212","1","http://dbpedia.org/resource/Yellowthroat"
"213","1","http://dbpedia.org/resource/Setophaga"
"214","1","http://dbpedia.org/resource/Cardellina"
"215","1","http://dbpedia.org/resource/Cardellina"
"217","1","http://dbpedia.org/resource/New_World_oriole"
"218","1","http://dbpedia.org/resource/New_World_oriole"
"219","1","http://dbpedia.org/resource/New_World_oriole"
"220","1","http://dbpedia.org/resource/New_World_oriole"
"221","1","http://dbpedia.org/resource/Cowbird"
"100","1","http://dbpedia.org/resource/Kingbird"
"222","1","http://dbpedia.org/resource/Cowbird"
"101","1","http://dbpedia.org/resource/Myiarchus"
"102","1","http://dbpedia.org/resource/Lanius"
"223","1","http://dbpedia.org/resource/Agelaius"
"224","1","http://dbpedia.org/resource/Euphagus"
"103","1","http://dbpedia.org/resource/Lanius"
"225","1","http://dbpedia.org/resource/Euphagus"
"104","1","http://dbpedia.org/resource/Vireo_(genus)"
"105","1","http://dbpedia.org/resource/Vireo"
"226","1","http://dbpedia.org/resource/Quiscalus"
"227","1","http://dbpedia.org/resource/Quiscalus"
"106","1","http://dbpedia.org/resource/Vireo"
"107","1","http://dbpedia.org/resource/Vireo"
"228","1","http://dbpedia.org/resource/Quiscalus"
"108","1","http://dbpedia.org/resource/Vireo"
"229","1","http://dbpedia.org/resource/Meadowlark"
"109","1","http://dbpedia.org/resource/Vireo"
