"88","2","http://dbpedia.org/resource/Canada"
"89","2","http://dbpedia.org/resource/Ethiopia"
"110","2","http://dbpedia.org/resource/Canada"
"91","2","http://dbpedia.org/resource/Sweden"
"92","2","[http://dbpedia.org/resource/Canada, http://dbpedia.org/resource/United_States]"
"93","2","http://dbpedia.org/resource/Russia"
"96","2","http://dbpedia.org/resource/Canada"
"10","2","http://dbpedia.org/resource/Canada"
"98","2","http://dbpedia.org/resource/Finland"
"11","2","[http://dbpedia.org/resource/Canada, http://dbpedia.org/resource/United_States]"
"99","2","http://dbpedia.org/resource/Canada"
"12","2","[http://dbpedia.org/resource/Canada, http://dbpedia.org/resource/United_States]"
"14","2","[http://dbpedia.org/resource/China, http://dbpedia.org/resource/Kazakhstan]"
"15","2","[http://dbpedia.org/resource/Finland, http://dbpedia.org/resource/Russia]"
"16","2","[http://dbpedia.org/resource/Afghanistan, http://dbpedia.org/resource/Kazakhstan, http://dbpedia.org/resource/Tajikistan, http://dbpedia.org/resource/Uzbekistan, http://dbpedia.org/resource/Turkmenistan]"
"17","2","http://dbpedia.org/resource/Antarctica"
"18","2","http://dbpedia.org/resource/Russia"
"19","2","[http://dbpedia.org/resource/Bolivia, http://dbpedia.org/resource/Peru]"
"1","2","[http://dbpedia.org/resource/Azerbaijan, http://dbpedia.org/resource/Iran, http://dbpedia.org/resource/Kazakhstan, http://dbpedia.org/resource/Russia, http://dbpedia.org/resource/Uzbekistan, http://dbpedia.org/resource/Turkmenistan]"
"2","2","[http://dbpedia.org/resource/Canada, http://dbpedia.org/resource/United_States]"
"3","2","[http://dbpedia.org/resource/Tanzania, http://dbpedia.org/resource/Uganda, http://dbpedia.org/resource/Kenya]"
"4","2","http://dbpedia.org/resource/United_States"
"5","2","http://dbpedia.org/resource/United_States"
"6","2","[http://dbpedia.org/resource/Tanzania, http://dbpedia.org/resource/Burundi, http://dbpedia.org/resource/Zambia, http://dbpedia.org/resource/Democratic_Republic_of_the_Congo]"
"7","2","[http://dbpedia.org/resource/Mongolia, http://dbpedia.org/resource/Russia]"
"9","2","[http://dbpedia.org/resource/Malawi, http://dbpedia.org/resource/Mozambique, http://dbpedia.org/resource/Tanzania]"
"20","2","[http://dbpedia.org/resource/Costa_Rica, http://dbpedia.org/resource/Nicaragua]"
"21","2","http://dbpedia.org/resource/Canada"
"22","2","[http://dbpedia.org/resource/Ethiopia, http://dbpedia.org/resource/Kenya]"
"23","2","http://dbpedia.org/resource/Canada"
"24","2","http://dbpedia.org/resource/Kyrgyzstan"
"25","2","http://dbpedia.org/resource/Iran"
"27","2","http://dbpedia.org/resource/Sweden"
"28","2","http://dbpedia.org/resource/Canada"
"29","2","[http://dbpedia.org/resource/Uganda, http://dbpedia.org/resource/Democratic_Republic_of_the_Congo]"
"30","2","[http://dbpedia.org/resource/Zambia, http://dbpedia.org/resource/Democratic_Republic_of_the_Congo]"
"31","2","http://dbpedia.org/resource/Canada"
"34","2","http://dbpedia.org/resource/Russia"
"35","2","[http://dbpedia.org/resource/China, http://dbpedia.org/resource/Russia]"
"36","2","[http://dbpedia.org/resource/Canada, http://dbpedia.org/resource/United_States]"
"37","2","http://dbpedia.org/resource/Canada"
"38","2","http://dbpedia.org/resource/Turkey"
"39","2","http://dbpedia.org/resource/Ethiopia"
"40","2","[http://dbpedia.org/resource/Russia, http://dbpedia.org/resource/Estonia]"
"41","2","[http://dbpedia.org/resource/Mongolia, http://dbpedia.org/resource/Russia]"
"42","2","http://dbpedia.org/resource/Canada"
"43","2","http://dbpedia.org/resource/Uzbekistan"
"44","2","[http://dbpedia.org/resource/Rwanda, http://dbpedia.org/resource/Democratic_Republic_of_the_Congo]"
"45","2","[http://dbpedia.org/resource/China, http://dbpedia.org/resource/Kazakhstan]"
"47","2","http://dbpedia.org/resource/Mongolia"
"48","2","http://dbpedia.org/resource/Bolivia"
"49","2","http://dbpedia.org/resource/Canada"
"50","2","[http://dbpedia.org/resource/Uganda, http://dbpedia.org/resource/Democratic_Republic_of_the_Congo]"
"51","2","http://dbpedia.org/resource/Canada"
"52","2","http://dbpedia.org/resource/Canada"
"54","2","http://dbpedia.org/resource/Canada"
"55","2","http://dbpedia.org/resource/Canada"
"57","2","http://dbpedia.org/resource/Canada"
"58","2","http://dbpedia.org/resource/China"
"59","2","http://dbpedia.org/resource/Sweden"
"61","2","[http://dbpedia.org/resource/Chile, http://dbpedia.org/resource/Argentina]"
"62","2","http://dbpedia.org/resource/Kazakhstan"
"63","2","[http://dbpedia.org/resource/Mongolia, http://dbpedia.org/resource/Russia]"
"64","2","http://dbpedia.org/resource/Finland"
"65","2","http://dbpedia.org/resource/Egypt"
"66","2","http://dbpedia.org/resource/Russia"
"69","2","http://dbpedia.org/resource/Turkey"
"70","2","http://dbpedia.org/resource/Kazakhstan"
"71","2","http://dbpedia.org/resource/Argentina"
"72","2","http://dbpedia.org/resource/Canada"
"73","2","http://dbpedia.org/resource/Canada"
"75","2","http://dbpedia.org/resource/Canada"
"78","2","http://dbpedia.org/resource/Canada"
"79","2","http://dbpedia.org/resource/Canada"
"100","2","http://dbpedia.org/resource/Mexico"
"101","2","http://dbpedia.org/resource/Russia"
"102","2","http://dbpedia.org/resource/Finland"
"105","2","http://dbpedia.org/resource/Nicaragua"
"106","2","http://dbpedia.org/resource/China"
"107","2","http://dbpedia.org/resource/Canada"
"81","2","http://dbpedia.org/resource/Indonesia"
"82","2","http://dbpedia.org/resource/Canada"
"83","2","http://dbpedia.org/resource/Canada"
"85","2","http://dbpedia.org/resource/Canada"
"86","2","http://dbpedia.org/resource/Canada"
"87","2","http://dbpedia.org/resource/Canada"
