"45","5","http://dbpedia.org/resource/Unitary_state"
"46","5","http://dbpedia.org/resource/Unitary_state"
"47","5","http://dbpedia.org/resource/Unitary_state"
"49","5","http://dbpedia.org/resource/Federalism"
"51","5","http://dbpedia.org/resource/Unitary_state"
"52","5","http://dbpedia.org/resource/Unitary_state"
"53","5","http://dbpedia.org/resource/Unitary_state"
"10","5","http://dbpedia.org/resource/Unitary_state"
"54","5","http://dbpedia.org/resource/Republic"
"11","5","http://dbpedia.org/resource/Unitary_state"
"55","5","http://dbpedia.org/resource/Liberal_democracy"
"56","5","[http://dbpedia.org/resource/Monarchy, http://dbpedia.org/resource/Parliamentary_system, http://dbpedia.org/resource/Unitary_state]"
"12","5","http://dbpedia.org/resource/Unitary_state"
"13","5","http://dbpedia.org/resource/Federal_republic"
"14","5","http://dbpedia.org/resource/Federalism"
"58","5","http://dbpedia.org/resource/Unitary_state"
"15","5","http://dbpedia.org/resource/Unitary_state"
"59","5","http://dbpedia.org/resource/Federation"
"16","5","http://dbpedia.org/resource/Single-party_state"
"17","5","http://dbpedia.org/resource/Republic"
"18","5","http://dbpedia.org/resource/Single-party_state"
"1","5","http://dbpedia.org/resource/Unitary_state"
"2","5","http://dbpedia.org/resource/Unitary_state"
"4","5","http://dbpedia.org/resource/Federal_republic"
"5","5","http://dbpedia.org/resource/Federalism"
"6","5","http://dbpedia.org/resource/Federal_republic"
"7","5","http://dbpedia.org/resource/Unitary_state"
"8","5","http://dbpedia.org/resource/Unitary_state"
"60","5","http://dbpedia.org/resource/Republic"
"61","5","http://dbpedia.org/resource/Unitary_state"
"62","5","http://dbpedia.org/resource/Unitary_state"
"20","5","http://dbpedia.org/resource/Unitary_state"
"64","5","http://dbpedia.org/resource/Unitary_state"
"65","5","http://dbpedia.org/resource/Unitary_state"
"21","5","http://dbpedia.org/resource/Parliamentary_republic"
"22","5","http://dbpedia.org/resource/Unitary_state"
"66","5","http://dbpedia.org/resource/Federalism"
"23","5","http://dbpedia.org/resource/Presidential_system"
"24","5","http://dbpedia.org/resource/Federalism"
"26","5","http://dbpedia.org/resource/Parliamentary_system"
"27","5","http://dbpedia.org/resource/Parliamentary_republic"
"28","5","http://dbpedia.org/resource/Unitary_state"
"30","5","http://dbpedia.org/resource/Unitary_state"
"31","5","http://dbpedia.org/resource/Constitutional_monarchy"
"32","5","http://dbpedia.org/resource/Unitary_state"
"34","5","[http://dbpedia.org/resource/Heredity, http://dbpedia.org/resource/Single-party_state, http://dbpedia.org/resource/Juche]"
"37","5","http://dbpedia.org/resource/Unitary_state"
"38","5","http://dbpedia.org/resource/Unitary_state"
"39","5","http://dbpedia.org/resource/Unitary_state"
"40","5","http://dbpedia.org/resource/Parliamentary_republic"
"41","5","http://dbpedia.org/resource/Federal_monarchy"
"42","5","http://dbpedia.org/resource/Unitary_state"
