"110","3","[http://dbpedia.org/resource/Lake_District, http://dbpedia.org/resource/Far_Eastern_Fells]"
"111","3","[http://dbpedia.org/resource/Lake_District, http://dbpedia.org/resource/Eastern_Fells]"
"112","3","[http://dbpedia.org/resource/Lake_District, http://dbpedia.org/resource/Southern_Fells]"
"113","3","[http://dbpedia.org/resource/North_Western_Fells, http://dbpedia.org/resource/Lake_District]"
"114","3","[http://dbpedia.org/resource/Lake_District, http://dbpedia.org/resource/Northern_Fells]"
"115","3","[http://dbpedia.org/resource/Lake_District, http://dbpedia.org/resource/Southern_Fells]"
"116","3","[http://dbpedia.org/resource/Western_Fells, http://dbpedia.org/resource/Lake_District]"
"117","3","[http://dbpedia.org/resource/Western_Fells, http://dbpedia.org/resource/Lake_District]"
"118","3","[http://dbpedia.org/resource/Lake_District, http://dbpedia.org/resource/Far_Eastern_Fells]"
"119","3","[http://dbpedia.org/resource/Lake_District, http://dbpedia.org/resource/Eastern_Fells]"
"10","3","[http://dbpedia.org/resource/Lake_District, http://dbpedia.org/resource/Eastern_Fells]"
"11","3","[http://dbpedia.org/resource/Lake_District, http://dbpedia.org/resource/Southern_Fells]"
"12","3","[http://dbpedia.org/resource/Lake_District, http://dbpedia.org/resource/Eastern_Fells]"
"13","3","[http://dbpedia.org/resource/Lake_District, http://dbpedia.org/resource/Eastern_Fells]"
"14","3","[http://dbpedia.org/resource/Lake_District, http://dbpedia.org/resource/Northern_Fells]"
"15","3","[http://dbpedia.org/resource/Lake_District, http://dbpedia.org/resource/Northern_Fells]"
"16","3","[http://dbpedia.org/resource/Lake_District, http://dbpedia.org/resource/Eastern_Fells]"
"17","3","[http://dbpedia.org/resource/Lake_District, http://dbpedia.org/resource/Southern_Fells]"
"18","3","[http://dbpedia.org/resource/Lake_District, http://dbpedia.org/resource/Eastern_Fells]"
"19","3","[http://dbpedia.org/resource/Lake_District, http://dbpedia.org/resource/Eastern_Fells]"
"120","3","[http://dbpedia.org/resource/North_Western_Fells, http://dbpedia.org/resource/Lake_District]"
"121","3","[http://dbpedia.org/resource/Lake_District, http://dbpedia.org/resource/Northern_Fells]"
"122","3","[http://dbpedia.org/resource/Western_Fells, http://dbpedia.org/resource/Lake_District]"
"1","3","[http://dbpedia.org/resource/Lake_District, http://dbpedia.org/resource/Southern_Fells]"
"2","3","[http://dbpedia.org/resource/Lake_District, http://dbpedia.org/resource/Southern_Fells]"
"123","3","[http://dbpedia.org/resource/Western_Fells, http://dbpedia.org/resource/Lake_District]"
"124","3","[http://dbpedia.org/resource/Lake_District, http://dbpedia.org/resource/Eastern_Fells]"
"3","3","[http://dbpedia.org/resource/Lake_District, http://dbpedia.org/resource/Eastern_Fells]"
"4","3","[http://dbpedia.org/resource/Lake_District, http://dbpedia.org/resource/Northern_Fells]"
"125","3","[http://dbpedia.org/resource/Lake_District, http://dbpedia.org/resource/Far_Eastern_Fells]"
"5","3","[http://dbpedia.org/resource/Lake_District, http://dbpedia.org/resource/Southern_Fells]"
"126","3","[http://dbpedia.org/resource/Western_Fells, http://dbpedia.org/resource/Lake_District]"
"127","3","http://dbpedia.org/resource/Lake_District"
"6","3","[http://dbpedia.org/resource/Lake_District, http://dbpedia.org/resource/Southern_Fells]"
"7","3","[http://dbpedia.org/resource/Western_Fells, http://dbpedia.org/resource/Lake_District]"
"128","3","[http://dbpedia.org/resource/Lake_District, http://dbpedia.org/resource/Southern_Fells]"
"129","3","[http://dbpedia.org/resource/Lake_District, http://dbpedia.org/resource/Central_Fells]"
"8","3","[http://dbpedia.org/resource/Western_Fells, http://dbpedia.org/resource/Lake_District]"
"9","3","[http://dbpedia.org/resource/Lake_District, http://dbpedia.org/resource/Eastern_Fells]"
"20","3","[http://dbpedia.org/resource/North_Western_Fells, http://dbpedia.org/resource/Lake_District]"
"21","3","[http://dbpedia.org/resource/Lake_District, http://dbpedia.org/resource/Eastern_Fells]"
"22","3","[http://dbpedia.org/resource/Lake_District, http://dbpedia.org/resource/Eastern_Fells]"
"23","3","[http://dbpedia.org/resource/Western_Fells, http://dbpedia.org/resource/Lake_District]"
"24","3","[http://dbpedia.org/resource/North_Western_Fells, http://dbpedia.org/resource/Lake_District]"
"25","3","[http://dbpedia.org/resource/Lake_District, http://dbpedia.org/resource/Far_Eastern_Fells]"
"26","3","[http://dbpedia.org/resource/Western_Fells, http://dbpedia.org/resource/Lake_District]"
"27","3","[http://dbpedia.org/resource/Lake_District, http://dbpedia.org/resource/Eastern_Fells]"
"28","3","[http://dbpedia.org/resource/Western_Fells, http://dbpedia.org/resource/Lake_District]"
"29","3","[http://dbpedia.org/resource/Lake_District, http://dbpedia.org/resource/Southern_Fells]"
"130","3","[http://dbpedia.org/resource/Lake_District, http://dbpedia.org/resource/Southern_Fells]"
"131","3","[http://dbpedia.org/resource/Western_Fells, http://dbpedia.org/resource/Lake_District]"
"132","3","[http://dbpedia.org/resource/Lake_District, http://dbpedia.org/resource/Central_Fells]"
"133","3","[http://dbpedia.org/resource/Lake_District, http://dbpedia.org/resource/Far_Eastern_Fells]"
"134","3","[http://dbpedia.org/resource/Lake_District, http://dbpedia.org/resource/Northern_Fells]"
"135","3","[http://dbpedia.org/resource/Western_Fells, http://dbpedia.org/resource/Lake_District]"
"136","3","[http://dbpedia.org/resource/Lake_District, http://dbpedia.org/resource/Eastern_Fells]"
"137","3","[http://dbpedia.org/resource/North_Western_Fells, http://dbpedia.org/resource/Lake_District]"
"138","3","[http://dbpedia.org/resource/Lake_District, http://dbpedia.org/resource/Far_Eastern_Fells]"
"139","3","[http://dbpedia.org/resource/North_Western_Fells, http://dbpedia.org/resource/Lake_District]"
"30","3","[http://dbpedia.org/resource/Western_Fells, http://dbpedia.org/resource/Lake_District]"
"31","3","[http://dbpedia.org/resource/Lake_District, http://dbpedia.org/resource/Southern_Fells]"
"32","3","[http://dbpedia.org/resource/Lake_District, http://dbpedia.org/resource/Far_Eastern_Fells]"
"33","3","[http://dbpedia.org/resource/Lake_District, http://dbpedia.org/resource/Southern_Fells]"
"34","3","[http://dbpedia.org/resource/Western_Fells, http://dbpedia.org/resource/Lake_District]"
"35","3","[http://dbpedia.org/resource/Western_Fells, http://dbpedia.org/resource/Lake_District]"
"36","3","[http://dbpedia.org/resource/Western_Fells, http://dbpedia.org/resource/Lake_District]"
"37","3","[http://dbpedia.org/resource/Lake_District, http://dbpedia.org/resource/Southern_Fells]"
"38","3","[http://dbpedia.org/resource/Lake_District, http://dbpedia.org/resource/Eastern_Fells]"
"39","3","[http://dbpedia.org/resource/Lake_District, http://dbpedia.org/resource/Far_Eastern_Fells]"
"140","3","[http://dbpedia.org/resource/Western_Fells, http://dbpedia.org/resource/Lake_District]"
"141","3","[http://dbpedia.org/resource/Lake_District, http://dbpedia.org/resource/Central_Fells]"
"142","3","[http://dbpedia.org/resource/North_Western_Fells, http://dbpedia.org/resource/Lake_District]"
"143","3","[http://dbpedia.org/resource/Lake_District, http://dbpedia.org/resource/Far_Eastern_Fells]"
"144","3","[http://dbpedia.org/resource/Lake_District, http://dbpedia.org/resource/Far_Eastern_Fells]"
"145","3","[http://dbpedia.org/resource/North_Western_Fells, http://dbpedia.org/resource/Lake_District]"
"146","3","[http://dbpedia.org/resource/Lake_District, http://dbpedia.org/resource/Central_Fells]"
"147","3","[http://dbpedia.org/resource/North_Western_Fells, http://dbpedia.org/resource/Lake_District]"
"148","3","[http://dbpedia.org/resource/Lake_District, http://dbpedia.org/resource/Southern_Fells]"
"149","3","[http://dbpedia.org/resource/Lake_District, http://dbpedia.org/resource/Central_Fells]"
"40","3","[http://dbpedia.org/resource/North_Western_Fells, http://dbpedia.org/resource/Lake_District]"
"41","3","[http://dbpedia.org/resource/Lake_District, http://dbpedia.org/resource/Eastern_Fells]"
"42","3","http://dbpedia.org/resource/Lake_District"
"43","3","[http://dbpedia.org/resource/Lake_District, http://dbpedia.org/resource/Southern_Fells]"
"44","3","[http://dbpedia.org/resource/Lake_District, http://dbpedia.org/resource/Far_Eastern_Fells]"
"45","3","[http://dbpedia.org/resource/Lake_District, http://dbpedia.org/resource/Southern_Fells]"
"46","3","[http://dbpedia.org/resource/Lake_District, http://dbpedia.org/resource/Far_Eastern_Fells]"
"47","3","[http://dbpedia.org/resource/Lake_District, http://dbpedia.org/resource/Far_Eastern_Fells]"
"48","3","[http://dbpedia.org/resource/Lake_District, http://dbpedia.org/resource/Southern_Fells]"
"49","3","[http://dbpedia.org/resource/Lake_District, http://dbpedia.org/resource/Eastern_Fells]"
"150","3","[http://dbpedia.org/resource/Lake_District, http://dbpedia.org/resource/Northern_Fells]"
"151","3","[http://dbpedia.org/resource/Lake_District, http://dbpedia.org/resource/Southern_Fells]"
"152","3","[http://dbpedia.org/resource/Lake_District, http://dbpedia.org/resource/Central_Fells]"
"153","3","[http://dbpedia.org/resource/Western_Fells, http://dbpedia.org/resource/Lake_District]"
"154","3","[http://dbpedia.org/resource/Lake_District, http://dbpedia.org/resource/Central_Fells]"
"155","3","[http://dbpedia.org/resource/Lake_District, http://dbpedia.org/resource/Eastern_Fells]"
"156","3","[http://dbpedia.org/resource/Lake_District, http://dbpedia.org/resource/Southern_Fells]"
"157","3","[http://dbpedia.org/resource/Lake_District, http://dbpedia.org/resource/Far_Eastern_Fells]"
"158","3","[http://dbpedia.org/resource/Lake_District, http://dbpedia.org/resource/Northern_Fells]"
"159","3","[http://dbpedia.org/resource/Western_Fells, http://dbpedia.org/resource/Lake_District]"
"50","3","[http://dbpedia.org/resource/North_Western_Fells, http://dbpedia.org/resource/Lake_District]"
"51","3","[http://dbpedia.org/resource/Lake_District, http://dbpedia.org/resource/Southern_Fells]"
"52","3","[http://dbpedia.org/resource/North_Western_Fells, http://dbpedia.org/resource/Lake_District]"
"53","3","[http://dbpedia.org/resource/North_Western_Fells, http://dbpedia.org/resource/Lake_District]"
"54","3","http://dbpedia.org/resource/Lake_District"
"55","3","[http://dbpedia.org/resource/Lake_District, http://dbpedia.org/resource/Far_Eastern_Fells]"
"56","3","[http://dbpedia.org/resource/Lake_District, http://dbpedia.org/resource/Southern_Fells]"
"57","3","[http://dbpedia.org/resource/Lake_District, http://dbpedia.org/resource/Central_Fells]"
"58","3","[http://dbpedia.org/resource/Lake_District, http://dbpedia.org/resource/Southern_Fells]"
"59","3","[http://dbpedia.org/resource/Lake_District, http://dbpedia.org/resource/Far_Eastern_Fells]"
"160","3","[http://dbpedia.org/resource/Lake_District, http://dbpedia.org/resource/Central_Fells]"
"161","3","[http://dbpedia.org/resource/Lake_District, http://dbpedia.org/resource/Far_Eastern_Fells]"
"162","3","[http://dbpedia.org/resource/Western_Fells, http://dbpedia.org/resource/Lake_District]"
"163","3","[http://dbpedia.org/resource/Lake_District, http://dbpedia.org/resource/Northern_Fells]"
"164","3","[http://dbpedia.org/resource/Lake_District, http://dbpedia.org/resource/Eastern_Fells]"
"165","3","[http://dbpedia.org/resource/North_Western_Fells, http://dbpedia.org/resource/Lake_District]"
"166","3","[http://dbpedia.org/resource/Lake_District, http://dbpedia.org/resource/Far_Eastern_Fells]"
"167","3","[http://dbpedia.org/resource/Lake_District, http://dbpedia.org/resource/Central_Fells]"
"168","3","[http://dbpedia.org/resource/Western_Fells, http://dbpedia.org/resource/Lake_District]"
"169","3","[http://dbpedia.org/resource/North_Western_Fells, http://dbpedia.org/resource/Lake_District]"
"60","3","[http://dbpedia.org/resource/Lake_District, http://dbpedia.org/resource/Far_Eastern_Fells]"
"61","3","[http://dbpedia.org/resource/Lake_District, http://dbpedia.org/resource/Eastern_Fells]"
"62","3","[http://dbpedia.org/resource/Western_Fells, http://dbpedia.org/resource/Lake_District]"
"63","3","[http://dbpedia.org/resource/North_Western_Fells, http://dbpedia.org/resource/Lake_District]"
"64","3","[http://dbpedia.org/resource/Lake_District, http://dbpedia.org/resource/Northern_Fells]"
"65","3","[http://dbpedia.org/resource/Western_Fells, http://dbpedia.org/resource/Lake_District]"
"66","3","[http://dbpedia.org/resource/Lake_District, http://dbpedia.org/resource/Far_Eastern_Fells]"
"67","3","[http://dbpedia.org/resource/North_Western_Fells, http://dbpedia.org/resource/Lake_District]"
"68","3","[http://dbpedia.org/resource/Lake_District, http://dbpedia.org/resource/Central_Fells]"
"69","3","[http://dbpedia.org/resource/Lake_District, http://dbpedia.org/resource/Central_Fells]"
"170","3","[http://dbpedia.org/resource/Lake_District, http://dbpedia.org/resource/Far_Eastern_Fells]"
"171","3","[http://dbpedia.org/resource/Western_Fells, http://dbpedia.org/resource/Lake_District]"
"172","3","[http://dbpedia.org/resource/Lake_District, http://dbpedia.org/resource/Eastern_Fells]"
"173","3","[http://dbpedia.org/resource/Lake_District, http://dbpedia.org/resource/Eastern_Fells]"
"174","3","[http://dbpedia.org/resource/Lake_District, http://dbpedia.org/resource/Northern_Fells]"
"175","3","[http://dbpedia.org/resource/Lake_District, http://dbpedia.org/resource/Eastern_Fells]"
"176","3","[http://dbpedia.org/resource/Lake_District, http://dbpedia.org/resource/Southern_Fells]"
"177","3","[http://dbpedia.org/resource/Lake_District, http://dbpedia.org/resource/Far_Eastern_Fells]"
"178","3","[http://dbpedia.org/resource/Western_Fells, http://dbpedia.org/resource/Lake_District]"
"179","3","[http://dbpedia.org/resource/Lake_District, http://dbpedia.org/resource/Far_Eastern_Fells]"
"70","3","[http://dbpedia.org/resource/Lake_District, http://dbpedia.org/resource/Eastern_Fells]"
"71","3","[http://dbpedia.org/resource/Lake_District, http://dbpedia.org/resource/Northern_Fells]"
"72","3","[http://dbpedia.org/resource/Lake_District, http://dbpedia.org/resource/Far_Eastern_Fells]"
"73","3","[http://dbpedia.org/resource/North_Western_Fells, http://dbpedia.org/resource/Lake_District]"
"74","3","[http://dbpedia.org/resource/Lake_District, http://dbpedia.org/resource/Central_Fells]"
"75","3","[http://dbpedia.org/resource/Lake_District, http://dbpedia.org/resource/Eastern_Fells]"
"76","3","[http://dbpedia.org/resource/Lake_District, http://dbpedia.org/resource/Central_Fells]"
"77","3","[http://dbpedia.org/resource/Lake_District, http://dbpedia.org/resource/Far_Eastern_Fells]"
"78","3","[http://dbpedia.org/resource/Lake_District, http://dbpedia.org/resource/Eastern_Fells]"
"79","3","[http://dbpedia.org/resource/Lake_District, http://dbpedia.org/resource/Northern_Fells]"
"180","3","[http://dbpedia.org/resource/Lake_District, http://dbpedia.org/resource/Northern_Fells]"
"181","3","[http://dbpedia.org/resource/Lake_District, http://dbpedia.org/resource/Eastern_Fells]"
"182","3","[http://dbpedia.org/resource/Lake_District, http://dbpedia.org/resource/Central_Fells]"
"183","3","[http://dbpedia.org/resource/Western_Fells, http://dbpedia.org/resource/Lake_District]"
"184","3","[http://dbpedia.org/resource/Lake_District, http://dbpedia.org/resource/Southern_Fells]"
"185","3","[http://dbpedia.org/resource/North_Western_Fells, http://dbpedia.org/resource/Lake_District]"
"186","3","[http://dbpedia.org/resource/Lake_District, http://dbpedia.org/resource/Central_Fells]"
"187","3","[http://dbpedia.org/resource/North_Western_Fells, http://dbpedia.org/resource/Lake_District]"
"188","3","[http://dbpedia.org/resource/North_Western_Fells, http://dbpedia.org/resource/Lake_District]"
"189","3","[http://dbpedia.org/resource/North_Western_Fells, http://dbpedia.org/resource/Lake_District]"
"80","3","[http://dbpedia.org/resource/Western_Fells, http://dbpedia.org/resource/Lake_District]"
"81","3","[http://dbpedia.org/resource/Lake_District, http://dbpedia.org/resource/Far_Eastern_Fells]"
"82","3","[http://dbpedia.org/resource/Lake_District, http://dbpedia.org/resource/Northern_Fells]"
"83","3","[http://dbpedia.org/resource/Lake_District, http://dbpedia.org/resource/Central_Fells]"
"84","3","[http://dbpedia.org/resource/North_Western_Fells, http://dbpedia.org/resource/Lake_District]"
"85","3","[http://dbpedia.org/resource/Lake_District, http://dbpedia.org/resource/Far_Eastern_Fells]"
"86","3","[http://dbpedia.org/resource/Lake_District, http://dbpedia.org/resource/Southern_Fells]"
"87","3","[http://dbpedia.org/resource/Lake_District, http://dbpedia.org/resource/Northern_Fells]"
"88","3","[http://dbpedia.org/resource/Lake_District, http://dbpedia.org/resource/Southern_Fells]"
"89","3","[http://dbpedia.org/resource/Lake_District, http://dbpedia.org/resource/Central_Fells]"
"190","3","[http://dbpedia.org/resource/Lake_District, http://dbpedia.org/resource/Central_Fells]"
"191","3","[http://dbpedia.org/resource/Lake_District, http://dbpedia.org/resource/Eastern_Fells]"
"192","3","[http://dbpedia.org/resource/Lake_District, http://dbpedia.org/resource/Northern_Fells]"
"193","3","[http://dbpedia.org/resource/Lake_District, http://dbpedia.org/resource/Eastern_Fells]"
"194","3","[http://dbpedia.org/resource/Lake_District, http://dbpedia.org/resource/Eastern_Fells]"
"195","3","[http://dbpedia.org/resource/Lake_District, http://dbpedia.org/resource/Far_Eastern_Fells]"
"196","3","[http://dbpedia.org/resource/Western_Fells, http://dbpedia.org/resource/Lake_District]"
"197","3","[http://dbpedia.org/resource/Lake_District, http://dbpedia.org/resource/Central_Fells]"
"199","3","[http://dbpedia.org/resource/Lake_District, http://dbpedia.org/resource/Central_Fells]"
"90","3","[http://dbpedia.org/resource/Lake_District, http://dbpedia.org/resource/Far_Eastern_Fells]"
"91","3","[http://dbpedia.org/resource/Western_Fells, http://dbpedia.org/resource/Lake_District]"
"92","3","[http://dbpedia.org/resource/Western_Fells, http://dbpedia.org/resource/Lake_District]"
"93","3","[http://dbpedia.org/resource/Lake_District, http://dbpedia.org/resource/Far_Eastern_Fells]"
"94","3","[http://dbpedia.org/resource/Western_Fells, http://dbpedia.org/resource/Lake_District]"
"95","3","[http://dbpedia.org/resource/Lake_District, http://dbpedia.org/resource/Northern_Fells]"
"96","3","[http://dbpedia.org/resource/Lake_District, http://dbpedia.org/resource/Northern_Fells]"
"97","3","[http://dbpedia.org/resource/Lake_District, http://dbpedia.org/resource/Northern_Fells]"
"98","3","[http://dbpedia.org/resource/Lake_District, http://dbpedia.org/resource/Central_Fells]"
"99","3","[http://dbpedia.org/resource/Lake_District, http://dbpedia.org/resource/Eastern_Fells]"
"200","3","[http://dbpedia.org/resource/Western_Fells, http://dbpedia.org/resource/Lake_District]"
"201","3","[http://dbpedia.org/resource/Lake_District, http://dbpedia.org/resource/Central_Fells]"
"202","3","[http://dbpedia.org/resource/Lake_District, http://dbpedia.org/resource/Central_Fells]"
"203","3","[http://dbpedia.org/resource/Lake_District, http://dbpedia.org/resource/Far_Eastern_Fells]"
"204","3","[http://dbpedia.org/resource/Lake_District, http://dbpedia.org/resource/Central_Fells]"
"205","3","[http://dbpedia.org/resource/North_Western_Fells, http://dbpedia.org/resource/Lake_District]"
"206","3","[http://dbpedia.org/resource/Lake_District, http://dbpedia.org/resource/Northern_Fells]"
"207","3","[http://dbpedia.org/resource/Lake_District, http://dbpedia.org/resource/Far_Eastern_Fells]"
"208","3","[http://dbpedia.org/resource/North_Western_Fells, http://dbpedia.org/resource/Lake_District]"
"209","3","[http://dbpedia.org/resource/Lake_District, http://dbpedia.org/resource/Central_Fells]"
"210","3","[http://dbpedia.org/resource/North_Western_Fells, http://dbpedia.org/resource/Lake_District]"
"211","3","[http://dbpedia.org/resource/Lake_District, http://dbpedia.org/resource/Central_Fells]"
"212","3","[http://dbpedia.org/resource/Lake_District, http://dbpedia.org/resource/Southern_Fells]"
"213","3","[http://dbpedia.org/resource/Lake_District, http://dbpedia.org/resource/Southern_Fells]"
"214","3","[http://dbpedia.org/resource/North_Western_Fells, http://dbpedia.org/resource/Lake_District]"
"100","3","[http://dbpedia.org/resource/Lake_District, http://dbpedia.org/resource/Northern_Fells]"
"101","3","[http://dbpedia.org/resource/North_Western_Fells, http://dbpedia.org/resource/Lake_District]"
"102","3","[http://dbpedia.org/resource/Lake_District, http://dbpedia.org/resource/Far_Eastern_Fells]"
"103","3","[http://dbpedia.org/resource/Lake_District, http://dbpedia.org/resource/Far_Eastern_Fells]"
"104","3","[http://dbpedia.org/resource/Lake_District, http://dbpedia.org/resource/Far_Eastern_Fells]"
"105","3","[http://dbpedia.org/resource/Lake_District, http://dbpedia.org/resource/Northern_Fells]"
"106","3","[http://dbpedia.org/resource/North_Western_Fells, http://dbpedia.org/resource/Lake_District]"
"107","3","[http://dbpedia.org/resource/Lake_District, http://dbpedia.org/resource/Northern_Fells]"
"108","3","[http://dbpedia.org/resource/Lake_District, http://dbpedia.org/resource/Far_Eastern_Fells]"
"109","3","[http://dbpedia.org/resource/Lake_District, http://dbpedia.org/resource/Eastern_Fells]"
