"1","2","http://dbpedia.org/resource/Malvaceae"
"2","2","http://dbpedia.org/resource/Malvaceae"
"3","2","http://dbpedia.org/resource/Fabaceae"
"4","2","http://dbpedia.org/resource/Fabaceae"
"6","2","http://dbpedia.org/resource/Fabaceae"
"7","2","http://dbpedia.org/resource/Fabaceae"
"8","2","http://dbpedia.org/resource/Fabaceae"
"500","2","http://dbpedia.org/resource/Malvaceae"
"507","2","http://dbpedia.org/resource/Asteraceae"
"510","2","http://dbpedia.org/resource/Solanaceae"
"511","2","http://dbpedia.org/resource/Solanaceae"
"512","2","http://dbpedia.org/resource/Solanaceae"
"513","2","http://dbpedia.org/resource/Solanaceae"
"514","2","http://dbpedia.org/resource/Solanaceae"
"515","2","http://dbpedia.org/resource/Solanaceae"
"516","2","http://dbpedia.org/resource/Solanaceae"
"518","2","[http://dbpedia.org/resource/Asteraceae, http://dbpedia.org/resource/Cichorieae]"
"519","2","http://dbpedia.org/resource/Poaceae"
"400","2","http://dbpedia.org/resource/Poaceae"
"401","2","http://dbpedia.org/resource/Passifloraceae"
"402","2","http://dbpedia.org/resource/Passifloraceae"
"403","2","http://dbpedia.org/resource/Passifloraceae"
"404","2","http://dbpedia.org/resource/Passifloraceae"
"405","2","http://dbpedia.org/resource/Passifloraceae"
"407","2","http://dbpedia.org/resource/Passifloraceae"
"408","2","http://dbpedia.org/resource/Passifloraceae"
"529","2","http://dbpedia.org/resource/Lamiaceae"
"409","2","http://dbpedia.org/resource/Passifloraceae"
"530","2","[http://dbpedia.org/resource/Apocynaceae, http://dbpedia.org/resource/Asclepiadoideae, http://dbpedia.org/resource/Stapeliae]"
"531","2","http://dbpedia.org/resource/Caryophyllaceae"
"410","2","http://dbpedia.org/resource/Passifloraceae"
"411","2","http://dbpedia.org/resource/Paulowniaceae"
"532","2","[http://dbpedia.org/resource/Poaceae, http://dbpedia.org/resource/Panicoideae, http://dbpedia.org/resource/Paniceae]"
"412","2","http://dbpedia.org/resource/Poaceae"
"413","2","[http://dbpedia.org/resource/Poaceae, http://dbpedia.org/resource/Panicoideae]"
"535","2","http://dbpedia.org/resource/Myrtaceae"
"416","2","http://dbpedia.org/resource/Poaceae"
"537","2","http://dbpedia.org/resource/Tamaricaceae"
"538","2","http://dbpedia.org/resource/Tamaricaceae"
"417","2","http://dbpedia.org/resource/Cactus"
"418","2","http://dbpedia.org/resource/Polygonaceae"
"540","2","http://dbpedia.org/resource/Combretaceae"
"541","2","http://dbpedia.org/resource/Melastomataceae"
"420","2","[http://dbpedia.org/resource/Fabaceae, http://dbpedia.org/resource/Faboideae, http://dbpedia.org/resource/Phaseoleae]"
"423","2","http://dbpedia.org/resource/Verbenaceae"
"544","2","http://dbpedia.org/resource/Poaceae"
"545","2","http://dbpedia.org/resource/Acanthaceae"
"546","2","http://dbpedia.org/resource/Acanthaceae"
"426","2","[http://dbpedia.org/resource/Phyllantheae, http://dbpedia.org/resource/Phyllanthaceae, http://dbpedia.org/resource/Flueggeinae]"
"305","2","http://dbpedia.org/resource/Euphorbiaceae"
"547","2","http://dbpedia.org/resource/Acanthaceae"
"306","2","http://dbpedia.org/resource/Juncaceae"
"428","2","[http://dbpedia.org/resource/Bambusoideae, http://dbpedia.org/resource/Shibataeinae, http://dbpedia.org/resource/Bamboo, http://dbpedia.org/resource/Poaceae]"
"307","2","http://dbpedia.org/resource/Acanthaceae"
"429","2","http://dbpedia.org/resource/Phytolaccaceae"
"308","2","http://dbpedia.org/resource/Acanthaceae"
"309","2","http://dbpedia.org/resource/Meliaceae"
"551","2","http://dbpedia.org/resource/Commelinaceae"
"430","2","http://dbpedia.org/resource/Myrtaceae"
"431","2","http://dbpedia.org/resource/Myrtaceae"
"553","2","http://dbpedia.org/resource/Cannabaceae"
"311","2","http://dbpedia.org/resource/Sapindaceae"
"432","2","http://dbpedia.org/resource/Pinaceae"
"433","2","http://dbpedia.org/resource/Piperaceae"
"312","2","http://dbpedia.org/resource/Myrtaceae"
"554","2","[http://dbpedia.org/resource/Hippomaneae, http://dbpedia.org/resource/Hippomaninae, http://dbpedia.org/resource/Euphorbioideae, http://dbpedia.org/resource/Euphorbiaceae]"
"555","2","http://dbpedia.org/resource/Zygophyllaceae"
"313","2","http://dbpedia.org/resource/Cyperaceae"
"434","2","http://dbpedia.org/resource/Piperaceae"
"556","2","http://dbpedia.org/resource/Zygophyllaceae"
"557","2","http://dbpedia.org/resource/Boraginaceae"
"436","2","http://dbpedia.org/resource/Fabaceae"
"315","2","http://dbpedia.org/resource/Verbenaceae"
"316","2","[http://dbpedia.org/resource/Poaceae, http://dbpedia.org/resource/Oryzeae, http://dbpedia.org/resource/Ehrhartoideae]"
"558","2","[http://dbpedia.org/resource/Asteraceae, http://dbpedia.org/resource/Heliantheae]"
"317","2","http://dbpedia.org/resource/Lamiaceae"
"438","2","http://dbpedia.org/resource/Pittosporaceae"
"559","2","http://dbpedia.org/resource/Rutaceae"
"318","2","http://dbpedia.org/resource/Brassicaceae"
"439","2","http://dbpedia.org/resource/Pittosporaceae"
"319","2","http://dbpedia.org/resource/Brassicaceae"
"441","2","http://dbpedia.org/resource/Plantaginaceae"
"320","2","http://dbpedia.org/resource/Myrtaceae"
"442","2","http://dbpedia.org/resource/Polypodiaceae"
"321","2","http://dbpedia.org/resource/Myrtaceae"
"563","2","http://dbpedia.org/resource/Convolvulaceae"
"200","2","http://dbpedia.org/resource/Verbenaceae"
"564","2","http://dbpedia.org/resource/Passifloraceae"
"444","2","http://dbpedia.org/resource/Asteraceae"
"323","2","http://dbpedia.org/resource/Arecaceae"
"202","2","[http://dbpedia.org/resource/Poaceae, http://dbpedia.org/resource/Panicoideae]"
"565","2","http://dbpedia.org/resource/Passifloraceae"
"203","2","http://dbpedia.org/resource/Elaeocarpaceae"
"566","2","[http://dbpedia.org/resource/Fabaceae, http://dbpedia.org/resource/Faboideae]"
"204","2","http://dbpedia.org/resource/Cyperaceae"
"325","2","[http://dbpedia.org/resource/Citreae, http://dbpedia.org/resource/Rutaceae, http://dbpedia.org/resource/Aurantioideae]"
"567","2","[http://dbpedia.org/resource/Poaceae, http://dbpedia.org/resource/Panicoideae]"
"205","2","http://dbpedia.org/resource/Cyperaceae"
"448","2","[http://dbpedia.org/resource/Fabaceae, http://dbpedia.org/resource/Mimosoideae, http://dbpedia.org/resource/Mimoseae]"
"207","2","http://dbpedia.org/resource/Zingiberaceae"
"449","2","http://dbpedia.org/resource/Myrtaceae"
"208","2","http://dbpedia.org/resource/Polygonaceae"
"329","2","http://dbpedia.org/resource/Lauraceae"
"209","2","http://dbpedia.org/resource/Polygonaceae"
"571","2","http://dbpedia.org/resource/Verbenaceae"
"450","2","http://dbpedia.org/resource/Myrtaceae"
"451","2","http://dbpedia.org/resource/Arecaceae"
"572","2","http://dbpedia.org/resource/Verbenaceae"
"452","2","http://dbpedia.org/resource/Bignoniaceae"
"331","2","http://dbpedia.org/resource/Poaceae"
"332","2","http://dbpedia.org/resource/Myrtaceae"
"453","2","http://dbpedia.org/resource/Myrtaceae"
"211","2","http://dbpedia.org/resource/Asteraceae"
"574","2","http://dbpedia.org/resource/Fabaceae"
"575","2","http://dbpedia.org/resource/Verbenaceae"
"455","2","http://dbpedia.org/resource/Phytolaccaceae"
"576","2","http://dbpedia.org/resource/Arecaceae"
"213","2","http://dbpedia.org/resource/Poaceae"
"456","2","http://dbpedia.org/resource/Rosaceae"
"577","2","http://dbpedia.org/resource/Arecaceae"
"578","2","http://dbpedia.org/resource/Myrtaceae"
"215","2","[http://dbpedia.org/resource/Poaceae, http://dbpedia.org/resource/Chloridoideae]"
"579","2","http://dbpedia.org/resource/Thymelaeaceae"
"337","2","http://dbpedia.org/resource/Solanaceae"
"338","2","http://dbpedia.org/resource/Lygodium"
"339","2","http://dbpedia.org/resource/Rhamnaceae"
"219","2","[http://dbpedia.org/resource/Asteraceae, http://dbpedia.org/resource/Senecioneae]"
"580","2","[http://dbpedia.org/resource/Asteraceae, http://dbpedia.org/resource/Heliantheae, http://dbpedia.org/resource/Asteroideae]"
"460","2","http://dbpedia.org/resource/Rosaceae"
"582","2","[http://dbpedia.org/resource/Zantedeschieae, http://dbpedia.org/resource/Araceae, http://dbpedia.org/resource/Aroideae]"
"583","2","http://dbpedia.org/resource/Asteraceae"
"341","2","http://dbpedia.org/resource/Malvaceae"
"221","2","http://dbpedia.org/resource/Poaceae"
"463","2","http://dbpedia.org/resource/Rosaceae"
"584","2","http://dbpedia.org/resource/Rhamnaceae"
"100","2","http://dbpedia.org/resource/Gentianaceae"
"585","2","http://dbpedia.org/resource/Rhamnaceae"
"343","2","http://dbpedia.org/resource/Lamiaceae"
"464","2","http://dbpedia.org/resource/Rosaceae"
"465","2","http://dbpedia.org/resource/Rosaceae"
"223","2","[http://dbpedia.org/resource/Asteraceae, http://dbpedia.org/resource/Astereae]"
"103","2","http://dbpedia.org/resource/Solanaceae"
"466","2","http://dbpedia.org/resource/Rosaceae"
"345","2","[http://dbpedia.org/resource/Fabaceae, http://dbpedia.org/resource/Faboideae, http://dbpedia.org/resource/Trifolieae]"
"346","2","[http://dbpedia.org/resource/Fabaceae, http://dbpedia.org/resource/Faboideae]"
"225","2","http://dbpedia.org/resource/Apiaceae"
"104","2","http://dbpedia.org/resource/Solanaceae"
"468","2","http://dbpedia.org/resource/Rosaceae"
"226","2","http://dbpedia.org/resource/Euphorbiaceae"
"347","2","http://dbpedia.org/resource/Melastomataceae"
"348","2","http://dbpedia.org/resource/Melastomataceae"
"469","2","http://dbpedia.org/resource/Acanthaceae"
"227","2","http://dbpedia.org/resource/Euphorbiaceae"
"107","2","[http://dbpedia.org/resource/Amaranthaceae, http://dbpedia.org/resource/Chenopodioideae, http://dbpedia.org/resource/Dysphanieae]"
"108","2","[http://dbpedia.org/resource/Amaranthaceae, http://dbpedia.org/resource/Chenopodioideae, http://dbpedia.org/resource/Atripliceae]"
"229","2","http://dbpedia.org/resource/Polygonaceae"
"470","2","http://dbpedia.org/resource/Acanthaceae"
"350","2","http://dbpedia.org/resource/Myrtaceae"
"471","2","http://dbpedia.org/resource/Polygonaceae"
"230","2","[http://dbpedia.org/resource/Ficus, http://dbpedia.org/resource/Moraceae]"
"472","2","http://dbpedia.org/resource/Polygonaceae"
"231","2","http://dbpedia.org/resource/Moraceae"
"473","2","http://dbpedia.org/resource/Polygonaceae"
"353","2","http://dbpedia.org/resource/Sapindaceae"
"111","2","[http://dbpedia.org/resource/Poaceae, http://dbpedia.org/resource/Chloridoideae]"
"232","2","[http://dbpedia.org/resource/Ficus, http://dbpedia.org/resource/Moraceae]"
"474","2","http://dbpedia.org/resource/Poaceae"
"233","2","http://dbpedia.org/resource/Moraceae"
"354","2","http://dbpedia.org/resource/Poaceae"
"355","2","http://dbpedia.org/resource/Malvaceae"
"113","2","http://dbpedia.org/resource/Asteraceae"
"234","2","http://dbpedia.org/resource/Moraceae"
"235","2","http://dbpedia.org/resource/Moraceae"
"356","2","http://dbpedia.org/resource/Malvaceae"
"114","2","http://dbpedia.org/resource/Chrysobalanaceae"
"478","2","http://dbpedia.org/resource/Araliaceae"
"115","2","http://dbpedia.org/resource/Sapotaceae"
"236","2","http://dbpedia.org/resource/Moraceae"
"116","2","http://dbpedia.org/resource/Meliaceae"
"479","2","[http://dbpedia.org/resource/Araliaceae, http://dbpedia.org/resource/Aralioideae]"
"117","2","http://dbpedia.org/resource/Rubiaceae"
"118","2","http://dbpedia.org/resource/Lauraceae"
"119","2","http://dbpedia.org/resource/Lauraceae"
"10","2","http://dbpedia.org/resource/Fabaceae"
"11","2","http://dbpedia.org/resource/Fabaceae"
"12","2","http://dbpedia.org/resource/Fabaceae"
"13","2","http://dbpedia.org/resource/Fabaceae"
"14","2","http://dbpedia.org/resource/Fabaceae"
"17","2","http://dbpedia.org/resource/Cactus"
"18","2","http://dbpedia.org/resource/Asteraceae"
"19","2","[http://dbpedia.org/resource/Vittarioideae, http://dbpedia.org/resource/Pteridaceae]"
"480","2","http://dbpedia.org/resource/Anacardiaceae"
"481","2","http://dbpedia.org/resource/Anacardiaceae"
"361","2","[http://dbpedia.org/resource/Convolvulaceae, http://dbpedia.org/resource/Merremieae]"
"240","2","http://dbpedia.org/resource/Salicaceae"
"482","2","[http://dbpedia.org/resource/Poaceae, http://dbpedia.org/resource/Panicoideae, http://dbpedia.org/resource/Andropogoneae]"
"483","2","http://dbpedia.org/resource/Plantaginaceae"
"120","2","http://dbpedia.org/resource/Lauraceae"
"362","2","http://dbpedia.org/resource/Melastomataceae"
"121","2","[http://dbpedia.org/resource/Asteraceae, http://dbpedia.org/resource/Cynareae, http://dbpedia.org/resource/Carduoideae]"
"363","2","http://dbpedia.org/resource/Poaceae"
"242","2","[http://dbpedia.org/resource/Fabaceae, http://dbpedia.org/resource/Faboideae, http://dbpedia.org/resource/Phaseoleae]"
"484","2","[http://dbpedia.org/resource/Asteraceae, http://dbpedia.org/resource/Senecioneae, http://dbpedia.org/resource/Asteroideae]"
"243","2","[http://dbpedia.org/resource/Fabaceae, http://dbpedia.org/resource/Faboideae, http://dbpedia.org/resource/Phaseoleae, http://dbpedia.org/resource/Cajaninae]"
"364","2","[http://dbpedia.org/resource/Asteraceae, http://dbpedia.org/resource/Eupatorieae, http://dbpedia.org/resource/Asteroideae]"
"365","2","[http://dbpedia.org/resource/Fabaceae, http://dbpedia.org/resource/Mimosoideae]"
"244","2","http://dbpedia.org/resource/Rutaceae"
"486","2","[http://dbpedia.org/resource/Fabaceae, http://dbpedia.org/resource/Caesalpinioideae, http://dbpedia.org/resource/Cassieae, http://dbpedia.org/resource/Cassiinae]"
"488","2","[http://dbpedia.org/resource/Fabaceae, http://dbpedia.org/resource/Caesalpinioideae]"
"125","2","http://dbpedia.org/resource/Verbenaceae"
"246","2","http://dbpedia.org/resource/Apocynaceae"
"368","2","http://dbpedia.org/resource/Myricaceae"
"489","2","[http://dbpedia.org/resource/Fabaceae, http://dbpedia.org/resource/Caesalpinioideae, http://dbpedia.org/resource/Cassieae, http://dbpedia.org/resource/Cassiinae]"
"126","2","http://dbpedia.org/resource/Rutaceae"
"248","2","http://dbpedia.org/resource/Asteraceae"
"127","2","http://dbpedia.org/resource/Cleomaceae"
"249","2","http://dbpedia.org/resource/Asteraceae"
"20","2","http://dbpedia.org/resource/Fabaceae"
"21","2","http://dbpedia.org/resource/Fabaceae"
"24","2","http://dbpedia.org/resource/Asteraceae"
"25","2","http://dbpedia.org/resource/Simaroubaceae"
"26","2","[http://dbpedia.org/resource/Lamiaceae, http://dbpedia.org/resource/Teucrioideae]"
"27","2","http://dbpedia.org/resource/Fabaceae"
"28","2","http://dbpedia.org/resource/Fabaceae"
"29","2","http://dbpedia.org/resource/Apocynaceae"
"490","2","[http://dbpedia.org/resource/Fabaceae, http://dbpedia.org/resource/Caesalpinioideae, http://dbpedia.org/resource/Cassieae, http://dbpedia.org/resource/Cassiinae]"
"491","2","[http://dbpedia.org/resource/Fabaceae, http://dbpedia.org/resource/Caesalpinioideae, http://dbpedia.org/resource/Cassieae, http://dbpedia.org/resource/Cassiinae]"
"370","2","[http://dbpedia.org/resource/Fabaceae, http://dbpedia.org/resource/Faboideae, http://dbpedia.org/resource/Phaseoleae]"
"371","2","http://dbpedia.org/resource/Muntingiaceae"
"130","2","http://dbpedia.org/resource/Lamiaceae"
"493","2","http://dbpedia.org/resource/Fabaceae"
"372","2","[http://dbpedia.org/resource/Poaceae, http://dbpedia.org/resource/Chloridoideae]"
"373","2","http://dbpedia.org/resource/Oleaceae"
"131","2","http://dbpedia.org/resource/Verbenaceae"
"494","2","http://dbpedia.org/resource/Fabaceae"
"252","2","http://dbpedia.org/resource/Lamiaceae"
"132","2","http://dbpedia.org/resource/Melastomataceae"
"495","2","http://dbpedia.org/resource/Poaceae"
"375","2","http://dbpedia.org/resource/Ochnaceae"
"496","2","[http://dbpedia.org/resource/Poaceae, http://dbpedia.org/resource/Panicoideae]"
"497","2","http://dbpedia.org/resource/Poaceae"
"255","2","[http://dbpedia.org/resource/Apocynaceae, http://dbpedia.org/resource/Asclepiadoideae]"
"134","2","http://dbpedia.org/resource/Fabaceae"
"376","2","[http://dbpedia.org/resource/Malvaceae, http://dbpedia.org/resource/Bombacoideae]"
"377","2","http://dbpedia.org/resource/Lamiaceae"
"135","2","[http://dbpedia.org/resource/Clusiaceae, http://dbpedia.org/resource/Clusieae, http://dbpedia.org/resource/Clusioideae]"
"498","2","http://dbpedia.org/resource/Poaceae"
"499","2","http://dbpedia.org/resource/Poaceae"
"136","2","http://dbpedia.org/resource/Cucurbitaceae"
"137","2","[http://dbpedia.org/resource/Commelinoideae, http://dbpedia.org/resource/Commelineae, http://dbpedia.org/resource/Commelinaceae]"
"258","2","http://dbpedia.org/resource/Proteaceae"
"138","2","http://dbpedia.org/resource/Combretaceae"
"259","2","[http://dbpedia.org/resource/Malvaceae, http://dbpedia.org/resource/Grewioideae]"
"30","2","[http://dbpedia.org/resource/Amaranthaceae, http://dbpedia.org/resource/Gomphrenoideae]"
"31","2","http://dbpedia.org/resource/Amaranthaceae"
"32","2","[http://dbpedia.org/resource/Amaranthaceae, http://dbpedia.org/resource/Gomphrenoideae]"
"33","2","[http://dbpedia.org/resource/Amaranthaceae, http://dbpedia.org/resource/Gomphrenoideae]"
"34","2","http://dbpedia.org/resource/Amaranthaceae"
"35","2","http://dbpedia.org/resource/Amaranthaceae"
"36","2","http://dbpedia.org/resource/Amaranthaceae"
"38","2","http://dbpedia.org/resource/Amaranthaceae"
"380","2","http://dbpedia.org/resource/Poaceae"
"381","2","http://dbpedia.org/resource/Poaceae"
"382","2","http://dbpedia.org/resource/Cactus"
"261","2","http://dbpedia.org/resource/Fabaceae"
"140","2","[http://dbpedia.org/resource/Asteraceae, http://dbpedia.org/resource/Astereae]"
"383","2","http://dbpedia.org/resource/Cactus"
"262","2","http://dbpedia.org/resource/Hypericaceae"
"384","2","http://dbpedia.org/resource/Cactus"
"263","2","http://dbpedia.org/resource/Araliaceae"
"385","2","http://dbpedia.org/resource/Cactus"
"143","2","http://dbpedia.org/resource/Boraginaceae"
"264","2","http://dbpedia.org/resource/Zingiberaceae"
"265","2","http://dbpedia.org/resource/Zingiberaceae"
"144","2","http://dbpedia.org/resource/Boraginaceae"
"387","2","http://dbpedia.org/resource/Oxalidaceae"
"388","2","http://dbpedia.org/resource/Oxalidaceae"
"146","2","http://dbpedia.org/resource/Poaceae"
"268","2","http://dbpedia.org/resource/Boraginaceae"
"148","2","http://dbpedia.org/resource/Corynocarpus"
"149","2","http://dbpedia.org/resource/Asteraceae"
"40","2","http://dbpedia.org/resource/Myrsinaceae"
"41","2","[http://dbpedia.org/resource/Poaceae, http://dbpedia.org/resource/Panicoideae, http://dbpedia.org/resource/Andropogoneae]"
"42","2","http://dbpedia.org/resource/Poaceae"
"43","2","http://dbpedia.org/resource/Poaceae"
"44","2","[http://dbpedia.org/resource/Apocynaceae, http://dbpedia.org/resource/Asclepiadoideae]"
"45","2","http://dbpedia.org/resource/Arecaceae"
"46","2","http://dbpedia.org/resource/Myrsinaceae"
"47","2","http://dbpedia.org/resource/Myrsinaceae"
"48","2","http://dbpedia.org/resource/Convolvulaceae"
"390","2","http://dbpedia.org/resource/Rubiaceae"
"391","2","http://dbpedia.org/resource/Poaceae"
"150","2","[http://dbpedia.org/resource/Asteraceae, http://dbpedia.org/resource/Asteroideae]"
"272","2","[http://dbpedia.org/resource/Micrandreae, http://dbpedia.org/resource/Crotonoideae, http://dbpedia.org/resource/Euphorbiaceae, http://dbpedia.org/resource/Hevea]"
"393","2","http://dbpedia.org/resource/Poaceae"
"273","2","http://dbpedia.org/resource/Campanulaceae"
"394","2","[http://dbpedia.org/resource/Fabaceae, http://dbpedia.org/resource/Mimosoideae]"
"395","2","http://dbpedia.org/resource/Fabaceae"
"274","2","http://dbpedia.org/resource/Malpighiaceae"
"275","2","http://dbpedia.org/resource/Euphorbiaceae"
"396","2","http://dbpedia.org/resource/Asteraceae"
"276","2","http://dbpedia.org/resource/Rhamnaceae"
"277","2","http://dbpedia.org/resource/Euphorbiaceae"
"398","2","http://dbpedia.org/resource/Poaceae"
"278","2","http://dbpedia.org/resource/Araliaceae"
"399","2","http://dbpedia.org/resource/Poaceae"
"157","2","http://dbpedia.org/resource/Apocynaceae"
"279","2","http://dbpedia.org/resource/Apiaceae"
"52","2","[http://dbpedia.org/resource/Poaceae, http://dbpedia.org/resource/Arundinoideae]"
"53","2","http://dbpedia.org/resource/Apocynaceae"
"56","2","http://dbpedia.org/resource/Oxalidaceae"
"58","2","http://dbpedia.org/resource/Meliaceae"
"59","2","http://dbpedia.org/resource/Asteraceae"
"281","2","[http://dbpedia.org/resource/Poaceae, http://dbpedia.org/resource/Panicoideae]"
"160","2","http://dbpedia.org/resource/Sapindaceae"
"282","2","http://dbpedia.org/resource/Hypericaceae"
"283","2","http://dbpedia.org/resource/Hypericaceae"
"163","2","http://dbpedia.org/resource/Cyatheaceae"
"285","2","[http://dbpedia.org/resource/Asteraceae, http://dbpedia.org/resource/Cichorieae]"
"286","2","[http://dbpedia.org/resource/Asteraceae, http://dbpedia.org/resource/Cichorieae]"
"287","2","http://dbpedia.org/resource/Lamiaceae"
"167","2","http://dbpedia.org/resource/Cyperaceae"
"168","2","http://dbpedia.org/resource/Cyperaceae"
"169","2","http://dbpedia.org/resource/Cyperaceae"
"60","2","[http://dbpedia.org/resource/Plantaginaceae, http://dbpedia.org/resource/Gratioleae]"
"61","2","http://dbpedia.org/resource/Acanthaceae"
"62","2","http://dbpedia.org/resource/Acanthaceae"
"63","2","http://dbpedia.org/resource/Fabaceae"
"64","2","http://dbpedia.org/resource/Fabaceae"
"65","2","http://dbpedia.org/resource/Fabaceae"
"66","2","[http://dbpedia.org/resource/Asteraceae, http://dbpedia.org/resource/Asteroideae]"
"69","2","http://dbpedia.org/resource/Papaveraceae"
"290","2","http://dbpedia.org/resource/Balsaminaceae"
"170","2","http://dbpedia.org/resource/Cyperaceae"
"171","2","http://dbpedia.org/resource/Cyperaceae"
"292","2","http://dbpedia.org/resource/Poaceae"
"294","2","[http://dbpedia.org/resource/Fabaceae, http://dbpedia.org/resource/Mimosoideae, http://dbpedia.org/resource/Ingeae]"
"295","2","http://dbpedia.org/resource/Convolvulaceae"
"296","2","http://dbpedia.org/resource/Convolvulaceae"
"175","2","http://dbpedia.org/resource/Poaceae"
"176","2","http://dbpedia.org/resource/Fabaceae"
"297","2","http://dbpedia.org/resource/Convolvulaceae"
"177","2","http://dbpedia.org/resource/Solanaceae"
"299","2","http://dbpedia.org/resource/Convolvulaceae"
"178","2","http://dbpedia.org/resource/Solanaceae"
"179","2","http://dbpedia.org/resource/Solanaceae"
"71","2","http://dbpedia.org/resource/Nyctaginaceae"
"74","2","http://dbpedia.org/resource/Solanaceae"
"75","2","http://dbpedia.org/resource/Crassulaceae"
"76","2","http://dbpedia.org/resource/Scrophulariaceae"
"77","2","http://dbpedia.org/resource/Scrophulariaceae"
"78","2","http://dbpedia.org/resource/Scrophulariaceae"
"79","2","http://dbpedia.org/resource/Fabaceae"
"180","2","[http://dbpedia.org/resource/Asteraceae, http://dbpedia.org/resource/Senecioneae]"
"182","2","[http://dbpedia.org/resource/Fabaceae, http://dbpedia.org/resource/Faboideae, http://dbpedia.org/resource/Millettieae]"
"183","2","[http://dbpedia.org/resource/Fabaceae, http://dbpedia.org/resource/Mimosoideae]"
"184","2","http://dbpedia.org/resource/Fabaceae"
"80","2","http://dbpedia.org/resource/Fabaceae"
"81","2","[http://dbpedia.org/resource/Calamoideae, http://dbpedia.org/resource/Arecaceae, http://dbpedia.org/resource/Rattan]"
"82","2","http://dbpedia.org/resource/Fabaceae"
"83","2","http://dbpedia.org/resource/Fabaceae"
"84","2","http://dbpedia.org/resource/Commelinaceae"
"85","2","http://dbpedia.org/resource/Calophyllaceae"
"87","2","http://dbpedia.org/resource/Asclepiadoideae"
"190","2","http://dbpedia.org/resource/Fabaceae"
"192","2","http://dbpedia.org/resource/Poaceae"
"195","2","http://dbpedia.org/resource/Poaceae"
"196","2","[http://dbpedia.org/resource/Poaceae, http://dbpedia.org/resource/Panicoideae]"
"197","2","http://dbpedia.org/resource/Dilleniaceae"
"198","2","http://dbpedia.org/resource/Brassicaceae"
"90","2","[http://dbpedia.org/resource/Boraginaceae, http://dbpedia.org/resource/Boraginoideae]"
"91","2","http://dbpedia.org/resource/Aizoaceae"
"92","2","[http://dbpedia.org/resource/Castilleae, http://dbpedia.org/resource/Moraceae]"
"93","2","http://dbpedia.org/resource/Casuarinaceae"
"94","2","http://dbpedia.org/resource/Casuarinaceae"
"95","2","http://dbpedia.org/resource/Urticaceae"
"96","2","http://dbpedia.org/resource/Urticaceae"
"97","2","http://dbpedia.org/resource/Meliaceae"
"99","2","[http://dbpedia.org/resource/Asteraceae, http://dbpedia.org/resource/Cynareae]"
