"88","3","[http://dbpedia.org/resource/Boston_Red_Sox, http://dbpedia.org/resource/Chicago_White_Sox, http://dbpedia.org/resource/Cincinnati_Reds, http://dbpedia.org/resource/New_York_Mets]"
"89","3","[http://dbpedia.org/resource/Los_Angeles_Dodgers, http://dbpedia.org/resource/San_Diego_Padres]"
"110","3","http://dbpedia.org/resource/Milwaukee_Brewers"
"111","3","[http://dbpedia.org/resource/Chicago_White_Sox, http://dbpedia.org/resource/Cleveland_Indians, http://dbpedia.org/resource/Detroit_Tigers, http://dbpedia.org/resource/Chunichi_Dragons, http://dbpedia.org/resource/Newark_Eagles]"
"114","3","http://dbpedia.org/resource/Kansas_City_Royals"
"115","3","http://dbpedia.org/resource/Minnesota_Twins"
"116","3","[http://dbpedia.org/resource/San_Diego_Padres, http://dbpedia.org/resource/St._Louis_Cardinals]"
"90","3","[http://dbpedia.org/resource/Chicago_White_Sox, http://dbpedia.org/resource/Cleveland_Indians, http://dbpedia.org/resource/Minnesota_Twins, http://dbpedia.org/resource/Philadelphia_Phillies, http://dbpedia.org/resource/San_Francisco_Giants, http://dbpedia.org/resource/St._Louis_Cardinals]"
"117","3","[http://dbpedia.org/resource/Atlanta_Braves, http://dbpedia.org/resource/Oakland_Athletics, http://dbpedia.org/resource/St._Louis_Cardinals, http://dbpedia.org/resource/New_York_Yankees]"
"118","3","[http://dbpedia.org/resource/Houston_Astros, http://dbpedia.org/resource/New_York_Mets, http://dbpedia.org/resource/Texas_Rangers_(baseball), http://dbpedia.org/resource/Los_Angeles_Angels_of_Anaheim]"
"91","3","http://dbpedia.org/resource/Boston_Red_Sox"
"92","3","[http://dbpedia.org/resource/Baltimore_Orioles, http://dbpedia.org/resource/Chicago_White_Sox, http://dbpedia.org/resource/Cleveland_Indians, http://dbpedia.org/resource/Oakland_Athletics, http://dbpedia.org/resource/Texas_Rangers_(baseball)]"
"119","3","[http://dbpedia.org/resource/Houston_Astros, http://dbpedia.org/resource/New_York_Mets, http://dbpedia.org/resource/Texas_Rangers_(baseball), http://dbpedia.org/resource/Los_Angeles_Angels_of_Anaheim]"
"95","3","[http://dbpedia.org/resource/Oakland_Athletics, http://dbpedia.org/resource/New_York_Yankees]"
"96","3","[http://dbpedia.org/resource/Atlanta_Braves, http://dbpedia.org/resource/San_Francisco_Giants, http://dbpedia.org/resource/St._Louis_Cardinals]"
"97","3","http://dbpedia.org/resource/Cleveland_Indians"
"98","3","http://dbpedia.org/resource/Philadelphia_Phillies"
"99","3","http://dbpedia.org/resource/Minnesota_Twins"
"11","3","http://dbpedia.org/resource/New_York_Yankees"
"12","3","[http://dbpedia.org/resource/Pittsburgh_Pirates, http://dbpedia.org/resource/Louisville_Colonels]"
"13","3","http://dbpedia.org/resource/Cleveland_Indians"
"16","3","[http://dbpedia.org/resource/Baltimore_Orioles, http://dbpedia.org/resource/Chicago_Cubs, http://dbpedia.org/resource/Houston_Astros, http://dbpedia.org/resource/Philadelphia_Phillies]"
"17","3","http://dbpedia.org/resource/St._Louis_Cardinals"
"18","3","[http://dbpedia.org/resource/Atlanta_Braves, http://dbpedia.org/resource/New_York_Mets, http://dbpedia.org/resource/San_Francisco_Giants]"
"19","3","[http://dbpedia.org/resource/Houston_Astros, http://dbpedia.org/resource/Pittsburgh_Pirates]"
"120","3","[http://dbpedia.org/resource/Boston_Red_Sox, http://dbpedia.org/resource/Chicago_Cubs, http://dbpedia.org/resource/Miami_Marlins, http://dbpedia.org/resource/Montreal_Expos]"
"121","3","[http://dbpedia.org/resource/New_York_Mets, http://dbpedia.org/resource/San_Diego_Padres]"
"1","3","[http://dbpedia.org/resource/Atlanta_Braves, http://dbpedia.org/resource/Chicago_Cubs, http://dbpedia.org/resource/Cincinnati_Reds, http://dbpedia.org/resource/San_Francisco_Giants, http://dbpedia.org/resource/St._Louis_Cardinals, http://dbpedia.org/resource/History_of_the_St._Louis_Browns]"
"122","3","http://dbpedia.org/resource/Minnesota_Twins"
"2","3","http://dbpedia.org/resource/New_York_Yankees"
"123","3","[http://dbpedia.org/resource/Cleveland_Indians, http://dbpedia.org/resource/Detroit_Tigers]"
"124","3","[http://dbpedia.org/resource/Los_Angeles_Dodgers, http://dbpedia.org/resource/New_York_Yankees]"
"125","3","[http://dbpedia.org/resource/Boston_Red_Sox, http://dbpedia.org/resource/Chicago_White_Sox]"
"5","3","http://dbpedia.org/resource/Cincinnati_Reds"
"126","3","[http://dbpedia.org/resource/Baltimore_Orioles, http://dbpedia.org/resource/Cincinnati_Reds, http://dbpedia.org/resource/Cleveland_Indians, http://dbpedia.org/resource/Los_Angeles_Dodgers, http://dbpedia.org/resource/Milwaukee_Brewers, http://dbpedia.org/resource/Montreal_Expos, http://dbpedia.org/resource/San_Francisco_Giants, http://dbpedia.org/resource/Washington_Nationals, http://dbpedia.org/resource/Los_Angeles_Angels_of_Anaheim]"
"127","3","[http://dbpedia.org/resource/Cincinnati_Reds, http://dbpedia.org/resource/Houston_Astros, http://dbpedia.org/resource/Oakland_Athletics, http://dbpedia.org/resource/Philadelphia_Phillies, http://dbpedia.org/resource/San_Francisco_Giants]"
"6","3","http://dbpedia.org/resource/San_Francisco_Giants"
"7","3","[http://dbpedia.org/resource/Atlanta_Braves, http://dbpedia.org/resource/Boston_Red_Sox, http://dbpedia.org/resource/New_York_Yankees]"
"128","3","[http://dbpedia.org/resource/Baltimore_Orioles, http://dbpedia.org/resource/Cleveland_Indians, http://dbpedia.org/resource/Los_Angeles_Dodgers, http://dbpedia.org/resource/New_York_Mets, http://dbpedia.org/resource/Los_Angeles_Angels_of_Anaheim]"
"129","3","[http://dbpedia.org/resource/Chicago_White_Sox, http://dbpedia.org/resource/Cleveland_Indians, http://dbpedia.org/resource/Kansas_City_Royals, http://dbpedia.org/resource/New_York_Yankees]"
"8","3","http://dbpedia.org/resource/San_Francisco_Giants"
"20","3","[http://dbpedia.org/resource/Atlanta_Braves, http://dbpedia.org/resource/Detroit_Tigers, http://dbpedia.org/resource/Houston_Astros]"
"21","3","http://dbpedia.org/resource/New_York_Yankees"
"24","3","[http://dbpedia.org/resource/Boston_Red_Sox, http://dbpedia.org/resource/Chicago_Cubs, http://dbpedia.org/resource/Cleveland_Indians, http://dbpedia.org/resource/Oakland_Athletics]"
"25","3","[http://dbpedia.org/resource/New_York_Mets, http://dbpedia.org/resource/San_Francisco_Giants]"
"26","3","[http://dbpedia.org/resource/Baltimore_Orioles, http://dbpedia.org/resource/Cincinnati_Reds, http://dbpedia.org/resource/Cleveland_Indians, http://dbpedia.org/resource/Los_Angeles_Dodgers, http://dbpedia.org/resource/Milwaukee_Brewers, http://dbpedia.org/resource/Montreal_Expos, http://dbpedia.org/resource/San_Francisco_Giants, http://dbpedia.org/resource/Washington_Nationals, http://dbpedia.org/resource/Los_Angeles_Angels_of_Anaheim]"
"27","3","http://dbpedia.org/resource/Pittsburgh_Pirates"
"28","3","http://dbpedia.org/resource/Los_Angeles_Dodgers"
"29","3","http://dbpedia.org/resource/Los_Angeles_Dodgers"
"130","3","[http://dbpedia.org/resource/Chicago_White_Sox, http://dbpedia.org/resource/Cincinnati_Reds, http://dbpedia.org/resource/Pittsburgh_Pirates, http://dbpedia.org/resource/Los_Angeles_Angels_of_Anaheim]"
"131","3","[http://dbpedia.org/resource/Chicago_White_Sox, http://dbpedia.org/resource/New_York_Mets, http://dbpedia.org/resource/Philadelphia_Phillies, http://dbpedia.org/resource/Pittsburgh_Pirates, http://dbpedia.org/resource/Texas_Rangers_(baseball), http://dbpedia.org/resource/Toronto_Blue_Jays, http://dbpedia.org/resource/Los_Angeles_Angels_of_Anaheim]"
"132","3","[http://dbpedia.org/resource/Houston_Astros, http://dbpedia.org/resource/Los_Angeles_Dodgers, http://dbpedia.org/resource/Milwaukee_Brewers, http://dbpedia.org/resource/Oakland_Athletics, http://dbpedia.org/resource/Los_Angeles_Angels_of_Anaheim]"
"133","3","[http://dbpedia.org/resource/Milwaukee_Brewers, http://dbpedia.org/resource/Minnesota_Twins, http://dbpedia.org/resource/Toronto_Blue_Jays]"
"134","3","[http://dbpedia.org/resource/Atlanta_Braves, http://dbpedia.org/resource/Boston_Red_Sox, http://dbpedia.org/resource/Kansas_City_Royals, http://dbpedia.org/resource/Oakland_Athletics, http://dbpedia.org/resource/San_Francisco_Giants, http://dbpedia.org/resource/St._Louis_Cardinals]"
"137","3","[http://dbpedia.org/resource/Detroit_Tigers, http://dbpedia.org/resource/Oakland_Athletics]"
"138","3","[http://dbpedia.org/resource/Boston_Red_Sox, http://dbpedia.org/resource/New_York_Yankees, http://dbpedia.org/resource/Tampa_Bay_Rays]"
"139","3","[http://dbpedia.org/resource/Boston_Red_Sox, http://dbpedia.org/resource/Cincinnati_Reds, http://dbpedia.org/resource/Miami_Marlins, http://dbpedia.org/resource/Montreal_Expos, http://dbpedia.org/resource/Philadelphia_Phillies]"
"30","3","[http://dbpedia.org/resource/Los_Angeles_Dodgers, http://dbpedia.org/resource/Kansas_City_Monarchs]"
"31","3","[http://dbpedia.org/resource/Houston_Astros, http://dbpedia.org/resource/New_York_Mets, http://dbpedia.org/resource/New_York_Yankees]"
"32","3","http://dbpedia.org/resource/New_York_Yankees"
"33","3","http://dbpedia.org/resource/Pittsburgh_Pirates"
"34","3","[http://dbpedia.org/resource/Los_Angeles_Dodgers, http://dbpedia.org/resource/New_York_Mets, http://dbpedia.org/resource/Texas_Rangers_(baseball)]"
"35","3","[http://dbpedia.org/resource/Kansas_City_Royals, http://dbpedia.org/resource/Minnesota_Twins]"
"36","3","http://dbpedia.org/resource/New_York_Yankees"
"37","3","[http://dbpedia.org/resource/Baltimore_Orioles, http://dbpedia.org/resource/Chicago_Cubs, http://dbpedia.org/resource/St._Louis_Cardinals]"
"140","3","[http://dbpedia.org/resource/Cleveland_Indians, http://dbpedia.org/resource/Detroit_Tigers, http://dbpedia.org/resource/Oakland_Athletics, http://dbpedia.org/resource/Seattle_Mariners, http://dbpedia.org/resource/Texas_Rangers_(baseball), http://dbpedia.org/resource/Toronto_Blue_Jays]"
"141","3","[http://dbpedia.org/resource/Boston_Red_Sox, http://dbpedia.org/resource/Chicago_White_Sox]"
"142","3","[http://dbpedia.org/resource/Chicago_Cubs, http://dbpedia.org/resource/Philadelphia_Phillies, http://dbpedia.org/resource/St._Louis_Cardinals]"
"143","3","[http://dbpedia.org/resource/Chicago_Cubs, http://dbpedia.org/resource/Philadelphia_Phillies, http://dbpedia.org/resource/Pittsburgh_Pirates]"
"144","3","[http://dbpedia.org/resource/Cleveland_Indians, http://dbpedia.org/resource/Minnesota_Twins, http://dbpedia.org/resource/San_Diego_Padres, http://dbpedia.org/resource/Toronto_Blue_Jays, http://dbpedia.org/resource/Los_Angeles_Angels_of_Anaheim, http://dbpedia.org/resource/New_York_Yankees]"
"146","3","http://dbpedia.org/resource/Baltimore_Orioles"
"147","3","[http://dbpedia.org/resource/Houston_Astros, http://dbpedia.org/resource/St._Louis_Cardinals]"
"148","3","http://dbpedia.org/resource/San_Diego_Padres"
"149","3","[http://dbpedia.org/resource/Los_Angeles_Dodgers, http://dbpedia.org/resource/Montreal_Expos, http://dbpedia.org/resource/New_York_Mets, http://dbpedia.org/resource/San_Francisco_Giants]"
"40","3","http://dbpedia.org/resource/St._Louis_Cardinals"
"41","3","[http://dbpedia.org/resource/Boston_Red_Sox, http://dbpedia.org/resource/Los_Angeles_Dodgers, http://dbpedia.org/resource/San_Francisco_Giants]"
"42","3","[http://dbpedia.org/resource/Oakland_Athletics, http://dbpedia.org/resource/San_Diego_Padres, http://dbpedia.org/resource/San_Francisco_Giants]"
"43","3","[http://dbpedia.org/resource/Atlanta_Braves, http://dbpedia.org/resource/Cleveland_Indians, http://dbpedia.org/resource/Detroit_Tigers]"
"44","3","[http://dbpedia.org/resource/Chicago_White_Sox, http://dbpedia.org/resource/History_of_the_Oakland_Athletics]"
"45","3","http://dbpedia.org/resource/Houston_Astros"
"46","3","[http://dbpedia.org/resource/Chicago_White_Sox, http://dbpedia.org/resource/Houston_Astros, http://dbpedia.org/resource/History_of_the_Philadelphia_Athletics]"
"47","3","[http://dbpedia.org/resource/Atlanta_Braves, http://dbpedia.org/resource/Milwaukee_Brewers]"
"48","3","[http://dbpedia.org/resource/Atlanta_Braves, http://dbpedia.org/resource/Milwaukee_Brewers]"
"49","3","http://dbpedia.org/resource/Baltimore_Orioles"
"150","3","http://dbpedia.org/resource/New_York_Yankees"
"151","3","[http://dbpedia.org/resource/Chicago_Cubs, http://dbpedia.org/resource/Chicago_White_Sox]"
"152","3","[http://dbpedia.org/resource/Baltimore_Orioles, http://dbpedia.org/resource/Oakland_Athletics, http://dbpedia.org/resource/Los_Angeles_Angels_of_Anaheim, http://dbpedia.org/resource/New_York_Yankees]"
"153","3","[http://dbpedia.org/resource/Baltimore_Orioles, http://dbpedia.org/resource/Chicago_White_Sox, http://dbpedia.org/resource/Miami_Marlins, http://dbpedia.org/resource/Montreal_Expos, http://dbpedia.org/resource/Oakland_Athletics, http://dbpedia.org/resource/Toronto_Blue_Jays, http://dbpedia.org/resource/New_York_Yankees]"
"156","3","[http://dbpedia.org/resource/Atlanta_Braves, http://dbpedia.org/resource/Houston_Astros, http://dbpedia.org/resource/Los_Angeles_Dodgers, http://dbpedia.org/resource/Milwaukee_Brewers, http://dbpedia.org/resource/New_York_Yankees]"
"157","3","[http://dbpedia.org/resource/Atlanta_Braves, http://dbpedia.org/resource/Cleveland_Indians, http://dbpedia.org/resource/Kansas_City_Royals, http://dbpedia.org/resource/San_Diego_Padres, http://dbpedia.org/resource/San_Francisco_Giants, http://dbpedia.org/resource/Seattle_Mariners, http://dbpedia.org/resource/Texas_Rangers_(baseball), http://dbpedia.org/resource/New_York_Yankees]"
"158","3","[http://dbpedia.org/resource/Boston_Red_Sox, http://dbpedia.org/resource/Chicago_Cubs, http://dbpedia.org/resource/Cleveland_Indians, http://dbpedia.org/resource/Oakland_Athletics, http://dbpedia.org/resource/St._Louis_Cardinals]"
"159","3","[http://dbpedia.org/resource/Chicago_Cubs, http://dbpedia.org/resource/Philadelphia_Phillies]"
"50","3","http://dbpedia.org/resource/Los_Angeles_Dodgers"
"51","3","[http://dbpedia.org/resource/Chicago_Cubs, http://dbpedia.org/resource/New_York_Mets, http://dbpedia.org/resource/Philadelphia_Phillies]"
"52","3","http://dbpedia.org/resource/New_York_Yankees"
"53","3","[http://dbpedia.org/resource/Chicago_Cubs, http://dbpedia.org/resource/St._Louis_Cardinals]"
"56","3","[http://dbpedia.org/resource/Los_Angeles_Dodgers, http://dbpedia.org/resource/New_York_Mets, http://dbpedia.org/resource/San_Francisco_Giants]"
"57","3","http://dbpedia.org/resource/Detroit_Tigers"
"58","3","http://dbpedia.org/resource/Pittsburgh_Pirates"
"59","3","http://dbpedia.org/resource/Chicago_Cubs"
"160","3","[http://dbpedia.org/resource/Atlanta_Braves, http://dbpedia.org/resource/Chicago_Cubs, http://dbpedia.org/resource/St._Louis_Cardinals]"
"161","3","[http://dbpedia.org/resource/Atlanta_Braves, http://dbpedia.org/resource/Pittsburgh_Pirates, http://dbpedia.org/resource/History_of_the_Brooklyn_Dodgers, http://dbpedia.org/resource/New_York_Yankees]"
"162","3","http://dbpedia.org/resource/Cincinnati_Reds"
"163","3","http://dbpedia.org/resource/Houston_Astros"
"164","3","http://dbpedia.org/resource/Houston_Astros"
"165","3","[http://dbpedia.org/resource/Boston_Red_Sox, http://dbpedia.org/resource/Detroit_Tigers, http://dbpedia.org/resource/Minnesota_Twins]"
"166","3","[http://dbpedia.org/resource/Atlanta_Braves, http://dbpedia.org/resource/Chicago_Cubs, http://dbpedia.org/resource/Los_Angeles_Dodgers, http://dbpedia.org/resource/San_Diego_Padres]"
"167","3","[http://dbpedia.org/resource/Boston_Red_Sox, http://dbpedia.org/resource/Chicago_Cubs, http://dbpedia.org/resource/Philadelphia_Phillies, http://dbpedia.org/resource/Texas_Rangers_(baseball)]"
"168","3","[http://dbpedia.org/resource/Atlanta_Braves, http://dbpedia.org/resource/Chicago_Cubs, http://dbpedia.org/resource/Los_Angeles_Dodgers, http://dbpedia.org/resource/San_Diego_Padres]"
"169","3","http://dbpedia.org/resource/Boston_Red_Sox"
"60","3","[http://dbpedia.org/resource/Chicago_White_Sox, http://dbpedia.org/resource/Cleveland_Indians, http://dbpedia.org/resource/Texas_Rangers_(baseball), http://dbpedia.org/resource/St._Louis_Cardinals]"
"61","3","http://dbpedia.org/resource/Chicago_White_Sox"
"62","3","[http://dbpedia.org/resource/Chicago_White_Sox, http://dbpedia.org/resource/Detroit_Tigers, http://dbpedia.org/resource/San_Francisco_Giants]"
"63","3","http://dbpedia.org/resource/Detroit_Tigers"
"64","3","[http://dbpedia.org/resource/Detroit_Tigers, http://dbpedia.org/resource/Pittsburgh_Pirates]"
"65","3","[http://dbpedia.org/resource/Atlanta_Braves, http://dbpedia.org/resource/Cleveland_Indians, http://dbpedia.org/resource/Toronto_Blue_Jays, http://dbpedia.org/resource/New_York_Yankees]"
"66","3","http://dbpedia.org/resource/San_Francisco_Giants"
"67","3","[http://dbpedia.org/resource/Chicago_White_Sox, http://dbpedia.org/resource/Los_Angeles_Dodgers, http://dbpedia.org/resource/New_York_Mets, http://dbpedia.org/resource/St._Louis_Cardinals]"
"68","3","[http://dbpedia.org/resource/Boston_Red_Sox, http://dbpedia.org/resource/Minnesota_Twins, http://dbpedia.org/resource/Pittsburgh_Pirates]"
"69","3","[http://dbpedia.org/resource/Boston_Red_Sox, http://dbpedia.org/resource/Texas_Rangers_(baseball)]"
"170","3","[http://dbpedia.org/resource/Boston_Red_Sox, http://dbpedia.org/resource/Los_Angeles_Dodgers, http://dbpedia.org/resource/New_York_Mets, http://dbpedia.org/resource/Oakland_Athletics, http://dbpedia.org/resource/San_Diego_Padres, http://dbpedia.org/resource/Seattle_Mariners, http://dbpedia.org/resource/Toronto_Blue_Jays, http://dbpedia.org/resource/Los_Angeles_Angels_of_Anaheim, http://dbpedia.org/resource/New_York_Yankees]"
"171","3","[http://dbpedia.org/resource/Chicago_Cubs, http://dbpedia.org/resource/San_Francisco_Giants, http://dbpedia.org/resource/Minor_League_Baseball, http://dbpedia.org/resource/Newark_Eagles, http://dbpedia.org/resource/Azules_de_Veracruz]"
"172","3","[http://dbpedia.org/resource/Atlanta_Braves, http://dbpedia.org/resource/New_York_Mets]"
"175","3","[http://dbpedia.org/resource/Arizona_Diamondbacks, http://dbpedia.org/resource/Chicago_Cubs, http://dbpedia.org/resource/Detroit_Tigers, http://dbpedia.org/resource/Houston_Astros, http://dbpedia.org/resource/Los_Angeles_Dodgers, http://dbpedia.org/resource/Miami_Marlins]"
"176","3","[http://dbpedia.org/resource/Atlanta_Braves, http://dbpedia.org/resource/Chicago_Cubs, http://dbpedia.org/resource/Cincinnati_Reds, http://dbpedia.org/resource/Houston_Astros, http://dbpedia.org/resource/New_York_Mets, http://dbpedia.org/resource/Philadelphia_Phillies, http://dbpedia.org/resource/Pittsburgh_Pirates]"
"177","3","[http://dbpedia.org/resource/Cleveland_Indians, http://dbpedia.org/resource/Minnesota_Twins, http://dbpedia.org/resource/Pittsburgh_Pirates, http://dbpedia.org/resource/Texas_Rangers_(baseball), http://dbpedia.org/resource/Los_Angeles_Angels_of_Anaheim]"
"70","3","http://dbpedia.org/resource/Los_Angeles_Dodgers"
"71","3","http://dbpedia.org/resource/Los_Angeles_Dodgers"
"72","3","[http://dbpedia.org/resource/Cleveland_Indians, http://dbpedia.org/resource/St._Louis_Cardinals, http://dbpedia.org/resource/History_of_the_Oakland_Athletics, http://dbpedia.org/resource/New_York_Yankees]"
"73","3","[http://dbpedia.org/resource/Boston_Red_Sox, http://dbpedia.org/resource/New_York_Yankees]"
"74","3","http://dbpedia.org/resource/Cincinnati_Reds"
"75","3","[http://dbpedia.org/resource/Baltimore_Orioles, http://dbpedia.org/resource/Boston_Red_Sox, http://dbpedia.org/resource/Chicago_White_Sox]"
"78","3","http://dbpedia.org/resource/Baltimore_Orioles"
"79","3","http://dbpedia.org/resource/New_York_Yankees"
"100","3","[http://dbpedia.org/resource/Milwaukee_Brewers, http://dbpedia.org/resource/Minnesota_Twins, http://dbpedia.org/resource/Los_Angeles_Angels_of_Anaheim]"
"101","3","[http://dbpedia.org/resource/Houston_Astros, http://dbpedia.org/resource/New_York_Mets, http://dbpedia.org/resource/Texas_Rangers_(baseball), http://dbpedia.org/resource/Los_Angeles_Angels_of_Anaheim]"
"102","3","[http://dbpedia.org/resource/Milwaukee_Brewers, http://dbpedia.org/resource/Oakland_Athletics, http://dbpedia.org/resource/San_Diego_Padres]"
"103","3","[http://dbpedia.org/resource/Houston_Astros, http://dbpedia.org/resource/St._Louis_Cardinals, http://dbpedia.org/resource/New_York_Yankees]"
"104","3","[http://dbpedia.org/resource/Houston_Astros, http://dbpedia.org/resource/New_York_Mets]"
"105","3","[http://dbpedia.org/resource/Milwaukee_Brewers, http://dbpedia.org/resource/Oakland_Athletics, http://dbpedia.org/resource/San_Diego_Padres]"
"106","3","[http://dbpedia.org/resource/Detroit_Tigers, http://dbpedia.org/resource/Houston_Astros, http://dbpedia.org/resource/Montreal_Expos, http://dbpedia.org/resource/New_York_Mets, http://dbpedia.org/resource/Texas_Rangers_(baseball)]"
"107","3","[http://dbpedia.org/resource/Baltimore_Orioles, http://dbpedia.org/resource/Oakland_Athletics, http://dbpedia.org/resource/Los_Angeles_Angels_of_Anaheim, http://dbpedia.org/resource/New_York_Yankees]"
"80","3","[http://dbpedia.org/resource/Atlanta_Braves, http://dbpedia.org/resource/Cincinnati_Reds, http://dbpedia.org/resource/Cleveland_Indians, http://dbpedia.org/resource/Detroit_Tigers, http://dbpedia.org/resource/Minnesota_Twins, http://dbpedia.org/resource/Oakland_Athletics, http://dbpedia.org/resource/Texas_Rangers_(baseball), http://dbpedia.org/resource/New_York_Yankees]"
"108","3","[http://dbpedia.org/resource/Atlanta_Braves, http://dbpedia.org/resource/Colorado_Rockies, http://dbpedia.org/resource/Philadelphia_Phillies]"
"81","3","[http://dbpedia.org/resource/Chicago_Cubs, http://dbpedia.org/resource/Cleveland_Indians, http://dbpedia.org/resource/Pittsburgh_Pirates]"
"109","3","http://dbpedia.org/resource/Kansas_City_Royals"
"82","3","http://dbpedia.org/resource/Pittsburgh_Pirates"
"83","3","[http://dbpedia.org/resource/Cleveland_Indians, http://dbpedia.org/resource/Kansas_City_Royals, http://dbpedia.org/resource/Oakland_Athletics, http://dbpedia.org/resource/New_York_Yankees]"
"84","3","[http://dbpedia.org/resource/Milwaukee_Brewers, http://dbpedia.org/resource/Minnesota_Twins, http://dbpedia.org/resource/Los_Angeles_Angels_of_Anaheim]"
"85","3","[http://dbpedia.org/resource/Chicago_Cubs, http://dbpedia.org/resource/Oakland_Athletics]"
"86","3","[http://dbpedia.org/resource/Cincinnati_Reds, http://dbpedia.org/resource/San_Francisco_Giants]"
"87","3","http://dbpedia.org/resource/Boston_Red_Sox"
