"230","3","http://dbpedia.org/resource/Kinshasa"
"231","3","http://dbpedia.org/resource/Lusaka"
"110","3","http://dbpedia.org/resource/Seoul"
"111","3","http://dbpedia.org/resource/Kuwait_City"
"232","3","http://dbpedia.org/resource/Harare"
"112","3","http://dbpedia.org/resource/Bishkek"
"113","3","http://dbpedia.org/resource/Vientiane"
"115","3","http://dbpedia.org/resource/Beirut"
"116","3","http://dbpedia.org/resource/Maseru"
"117","3","http://dbpedia.org/resource/Monrovia"
"118","3","http://dbpedia.org/resource/Tripoli"
"10","3","http://dbpedia.org/resource/Yerevan"
"11","3","http://dbpedia.org/resource/Oranjestad,_Aruba"
"13","3","http://dbpedia.org/resource/Vienna"
"14","3","http://dbpedia.org/resource/Baku"
"15","3","http://dbpedia.org/resource/Nassau,_Bahamas"
"16","3","http://dbpedia.org/resource/Manama"
"17","3","http://dbpedia.org/resource/Dhaka"
"18","3","http://dbpedia.org/resource/Bridgetown"
"19","3","http://dbpedia.org/resource/Minsk"
"121","3","http://dbpedia.org/resource/Luxembourg_(city)"
"1","3","http://dbpedia.org/resource/Kabul"
"122","3","http://dbpedia.org/resource/Skopje"
"123","3","http://dbpedia.org/resource/Antananarivo"
"2","3","http://dbpedia.org/resource/Tirana"
"3","3","http://dbpedia.org/resource/Algiers"
"124","3","http://dbpedia.org/resource/Lilongwe"
"125","3","http://dbpedia.org/resource/Kuala_Lumpur"
"4","3","http://dbpedia.org/resource/Pago_Pago"
"5","3","http://dbpedia.org/resource/Andorra_la_Vella"
"126","3","http://dbpedia.org/resource/Mal%C3%A9"
"6","3","http://dbpedia.org/resource/Luanda"
"127","3","http://dbpedia.org/resource/Bamako"
"128","3","http://dbpedia.org/resource/Valletta"
"7","3","http://dbpedia.org/resource/The_Valley,_Anguilla"
"8","3","http://dbpedia.org/resource/St._John's,_Antigua_and_Barbuda"
"9","3","http://dbpedia.org/resource/Buenos_Aires"
"20","3","http://dbpedia.org/resource/Brussels"
"21","3","http://dbpedia.org/resource/Belmopan"
"22","3","http://dbpedia.org/resource/Porto-Novo"
"23","3","http://dbpedia.org/resource/Hamilton,_Bermuda"
"24","3","http://dbpedia.org/resource/Thimphu"
"25","3","http://dbpedia.org/resource/Sucre"
"27","3","http://dbpedia.org/resource/Gaborone"
"28","3","http://dbpedia.org/resource/Bras%C3%ADlia"
"29","3","http://dbpedia.org/resource/Road_Town"
"130","3","http://dbpedia.org/resource/Majuro"
"132","3","http://dbpedia.org/resource/Nouakchott"
"133","3","http://dbpedia.org/resource/Port_Louis"
"135","3","http://dbpedia.org/resource/Mexico_City"
"136","3","http://dbpedia.org/resource/Palikir"
"137","3","http://dbpedia.org/resource/Chi%C8%99in%C4%83u"
"138","3","http://dbpedia.org/resource/Monaco-Ville"
"139","3","http://dbpedia.org/resource/Ulan_Bator"
"30","3","http://dbpedia.org/resource/Bandar_Seri_Begawan"
"31","3","http://dbpedia.org/resource/Sofia"
"32","3","http://dbpedia.org/resource/Ouagadougou"
"33","3","http://dbpedia.org/resource/Bujumbura"
"34","3","http://dbpedia.org/resource/Phnom_Penh"
"35","3","http://dbpedia.org/resource/Yaound%C3%A9"
"36","3","http://dbpedia.org/resource/Ottawa"
"37","3","http://dbpedia.org/resource/Praia"
"38","3","http://dbpedia.org/resource/George_Town,_Cayman_Islands"
"39","3","http://dbpedia.org/resource/Bangui"
"140","3","http://dbpedia.org/resource/Brades"
"141","3","http://dbpedia.org/resource/Rabat"
"142","3","http://dbpedia.org/resource/Maputo"
"143","3","http://dbpedia.org/resource/Naypyidaw"
"144","3","http://dbpedia.org/resource/Windhoek"
"145","3","http://dbpedia.org/resource/Yaren_District"
"147","3","http://dbpedia.org/resource/Amsterdam"
"148","3","http://dbpedia.org/resource/Willemstad"
"149","3","http://dbpedia.org/resource/Noum%C3%A9a"
"40","3","http://dbpedia.org/resource/N'Djamena"
"41","3","http://dbpedia.org/resource/Santiago"
"42","3","http://dbpedia.org/resource/Beijing"
"43","3","http://dbpedia.org/resource/Flying_Fish_Cove"
"44","3","http://dbpedia.org/resource/West_Island,_Cocos_(Keeling)_Islands"
"45","3","http://dbpedia.org/resource/Bogot%C3%A1"
"46","3","http://dbpedia.org/resource/Moroni,_Comoros"
"47","3","http://dbpedia.org/resource/Brazzaville"
"48","3","http://dbpedia.org/resource/Avarua"
"49","3","http://dbpedia.org/resource/San_Jos%C3%A9,_Costa_Rica"
"150","3","http://dbpedia.org/resource/Wellington"
"151","3","http://dbpedia.org/resource/Managua"
"152","3","http://dbpedia.org/resource/Niamey"
"153","3","http://dbpedia.org/resource/Abuja"
"154","3","http://dbpedia.org/resource/Alofi"
"155","3","http://dbpedia.org/resource/Kingston,_Norfolk_Island"
"156","3","http://dbpedia.org/resource/Capitol_Hill,_Saipan"
"158","3","http://dbpedia.org/resource/Muscat,_Oman"
"159","3","http://dbpedia.org/resource/Islamabad"
"50","3","http://dbpedia.org/resource/Yamoussoukro"
"52","3","http://dbpedia.org/resource/Havana"
"53","3","http://dbpedia.org/resource/Nicosia"
"54","3","http://dbpedia.org/resource/Prague"
"56","3","http://dbpedia.org/resource/Djibouti_(city)"
"57","3","http://dbpedia.org/resource/Roseau"
"58","3","http://dbpedia.org/resource/Santo_Domingo"
"59","3","http://dbpedia.org/resource/Quito"
"160","3","[http://dbpedia.org/resource/Ngerulmud, http://dbpedia.org/resource/Melekeok]"
"162","3","http://dbpedia.org/resource/Panama_City"
"163","3","http://dbpedia.org/resource/Port_Moresby"
"164","3","http://dbpedia.org/resource/Asunci%C3%B3n"
"165","3","http://dbpedia.org/resource/Lima"
"166","3","http://dbpedia.org/resource/Manila"
"167","3","http://dbpedia.org/resource/Adamstown,_Pitcairn_Islands"
"60","3","http://dbpedia.org/resource/Cairo"
"60","3","http://dbpedia.org/resource/Cairo"
"61","3","http://dbpedia.org/resource/San_Salvador"
"62","3","http://dbpedia.org/resource/Malabo"
"63","3","http://dbpedia.org/resource/Asmara"
"64","3","http://dbpedia.org/resource/Tallinn"
"65","3","http://dbpedia.org/resource/Addis_Ababa"
"66","3","http://dbpedia.org/resource/Stanley,_Falkland_Islands"
"68","3","http://dbpedia.org/resource/Suva"
"170","3","http://dbpedia.org/resource/San_Juan,_Puerto_Rico"
"171","3","http://dbpedia.org/resource/Doha"
"174","3","http://dbpedia.org/resource/Moscow"
"175","3","http://dbpedia.org/resource/Kigali"
"176","3","http://dbpedia.org/resource/Basseterre"
"177","3","http://dbpedia.org/resource/Castries"
"178","3","http://dbpedia.org/resource/Saint-Pierre,_Saint_Pierre_and_Miquelon"
"179","3","http://dbpedia.org/resource/Kingstown"
"70","3","http://dbpedia.org/resource/Paris"
"72","3","http://dbpedia.org/resource/Papeete"
"73","3","http://dbpedia.org/resource/Libreville"
"74","3","http://dbpedia.org/resource/Banjul"
"75","3","http://dbpedia.org/resource/Tbilisi"
"76","3","http://dbpedia.org/resource/Berlin"
"77","3","http://dbpedia.org/resource/Accra"
"78","3","http://dbpedia.org/resource/Gibraltar_national_football_team"
"79","3","http://dbpedia.org/resource/Athens"
"180","3","http://dbpedia.org/resource/City_of_San_Marino"
"181","3","http://dbpedia.org/resource/S%C3%A3o_Tom%C3%A9"
"182","3","http://dbpedia.org/resource/Riyadh"
"183","3","http://dbpedia.org/resource/Dakar"
"184","3","http://dbpedia.org/resource/Belgrade"
"185","3","http://dbpedia.org/resource/Victoria,_Seychelles"
"186","3","http://dbpedia.org/resource/Freetown"
"81","3","http://dbpedia.org/resource/St._George's,_Grenada"
"83","3","http://dbpedia.org/resource/Hag%C3%A5t%C3%B1a,_Guam"
"84","3","http://dbpedia.org/resource/Guatemala_City"
"86","3","http://dbpedia.org/resource/Conakry"
"87","3","http://dbpedia.org/resource/Bissau"
"88","3","http://dbpedia.org/resource/Georgetown,_Guyana"
"89","3","http://dbpedia.org/resource/Port-au-Prince"
"190","3","http://dbpedia.org/resource/Honiara"
"191","3","http://dbpedia.org/resource/Mogadishu"
"192","3","http://dbpedia.org/resource/Pretoria"
"193","3","http://dbpedia.org/resource/Madrid"
"195","3","http://dbpedia.org/resource/Khartoum"
"196","3","http://dbpedia.org/resource/Paramaribo"
"197","3","http://dbpedia.org/resource/Longyearbyen"
"91","3","http://dbpedia.org/resource/Tegucigalpa"
"92","3","http://dbpedia.org/resource/Budapest"
"93","3","http://dbpedia.org/resource/Reykjav%C3%ADk"
"94","3","http://dbpedia.org/resource/New_Delhi"
"95","3","http://dbpedia.org/resource/Jakarta"
"96","3","http://dbpedia.org/resource/Tehran"
"97","3","http://dbpedia.org/resource/Baghdad"
"98","3","http://dbpedia.org/resource/Dublin"
"99","3","http://dbpedia.org/resource/Jerusalem"
"201","3","http://dbpedia.org/resource/Damascus"
"202","3","http://dbpedia.org/resource/Taipei"
"203","3","http://dbpedia.org/resource/Dushanbe"
"204","3","http://dbpedia.org/resource/Dodoma"
"205","3","http://dbpedia.org/resource/Bangkok"
"206","3","http://dbpedia.org/resource/Lom%C3%A9"
"207","3","http://dbpedia.org/resource/Atafu"
"208","3","http://dbpedia.org/resource/Nuku%CA%BBalofa"
"210","3","http://dbpedia.org/resource/Tunis"
"211","3","http://dbpedia.org/resource/Ankara"
"212","3","http://dbpedia.org/resource/Ashgabat"
"213","3","http://dbpedia.org/resource/Cockburn_Town"
"214","3","http://dbpedia.org/resource/Funafuti"
"217","3","http://dbpedia.org/resource/Abu_Dhabi"
"218","3","http://dbpedia.org/resource/London"
"219","3","http://dbpedia.org/resource/Washington,_D.C."
"220","3","http://dbpedia.org/resource/Montevideo"
"221","3","http://dbpedia.org/resource/Tashkent"
"100","3","http://dbpedia.org/resource/Rome"
"222","3","http://dbpedia.org/resource/Port_Vila"
"101","3","http://dbpedia.org/resource/Kingston,_Jamaica"
"223","3","http://dbpedia.org/resource/Caracas"
"224","3","http://dbpedia.org/resource/Hanoi"
"103","3","http://dbpedia.org/resource/Tokyo"
"104","3","http://dbpedia.org/resource/Saint_Helier"
"226","3","http://dbpedia.org/resource/Mata-Utu"
"105","3","http://dbpedia.org/resource/Amman"
"227","3","http://dbpedia.org/resource/El_Aai%C3%BAn"
"106","3","http://dbpedia.org/resource/Astana"
"228","3","http://dbpedia.org/resource/Apia"
"107","3","http://dbpedia.org/resource/Nairobi"
"229","3","http://dbpedia.org/resource/Sana'a"
"108","3","http://dbpedia.org/resource/South_Tarawa"
"109","3","http://dbpedia.org/resource/Pyongyang"
