"88","2","http://dbpedia.org/resource/Steeton_with_Eastburn"
"45","2","http://dbpedia.org/resource/Welwyn_Garden_City"
"47","2","http://dbpedia.org/resource/Isleworth"
"110","2","[http://dbpedia.org/resource/Somerset, http://dbpedia.org/resource/Yeovil]"
"111","2","http://dbpedia.org/resource/York"
"93","2","http://dbpedia.org/resource/Taunton"
"94","2","[http://dbpedia.org/resource/Croydon, http://dbpedia.org/resource/Thornton_Heath]"
"51","2","http://dbpedia.org/resource/Great_Leaver"
"52","2","http://dbpedia.org/resource/Leeds"
"96","2","http://dbpedia.org/resource/Hillingdon"
"53","2","http://dbpedia.org/resource/Leeds"
"54","2","[http://dbpedia.org/resource/Leytonstone, http://dbpedia.org/resource/Whipps_Cross]"
"55","2","[http://dbpedia.org/resource/Lincoln,_England, http://dbpedia.org/resource/Lincolnshire]"
"12","2","[http://dbpedia.org/resource/Cambridge, http://dbpedia.org/resource/Cambridge_Biomedical_Campus]"
"57","2","http://dbpedia.org/resource/Denmark_Hill"
"58","2","http://dbpedia.org/resource/Hammersmith"
"59","2","[http://dbpedia.org/resource/Archway,_London, http://dbpedia.org/resource/Islington]"
"15","2","http://dbpedia.org/resource/Chichester"
"17","2","http://dbpedia.org/resource/Bath,_Somerset"
"18","2","http://dbpedia.org/resource/Cottingham,_East_Riding_of_Yorkshire"
"0","2","http://dbpedia.org/resource/Tameside"
"1","2","http://dbpedia.org/resource/Aylesbury"
"3","2","http://dbpedia.org/resource/Barnet"
"4","2","http://dbpedia.org/resource/Barnstaple"
"6","2","http://dbpedia.org/resource/Bedford"
"7","2","[http://dbpedia.org/resource/County_Durham, http://dbpedia.org/resource/Bishop_Auckland]"
"8","2","[http://dbpedia.org/resource/Boston,_Lincolnshire, http://dbpedia.org/resource/Sibsey]"
"9","2","http://dbpedia.org/resource/High_Wycombe"
"60","2","[http://dbpedia.org/resource/London, http://dbpedia.org/resource/Southwark]"
"61","2","[http://dbpedia.org/resource/Belmont,_Sutton, http://dbpedia.org/resource/Brompton,_London]"
"20","2","http://dbpedia.org/resource/Darlington"
"64","2","http://dbpedia.org/resource/Wythenshawe"
"66","2","http://dbpedia.org/resource/Middlesbrough"
"22","2","http://dbpedia.org/resource/Derby"
"23","2","http://dbpedia.org/resource/Plymouth"
"24","2","http://dbpedia.org/resource/Doncaster"
"68","2","http://dbpedia.org/resource/Kettering"
"69","2","http://dbpedia.org/resource/Ashington"
"25","2","http://dbpedia.org/resource/Dorchester,_Dorset"
"26","2","http://dbpedia.org/resource/Bournemouth"
"28","2","http://dbpedia.org/resource/Gordon_Hill,_London"
"70","2","http://dbpedia.org/resource/Norwich"
"73","2","http://dbpedia.org/resource/Poole"
"75","2","[http://dbpedia.org/resource/Surrey, http://dbpedia.org/resource/Redhill,_Surrey]"
"32","2","[http://dbpedia.org/resource/Wonford, http://dbpedia.org/resource/Exeter, http://dbpedia.org/resource/Heavitree]"
"33","2","http://dbpedia.org/resource/Frimley"
"34","2","http://dbpedia.org/resource/Gateshead"
"35","2","http://dbpedia.org/resource/Gillingham,_Kent"
"36","2","http://dbpedia.org/resource/Gloucester"
"37","2","http://dbpedia.org/resource/Gosport"
"38","2","http://dbpedia.org/resource/Grantham"
"100","2","http://dbpedia.org/resource/Isleworth"
"101","2","[http://dbpedia.org/resource/West_Green,_West_Sussex, http://dbpedia.org/resource/Crawley]"
"80","2","http://dbpedia.org/resource/Scarborough,_Ontario"
"81","2","http://dbpedia.org/resource/North_Lincolnshire"
"82","2","[http://dbpedia.org/resource/Broomhill_(ward), http://dbpedia.org/resource/Sheffield]"
"109","2","http://dbpedia.org/resource/Worthing"
"83","2","[http://dbpedia.org/resource/South_Shields, http://dbpedia.org/resource/South_Tyneside]"
"40","2","http://dbpedia.org/resource/Basingstoke"
"84","2","http://dbpedia.org/resource/Bevois_Valley"
"41","2","http://dbpedia.org/resource/Harrogate"
"43","2","http://dbpedia.org/resource/Haywards_Heath"
"87","2","[http://dbpedia.org/resource/Hastings, http://dbpedia.org/resource/St_Leonards-on-Sea]"
