"88","2","http://dbpedia.org/resource/Financial_services"
"110","2","http://dbpedia.org/resource/Financial_services"
"111","2","http://dbpedia.org/resource/Retail"
"112","2","http://dbpedia.org/resource/Conglomerate_(company)"
"113","2","http://dbpedia.org/resource/Financial_services"
"114","2","http://dbpedia.org/resource/Telecommunication"
"115","2","http://dbpedia.org/resource/Mass_media"
"116","2","http://dbpedia.org/resource/Aviation"
"90","2","[http://dbpedia.org/resource/Mass_media, http://dbpedia.org/resource/Telecommunication]"
"118","2","[http://dbpedia.org/resource/Mass_media, http://dbpedia.org/resource/Telecommunication]"
"91","2","[http://dbpedia.org/resource/Software, http://dbpedia.org/resource/Information_technology_consulting, http://dbpedia.org/resource/IT_service_management, http://dbpedia.org/resource/Computer_hardware]"
"119","2","[http://dbpedia.org/resource/Mass_media, http://dbpedia.org/resource/Telecommunication]"
"92","2","http://dbpedia.org/resource/Wireless"
"93","2","http://dbpedia.org/resource/Managed_care"
"94","2","[http://dbpedia.org/resource/Electronics, http://dbpedia.org/resource/Computer_hardware]"
"95","2","[http://dbpedia.org/resource/Financial_services, http://dbpedia.org/resource/Investment_banking, http://dbpedia.org/resource/Bank]"
"97","2","http://dbpedia.org/resource/Financial_services"
"10","2","http://dbpedia.org/resource/Retail"
"11","2","http://dbpedia.org/resource/Retail"
"99","2","[http://dbpedia.org/resource/Software, http://dbpedia.org/resource/Computer_hardware]"
"12","2","http://dbpedia.org/resource/Investment_management"
"13","2","http://dbpedia.org/resource/Aviation"
"15","2","[http://dbpedia.org/resource/Hotel, http://dbpedia.org/resource/Hospitality]"
"16","2","http://dbpedia.org/resource/Financial_services"
"17","2","http://dbpedia.org/resource/Hospitality_industry"
"19","2","http://dbpedia.org/resource/Retail"
"120","2","http://dbpedia.org/resource/Computer_hardware"
"121","2","[http://dbpedia.org/resource/Financial_services, http://dbpedia.org/resource/Bank]"
"1","2","http://dbpedia.org/resource/Financial_services"
"122","2","http://dbpedia.org/resource/Managed_care"
"123","2","http://dbpedia.org/resource/Satellite_television"
"2","2","http://dbpedia.org/resource/Investment"
"124","2","http://dbpedia.org/resource/Health_care"
"4","2","http://dbpedia.org/resource/Retail"
"5","2","http://dbpedia.org/resource/Retail"
"126","2","http://dbpedia.org/resource/Managed_care"
"127","2","[http://dbpedia.org/resource/Financial_services, http://dbpedia.org/resource/Bank]"
"6","2","http://dbpedia.org/resource/Retail"
"7","2","[http://dbpedia.org/resource/Tourism, http://dbpedia.org/resource/Hospitality]"
"128","2","http://dbpedia.org/resource/Telecommunication"
"129","2","[http://dbpedia.org/resource/Mass_media, http://dbpedia.org/resource/Telecommunication]"
"8","2","http://dbpedia.org/resource/Hospitality"
"9","2","http://dbpedia.org/resource/Retail"
"20","2","http://dbpedia.org/resource/Retail"
"21","2","http://dbpedia.org/resource/Financial_services"
"23","2","http://dbpedia.org/resource/Financial_services"
"24","2","http://dbpedia.org/resource/Financial_services"
"25","2","http://dbpedia.org/resource/Retail"
"26","2","http://dbpedia.org/resource/Retail"
"27","2","http://dbpedia.org/resource/Retail"
"28","2","http://dbpedia.org/resource/Online_shopping"
"29","2","http://dbpedia.org/resource/Aviation"
"130","2","http://dbpedia.org/resource/Telecommunication"
"131","2","[http://dbpedia.org/resource/Mass_media, http://dbpedia.org/resource/Telecommunication]"
"30","2","http://dbpedia.org/resource/Financial_services"
"31","2","http://dbpedia.org/resource/Financial_services"
"32","2","http://dbpedia.org/resource/Insurance"
"33","2","http://dbpedia.org/resource/Retail"
"34","2","http://dbpedia.org/resource/Hotel"
"36","2","http://dbpedia.org/resource/Retail"
"37","2","http://dbpedia.org/resource/Insurance"
"38","2","http://dbpedia.org/resource/Hotel"
"40","2","http://dbpedia.org/resource/Retail"
"41","2","http://dbpedia.org/resource/Financial_services"
"42","2","[http://dbpedia.org/resource/Software, http://dbpedia.org/resource/Digital_distribution, http://dbpedia.org/resource/Consumer_electronics, http://dbpedia.org/resource/Computer_hardware]"
"43","2","http://dbpedia.org/resource/Retail"
"44","2","http://dbpedia.org/resource/Retail"
"45","2","http://dbpedia.org/resource/Retail"
"46","2","http://dbpedia.org/resource/Financial_services"
"47","2","[http://dbpedia.org/resource/Financial_services, http://dbpedia.org/resource/Bank]"
"48","2","http://dbpedia.org/resource/Retail"
"50","2","http://dbpedia.org/resource/Financial_services"
"51","2","http://dbpedia.org/resource/Financial_services"
"56","2","http://dbpedia.org/resource/Vehicle_insurance"
"57","2","http://dbpedia.org/resource/Bank"
"59","2","http://dbpedia.org/resource/Hotel"
"61","2","http://dbpedia.org/resource/Hotel"
"64","2","http://dbpedia.org/resource/Insurance"
"65","2","http://dbpedia.org/resource/Telecommunication"
"66","2","http://dbpedia.org/resource/Health_care"
"69","2","http://dbpedia.org/resource/Aviation"
"70","2","http://dbpedia.org/resource/Bank"
"71","2","http://dbpedia.org/resource/Insurance"
"72","2","http://dbpedia.org/resource/Aviation"
"73","2","http://dbpedia.org/resource/Financial_services"
"74","2","http://dbpedia.org/resource/Telecommunication"
"75","2","[http://dbpedia.org/resource/Financial_services, http://dbpedia.org/resource/Investment_banking, http://dbpedia.org/resource/Bank]"
"76","2","http://dbpedia.org/resource/Insurance"
"77","2","http://dbpedia.org/resource/Retail"
"78","2","[http://dbpedia.org/resource/Financial_services, http://dbpedia.org/resource/Bank]"
"79","2","http://dbpedia.org/resource/Bank"
"100","2","[http://dbpedia.org/resource/Financial_services, http://dbpedia.org/resource/Bank]"
"102","2","http://dbpedia.org/resource/Managed_care"
"103","2","http://dbpedia.org/resource/Aviation"
"104","2","http://dbpedia.org/resource/Satellite_television"
"106","2","http://dbpedia.org/resource/Financial_services"
"80","2","http://dbpedia.org/resource/Financial_services"
"107","2","http://dbpedia.org/resource/Telecommunication"
"108","2","http://dbpedia.org/resource/Financial_services"
"81","2","[http://dbpedia.org/resource/Financial_services, http://dbpedia.org/resource/Bank]"
"82","2","http://dbpedia.org/resource/Financial_services"
"109","2","http://dbpedia.org/resource/Telecommunication"
"83","2","[http://dbpedia.org/resource/Financial_services, http://dbpedia.org/resource/Bank]"
"85","2","[http://dbpedia.org/resource/Software, http://dbpedia.org/resource/Information_technology_consulting, http://dbpedia.org/resource/IT_service_management, http://dbpedia.org/resource/Computer_hardware]"
