"110","2","http://dbpedia.org/resource/India"
"112","2","http://dbpedia.org/resource/India"
"113","2","http://dbpedia.org/resource/India"
"115","2","http://dbpedia.org/resource/India"
"117","2","http://dbpedia.org/resource/India"
"118","2","http://dbpedia.org/resource/India"
"121","2","http://dbpedia.org/resource/India"
"122","2","http://dbpedia.org/resource/India"
"2","2","http://dbpedia.org/resource/Ecuador"
"124","2","http://dbpedia.org/resource/India"
"3","2","http://dbpedia.org/resource/Egypt"
"126","2","http://dbpedia.org/resource/Indonesia"
"127","2","http://dbpedia.org/resource/Indonesia"
"128","2","http://dbpedia.org/resource/Indonesia"
"129","2","http://dbpedia.org/resource/Indonesia"
"9","2","http://dbpedia.org/resource/Estonia"
"25","2","http://dbpedia.org/resource/Germany"
"26","2","http://dbpedia.org/resource/Germany"
"27","2","http://dbpedia.org/resource/Germany"
"28","2","http://dbpedia.org/resource/Germany"
"131","2","http://dbpedia.org/resource/Indonesia"
"134","2","http://dbpedia.org/resource/Indonesia"
"135","2","http://dbpedia.org/resource/Indonesia"
"136","2","http://dbpedia.org/resource/Indonesia"
"138","2","http://dbpedia.org/resource/Indonesia"
"139","2","http://dbpedia.org/resource/Indonesia"
"30","2","http://dbpedia.org/resource/Germany"
"31","2","http://dbpedia.org/resource/Germany"
"33","2","http://dbpedia.org/resource/Germany"
"35","2","http://dbpedia.org/resource/Germany"
"36","2","http://dbpedia.org/resource/Germany"
"37","2","http://dbpedia.org/resource/Germany"
"38","2","http://dbpedia.org/resource/Germany"
"39","2","http://dbpedia.org/resource/Germany"
"140","2","http://dbpedia.org/resource/Indonesia"
"141","2","http://dbpedia.org/resource/Indonesia"
"142","2","http://dbpedia.org/resource/Indonesia"
"144","2","http://dbpedia.org/resource/Iran"
"146","2","http://dbpedia.org/resource/Iran"
"148","2","http://dbpedia.org/resource/Iran"
"149","2","http://dbpedia.org/resource/Iran"
"43","2","http://dbpedia.org/resource/Germany"
"45","2","http://dbpedia.org/resource/Germany"
"47","2","http://dbpedia.org/resource/Germany"
"48","2","http://dbpedia.org/resource/Germany"
"49","2","http://dbpedia.org/resource/Germany"
"151","2","http://dbpedia.org/resource/Iran"
"152","2","http://dbpedia.org/resource/Iran"
"153","2","http://dbpedia.org/resource/Iraq"
"157","2","http://dbpedia.org/resource/Republic_of_Ireland"
"50","2","http://dbpedia.org/resource/Germany"
"53","2","http://dbpedia.org/resource/Germany"
"54","2","http://dbpedia.org/resource/Germany"
"55","2","http://dbpedia.org/resource/Germany"
"57","2","http://dbpedia.org/resource/Ghana"
"58","2","http://dbpedia.org/resource/Ghana"
"60","2","http://dbpedia.org/resource/Greece"
"61","2","http://dbpedia.org/resource/Guatemala"
"63","2","http://dbpedia.org/resource/Haiti"
"64","2","http://dbpedia.org/resource/Honduras"
"65","2","http://dbpedia.org/resource/Hungary"
"66","2","http://dbpedia.org/resource/India"
"170","2","http://dbpedia.org/resource/Jamaica"
"171","2","http://dbpedia.org/resource/Japan"
"172","2","http://dbpedia.org/resource/Japan"
"174","2","http://dbpedia.org/resource/Japan"
"176","2","http://dbpedia.org/resource/Japan"
"177","2","http://dbpedia.org/resource/Japan"
"178","2","http://dbpedia.org/resource/Japan"
"179","2","http://dbpedia.org/resource/Japan"
"70","2","http://dbpedia.org/resource/India"
"71","2","http://dbpedia.org/resource/India"
"72","2","http://dbpedia.org/resource/India"
"73","2","http://dbpedia.org/resource/Pakistan"
"76","2","http://dbpedia.org/resource/India"
"181","2","http://dbpedia.org/resource/Japan"
"186","2","http://dbpedia.org/resource/Japan"
"80","2","http://dbpedia.org/resource/India"
"81","2","http://dbpedia.org/resource/India"
"82","2","http://dbpedia.org/resource/India"
"83","2","http://dbpedia.org/resource/India"
"84","2","http://dbpedia.org/resource/India"
"86","2","http://dbpedia.org/resource/India"
"88","2","http://dbpedia.org/resource/India"
"190","2","http://dbpedia.org/resource/Japan"
"191","2","http://dbpedia.org/resource/Jordan"
"193","2","http://dbpedia.org/resource/Kazakhstan"
"194","2","http://dbpedia.org/resource/Kenya"
"195","2","http://dbpedia.org/resource/Kenya"
"197","2","http://dbpedia.org/resource/Kyrgyzstan"
"199","2","http://dbpedia.org/resource/Latvia"
"90","2","http://dbpedia.org/resource/India"
"94","2","http://dbpedia.org/resource/India"
"95","2","http://dbpedia.org/resource/India"
"98","2","http://dbpedia.org/resource/India"
"201","2","http://dbpedia.org/resource/Liberia"
"204","2","http://dbpedia.org/resource/LTU"
"100","2","http://dbpedia.org/resource/India"
"102","2","http://dbpedia.org/resource/India"
"103","2","http://dbpedia.org/resource/India"
"104","2","http://dbpedia.org/resource/India"
"105","2","http://dbpedia.org/resource/India"
"106","2","http://dbpedia.org/resource/India"
"107","2","http://dbpedia.org/resource/India"
"108","2","http://dbpedia.org/resource/India"
