"351","2","http://dbpedia.org/resource/Wii"
"231","2","http://dbpedia.org/resource/Nintendo_64"
"353","2","[http://dbpedia.org/resource/Microsoft_Windows, http://dbpedia.org/resource/Nintendo_64]"
"111","2","[http://dbpedia.org/resource/Microsoft_Windows, http://dbpedia.org/resource/PlayStation_3, http://dbpedia.org/resource/Wii, http://dbpedia.org/resource/Nintendo_DS, http://dbpedia.org/resource/N-Gage_(service), http://dbpedia.org/resource/PlayStation_Portable, http://dbpedia.org/resource/Zeebo, http://dbpedia.org/resource/Xbox_360, http://dbpedia.org/resource/Mobile_game, http://dbpedia.org/resource/PlayStation_2]"
"232","2","[http://dbpedia.org/resource/Arcade_game, http://dbpedia.org/resource/Porting]"
"354","2","[http://dbpedia.org/resource/Amiga, http://dbpedia.org/resource/Atari_ST, http://dbpedia.org/resource/TurboGrafx-16, http://dbpedia.org/resource/FM_Towns, http://dbpedia.org/resource/Steam_(software), http://dbpedia.org/resource/DOS, http://dbpedia.org/resource/Mac_OS]"
"112","2","[http://dbpedia.org/resource/Game_com, http://dbpedia.org/resource/Microsoft_Windows, http://dbpedia.org/resource/Nintendo_64, http://dbpedia.org/resource/OS_X, http://dbpedia.org/resource/PlayStation_(console), http://dbpedia.org/resource/PlayStation_3, http://dbpedia.org/resource/Sega_Saturn, http://dbpedia.org/resource/Sega_Genesis, http://dbpedia.org/resource/PlayStation_Vita, http://dbpedia.org/resource/Linux, http://dbpedia.org/resource/Xbox_Live_Arcade, http://dbpedia.org/resource/IOS, http://dbpedia.org/resource/MS-DOS, http://dbpedia.org/resource/Mac_OS, http://dbpedia.org/resource/Android_(operating_system)]"
"233","2","http://dbpedia.org/resource/Game_Boy_Advance"
"234","2","[http://dbpedia.org/resource/Microsoft_Windows, http://dbpedia.org/resource/PlayStation_3, http://dbpedia.org/resource/Xbox_360]"
"113","2","[http://dbpedia.org/resource/Amiga, http://dbpedia.org/resource/DOS]"
"356","2","http://dbpedia.org/resource/PlayStation_(console)"
"235","2","[http://dbpedia.org/resource/Microsoft_Windows, http://dbpedia.org/resource/OS_X, http://dbpedia.org/resource/PlayStation_3, http://dbpedia.org/resource/Wii, http://dbpedia.org/resource/Xbox_360]"
"115","2","http://dbpedia.org/resource/Game_Boy"
"236","2","http://dbpedia.org/resource/Nintendo_64"
"357","2","http://dbpedia.org/resource/Microsoft_Windows"
"116","2","[http://dbpedia.org/resource/Amiga, http://dbpedia.org/resource/DOS]"
"237","2","http://dbpedia.org/resource/Nintendo_DS"
"358","2","[http://dbpedia.org/resource/Microsoft_Windows, http://dbpedia.org/resource/PlayStation_3, http://dbpedia.org/resource/Wii, http://dbpedia.org/resource/Nintendo_DS, http://dbpedia.org/resource/IOS, http://dbpedia.org/resource/WebOS, http://dbpedia.org/resource/PlayStation_Portable, http://dbpedia.org/resource/Xbox_360, http://dbpedia.org/resource/Windows_Phone, http://dbpedia.org/resource/BlackBerry_Tablet_OS, http://dbpedia.org/resource/PlayStation_2, http://dbpedia.org/resource/Symbian]"
"359","2","http://dbpedia.org/resource/PlayStation_3"
"238","2","[http://dbpedia.org/resource/Adobe_Flash, http://dbpedia.org/resource/Microsoft_Windows, http://dbpedia.org/resource/OS_X, http://dbpedia.org/resource/Facebook_Platform, http://dbpedia.org/resource/Personal_computer, http://dbpedia.org/resource/Java_Platform,_Micro_Edition]"
"239","2","[http://dbpedia.org/resource/PlayStation_(console), http://dbpedia.org/resource/Sega_Saturn, http://dbpedia.org/resource/N-Gage_(device), http://dbpedia.org/resource/IOS, http://dbpedia.org/resource/MS-DOS]"
"118","2","[http://dbpedia.org/resource/Amiga, http://dbpedia.org/resource/Atari_ST, http://dbpedia.org/resource/Microsoft_Windows, http://dbpedia.org/resource/PlayStation_(console), http://dbpedia.org/resource/Sega_Saturn, http://dbpedia.org/resource/Super_Nintendo_Entertainment_System, http://dbpedia.org/resource/Macintosh, http://dbpedia.org/resource/DOS]"
"119","2","[http://dbpedia.org/resource/Amiga, http://dbpedia.org/resource/Amstrad_CPC, http://dbpedia.org/resource/Apple_II, http://dbpedia.org/resource/Atari_2600, http://dbpedia.org/resource/Atari_7800, http://dbpedia.org/resource/Atari_ST, http://dbpedia.org/resource/Commodore_64, http://dbpedia.org/resource/Virtual_Console, http://dbpedia.org/resource/Personal_computer, http://dbpedia.org/resource/ZX_Spectrum, http://dbpedia.org/resource/Family_Computer_Disk_System, http://dbpedia.org/resource/Apple_IIGS, http://dbpedia.org/resource/Macintosh, http://dbpedia.org/resource/Nintendo_Entertainment_System]"
"10","2","[http://dbpedia.org/resource/BeOS, http://dbpedia.org/resource/Dreamcast, http://dbpedia.org/resource/Game_Boy_Color, http://dbpedia.org/resource/Microsoft_Windows, http://dbpedia.org/resource/Nintendo_64, http://dbpedia.org/resource/PlayStation_(console)]"
"11","2","[http://dbpedia.org/resource/Game_Boy_Advance, http://dbpedia.org/resource/Super_Nintendo_Entertainment_System, http://dbpedia.org/resource/Virtual_Console, http://dbpedia.org/resource/Satellaview]"
"12","2","[http://dbpedia.org/resource/Microsoft_Windows, http://dbpedia.org/resource/Xbox_(console)]"
"13","2","[http://dbpedia.org/resource/Game_Boy_Advance, http://dbpedia.org/resource/Virtual_Console]"
"14","2","[http://dbpedia.org/resource/Game_Boy_Advance, http://dbpedia.org/resource/Super_Nintendo_Entertainment_System, http://dbpedia.org/resource/Virtual_Console, http://dbpedia.org/resource/Satellaview]"
"15","2","http://dbpedia.org/resource/Wii"
"16","2","http://dbpedia.org/resource/Wii"
"17","2","http://dbpedia.org/resource/GameCube"
"18","2","[http://dbpedia.org/resource/Virtual_Console, http://dbpedia.org/resource/Game_Boy]"
"19","2","[http://dbpedia.org/resource/PlayStation_(console), http://dbpedia.org/resource/PlayStation_Network]"
"360","2","[http://dbpedia.org/resource/Game_Boy_Advance, http://dbpedia.org/resource/Microsoft_Windows, http://dbpedia.org/resource/PlayStation_3, http://dbpedia.org/resource/GameCube, http://dbpedia.org/resource/Xbox_(console), http://dbpedia.org/resource/PlayStation_2]"
"361","2","[http://dbpedia.org/resource/Microsoft_Windows, http://dbpedia.org/resource/OS_X, http://dbpedia.org/resource/Cloud_computing, http://dbpedia.org/resource/Xbox_(console), http://dbpedia.org/resource/PlayStation_2]"
"240","2","http://dbpedia.org/resource/PlayStation_2"
"120","2","[http://dbpedia.org/resource/Microsoft_Windows, http://dbpedia.org/resource/PlayStation_3, http://dbpedia.org/resource/Wii, http://dbpedia.org/resource/GameCube, http://dbpedia.org/resource/IOS, http://dbpedia.org/resource/Zeebo, http://dbpedia.org/resource/Xbox_360, http://dbpedia.org/resource/Mobile_game, http://dbpedia.org/resource/PlayStation_2]"
"362","2","[http://dbpedia.org/resource/Game_Boy_Advance, http://dbpedia.org/resource/Microsoft_Windows, http://dbpedia.org/resource/Nintendo_DS, http://dbpedia.org/resource/GameCube, http://dbpedia.org/resource/Xbox_(console), http://dbpedia.org/resource/PlayStation_Portable, http://dbpedia.org/resource/Mobile_game, http://dbpedia.org/resource/PlayStation_2]"
"241","2","[http://dbpedia.org/resource/Microsoft_Windows, http://dbpedia.org/resource/PlayStation_3, http://dbpedia.org/resource/Wii, http://dbpedia.org/resource/Nintendo_DS, http://dbpedia.org/resource/N-Gage_(service), http://dbpedia.org/resource/PlayStation_Portable, http://dbpedia.org/resource/Zeebo, http://dbpedia.org/resource/Xbox_360, http://dbpedia.org/resource/Mobile_game, http://dbpedia.org/resource/PlayStation_2]"
"121","2","[http://dbpedia.org/resource/Wii, http://dbpedia.org/resource/Nintendo_DS, http://dbpedia.org/resource/PlayStation_2]"
"363","2","http://dbpedia.org/resource/Wii"
"1","2","[http://dbpedia.org/resource/Game_Boy_Advance, http://dbpedia.org/resource/Virtual_Console, http://dbpedia.org/resource/Nintendo_Entertainment_System, http://dbpedia.org/resource/PlayChoice-10]"
"122","2","[http://dbpedia.org/resource/PlayStation_3, http://dbpedia.org/resource/Arcade_game, http://dbpedia.org/resource/Java_Platform,_Micro_Edition, http://dbpedia.org/resource/PlayStation_Portable, http://dbpedia.org/resource/Xbox_360]"
"364","2","[http://dbpedia.org/resource/Game_Boy_Advance, http://dbpedia.org/resource/Microsoft_Windows, http://dbpedia.org/resource/PlayStation_(console), http://dbpedia.org/resource/N-Gage_(device), http://dbpedia.org/resource/GameCube, http://dbpedia.org/resource/Xbox_(console), http://dbpedia.org/resource/Mobile_game, http://dbpedia.org/resource/PlayStation_2]"
"244","2","[http://dbpedia.org/resource/Microsoft_Windows, http://dbpedia.org/resource/Linux, http://dbpedia.org/resource/Mobile_phone, http://dbpedia.org/resource/IOS, http://dbpedia.org/resource/Mac_OS]"
"2","2","[http://dbpedia.org/resource/Nintendo_64, http://dbpedia.org/resource/Virtual_Console, http://dbpedia.org/resource/IQue_Player]"
"123","2","[http://dbpedia.org/resource/Microsoft_Windows, http://dbpedia.org/resource/PlayStation_3, http://dbpedia.org/resource/Wii, http://dbpedia.org/resource/Nintendo_DS, http://dbpedia.org/resource/PlayStation_Portable, http://dbpedia.org/resource/Xbox_360, http://dbpedia.org/resource/PlayStation_2]"
"245","2","http://dbpedia.org/resource/PlayStation_(console)"
"3","2","http://dbpedia.org/resource/GameCube"
"124","2","http://dbpedia.org/resource/GameCube"
"4","2","[http://dbpedia.org/resource/Wii, http://dbpedia.org/resource/GameCube]"
"367","2","[http://dbpedia.org/resource/Atari_Jaguar, http://dbpedia.org/resource/Game_Boy_Advance, http://dbpedia.org/resource/PlayStation_3, http://dbpedia.org/resource/Super_Nintendo_Entertainment_System, http://dbpedia.org/resource/3DO_Interactive_Multiplayer, http://dbpedia.org/resource/Acorn_Archimedes, http://dbpedia.org/resource/Apple_IIGS, http://dbpedia.org/resource/IOS, http://dbpedia.org/resource/Amiga_1200, http://dbpedia.org/resource/AmigaOS_4, http://dbpedia.org/resource/Xbox_360, http://dbpedia.org/resource/MS-DOS, http://dbpedia.org/resource/Mac_OS, http://dbpedia.org/resource/Windows_Mobile, http://dbpedia.org/resource/NEC_PC-9801]"
"246","2","[http://dbpedia.org/resource/Microsoft_Windows, http://dbpedia.org/resource/PlayStation_3, http://dbpedia.org/resource/Wii, http://dbpedia.org/resource/Xbox_360, http://dbpedia.org/resource/Windows_Mobile]"
"125","2","[http://dbpedia.org/resource/Game_Boy_Advance, http://dbpedia.org/resource/Microsoft_Windows, http://dbpedia.org/resource/Nintendo_DS, http://dbpedia.org/resource/GameCube, http://dbpedia.org/resource/Xbox_(console), http://dbpedia.org/resource/PlayStation_Portable, http://dbpedia.org/resource/PlayStation_2]"
"247","2","[http://dbpedia.org/resource/Microsoft_Windows, http://dbpedia.org/resource/OS_X, http://dbpedia.org/resource/PlayStation_3, http://dbpedia.org/resource/Cloud_computing, http://dbpedia.org/resource/Xbox_360]"
"126","2","[http://dbpedia.org/resource/PlayStation_3, http://dbpedia.org/resource/PlayStation_Vita, http://dbpedia.org/resource/PlayStation_2]"
"5","2","http://dbpedia.org/resource/Wii"
"368","2","http://dbpedia.org/resource/Microsoft_Windows"
"127","2","[http://dbpedia.org/resource/Microsoft_Windows, http://dbpedia.org/resource/OS_X, http://dbpedia.org/resource/PlayStation_3, http://dbpedia.org/resource/Wii, http://dbpedia.org/resource/Xbox_360]"
"369","2","[http://dbpedia.org/resource/Game_Boy_Advance, http://dbpedia.org/resource/Microsoft_Windows, http://dbpedia.org/resource/OS_X, http://dbpedia.org/resource/PlayStation_3, http://dbpedia.org/resource/Wii, http://dbpedia.org/resource/Nintendo_DS, http://dbpedia.org/resource/Arcade_game, http://dbpedia.org/resource/GameCube, http://dbpedia.org/resource/Xbox_(console), http://dbpedia.org/resource/PlayStation_Portable, http://dbpedia.org/resource/Zeebo, http://dbpedia.org/resource/Xbox_360, http://dbpedia.org/resource/Mobile_game, http://dbpedia.org/resource/PlayStation_2]"
"248","2","[http://dbpedia.org/resource/Nintendo_64, http://dbpedia.org/resource/Virtual_Console]"
"6","2","[http://dbpedia.org/resource/Microsoft_Windows, http://dbpedia.org/resource/Xbox_(console), http://dbpedia.org/resource/PlayStation_2]"
"7","2","[http://dbpedia.org/resource/Game_Boy_Color, http://dbpedia.org/resource/Game_Boy, http://dbpedia.org/resource/Nintendo_eShop]"
"249","2","http://dbpedia.org/resource/GameCube"
"128","2","http://dbpedia.org/resource/GameCube"
"129","2","[http://dbpedia.org/resource/Amiga, http://dbpedia.org/resource/Amstrad_CPC, http://dbpedia.org/resource/Atari_ST, http://dbpedia.org/resource/Commodore_64, http://dbpedia.org/resource/Dreamcast, http://dbpedia.org/resource/Microsoft_Windows, http://dbpedia.org/resource/OS_X, http://dbpedia.org/resource/AROS_Research_Operating_System, http://dbpedia.org/resource/Nintendo_DS, http://dbpedia.org/resource/MSX, http://dbpedia.org/resource/Linux, http://dbpedia.org/resource/Mobile_phone, http://dbpedia.org/resource/MorphOS, http://dbpedia.org/resource/AmigaOS_4, http://dbpedia.org/resource/DOS, http://dbpedia.org/resource/NetBSD, http://dbpedia.org/resource/Symbian]"
"8","2","http://dbpedia.org/resource/Wii"
"9","2","[http://dbpedia.org/resource/Amiga, http://dbpedia.org/resource/Atari_ST, http://dbpedia.org/resource/Microsoft_Windows, http://dbpedia.org/resource/OS_X, http://dbpedia.org/resource/Sega_CD, http://dbpedia.org/resource/FM_Towns, http://dbpedia.org/resource/Commodore_CDTV, http://dbpedia.org/resource/PlayStation_Network, http://dbpedia.org/resource/IOS, http://dbpedia.org/resource/Xbox_Live, http://dbpedia.org/resource/DOS, http://dbpedia.org/resource/Mac_OS]"
"20","2","[http://dbpedia.org/resource/Microsoft_Windows, http://dbpedia.org/resource/PlayStation_3, http://dbpedia.org/resource/Wii, http://dbpedia.org/resource/Nintendo_DS, http://dbpedia.org/resource/N-Gage_(service), http://dbpedia.org/resource/PlayStation_Portable, http://dbpedia.org/resource/Zeebo, http://dbpedia.org/resource/Xbox_360, http://dbpedia.org/resource/Mobile_game, http://dbpedia.org/resource/PlayStation_2]"
"21","2","[http://dbpedia.org/resource/Microsoft_Windows, http://dbpedia.org/resource/Nintendo_DS, http://dbpedia.org/resource/PlayStation_Portable, http://dbpedia.org/resource/Xbox_360, http://dbpedia.org/resource/PlayStation_2]"
"22","2","[http://dbpedia.org/resource/Super_Nintendo_Entertainment_System, http://dbpedia.org/resource/Wii]"
"23","2","[http://dbpedia.org/resource/Microsoft_Windows, http://dbpedia.org/resource/PlayStation_(console)]"
"25","2","[http://dbpedia.org/resource/Amiga, http://dbpedia.org/resource/FM_Towns, http://dbpedia.org/resource/DOS, http://dbpedia.org/resource/Mac_OS]"
"27","2","[http://dbpedia.org/resource/Game_Boy_Color, http://dbpedia.org/resource/Virtual_Console, http://dbpedia.org/resource/Game_Boy]"
"28","2","[http://dbpedia.org/resource/Nintendo_64, http://dbpedia.org/resource/Xbox_360]"
"29","2","http://dbpedia.org/resource/Nintendo_64"
"370","2","http://dbpedia.org/resource/Wii"
"250","2","[http://dbpedia.org/resource/Arcade_game, http://dbpedia.org/resource/GameCube]"
"371","2","http://dbpedia.org/resource/Nintendo_DS"
"372","2","http://dbpedia.org/resource/Game_Boy_Advance"
"251","2","[http://dbpedia.org/resource/Wii, http://dbpedia.org/resource/GameCube]"
"130","2","[http://dbpedia.org/resource/Game_Boy, http://dbpedia.org/resource/Nintendo_eShop]"
"131","2","[http://dbpedia.org/resource/Dreamcast, http://dbpedia.org/resource/Game_Boy_Color, http://dbpedia.org/resource/Nintendo_64, http://dbpedia.org/resource/PlayStation_(console), http://dbpedia.org/resource/N-Gage_(device)]"
"374","2","[http://dbpedia.org/resource/Microsoft_Windows, http://dbpedia.org/resource/Mac_OS, http://dbpedia.org/resource/PlayStation_2]"
"253","2","[http://dbpedia.org/resource/Nintendo_64, http://dbpedia.org/resource/Virtual_Console]"
"133","2","[http://dbpedia.org/resource/Microsoft_Windows, http://dbpedia.org/resource/OS_X]"
"375","2","http://dbpedia.org/resource/Microsoft_Windows"
"254","2","[http://dbpedia.org/resource/Amiga, http://dbpedia.org/resource/Amstrad_CPC, http://dbpedia.org/resource/Atari_ST, http://dbpedia.org/resource/Commodore_64, http://dbpedia.org/resource/Sega_Genesis, http://dbpedia.org/resource/IBM_PC_compatible, http://dbpedia.org/resource/ZX_Spectrum, http://dbpedia.org/resource/Commodore_CDTV, http://dbpedia.org/resource/Game_Boy]"
"134","2","[http://dbpedia.org/resource/Game_Boy_Advance, http://dbpedia.org/resource/Super_Nintendo_Entertainment_System, http://dbpedia.org/resource/Virtual_Console, http://dbpedia.org/resource/Nintendo_Entertainment_System, http://dbpedia.org/resource/PlayChoice-10]"
"255","2","[http://dbpedia.org/resource/Amiga, http://dbpedia.org/resource/Apple_II, http://dbpedia.org/resource/Atari_ST, http://dbpedia.org/resource/TRS-80_Color_Computer, http://dbpedia.org/resource/Apple_IIGS, http://dbpedia.org/resource/Macintosh, http://dbpedia.org/resource/MS-DOS]"
"376","2","http://dbpedia.org/resource/Microsoft_Windows"
"135","2","[http://dbpedia.org/resource/Arcade_game, http://dbpedia.org/resource/PlayStation_2]"
"256","2","[http://dbpedia.org/resource/Amiga, http://dbpedia.org/resource/Atari_ST, http://dbpedia.org/resource/Commodore_64, http://dbpedia.org/resource/MS-DOS]"
"136","2","[http://dbpedia.org/resource/Game_Boy, http://dbpedia.org/resource/Nintendo_eShop]"
"257","2","[http://dbpedia.org/resource/Microsoft_Windows, http://dbpedia.org/resource/Mac_OS, http://dbpedia.org/resource/PlayStation_2]"
"378","2","[http://dbpedia.org/resource/Microsoft_Windows, http://dbpedia.org/resource/Xbox_(console)]"
"379","2","[http://dbpedia.org/resource/Microsoft_Windows, http://dbpedia.org/resource/PlayStation_3, http://dbpedia.org/resource/Wii, http://dbpedia.org/resource/Nintendo_DS, http://dbpedia.org/resource/Java_Platform,_Micro_Edition, http://dbpedia.org/resource/IOS, http://dbpedia.org/resource/PlayStation_Portable, http://dbpedia.org/resource/Xbox_360, http://dbpedia.org/resource/Android_(operating_system), http://dbpedia.org/resource/PlayStation_2]"
"138","2","[http://dbpedia.org/resource/Microsoft_Windows, http://dbpedia.org/resource/OS_X, http://dbpedia.org/resource/PlayStation_3, http://dbpedia.org/resource/IOS, http://dbpedia.org/resource/Xbox_(console), http://dbpedia.org/resource/Xbox_360, http://dbpedia.org/resource/Windows_Phone, http://dbpedia.org/resource/Android_(operating_system), http://dbpedia.org/resource/Amazon_Kindle, http://dbpedia.org/resource/PlayStation_2]"
"139","2","http://dbpedia.org/resource/Nintendo_DS"
"30","2","http://dbpedia.org/resource/Nintendo_64"
"32","2","[http://dbpedia.org/resource/Nintendo_64, http://dbpedia.org/resource/Virtual_Console, http://dbpedia.org/resource/IQue_Player]"
"33","2","http://dbpedia.org/resource/Nintendo_64"
"35","2","http://dbpedia.org/resource/Nintendo_64"
"37","2","[http://dbpedia.org/resource/Amiga, http://dbpedia.org/resource/Atari_ST, http://dbpedia.org/resource/Microsoft_Windows, http://dbpedia.org/resource/OS_X, http://dbpedia.org/resource/Sega_CD, http://dbpedia.org/resource/FM_Towns, http://dbpedia.org/resource/Commodore_CDTV, http://dbpedia.org/resource/PlayStation_Network, http://dbpedia.org/resource/IOS, http://dbpedia.org/resource/Xbox_Live, http://dbpedia.org/resource/DOS, http://dbpedia.org/resource/Mac_OS]"
"38","2","[http://dbpedia.org/resource/Amiga, http://dbpedia.org/resource/Atari_ST, http://dbpedia.org/resource/Personal_computer, http://dbpedia.org/resource/Macintosh]"
"381","2","http://dbpedia.org/resource/PlayStation_2"
"260","2","[http://dbpedia.org/resource/Microsoft_Windows, http://dbpedia.org/resource/PlayStation_(console), http://dbpedia.org/resource/Sega_Saturn, http://dbpedia.org/resource/Linux, http://dbpedia.org/resource/AmigaOS_4, http://dbpedia.org/resource/DOS, http://dbpedia.org/resource/Mac_OS]"
"140","2","[http://dbpedia.org/resource/Microsoft_Windows, http://dbpedia.org/resource/PlayStation_3, http://dbpedia.org/resource/Xbox_360]"
"261","2","http://dbpedia.org/resource/Super_Nintendo_Entertainment_System"
"382","2","[http://dbpedia.org/resource/Microsoft_Windows, http://dbpedia.org/resource/PlayStation_3, http://dbpedia.org/resource/Wii, http://dbpedia.org/resource/Nintendo_DS, http://dbpedia.org/resource/Mobile_phone, http://dbpedia.org/resource/PlayStation_Portable, http://dbpedia.org/resource/Xbox_360, http://dbpedia.org/resource/PlayStation_2]"
"141","2","[http://dbpedia.org/resource/Nintendo_64, http://dbpedia.org/resource/Virtual_Console, http://dbpedia.org/resource/GameCube, http://dbpedia.org/resource/IQue_Player]"
"262","2","[http://dbpedia.org/resource/Microsoft_Windows, http://dbpedia.org/resource/PlayStation_3, http://dbpedia.org/resource/Wii, http://dbpedia.org/resource/Nintendo_DS, http://dbpedia.org/resource/IOS, http://dbpedia.org/resource/PlayStation_Portable, http://dbpedia.org/resource/Xbox_360, http://dbpedia.org/resource/Android_(operating_system), http://dbpedia.org/resource/PlayStation_2, http://dbpedia.org/resource/BlackBerry_World]"
"383","2","[http://dbpedia.org/resource/Game_Boy_Advance, http://dbpedia.org/resource/PlayStation_3, http://dbpedia.org/resource/Tapwave_Zodiac, http://dbpedia.org/resource/Xbox_Live_Arcade, http://dbpedia.org/resource/Macintosh, http://dbpedia.org/resource/Xbox_360, http://dbpedia.org/resource/DOS]"
"384","2","http://dbpedia.org/resource/Nintendo_DS"
"263","2","http://dbpedia.org/resource/Xbox_360"
"142","2","[http://dbpedia.org/resource/Nintendo_64, http://dbpedia.org/resource/Wii, http://dbpedia.org/resource/GameCube]"
"143","2","http://dbpedia.org/resource/Wii"
"264","2","[http://dbpedia.org/resource/Microsoft_Windows, http://dbpedia.org/resource/Xbox_(console), http://dbpedia.org/resource/PlayStation_2]"
"386","2","[http://dbpedia.org/resource/Game_Boy_Advance, http://dbpedia.org/resource/Microsoft_Windows, http://dbpedia.org/resource/OS_X, http://dbpedia.org/resource/PlayStation_3, http://dbpedia.org/resource/Wii, http://dbpedia.org/resource/Nintendo_DS, http://dbpedia.org/resource/Arcade_game, http://dbpedia.org/resource/GameCube, http://dbpedia.org/resource/Xbox_(console), http://dbpedia.org/resource/PlayStation_Portable, http://dbpedia.org/resource/Zeebo, http://dbpedia.org/resource/Xbox_360, http://dbpedia.org/resource/Mobile_game, http://dbpedia.org/resource/PlayStation_2]"
"144","2","http://dbpedia.org/resource/Personal_computer"
"266","2","[http://dbpedia.org/resource/Microsoft_Windows, http://dbpedia.org/resource/OS_X, http://dbpedia.org/resource/PlayStation_3, http://dbpedia.org/resource/Xbox_360]"
"146","2","[http://dbpedia.org/resource/Amiga, http://dbpedia.org/resource/Atari_ST, http://dbpedia.org/resource/Microsoft_Windows, http://dbpedia.org/resource/PlayStation_(console), http://dbpedia.org/resource/Sega_Saturn, http://dbpedia.org/resource/Super_Nintendo_Entertainment_System, http://dbpedia.org/resource/Macintosh, http://dbpedia.org/resource/DOS]"
"388","2","http://dbpedia.org/resource/Game_Boy_Color"
"267","2","http://dbpedia.org/resource/PlayStation_2"
"268","2","[http://dbpedia.org/resource/Game_Boy_Advance, http://dbpedia.org/resource/Microsoft_Windows, http://dbpedia.org/resource/OS_X, http://dbpedia.org/resource/PlayStation_(console), http://dbpedia.org/resource/GameCube, http://dbpedia.org/resource/Xbox_(console), http://dbpedia.org/resource/PlayStation_2]"
"147","2","http://dbpedia.org/resource/Windows_9x"
"148","2","[http://dbpedia.org/resource/Microsoft_Windows, http://dbpedia.org/resource/Windows_7, http://dbpedia.org/resource/Xbox_(console), http://dbpedia.org/resource/Macintosh, http://dbpedia.org/resource/PlayStation_Portable, http://dbpedia.org/resource/PlayStation_2]"
"269","2","[http://dbpedia.org/resource/Microsoft_Windows, http://dbpedia.org/resource/OS_X, http://dbpedia.org/resource/PlayStation_3, http://dbpedia.org/resource/IOS, http://dbpedia.org/resource/Xbox_(console), http://dbpedia.org/resource/Android_(operating_system), http://dbpedia.org/resource/PlayStation_2]"
"149","2","[http://dbpedia.org/resource/Microsoft_Windows, http://dbpedia.org/resource/OS_X, http://dbpedia.org/resource/Xbox_360]"
"40","2","[http://dbpedia.org/resource/Dreamcast, http://dbpedia.org/resource/Microsoft_Windows, http://dbpedia.org/resource/PlayStation_(console), http://dbpedia.org/resource/GameCube, http://dbpedia.org/resource/PlayStation_Network]"
"42","2","[http://dbpedia.org/resource/Game_Boy_Advance, http://dbpedia.org/resource/Microsoft_Windows, http://dbpedia.org/resource/OS_X, http://dbpedia.org/resource/Nintendo_DS, http://dbpedia.org/resource/GameCube, http://dbpedia.org/resource/Xbox_(console), http://dbpedia.org/resource/PlayStation_Portable, http://dbpedia.org/resource/PlayStation_2]"
"43","2","[http://dbpedia.org/resource/PlayStation_(console), http://dbpedia.org/resource/PlayStation_Network]"
"44","2","[http://dbpedia.org/resource/Microsoft_Windows, http://dbpedia.org/resource/PlayStation_(console), http://dbpedia.org/resource/Mac_OS]"
"45","2","[http://dbpedia.org/resource/Game_Boy_Advance, http://dbpedia.org/resource/Microsoft_Windows, http://dbpedia.org/resource/Nintendo_DS, http://dbpedia.org/resource/GameCube, http://dbpedia.org/resource/Xbox_(console), http://dbpedia.org/resource/PlayStation_Portable, http://dbpedia.org/resource/Xbox_360, http://dbpedia.org/resource/PlayStation_2]"
"46","2","http://dbpedia.org/resource/PlayStation_Portable"
"47","2","[http://dbpedia.org/resource/Microsoft_Windows, http://dbpedia.org/resource/PlayStation_3, http://dbpedia.org/resource/Xbox_360]"
"48","2","[http://dbpedia.org/resource/Microsoft_Windows, http://dbpedia.org/resource/PlayStation_3, http://dbpedia.org/resource/Xbox_360]"
"49","2","[http://dbpedia.org/resource/Microsoft_Windows, http://dbpedia.org/resource/PlayStation_3, http://dbpedia.org/resource/Xbox_360]"
"390","2","[http://dbpedia.org/resource/GameCube, http://dbpedia.org/resource/PlayStation_Network, http://dbpedia.org/resource/Xbox_(console), http://dbpedia.org/resource/PlayStation_2]"
"391","2","[http://dbpedia.org/resource/Game_Boy_Advance, http://dbpedia.org/resource/Microsoft_Windows, http://dbpedia.org/resource/Nintendo_DS, http://dbpedia.org/resource/GameCube, http://dbpedia.org/resource/Xbox_(console), http://dbpedia.org/resource/PlayStation_Portable, http://dbpedia.org/resource/Mobile_game, http://dbpedia.org/resource/PlayStation_2]"
"392","2","[http://dbpedia.org/resource/Game_Boy_Advance, http://dbpedia.org/resource/Microsoft_Windows, http://dbpedia.org/resource/PlayStation_(console), http://dbpedia.org/resource/GameCube, http://dbpedia.org/resource/Xbox_(console), http://dbpedia.org/resource/Mobile_game, http://dbpedia.org/resource/PlayStation_2]"
"271","2","http://dbpedia.org/resource/Wii"
"272","2","[http://dbpedia.org/resource/Microsoft_Windows, http://dbpedia.org/resource/OS_X]"
"152","2","[http://dbpedia.org/resource/PlayStation_3, http://dbpedia.org/resource/PlayStation_Portable, http://dbpedia.org/resource/PlayStation_2]"
"153","2","[http://dbpedia.org/resource/Game_Boy_Advance, http://dbpedia.org/resource/Super_Nintendo_Entertainment_System, http://dbpedia.org/resource/Virtual_Console]"
"275","2","http://dbpedia.org/resource/GameCube"
"396","2","[http://dbpedia.org/resource/Microsoft_Windows, http://dbpedia.org/resource/OS_X, http://dbpedia.org/resource/Linux]"
"397","2","[http://dbpedia.org/resource/Game_Boy_Advance, http://dbpedia.org/resource/Microsoft_Windows, http://dbpedia.org/resource/PlayStation_3, http://dbpedia.org/resource/Wii, http://dbpedia.org/resource/Handheld_TV_game, http://dbpedia.org/resource/Nintendo_DS, http://dbpedia.org/resource/Xbox, http://dbpedia.org/resource/GameCube, http://dbpedia.org/resource/Mobile_phone, http://dbpedia.org/resource/PlayStation_Portable, http://dbpedia.org/resource/Xbox_360, http://dbpedia.org/resource/PlayStation_2]"
"155","2","[http://dbpedia.org/resource/PlayStation_3, http://dbpedia.org/resource/PlayStation_Vita, http://dbpedia.org/resource/PlayStation_2]"
"398","2","[http://dbpedia.org/resource/Microsoft_Windows, http://dbpedia.org/resource/OS_X, http://dbpedia.org/resource/PlayStation_3, http://dbpedia.org/resource/Wii, http://dbpedia.org/resource/Nintendo_3DS, http://dbpedia.org/resource/Nintendo_DS, http://dbpedia.org/resource/IOS, http://dbpedia.org/resource/Xbox_360, http://dbpedia.org/resource/Windows_Phone, http://dbpedia.org/resource/Android_(operating_system), http://dbpedia.org/resource/Symbian]"
"156","2","[http://dbpedia.org/resource/Microsoft_Windows, http://dbpedia.org/resource/OS_X, http://dbpedia.org/resource/PlayStation_3, http://dbpedia.org/resource/IOS, http://dbpedia.org/resource/Xbox_(console), http://dbpedia.org/resource/Android_(operating_system), http://dbpedia.org/resource/PlayStation_2]"
"278","2","[http://dbpedia.org/resource/Microsoft_Windows, http://dbpedia.org/resource/Personal_computer]"
"157","2","[http://dbpedia.org/resource/Game_Boy_Color, http://dbpedia.org/resource/Game_Boy]"
"279","2","[http://dbpedia.org/resource/Game_Boy_Advance, http://dbpedia.org/resource/Nintendo_VS._System, http://dbpedia.org/resource/Virtual_Console, http://dbpedia.org/resource/Satellaview, http://dbpedia.org/resource/Nintendo_Power_(cartridge), http://dbpedia.org/resource/Game_Boy, http://dbpedia.org/resource/Nintendo_Entertainment_System, http://dbpedia.org/resource/PlayChoice-10, http://dbpedia.org/resource/Wii_U]"
"158","2","[http://dbpedia.org/resource/PlayStation_3, http://dbpedia.org/resource/PlayStation_Portable, http://dbpedia.org/resource/PlayStation_2]"
"159","2","[http://dbpedia.org/resource/Microsoft_Windows, http://dbpedia.org/resource/Xbox_(console), http://dbpedia.org/resource/PlayStation_Portable, http://dbpedia.org/resource/PlayStation_2]"
"50","2","[http://dbpedia.org/resource/Personal_computer, http://dbpedia.org/resource/Xbox_(console), http://dbpedia.org/resource/PlayStation_2]"
"51","2","[http://dbpedia.org/resource/PlayStation_3, http://dbpedia.org/resource/Arcade_game, http://dbpedia.org/resource/GameCube, http://dbpedia.org/resource/Xbox_(console), http://dbpedia.org/resource/Xbox_360, http://dbpedia.org/resource/PlayStation_2]"
"52","2","[http://dbpedia.org/resource/GameCube, http://dbpedia.org/resource/Xbox_(console), http://dbpedia.org/resource/PlayStation_2]"
"53","2","http://dbpedia.org/resource/PlayStation_2"
"54","2","http://dbpedia.org/resource/PlayStation_2"
"55","2","[http://dbpedia.org/resource/Game_Boy_Advance, http://dbpedia.org/resource/Super_Nintendo_Entertainment_System, http://dbpedia.org/resource/Virtual_Console]"
"56","2","[http://dbpedia.org/resource/Super_Nintendo_Entertainment_System, http://dbpedia.org/resource/Wii]"
"58","2","[http://dbpedia.org/resource/Microsoft_Windows, http://dbpedia.org/resource/Mac_OS, http://dbpedia.org/resource/PlayStation_2]"
"59","2","[http://dbpedia.org/resource/PlayStation_3, http://dbpedia.org/resource/PlayStation_Vita, http://dbpedia.org/resource/PlayStation_2]"
"280","2","[http://dbpedia.org/resource/Microsoft_Windows, http://dbpedia.org/resource/PlayStation_3, http://dbpedia.org/resource/Xbox_360]"
"160","2","[http://dbpedia.org/resource/Arcade_game, http://dbpedia.org/resource/PlayStation_2]"
"161","2","http://dbpedia.org/resource/Wii"
"282","2","[http://dbpedia.org/resource/Microsoft_Windows, http://dbpedia.org/resource/Xbox_(console)]"
"283","2","[http://dbpedia.org/resource/Microsoft_Windows, http://dbpedia.org/resource/PlayStation_3, http://dbpedia.org/resource/Wii, http://dbpedia.org/resource/Nintendo_DS, http://dbpedia.org/resource/N-Gage_(service), http://dbpedia.org/resource/PlayStation_Portable, http://dbpedia.org/resource/Zeebo, http://dbpedia.org/resource/Xbox_360, http://dbpedia.org/resource/Mobile_game, http://dbpedia.org/resource/PlayStation_2]"
"284","2","[http://dbpedia.org/resource/Microsoft_Windows, http://dbpedia.org/resource/Mac_OS]"
"163","2","[http://dbpedia.org/resource/Dreamcast, http://dbpedia.org/resource/Game_Boy_Advance, http://dbpedia.org/resource/Game_Boy_Color, http://dbpedia.org/resource/Microsoft_Windows, http://dbpedia.org/resource/Nintendo_64, http://dbpedia.org/resource/PlayStation_(console), http://dbpedia.org/resource/IOS, http://dbpedia.org/resource/Xbox_(console), http://dbpedia.org/resource/Macintosh]"
"164","2","http://dbpedia.org/resource/Microsoft_Windows"
"165","2","[http://dbpedia.org/resource/Game_Boy_Advance, http://dbpedia.org/resource/Nintendo_eShop]"
"287","2","[http://dbpedia.org/resource/Microsoft_Windows, http://dbpedia.org/resource/Xbox_360]"
"288","2","[http://dbpedia.org/resource/PlayStation_(console), http://dbpedia.org/resource/PlayStation_Network]"
"167","2","http://dbpedia.org/resource/Microsoft_Windows"
"289","2","[http://dbpedia.org/resource/Amiga, http://dbpedia.org/resource/Apple_II, http://dbpedia.org/resource/Atari_ST, http://dbpedia.org/resource/Apple_IIGS, http://dbpedia.org/resource/MS-DOS]"
"168","2","[http://dbpedia.org/resource/Microsoft_Windows, http://dbpedia.org/resource/OS_X]"
"169","2","http://dbpedia.org/resource/Game_Boy_Advance"
"60","2","[http://dbpedia.org/resource/Game_Boy_Advance, http://dbpedia.org/resource/Microsoft_Windows, http://dbpedia.org/resource/PlayStation_3, http://dbpedia.org/resource/Nintendo_DS, http://dbpedia.org/resource/GameCube, http://dbpedia.org/resource/Xbox_(console), http://dbpedia.org/resource/PlayStation_Portable, http://dbpedia.org/resource/Xbox_360, http://dbpedia.org/resource/PlayStation_2]"
"61","2","[http://dbpedia.org/resource/Microsoft_Windows, http://dbpedia.org/resource/PlayStation_3, http://dbpedia.org/resource/Wii, http://dbpedia.org/resource/GameCube, http://dbpedia.org/resource/IOS, http://dbpedia.org/resource/Zeebo, http://dbpedia.org/resource/Xbox_360, http://dbpedia.org/resource/Mobile_game, http://dbpedia.org/resource/PlayStation_2]"
"62","2","[http://dbpedia.org/resource/Wii, http://dbpedia.org/resource/GameCube]"
"64","2","http://dbpedia.org/resource/Wii"
"65","2","http://dbpedia.org/resource/GameCube"
"66","2","http://dbpedia.org/resource/Wii"
"67","2","[http://dbpedia.org/resource/Game_Boy_Advance, http://dbpedia.org/resource/Virtual_Console]"
"68","2","[http://dbpedia.org/resource/Game_Boy_Advance, http://dbpedia.org/resource/Super_Nintendo_Entertainment_System, http://dbpedia.org/resource/Virtual_Console]"
"290","2","[http://dbpedia.org/resource/Microsoft_Windows, http://dbpedia.org/resource/Xbox_(console)]"
"170","2","http://dbpedia.org/resource/Nintendo_DS"
"291","2","[http://dbpedia.org/resource/Microsoft_Windows, http://dbpedia.org/resource/OS_X, http://dbpedia.org/resource/GameCube, http://dbpedia.org/resource/Xbox_(console), http://dbpedia.org/resource/Mobile_game, http://dbpedia.org/resource/PlayStation_2]"
"292","2","[http://dbpedia.org/resource/Game_Boy, http://dbpedia.org/resource/Nintendo_Entertainment_System]"
"294","2","[http://dbpedia.org/resource/Nintendo_64, http://dbpedia.org/resource/Virtual_Console, http://dbpedia.org/resource/Arcade_game]"
"174","2","[http://dbpedia.org/resource/Game_Boy_Advance, http://dbpedia.org/resource/Microsoft_Windows, http://dbpedia.org/resource/GameCube, http://dbpedia.org/resource/Xbox_(console), http://dbpedia.org/resource/Macintosh, http://dbpedia.org/resource/PlayStation_2]"
"175","2","[http://dbpedia.org/resource/Microsoft_Windows, http://dbpedia.org/resource/PlayStation_2]"
"296","2","[http://dbpedia.org/resource/Nintendo_64, http://dbpedia.org/resource/Wii, http://dbpedia.org/resource/IQue_Player]"
"297","2","[http://dbpedia.org/resource/Wii, http://dbpedia.org/resource/PlayStation_2]"
"177","2","[http://dbpedia.org/resource/Microsoft_Windows, http://dbpedia.org/resource/PlayStation_3, http://dbpedia.org/resource/Wii, http://dbpedia.org/resource/Nintendo_DS, http://dbpedia.org/resource/IOS, http://dbpedia.org/resource/PlayStation_Portable, http://dbpedia.org/resource/Xbox_360, http://dbpedia.org/resource/Android_(operating_system), http://dbpedia.org/resource/PlayStation_2, http://dbpedia.org/resource/BlackBerry_World]"
"298","2","[http://dbpedia.org/resource/PlayStation_3, http://dbpedia.org/resource/PlayStation_Vita, http://dbpedia.org/resource/PlayStation_2]"
"299","2","[http://dbpedia.org/resource/PlayStation_3, http://dbpedia.org/resource/PlayStation_2]"
"178","2","[http://dbpedia.org/resource/PlayStation_3, http://dbpedia.org/resource/Xbox_360]"
"70","2","[http://dbpedia.org/resource/PlayStation_3, http://dbpedia.org/resource/Arcade_game, http://dbpedia.org/resource/PlayStation_2]"
"71","2","http://dbpedia.org/resource/Game_Boy_Color"
"72","2","http://dbpedia.org/resource/Nintendo_DS"
"74","2","[http://dbpedia.org/resource/Microsoft_Windows, http://dbpedia.org/resource/OS_X, http://dbpedia.org/resource/N-Gage_(service), http://dbpedia.org/resource/Windows_Mobile]"
"75","2","http://dbpedia.org/resource/Nintendo_DS"
"76","2","[http://dbpedia.org/resource/Xbox_(console), http://dbpedia.org/resource/PlayStation_2]"
"77","2","[http://dbpedia.org/resource/Microsoft_Windows, http://dbpedia.org/resource/OS_X, http://dbpedia.org/resource/PlayStation_3, http://dbpedia.org/resource/IOS, http://dbpedia.org/resource/Xbox_(console), http://dbpedia.org/resource/Android_(operating_system), http://dbpedia.org/resource/PlayStation_2]"
"78","2","[http://dbpedia.org/resource/Game_Boy_Advance, http://dbpedia.org/resource/Game_Boy_Color, http://dbpedia.org/resource/Super_Nintendo_Entertainment_System, http://dbpedia.org/resource/Virtual_Console]"
"79","2","[http://dbpedia.org/resource/Game_Boy, http://dbpedia.org/resource/Nintendo_eShop]"
"181","2","[http://dbpedia.org/resource/Wii, http://dbpedia.org/resource/GameCube]"
"182","2","[http://dbpedia.org/resource/Game_Boy_Advance, http://dbpedia.org/resource/Wii_U]"
"185","2","[http://dbpedia.org/resource/Amiga, http://dbpedia.org/resource/Amstrad_CPC, http://dbpedia.org/resource/Apple_II_series, http://dbpedia.org/resource/Atari_2600, http://dbpedia.org/resource/Atari_Lynx, http://dbpedia.org/resource/Atari_ST, http://dbpedia.org/resource/Commodore_64, http://dbpedia.org/resource/Sega_Genesis, http://dbpedia.org/resource/Virtual_Console, http://dbpedia.org/resource/ZX_Spectrum, http://dbpedia.org/resource/MSX, http://dbpedia.org/resource/Master_System, http://dbpedia.org/resource/Apple_IIGS, http://dbpedia.org/resource/Nintendo_Entertainment_System, http://dbpedia.org/resource/MS-DOS]"
"186","2","[http://dbpedia.org/resource/Amiga, http://dbpedia.org/resource/Amstrad_CPC, http://dbpedia.org/resource/Atari_ST, http://dbpedia.org/resource/Commodore_64, http://dbpedia.org/resource/ZX_Spectrum, http://dbpedia.org/resource/MSX, http://dbpedia.org/resource/Nintendo_Entertainment_System, http://dbpedia.org/resource/DOS]"
"187","2","[http://dbpedia.org/resource/Amiga, http://dbpedia.org/resource/Atari_ST, http://dbpedia.org/resource/Commodore_64, http://dbpedia.org/resource/MS-DOS]"
"188","2","[http://dbpedia.org/resource/Microsoft_Windows, http://dbpedia.org/resource/Wii, http://dbpedia.org/resource/Nintendo_DS]"
"189","2","[http://dbpedia.org/resource/Microsoft_Windows, http://dbpedia.org/resource/PlayStation_(console), http://dbpedia.org/resource/PlayStation_Network, http://dbpedia.org/resource/Mac_OS, http://dbpedia.org/resource/PlayStation_2]"
"80","2","[http://dbpedia.org/resource/Nintendo_64, http://dbpedia.org/resource/Virtual_Console, http://dbpedia.org/resource/IQue_Player]"
"81","2","[http://dbpedia.org/resource/Nintendo_64, http://dbpedia.org/resource/Virtual_Console, http://dbpedia.org/resource/IQue_Player]"
"82","2","[http://dbpedia.org/resource/Super_Nintendo_Entertainment_System, http://dbpedia.org/resource/Virtual_Console]"
"83","2","[http://dbpedia.org/resource/Microsoft_Windows, http://dbpedia.org/resource/OS_X]"
"84","2","[http://dbpedia.org/resource/Microsoft_Windows, http://dbpedia.org/resource/PlayStation_(console), http://dbpedia.org/resource/Mac_OS]"
"85","2","[http://dbpedia.org/resource/Microsoft_Windows, http://dbpedia.org/resource/PlayStation_3, http://dbpedia.org/resource/Xbox_360]"
"86","2","[http://dbpedia.org/resource/Microsoft_Windows, http://dbpedia.org/resource/OS_X]"
"87","2","[http://dbpedia.org/resource/Microsoft_Windows, http://dbpedia.org/resource/PlayStation_(console), http://dbpedia.org/resource/PlayStation_Network, http://dbpedia.org/resource/MS-DOS]"
"88","2","[http://dbpedia.org/resource/Microsoft_Windows, http://dbpedia.org/resource/OS_X, http://dbpedia.org/resource/Mac_OS]"
"190","2","http://dbpedia.org/resource/PlayStation_(console)"
"191","2","[http://dbpedia.org/resource/Dreamcast, http://dbpedia.org/resource/Microsoft_Windows, http://dbpedia.org/resource/PlayStation_(console)]"
"193","2","[http://dbpedia.org/resource/Dreamcast, http://dbpedia.org/resource/Arcade_game, http://dbpedia.org/resource/PlayStation_2]"
"194","2","[http://dbpedia.org/resource/Game_Boy_Advance, http://dbpedia.org/resource/Microsoft_Windows, http://dbpedia.org/resource/Nintendo_DS, http://dbpedia.org/resource/GameCube, http://dbpedia.org/resource/Xbox_(console), http://dbpedia.org/resource/PlayStation_Portable, http://dbpedia.org/resource/Xbox_360, http://dbpedia.org/resource/PlayStation_2]"
"195","2","http://dbpedia.org/resource/Microsoft_Windows"
"197","2","[http://dbpedia.org/resource/DOS, http://dbpedia.org/resource/Mac_OS]"
"198","2","[http://dbpedia.org/resource/Game_Boy_Advance, http://dbpedia.org/resource/Microsoft_Windows, http://dbpedia.org/resource/Nintendo_DS, http://dbpedia.org/resource/GameCube, http://dbpedia.org/resource/Xbox_(console), http://dbpedia.org/resource/PlayStation_Portable, http://dbpedia.org/resource/Xbox_360, http://dbpedia.org/resource/PlayStation_2]"
"199","2","[http://dbpedia.org/resource/Microsoft_Windows, http://dbpedia.org/resource/OS_X, http://dbpedia.org/resource/Mac_OS]"
"90","2","http://dbpedia.org/resource/Game_Boy_Color"
"92","2","[http://dbpedia.org/resource/Microsoft_Windows, http://dbpedia.org/resource/OS_X, http://dbpedia.org/resource/PlayStation_3, http://dbpedia.org/resource/Wii, http://dbpedia.org/resource/PlayStation_Portable, http://dbpedia.org/resource/Xbox_360, http://dbpedia.org/resource/Mobile_game, http://dbpedia.org/resource/PlayStation_2]"
"93","2","[http://dbpedia.org/resource/Nintendo_3DS, http://dbpedia.org/resource/Nintendo_DS, http://dbpedia.org/resource/Nintendo_DSi, http://dbpedia.org/resource/Nintendo_2DS, http://dbpedia.org/resource/Nintendo_DS_Lite, http://dbpedia.org/resource/Nintendo_3DS_XL]"
"94","2","http://dbpedia.org/resource/Wii"
"95","2","[http://dbpedia.org/resource/Microsoft_Windows, http://dbpedia.org/resource/OS_X, http://dbpedia.org/resource/PlayStation_3, http://dbpedia.org/resource/IOS, http://dbpedia.org/resource/Xbox_(console), http://dbpedia.org/resource/Xbox_360, http://dbpedia.org/resource/Windows_Phone, http://dbpedia.org/resource/Android_(operating_system), http://dbpedia.org/resource/Amazon_Kindle, http://dbpedia.org/resource/PlayStation_2]"
"96","2","[http://dbpedia.org/resource/Game_Boy_Advance, http://dbpedia.org/resource/Super_Nintendo_Entertainment_System, http://dbpedia.org/resource/Virtual_Console]"
"97","2","[http://dbpedia.org/resource/PlayStation_3, http://dbpedia.org/resource/PlayStation_Portable, http://dbpedia.org/resource/PlayStation_2]"
"300","2","[http://dbpedia.org/resource/Microsoft_Windows, http://dbpedia.org/resource/PlayStation_3, http://dbpedia.org/resource/Xbox_360]"
"301","2","[http://dbpedia.org/resource/Microsoft_Windows, http://dbpedia.org/resource/OS_X, http://dbpedia.org/resource/Linux]"
"302","2","[http://dbpedia.org/resource/Microsoft_Windows, http://dbpedia.org/resource/Macintosh]"
"304","2","http://dbpedia.org/resource/GameCube"
"305","2","[http://dbpedia.org/resource/Microsoft_Windows, http://dbpedia.org/resource/OS_X, http://dbpedia.org/resource/PlayStation_3, http://dbpedia.org/resource/IOS, http://dbpedia.org/resource/Xbox_(console), http://dbpedia.org/resource/Xbox_360, http://dbpedia.org/resource/Windows_Phone, http://dbpedia.org/resource/Android_(operating_system), http://dbpedia.org/resource/Amazon_Kindle, http://dbpedia.org/resource/PlayStation_2]"
"306","2","[http://dbpedia.org/resource/Microsoft_Windows, http://dbpedia.org/resource/PlayStation_3, http://dbpedia.org/resource/Xbox_360]"
"310","2","[http://dbpedia.org/resource/Microsoft_Windows, http://dbpedia.org/resource/PlayStation_3, http://dbpedia.org/resource/Mobile_phone, http://dbpedia.org/resource/Xbox_360]"
"311","2","[http://dbpedia.org/resource/MS-DOS, http://dbpedia.org/resource/Mac_OS]"
"312","2","[http://dbpedia.org/resource/Microsoft_Windows, http://dbpedia.org/resource/GameCube, http://dbpedia.org/resource/Xbox_(console), http://dbpedia.org/resource/PlayStation_2]"
"313","2","[http://dbpedia.org/resource/Game_Boy_Advance, http://dbpedia.org/resource/Microsoft_Windows, http://dbpedia.org/resource/GameCube, http://dbpedia.org/resource/Xbox_(console), http://dbpedia.org/resource/PlayStation_Portable, http://dbpedia.org/resource/PlayStation_2]"
"314","2","[http://dbpedia.org/resource/GameCube, http://dbpedia.org/resource/Xbox_(console), http://dbpedia.org/resource/PlayStation_2]"
"316","2","[http://dbpedia.org/resource/Game_Boy_Color, http://dbpedia.org/resource/Game_Boy]"
"317","2","[http://dbpedia.org/resource/Nintendo_64, http://dbpedia.org/resource/Virtual_Console]"
"318","2","[http://dbpedia.org/resource/Arcade_game, http://dbpedia.org/resource/PlayStation_2]"
"320","2","[http://dbpedia.org/resource/PlayStation_3, http://dbpedia.org/resource/PlayStation_2]"
"200","2","[http://dbpedia.org/resource/Microsoft_Windows, http://dbpedia.org/resource/PlayStation_3, http://dbpedia.org/resource/Wii, http://dbpedia.org/resource/Nintendo_DS, http://dbpedia.org/resource/Java_Platform,_Micro_Edition, http://dbpedia.org/resource/IOS, http://dbpedia.org/resource/PlayStation_Portable, http://dbpedia.org/resource/Xbox_360, http://dbpedia.org/resource/Android_(operating_system), http://dbpedia.org/resource/PlayStation_2]"
"321","2","[http://dbpedia.org/resource/Nintendo_3DS, http://dbpedia.org/resource/Nintendo_DS, http://dbpedia.org/resource/Nintendo_DSi, http://dbpedia.org/resource/Nintendo_2DS, http://dbpedia.org/resource/Nintendo_DS_Lite, http://dbpedia.org/resource/Nintendo_3DS_XL]"
"201","2","[http://dbpedia.org/resource/Dreamcast, http://dbpedia.org/resource/Game_Boy_Color, http://dbpedia.org/resource/Microsoft_Windows, http://dbpedia.org/resource/PlayStation_(console)]"
"322","2","[http://dbpedia.org/resource/Game_Boy, http://dbpedia.org/resource/Nintendo_Entertainment_System]"
"203","2","http://dbpedia.org/resource/GameCube"
"326","2","http://dbpedia.org/resource/PlayStation_(console)"
"205","2","[http://dbpedia.org/resource/Amiga, http://dbpedia.org/resource/Atari_ST, http://dbpedia.org/resource/Personal_computer, http://dbpedia.org/resource/Macintosh]"
"327","2","[http://dbpedia.org/resource/Microsoft_Windows, http://dbpedia.org/resource/Xbox_(console), http://dbpedia.org/resource/PlayStation_2]"
"206","2","[http://dbpedia.org/resource/Microsoft_Windows, http://dbpedia.org/resource/Wii, http://dbpedia.org/resource/Nintendo_DS]"
"207","2","[http://dbpedia.org/resource/GameCube, http://dbpedia.org/resource/Xbox_(console), http://dbpedia.org/resource/PlayStation_2]"
"208","2","[http://dbpedia.org/resource/Dreamcast, http://dbpedia.org/resource/Game_Boy_Color, http://dbpedia.org/resource/Microsoft_Windows, http://dbpedia.org/resource/PlayStation_(console)]"
"329","2","[http://dbpedia.org/resource/Game_Boy_Advance, http://dbpedia.org/resource/Microsoft_Windows, http://dbpedia.org/resource/OS_X, http://dbpedia.org/resource/N-Gage_(device), http://dbpedia.org/resource/Nintendo_DS, http://dbpedia.org/resource/GameCube, http://dbpedia.org/resource/Xbox_(console), http://dbpedia.org/resource/PlayStation_Portable, http://dbpedia.org/resource/PlayStation_2]"
"209","2","[http://dbpedia.org/resource/Microsoft_Windows, http://dbpedia.org/resource/Mac_OS, http://dbpedia.org/resource/PlayStation_2]"
"330","2","http://dbpedia.org/resource/PlayStation_3"
"210","2","[http://dbpedia.org/resource/Super_Nintendo_Entertainment_System, http://dbpedia.org/resource/Freedom_of_Mobile_Multimedia_Access, http://dbpedia.org/resource/IOS]"
"211","2","[http://dbpedia.org/resource/Microsoft_Windows, http://dbpedia.org/resource/Xbox_(console)]"
"332","2","http://dbpedia.org/resource/PlayStation_2"
"212","2","http://dbpedia.org/resource/Nintendo_DS"
"334","2","[http://dbpedia.org/resource/Game_Boy_Advance, http://dbpedia.org/resource/Microsoft_Windows, http://dbpedia.org/resource/Xbox_(console), http://dbpedia.org/resource/PlayStation_2]"
"213","2","http://dbpedia.org/resource/Game_Boy"
"335","2","[http://dbpedia.org/resource/Amiga, http://dbpedia.org/resource/Dreamcast, http://dbpedia.org/resource/Microsoft_Windows, http://dbpedia.org/resource/Linux, http://dbpedia.org/resource/Xbox_360, http://dbpedia.org/resource/Mac_OS, http://dbpedia.org/resource/PlayStation_2]"
"214","2","http://dbpedia.org/resource/PlayStation_2"
"215","2","[http://dbpedia.org/resource/Microsoft_Windows, http://dbpedia.org/resource/PlayStation_3, http://dbpedia.org/resource/Arcade_game, http://dbpedia.org/resource/PlayStation_Portable, http://dbpedia.org/resource/Xbox_360]"
"216","2","[http://dbpedia.org/resource/Game_Boy_Advance, http://dbpedia.org/resource/Virtual_Console]"
"337","2","[http://dbpedia.org/resource/Game_Boy_Advance, http://dbpedia.org/resource/Microsoft_Windows, http://dbpedia.org/resource/GameCube, http://dbpedia.org/resource/Xbox_(console), http://dbpedia.org/resource/PlayStation_2]"
"338","2","[http://dbpedia.org/resource/Nintendo_DS, http://dbpedia.org/resource/GameCube, http://dbpedia.org/resource/Mobile_phone, http://dbpedia.org/resource/Xbox_(console), http://dbpedia.org/resource/PlayStation_Portable, http://dbpedia.org/resource/PlayStation_2]"
"217","2","[http://dbpedia.org/resource/Wii, http://dbpedia.org/resource/Nintendo_DS]"
"339","2","[http://dbpedia.org/resource/Game_Boy_Advance, http://dbpedia.org/resource/Microsoft_Windows, http://dbpedia.org/resource/OS_X, http://dbpedia.org/resource/PlayStation_3, http://dbpedia.org/resource/Wii, http://dbpedia.org/resource/Nintendo_DS, http://dbpedia.org/resource/Arcade_game, http://dbpedia.org/resource/GameCube, http://dbpedia.org/resource/Xbox_(console), http://dbpedia.org/resource/PlayStation_Portable, http://dbpedia.org/resource/Zeebo, http://dbpedia.org/resource/Xbox_360, http://dbpedia.org/resource/Mobile_game, http://dbpedia.org/resource/PlayStation_2]"
"218","2","http://dbpedia.org/resource/Microsoft_Windows"
"219","2","[http://dbpedia.org/resource/Game_Boy_Color, http://dbpedia.org/resource/Microsoft_Windows, http://dbpedia.org/resource/PlayStation_(console), http://dbpedia.org/resource/MS-DOS]"
"220","2","[http://dbpedia.org/resource/Game_Boy_Advance, http://dbpedia.org/resource/Microsoft_Windows, http://dbpedia.org/resource/OS_X, http://dbpedia.org/resource/Nintendo_DS, http://dbpedia.org/resource/GameCube, http://dbpedia.org/resource/Xbox_(console), http://dbpedia.org/resource/PlayStation_Portable, http://dbpedia.org/resource/PlayStation_2]"
"341","2","[http://dbpedia.org/resource/Virtual_Console, http://dbpedia.org/resource/Nintendo_3DS, http://dbpedia.org/resource/PC-8801, http://dbpedia.org/resource/Family_Computer_Disk_System, http://dbpedia.org/resource/Mobile_phone, http://dbpedia.org/resource/Game_Boy, http://dbpedia.org/resource/Nintendo_Entertainment_System, http://dbpedia.org/resource/PlayChoice-10, http://dbpedia.org/resource/Wii_U]"
"221","2","[http://dbpedia.org/resource/Microsoft_Windows, http://dbpedia.org/resource/OS_X, http://dbpedia.org/resource/PlayStation_3, http://dbpedia.org/resource/Linux, http://dbpedia.org/resource/Xbox_(console), http://dbpedia.org/resource/Xbox_360]"
"100","2","[http://dbpedia.org/resource/Game_Boy_Advance, http://dbpedia.org/resource/Super_Nintendo_Entertainment_System, http://dbpedia.org/resource/Virtual_Console]"
"342","2","[http://dbpedia.org/resource/Game_Boy_Advance, http://dbpedia.org/resource/Microsoft_Windows, http://dbpedia.org/resource/Xbox, http://dbpedia.org/resource/GameCube, http://dbpedia.org/resource/PlayStation_2]"
"343","2","[http://dbpedia.org/resource/MS-DOS, http://dbpedia.org/resource/Official_versions_of_Doom]"
"101","2","[http://dbpedia.org/resource/PlayStation_(console), http://dbpedia.org/resource/PlayStation_Network]"
"222","2","[http://dbpedia.org/resource/Nintendo_64, http://dbpedia.org/resource/Xbox_360]"
"344","2","[http://dbpedia.org/resource/Game_Boy_Advance, http://dbpedia.org/resource/Microsoft_Windows, http://dbpedia.org/resource/PlayStation_(console), http://dbpedia.org/resource/N-Gage_(device), http://dbpedia.org/resource/GameCube, http://dbpedia.org/resource/Xbox_(console), http://dbpedia.org/resource/PlayStation_Portable, http://dbpedia.org/resource/Gizmondo, http://dbpedia.org/resource/Mobile_game, http://dbpedia.org/resource/PlayStation_2]"
"102","2","[http://dbpedia.org/resource/PlayStation_(console), http://dbpedia.org/resource/PlayStation_Network]"
"103","2","[http://dbpedia.org/resource/Dreamcast, http://dbpedia.org/resource/Microsoft_Windows, http://dbpedia.org/resource/PlayStation_(console), http://dbpedia.org/resource/Mac_OS]"
"224","2","[http://dbpedia.org/resource/Microsoft_Windows, http://dbpedia.org/resource/OS_X, http://dbpedia.org/resource/PlayStation_3, http://dbpedia.org/resource/IOS, http://dbpedia.org/resource/Xbox_(console), http://dbpedia.org/resource/Android_(operating_system), http://dbpedia.org/resource/PlayStation_2]"
"345","2","[http://dbpedia.org/resource/PlayStation_3, http://dbpedia.org/resource/PlayStation_Portable, http://dbpedia.org/resource/PlayStation_2]"
"346","2","http://dbpedia.org/resource/PlayStation_3"
"225","2","http://dbpedia.org/resource/Nintendo_DS"
"104","2","[http://dbpedia.org/resource/PlayStation_3, http://dbpedia.org/resource/GameCube, http://dbpedia.org/resource/PlayStation_Portable, http://dbpedia.org/resource/Xbox_360, http://dbpedia.org/resource/PlayStation_2]"
"226","2","[http://dbpedia.org/resource/Game_Boy_Color, http://dbpedia.org/resource/Game_Boy]"
"347","2","[http://dbpedia.org/resource/Microsoft_Windows, http://dbpedia.org/resource/OS_X]"
"105","2","http://dbpedia.org/resource/PlayStation_2"
"106","2","[http://dbpedia.org/resource/Microsoft_Windows, http://dbpedia.org/resource/Xbox_(console), http://dbpedia.org/resource/PlayStation_2]"
"227","2","[http://dbpedia.org/resource/Virtual_Console, http://dbpedia.org/resource/Game_Boy]"
"107","2","http://dbpedia.org/resource/PlayStation_(console)"
"349","2","[http://dbpedia.org/resource/Xbox_(console), http://dbpedia.org/resource/Xbox_360, http://dbpedia.org/resource/PlayStation_2]"
"108","2","[http://dbpedia.org/resource/PlayStation_(console), http://dbpedia.org/resource/Arcade_game, http://dbpedia.org/resource/PlayStation_2]"
"229","2","http://dbpedia.org/resource/Game_Boy"
