"79","2","[http://dbpedia.org/resource/Maine, http://dbpedia.org/resource/Northwest_Somerset,_Maine, http://dbpedia.org/resource/Franklin_County,_Maine, http://dbpedia.org/resource/Somerset_County,_Maine, http://dbpedia.org/resource/Eustis,_Maine]"
"14","2","http://dbpedia.org/resource/Carver,_Massachusetts"
"173","2","[http://dbpedia.org/resource/Orleans_County,_Vermont, http://dbpedia.org/resource/Glover,_Vermont]"
"120","2","http://dbpedia.org/resource/McMurdo_Dry_Valleys"
"222","2","http://dbpedia.org/resource/Naples,_Maine"
"223","2","http://dbpedia.org/resource/Hardy_County,_West_Virginia"
"237","2","http://dbpedia.org/resource/Plymouth,_Massachusetts"
"206","2","http://dbpedia.org/resource/Wareham,_Massachusetts"
