"22","2","http://dbpedia.org/resource/Financial_services"
"23","2","http://dbpedia.org/resource/Financial_services"
"24","2","http://dbpedia.org/resource/Electric_utility"
"25","2","http://dbpedia.org/resource/Petroleum_industry"
"26","2","[http://dbpedia.org/resource/Financial_services, http://dbpedia.org/resource/Bank]"
"27","2","http://dbpedia.org/resource/Petroleum_industry"
"28","2","[http://dbpedia.org/resource/Financial_services, http://dbpedia.org/resource/Bank]"
"29","2","http://dbpedia.org/resource/Wireless"
"30","2","http://dbpedia.org/resource/Conglomerate_(company)"
"10","2","http://dbpedia.org/resource/List_of_oil_exploration_and_production_companies"
"11","2","http://dbpedia.org/resource/Automotive_industry"
"12","2","http://dbpedia.org/resource/Conglomerate_(company)"
"13","2","http://dbpedia.org/resource/Automotive_industry"
"14","2","http://dbpedia.org/resource/Financial_services"
"15","2","http://dbpedia.org/resource/Financial_services"
"16","2","http://dbpedia.org/resource/Petroleum_industry"
"17","2","http://dbpedia.org/resource/Financial_services"
"18","2","http://dbpedia.org/resource/Automotive_industry"
"19","2","http://dbpedia.org/resource/Financial_services"
"1","2","http://dbpedia.org/resource/Retail"
"2","2","http://dbpedia.org/resource/List_of_oil_exploration_and_production_companies"
"3","2","http://dbpedia.org/resource/List_of_oil_exploration_and_production_companies"
"4","2","http://dbpedia.org/resource/Petroleum_industry"
"5","2","http://dbpedia.org/resource/Automotive_industry"
"6","2","http://dbpedia.org/resource/Petroleum_industry"
"7","2","[http://dbpedia.org/resource/Financial_services, http://dbpedia.org/resource/Bank]"
"8","2","http://dbpedia.org/resource/Petroleum_industry"
"9","2","http://dbpedia.org/resource/Automotive_industry"
"20","2","[http://dbpedia.org/resource/Financial_services, http://dbpedia.org/resource/Bank]"
"21","2","http://dbpedia.org/resource/Financial_services"
