"23","2","http://dbpedia.org/resource/Pharmaceutical_industry"
"24","2","[http://dbpedia.org/resource/Software, http://dbpedia.org/resource/Computer_hardware]"
"25","2","http://dbpedia.org/resource/Pharmaceutical_industry"
"26","2","http://dbpedia.org/resource/Fast-moving_consumer_goods"
"27","2","http://dbpedia.org/resource/Conglomerate_(company)"
"28","2","http://dbpedia.org/resource/Telecommunication"
"29","2","http://dbpedia.org/resource/Retail"
"30","2","http://dbpedia.org/resource/Mass_media"
"10","2","http://dbpedia.org/resource/Drink"
"11","2","http://dbpedia.org/resource/Chemical_industry"
"12","2","http://dbpedia.org/resource/List_of_oil_exploration_and_production_companies"
"13","2","http://dbpedia.org/resource/Conglomerate_(company)"
"14","2","http://dbpedia.org/resource/Automotive_industry"
"15","2","[http://dbpedia.org/resource/Software, http://dbpedia.org/resource/Information_technology_consulting, http://dbpedia.org/resource/IT_service_management, http://dbpedia.org/resource/Computer_hardware]"
"16","2","http://dbpedia.org/resource/Retail"
"17","2","http://dbpedia.org/resource/Semiconductor"
"18","2","[http://dbpedia.org/resource/Software, http://dbpedia.org/resource/Information_technology_consulting, http://dbpedia.org/resource/IT_service_management, http://dbpedia.org/resource/Computer_hardware]"
"19","2","[http://dbpedia.org/resource/Medical_equipment, http://dbpedia.org/resource/Pharmaceutical_industry]"
"1","2","http://dbpedia.org/resource/Conglomerate_(company)"
"2","2","http://dbpedia.org/resource/Non-ferrous_metal"
"3","2","http://dbpedia.org/resource/Financial_services"
"4","2","http://dbpedia.org/resource/Wireless"
"5","2","[http://dbpedia.org/resource/Financial_services, http://dbpedia.org/resource/Bank]"
"7","2","[http://dbpedia.org/resource/Financial_services, http://dbpedia.org/resource/Heavy_equipment]"
"8","2","http://dbpedia.org/resource/Petroleum_industry"
"9","2","http://dbpedia.org/resource/Financial_services"
"20","2","[http://dbpedia.org/resource/Financial_services, http://dbpedia.org/resource/Bank]"
"21","2","http://dbpedia.org/resource/Food_processing"
