"88","2","[http://dbpedia.org/resource/Long_Island, http://dbpedia.org/resource/New_York_metropolitan_area]"
"89","2","http://dbpedia.org/resource/New_York_City"
"110","2","http://dbpedia.org/resource/Upstate_South_Carolina"
"111","2","http://dbpedia.org/resource/Myrtle_Beach,_South_Carolina"
"112","2","http://dbpedia.org/resource/Knoxville,_Tennessee"
"113","2","http://dbpedia.org/resource/Memphis,_Tennessee"
"114","2","http://dbpedia.org/resource/Nashville,_Tennessee"
"115","2","http://dbpedia.org/resource/Amarillo,_Texas"
"116","2","http://dbpedia.org/resource/Greater_Austin"
"117","2","http://dbpedia.org/resource/Corpus_Christi,_Texas"
"90","2","http://dbpedia.org/resource/New_York_City"
"91","2","http://dbpedia.org/resource/Rochester,_New_York"
"92","2","http://dbpedia.org/resource/Syracuse,_New_York"
"93","2","[http://dbpedia.org/resource/Westchester_County,_New_York, http://dbpedia.org/resource/Fairfield_County,_Connecticut]"
"95","2","http://dbpedia.org/resource/Cleveland"
"98","2","[http://dbpedia.org/resource/Akron,_Ohio, http://dbpedia.org/resource/Canton,_Ohio, http://dbpedia.org/resource/Massillon,_Ohio]"
"10","2","http://dbpedia.org/resource/Tucson,_Arizona"
"99","2","[http://dbpedia.org/resource/Oklahoma, http://dbpedia.org/resource/Oklahoma_City]"
"12","2","http://dbpedia.org/resource/Fresno,_California"
"14","2","http://dbpedia.org/resource/Greater_Los_Angeles_Area"
"15","2","http://dbpedia.org/resource/East_Bay_(San_Francisco_Bay_Area)"
"16","2","[http://dbpedia.org/resource/Ontario,_California, http://dbpedia.org/resource/Inland_Empire]"
"17","2","http://dbpedia.org/resource/Orange_County,_California"
"18","2","[http://dbpedia.org/resource/Coachella_Valley, http://dbpedia.org/resource/Inland_Empire]"
"19","2","[http://dbpedia.org/resource/California, http://dbpedia.org/resource/Sacramento,_California]"
"120","2","[http://dbpedia.org/resource/Texas, http://dbpedia.org/resource/El_Paso,_Texas, http://dbpedia.org/resource/Las_Cruces,_New_Mexico]"
"121","2","http://dbpedia.org/resource/Harlingen,_Texas"
"1","2","http://dbpedia.org/resource/Anchorage,_Alaska"
"2","2","http://dbpedia.org/resource/Fairbanks,_Alaska"
"3","2","http://dbpedia.org/resource/Juneau,_Alaska"
"124","2","http://dbpedia.org/resource/Lubbock,_Texas"
"5","2","http://dbpedia.org/resource/Huntsville,_Alabama"
"6","2","[http://dbpedia.org/resource/Springdale,_Arkansas, http://dbpedia.org/resource/Fayetteville,_Arkansas]"
"8","2","http://dbpedia.org/resource/Grand_Canyon"
"129","2","http://dbpedia.org/resource/Norfolk,_Virginia"
"9","2","http://dbpedia.org/resource/Phoenix_metropolitan_area"
"20","2","http://dbpedia.org/resource/San_Diego_County,_California"
"21","2","http://dbpedia.org/resource/San_Francisco"
"22","2","http://dbpedia.org/resource/San_Jose,_California"
"23","2","http://dbpedia.org/resource/Santa_Barbara,_California"
"24","2","http://dbpedia.org/resource/Colorado_Springs,_Colorado"
"25","2","[http://dbpedia.org/resource/Denver, http://dbpedia.org/resource/Northern_Colorado, http://dbpedia.org/resource/Front_Range_Urban_Corridor]"
"27","2","[http://dbpedia.org/resource/Hartford,_Connecticut, http://dbpedia.org/resource/Springfield,_Massachusetts]"
"28","2","http://dbpedia.org/resource/Washington_metropolitan_area"
"29","2","http://dbpedia.org/resource/Washington_metropolitan_area"
"130","2","[http://dbpedia.org/resource/Richmond,_Virginia, http://dbpedia.org/resource/Virginia]"
"132","2","http://dbpedia.org/resource/Burlington,_Vermont"
"133","2","[http://dbpedia.org/resource/Tacoma,_Washington, http://dbpedia.org/resource/Seattle, http://dbpedia.org/resource/Washington_(state), http://dbpedia.org/resource/United_States]"
"135","2","http://dbpedia.org/resource/Green_Bay,_Wisconsin"
"136","2","http://dbpedia.org/resource/Madison,_Wisconsin"
"137","2","[http://dbpedia.org/resource/Illinois, http://dbpedia.org/resource/Milwaukee, http://dbpedia.org/resource/Wisconsin]"
"30","2","http://dbpedia.org/resource/Miami_metropolitan_area"
"31","2","[http://dbpedia.org/resource/Florida, http://dbpedia.org/resource/Fort_Myers,_Florida]"
"32","2","http://dbpedia.org/resource/Jacksonville_metropolitan_area"
"33","2","http://dbpedia.org/resource/Miami_metropolitan_area"
"34","2","[http://dbpedia.org/resource/Orlando,_Florida, http://dbpedia.org/resource/Florida, http://dbpedia.org/resource/United_States]"
"35","2","http://dbpedia.org/resource/Pensacola,_Florida"
"36","2","[http://dbpedia.org/resource/St._Petersburg,_Florida, http://dbpedia.org/resource/Clearwater,_Florida]"
"37","2","[http://dbpedia.org/resource/Orlando,_Florida, http://dbpedia.org/resource/Florida]"
"38","2","[http://dbpedia.org/resource/Florida, http://dbpedia.org/resource/Bradenton,_Florida, http://dbpedia.org/resource/Sarasota,_Florida]"
"39","2","http://dbpedia.org/resource/Tallahassee,_Florida"
"40","2","http://dbpedia.org/resource/Tampa,_Florida"
"41","2","[http://dbpedia.org/resource/Destin,_Florida, http://dbpedia.org/resource/Fort_Walton_Beach,_Florida]"
"42","2","http://dbpedia.org/resource/West_Palm_Beach,_Florida"
"43","2","[http://dbpedia.org/resource/Atlanta, http://dbpedia.org/resource/Georgia_(U.S._state)]"
"45","2","http://dbpedia.org/resource/Guam"
"47","2","[http://dbpedia.org/resource/Honolulu, http://dbpedia.org/resource/Oahu]"
"48","2","http://dbpedia.org/resource/Kahului,_Hawaii"
"49","2","http://dbpedia.org/resource/Kailua,_Hawaii_County,_Hawaii"
"50","2","[http://dbpedia.org/resource/Hawaii, http://dbpedia.org/resource/Lihue,_Hawaii]"
"51","2","[http://dbpedia.org/resource/Cedar_Rapids,_Iowa, http://dbpedia.org/resource/Iowa_City,_Iowa]"
"52","2","http://dbpedia.org/resource/Des_Moines,_Iowa"
"53","2","[http://dbpedia.org/resource/Idaho, http://dbpedia.org/resource/Boise,_Idaho]"
"54","2","[http://dbpedia.org/resource/Chicago, http://dbpedia.org/resource/Illinois, http://dbpedia.org/resource/United_States]"
"55","2","[http://dbpedia.org/resource/Chicago, http://dbpedia.org/resource/Illinois, http://dbpedia.org/resource/United_States]"
"57","2","http://dbpedia.org/resource/Indianapolis"
"58","2","http://dbpedia.org/resource/South_Bend,_Indiana"
"60","2","[http://dbpedia.org/resource/Kentucky, http://dbpedia.org/resource/Lexington,_Kentucky]"
"61","2","http://dbpedia.org/resource/Louisville,_Kentucky"
"62","2","http://dbpedia.org/resource/Baton_Rouge,_Louisiana"
"63","2","[http://dbpedia.org/resource/Louisiana, http://dbpedia.org/resource/New_Orleans]"
"64","2","http://dbpedia.org/resource/Boston"
"65","2","http://dbpedia.org/resource/Baltimore%E2%80%93Washington_metropolitan_area"
"66","2","http://dbpedia.org/resource/Portland,_Maine"
"67","2","http://dbpedia.org/resource/Detroit"
"68","2","http://dbpedia.org/resource/Flint,_Michigan"
"69","2","http://dbpedia.org/resource/Grand_Rapids,_Michigan"
"71","2","[http://dbpedia.org/resource/Kansas, http://dbpedia.org/resource/Kansas_City,_Missouri, http://dbpedia.org/resource/Missouri, http://dbpedia.org/resource/Kansas_City,_Kansas, http://dbpedia.org/resource/United_States]"
"72","2","[http://dbpedia.org/resource/Missouri, http://dbpedia.org/resource/Greater_St._Louis]"
"73","2","http://dbpedia.org/resource/Gulfport%E2%80%93Biloxi_metropolitan_area"
"74","2","http://dbpedia.org/resource/Jackson,_Mississippi"
"75","2","http://dbpedia.org/resource/Billings,_Montana"
"76","2","http://dbpedia.org/resource/Charlotte_metropolitan_area"
"77","2","[http://dbpedia.org/resource/North_Carolina, http://dbpedia.org/resource/High_Point,_North_Carolina, http://dbpedia.org/resource/Greensboro,_North_Carolina]"
"78","2","http://dbpedia.org/resource/Research_Triangle"
"101","2","http://dbpedia.org/resource/Portland_metropolitan_area"
"102","2","http://dbpedia.org/resource/Lehigh_Valley"
"103","2","http://dbpedia.org/resource/Harrisburg,_Pennsylvania"
"104","2","http://dbpedia.org/resource/Delaware_Valley"
"105","2","http://dbpedia.org/resource/Pittsburgh"
"106","2","http://dbpedia.org/resource/San_Juan,_Puerto_Rico"
"80","2","[http://dbpedia.org/resource/Manchester, http://dbpedia.org/resource/United_Kingdom]"
"107","2","http://dbpedia.org/resource/Providence,_Rhode_Island"
"81","2","http://dbpedia.org/resource/Atlantic_City,_New_Jersey"
"109","2","http://dbpedia.org/resource/Columbia,_South_Carolina"
"82","2","http://dbpedia.org/resource/New_York_metropolitan_area"
"83","2","http://dbpedia.org/resource/Albuquerque,_New_Mexico"
"84","2","http://dbpedia.org/resource/Las_Vegas"
"85","2","http://dbpedia.org/resource/Reno,_Nevada"
"86","2","http://dbpedia.org/resource/Albany,_New_York"
"87","2","http://dbpedia.org/resource/Erie_County,_New_York"
