"25","4","http://dbpedia.org/resource/Aelia_Eudocia"
"27","4","[http://dbpedia.org/resource/Maria,_wife_of_Constantine_V, http://dbpedia.org/resource/Tzitzak, http://dbpedia.org/resource/Eudokia,_wife_of_Constantine_V]"
"29","4","[http://dbpedia.org/resource/Maria_of_Amnia, http://dbpedia.org/resource/Theodote]"
"36","4","http://dbpedia.org/resource/Eudokia_Dekapolitissa"
"2","4","http://dbpedia.org/resource/Aelia_Eudocia"
"3","4","http://dbpedia.org/resource/Pulcheria"
"4","4","http://dbpedia.org/resource/Verina"
