"110","2","[http://dbpedia.org/resource/Germany, http://dbpedia.org/resource/Dresden]"
"232","2","http://dbpedia.org/resource/Braunschweig"
"112","2","[http://dbpedia.org/resource/Ville-Marie,_Montreal, http://dbpedia.org/resource/Canada, http://dbpedia.org/resource/Golden_Square_Mile, http://dbpedia.org/resource/Montreal, http://dbpedia.org/resource/Quebec]"
"234","2","[http://dbpedia.org/resource/Pennsylvania, http://dbpedia.org/resource/Allentown,_Pennsylvania]"
"356","2","[http://dbpedia.org/resource/Maastricht, http://dbpedia.org/resource/Netherlands]"
"115","2","http://dbpedia.org/resource/Jerusalem"
"118","2","[http://dbpedia.org/resource/Vienna, http://dbpedia.org/resource/Austria]"
"11","2","http://dbpedia.org/resource/Greenwich"
"12","2","[http://dbpedia.org/resource/Huntington_Avenue, http://dbpedia.org/resource/Boston, http://dbpedia.org/resource/Massachusetts]"
"13","2","http://dbpedia.org/resource/Trafalgar_Square"
"14","2","[http://dbpedia.org/resource/Amsterdam, http://dbpedia.org/resource/Netherlands]"
"15","2","[http://dbpedia.org/resource/Spain, http://dbpedia.org/resource/Madrid, http://dbpedia.org/resource/Paseo_del_Prado]"
"16","2","[http://dbpedia.org/resource/London, http://dbpedia.org/resource/United_Kingdom, http://dbpedia.org/resource/Piccadilly]"
"17","2","[http://dbpedia.org/resource/England, http://dbpedia.org/resource/Millbank]"
"18","2","[http://dbpedia.org/resource/Wellington, http://dbpedia.org/resource/New_Zealand]"
"19","2","[http://dbpedia.org/resource/Philadelphia, http://dbpedia.org/resource/Benjamin_Franklin_Parkway]"
"360","2","[http://dbpedia.org/resource/Bulgaria, http://dbpedia.org/resource/Sofia]"
"120","2","[http://dbpedia.org/resource/United_States, http://dbpedia.org/resource/Baltimore]"
"362","2","[http://dbpedia.org/resource/Deurne,_Belgium, http://dbpedia.org/resource/Sterckshof]"
"121","2","[http://dbpedia.org/resource/Malta, http://dbpedia.org/resource/Valletta]"
"1","2","[http://dbpedia.org/resource/New_York_City, http://dbpedia.org/resource/53rd_Street_(Manhattan), http://dbpedia.org/resource/New_York]"
"123","2","[http://dbpedia.org/resource/Brazil, http://dbpedia.org/resource/S%C3%A3o_Paulo, http://dbpedia.org/resource/Paulista_Avenue]"
"2","2","[http://dbpedia.org/resource/New_York_City, http://dbpedia.org/resource/Fifth_Avenue, http://dbpedia.org/resource/New_York]"
"245","2","http://dbpedia.org/resource/Zagreb"
"4","2","http://dbpedia.org/resource/National_Mall"
"5","2","[http://dbpedia.org/resource/South_Kensington, http://dbpedia.org/resource/Cromwell_Gardens]"
"126","2","[http://dbpedia.org/resource/Connecticut, http://dbpedia.org/resource/Hartford,_Connecticut, http://dbpedia.org/resource/Main_Street]"
"6","2","[http://dbpedia.org/resource/Los_Angeles, http://dbpedia.org/resource/Pacific_Palisades,_Los_Angeles]"
"127","2","[http://dbpedia.org/resource/Spain, http://dbpedia.org/resource/Colegio_de_San_Gregorio, http://dbpedia.org/resource/Castile_and_Le%C3%B3n, http://dbpedia.org/resource/Valladolid, http://dbpedia.org/resource/Province_of_Valladolid]"
"128","2","[http://dbpedia.org/resource/Bilbao, http://dbpedia.org/resource/Basque_Country_(autonomous_community)]"
"129","2","[http://dbpedia.org/resource/Amsterdam, http://dbpedia.org/resource/Netherlands, http://dbpedia.org/resource/Museumplein]"
"8","2","http://dbpedia.org/resource/Wilshire_Boulevard"
"9","2","[http://dbpedia.org/resource/Palace_Embankment, http://dbpedia.org/resource/Dvortsovy_Municipal_Okrug, http://dbpedia.org/resource/Tsentralny_District,_Saint_Petersburg, http://dbpedia.org/resource/Saint_Petersburg]"
"20","2","[http://dbpedia.org/resource/Minnesota, http://dbpedia.org/resource/Minneapolis]"
"22","2","[http://dbpedia.org/resource/England, http://dbpedia.org/resource/Oxford, http://dbpedia.org/resource/Beaumont_Street]"
"23","2","[http://dbpedia.org/resource/Detroit, http://dbpedia.org/resource/Michigan, http://dbpedia.org/resource/M-1_(Michigan_highway)]"
"24","2","[http://dbpedia.org/resource/Spain, http://dbpedia.org/resource/Madrid, http://dbpedia.org/resource/Paseo_del_Prado]"
"25","2","http://dbpedia.org/resource/Seattle"
"27","2","http://dbpedia.org/resource/Toronto"
"250","2","[http://dbpedia.org/resource/Mumbai, http://dbpedia.org/resource/Fort_(Mumbai_precinct)]"
"373","2","[http://dbpedia.org/resource/Belgium, http://dbpedia.org/resource/Kortrijk]"
"133","2","[http://dbpedia.org/resource/Netherlands, http://dbpedia.org/resource/Groningen]"
"135","2","[http://dbpedia.org/resource/Pennsylvania, http://dbpedia.org/resource/Philadelphia]"
"136","2","http://dbpedia.org/resource/Dulwich"
"33","2","[http://dbpedia.org/resource/Atlanta, http://dbpedia.org/resource/Peachtree_Street]"
"34","2","[http://dbpedia.org/resource/Manhattan, http://dbpedia.org/resource/Fifth_Avenue, http://dbpedia.org/resource/New_York]"
"35","2","http://dbpedia.org/resource/Pasadena,_California"
"36","2","[http://dbpedia.org/resource/Vienna, http://dbpedia.org/resource/Austria]"
"37","2","http://dbpedia.org/resource/New_York_City"
"38","2","http://dbpedia.org/resource/Boston"
"39","2","http://dbpedia.org/resource/Houston"
"262","2","[http://dbpedia.org/resource/Belarus, http://dbpedia.org/resource/Minsk]"
"143","2","[http://dbpedia.org/resource/Germany, http://dbpedia.org/resource/Bremen]"
"144","2","http://dbpedia.org/resource/Rotterdam"
"266","2","[http://dbpedia.org/resource/Brazil, http://dbpedia.org/resource/Recife]"
"146","2","[http://dbpedia.org/resource/Netherlands, http://dbpedia.org/resource/Leiden]"
"147","2","[http://dbpedia.org/resource/New_Hampshire, http://dbpedia.org/resource/Manchester,_New_Hampshire]"
"269","2","http://dbpedia.org/resource/Rio_de_Janeiro"
"149","2","http://dbpedia.org/resource/Birmingham,_Alabama"
"46","2","[http://dbpedia.org/resource/Copenhagen, http://dbpedia.org/resource/Denmark]"
"48","2","http://dbpedia.org/resource/Milwaukee"
"49","2","[http://dbpedia.org/resource/Maryland, http://dbpedia.org/resource/Mount_Vernon,_Baltimore]"
"270","2","http://dbpedia.org/resource/York"
"150","2","[http://dbpedia.org/resource/Romania, http://dbpedia.org/resource/Bucharest]"
"272","2","[http://dbpedia.org/resource/Poland, http://dbpedia.org/resource/Szczecin]"
"154","2","[http://dbpedia.org/resource/Amsterdam, http://dbpedia.org/resource/Netherlands]"
"155","2","[http://dbpedia.org/resource/Maastricht, http://dbpedia.org/resource/Netherlands]"
"156","2","http://dbpedia.org/resource/Cincinnati"
"279","2","[http://dbpedia.org/resource/Pretoria, http://dbpedia.org/resource/South_Africa]"
"159","2","[http://dbpedia.org/resource/Germany, http://dbpedia.org/resource/D%C3%BCsseldorf]"
"50","2","http://dbpedia.org/resource/Pittsburgh"
"51","2","[http://dbpedia.org/resource/Worcester,_Massachusetts, http://dbpedia.org/resource/Massachusetts]"
"53","2","[http://dbpedia.org/resource/Cleveland, http://dbpedia.org/resource/Ohio]"
"54","2","[http://dbpedia.org/resource/Germany, http://dbpedia.org/resource/Hamburg]"
"56","2","http://dbpedia.org/resource/Portland,_Oregon"
"282","2","[http://dbpedia.org/resource/Krak%C3%B3w, http://dbpedia.org/resource/Poland]"
"161","2","[http://dbpedia.org/resource/Vienna, http://dbpedia.org/resource/Austria]"
"163","2","http://dbpedia.org/resource/West_Palm_Beach,_Florida"
"167","2","http://dbpedia.org/resource/Providence_Station"
"60","2","[http://dbpedia.org/resource/Netherlands, http://dbpedia.org/resource/Rotterdam]"
"61","2","[http://dbpedia.org/resource/Phoenix,_Arizona, http://dbpedia.org/resource/Arizona]"
"63","2","[http://dbpedia.org/resource/Ontario, http://dbpedia.org/resource/Ottawa, http://dbpedia.org/resource/Sussex_Drive, http://dbpedia.org/resource/Canada]"
"65","2","http://dbpedia.org/resource/Raleigh,_North_Carolina"
"66","2","http://dbpedia.org/resource/Sarasota,_Florida"
"68","2","[http://dbpedia.org/resource/Texas_State_Highway_Spur_366, http://dbpedia.org/resource/Dallas, http://dbpedia.org/resource/United_States]"
"69","2","[http://dbpedia.org/resource/Germany, http://dbpedia.org/resource/Nuremberg]"
"293","2","[http://dbpedia.org/resource/Switzerland, http://dbpedia.org/resource/Vevey]"
"296","2","[http://dbpedia.org/resource/Amsterdam, http://dbpedia.org/resource/Netherlands, http://dbpedia.org/resource/Canals_of_Amsterdam]"
"178","2","[http://dbpedia.org/resource/Netherlands, http://dbpedia.org/resource/Dordrecht]"
"71","2","[http://dbpedia.org/resource/P%C3%BCrgg-Trautenfels, http://dbpedia.org/resource/Stainz, http://dbpedia.org/resource/Wagna, http://dbpedia.org/resource/Graz, http://dbpedia.org/resource/Styria]"
"73","2","[http://dbpedia.org/resource/Belgium, http://dbpedia.org/resource/Brussels]"
"74","2","[http://dbpedia.org/resource/London, http://dbpedia.org/resource/Great_Russell_Street]"
"76","2","[http://dbpedia.org/resource/Amsterdam, http://dbpedia.org/resource/Netherlands, http://dbpedia.org/resource/Museumplein]"
"180","2","[http://dbpedia.org/resource/Edgbaston, http://dbpedia.org/resource/Birmingham]"
"181","2","[http://dbpedia.org/resource/Netherlands, http://dbpedia.org/resource/Haarlem]"
"182","2","[http://dbpedia.org/resource/Toulouse, http://dbpedia.org/resource/France]"
"186","2","[http://dbpedia.org/resource/Mexico_City, http://dbpedia.org/resource/Mexico]"
"187","2","[http://dbpedia.org/resource/Miami_Beach,_Florida, http://dbpedia.org/resource/United_States]"
"189","2","[http://dbpedia.org/resource/Krak%C3%B3w, http://dbpedia.org/resource/Poland]"
"83","2","[http://dbpedia.org/resource/Netherlands, http://dbpedia.org/resource/Otterlo]"
"86","2","[http://dbpedia.org/resource/Ohio, http://dbpedia.org/resource/Toledo,_Ohio]"
"88","2","[http://dbpedia.org/resource/Netherlands, http://dbpedia.org/resource/The_Hague]"
"89","2","[http://dbpedia.org/resource/Germany, http://dbpedia.org/resource/Leipzig]"
"190","2","[http://dbpedia.org/resource/Netherlands, http://dbpedia.org/resource/Amstelveen]"
"193","2","[http://dbpedia.org/resource/Belgium, http://dbpedia.org/resource/Brussels, http://dbpedia.org/resource/Cinquantenaire]"
"195","2","[http://dbpedia.org/resource/Buenos_Aires, http://dbpedia.org/resource/Argentina]"
"196","2","[http://dbpedia.org/resource/Netherlands, http://dbpedia.org/resource/The_Hague]"
"198","2","[http://dbpedia.org/resource/Michigan, http://dbpedia.org/resource/Holland,_Michigan]"
"199","2","[http://dbpedia.org/resource/Poland, http://dbpedia.org/resource/Pozna%C5%84]"
"90","2","[http://dbpedia.org/resource/Switzerland, http://dbpedia.org/resource/Z%C3%BCrich]"
"92","2","[http://dbpedia.org/resource/Buenos_Aires, http://dbpedia.org/resource/Avenida_del_Libertador]"
"94","2","http://dbpedia.org/resource/Eindhoven"
"96","2","http://dbpedia.org/resource/Prague"
"97","2","[http://dbpedia.org/resource/Amsterdam, http://dbpedia.org/resource/Netherlands, http://dbpedia.org/resource/Kalverstraat]"
"98","2","[http://dbpedia.org/resource/Louisiana, http://dbpedia.org/resource/New_Orleans, http://dbpedia.org/resource/City_Park_(New_Orleans), http://dbpedia.org/resource/United_States]"
"301","2","http://dbpedia.org/resource/France"
"306","2","[http://dbpedia.org/resource/Dijon, http://dbpedia.org/resource/France, http://dbpedia.org/resource/Palace_of_the_Dukes_of_Burgundy]"
"309","2","[http://dbpedia.org/resource/Switzerland, http://dbpedia.org/resource/Z%C3%BCrich]"
"318","2","[http://dbpedia.org/resource/Switzerland, http://dbpedia.org/resource/Winterthur]"
"323","2","http://dbpedia.org/resource/Ponce,_Puerto_Rico"
"207","2","[http://dbpedia.org/resource/Netherlands, http://dbpedia.org/resource/Drenthe, http://dbpedia.org/resource/Assen]"
"208","2","http://dbpedia.org/resource/France"
"211","2","[http://dbpedia.org/resource/Oklahoma, http://dbpedia.org/resource/Tulsa,_Oklahoma]"
"212","2","[http://dbpedia.org/resource/Netherlands, http://dbpedia.org/resource/The_Hague]"
"335","2","[http://dbpedia.org/resource/Amsterdam, http://dbpedia.org/resource/Netherlands]"
"214","2","[http://dbpedia.org/resource/Rennes, http://dbpedia.org/resource/France]"
"216","2","[http://dbpedia.org/resource/Netherlands, http://dbpedia.org/resource/Haarlem]"
"217","2","http://dbpedia.org/resource/Jacksonville,_Florida"
"221","2","[http://dbpedia.org/resource/Amsterdam, http://dbpedia.org/resource/Netherlands, http://dbpedia.org/resource/Jodenbreestraat]"
"100","2","http://dbpedia.org/resource/Chapel_Hill,_North_Carolina"
"101","2","http://dbpedia.org/resource/Norfolk,_Virginia"
"103","2","[http://dbpedia.org/resource/Havana, http://dbpedia.org/resource/Old_Havana]"
"104","2","[http://dbpedia.org/resource/France, http://dbpedia.org/resource/Place_des_Terreaux, http://dbpedia.org/resource/Lyon]"
"106","2","[http://dbpedia.org/resource/Poland, http://dbpedia.org/resource/Aleje_Jerozolimskie, http://dbpedia.org/resource/Warsaw]"
"227","2","[http://dbpedia.org/resource/The_Battlefields_Park, http://dbpedia.org/resource/Quebec_City, http://dbpedia.org/resource/Canada, http://dbpedia.org/resource/Plains_of_Abraham, http://dbpedia.org/resource/Quebec]"
"107","2","[http://dbpedia.org/resource/Italy, http://dbpedia.org/resource/Rome, http://dbpedia.org/resource/Villa_Borghese]"
"228","2","[http://dbpedia.org/resource/Croatia, http://dbpedia.org/resource/Zagreb]"
"349","2","[http://dbpedia.org/resource/Davenport,_Iowa, http://dbpedia.org/resource/United_States, http://dbpedia.org/resource/Iowa]"
"108","2","[http://dbpedia.org/resource/Liechtenstein, http://dbpedia.org/resource/Vaduz]"
"109","2","[http://dbpedia.org/resource/Basel, http://dbpedia.org/resource/Switzerland]"
