"88","5","http://dbpedia.org/resource/American_Physical_Society"
"44","5","http://dbpedia.org/resource/John_Wiley_&_Sons"
"89","5","http://dbpedia.org/resource/American_Physical_Society"
"45","5","http://dbpedia.org/resource/Elsevier"
"47","5","http://dbpedia.org/resource/The_Company_of_Biologists"
"48","5","http://dbpedia.org/resource/American_Geophysical_Union"
"49","5","http://dbpedia.org/resource/Journal_of_Immunology"
"90","5","http://dbpedia.org/resource/IOP_Publishing"
"91","5","http://dbpedia.org/resource/American_Institute_of_Physics"
"92","5","http://dbpedia.org/resource/National_Academy_of_Sciences"
"93","5","http://dbpedia.org/resource/American_Association_for_the_Advancement_of_Science"
"94","5","http://dbpedia.org/resource/Oxford_University_Press"
"51","5","http://dbpedia.org/resource/Elsevier"
"95","5","http://dbpedia.org/resource/Lippincott_Williams_&_Wilkins"
"52","5","http://dbpedia.org/resource/American_Physiological_Society"
"96","5","http://dbpedia.org/resource/Elsevier"
"53","5","http://dbpedia.org/resource/Society_for_Neuroscience"
"97","5","http://dbpedia.org/resource/Elsevier"
"98","5","http://dbpedia.org/resource/Elsevier"
"10","5","http://dbpedia.org/resource/Academic_Press"
"54","5","http://dbpedia.org/resource/Springer_Science+Business_Media"
"55","5","http://dbpedia.org/resource/American_Chemical_Society"
"11","5","http://dbpedia.org/resource/American_Chemical_Society"
"12","5","http://dbpedia.org/resource/Elsevier"
"56","5","http://dbpedia.org/resource/American_Society_for_Pharmacology_and_Experimental_Therapeutics"
"13","5","http://dbpedia.org/resource/Cell_Press"
"57","5","http://dbpedia.org/resource/American_Chemical_Society"
"14","5","http://dbpedia.org/resource/Elsevier"
"58","5","http://dbpedia.org/resource/American_Chemical_Society"
"59","5","http://dbpedia.org/resource/Acoustical_Society_of_America"
"15","5","http://dbpedia.org/resource/Wiley-Blackwell"
"16","5","http://dbpedia.org/resource/American_Association_for_Cancer_Research"
"17","5","http://dbpedia.org/resource/American_Association_for_Cancer_Research"
"18","5","http://dbpedia.org/resource/American_College_of_Chest_Physicians"
"19","5","http://dbpedia.org/resource/Lippincott_Williams_&_Wilkins"
"1","5","http://dbpedia.org/resource/John_Wiley_&_Sons"
"2","5","http://dbpedia.org/resource/Nature_Publishing_Group"
"5","5","http://dbpedia.org/resource/American_Chemical_Society"
"6","5","http://dbpedia.org/resource/Mosby_(imprint)"
"7","5","http://dbpedia.org/resource/American_Institute_of_Physics"
"8","5","http://dbpedia.org/resource/IOP_Publishing"
"60","5","http://dbpedia.org/resource/Elsevier"
"62","5","http://dbpedia.org/resource/American_Chemical_Society"
"63","5","http://dbpedia.org/resource/Elsevier"
"64","5","http://dbpedia.org/resource/American_Society_for_Microbiology"
"21","5","http://dbpedia.org/resource/The_Company_of_Biologists"
"65","5","http://dbpedia.org/resource/Nature_Publishing_Group"
"22","5","http://dbpedia.org/resource/Elsevier"
"23","5","http://dbpedia.org/resource/American_Chemical_Society"
"24","5","http://dbpedia.org/resource/Wiley-Blackwell"
"69","5","http://dbpedia.org/resource/Elsevier"
"25","5","http://dbpedia.org/resource/Wiley-Blackwell"
"26","5","http://dbpedia.org/resource/Elsevier"
"27","5","http://dbpedia.org/resource/Federation_of_American_Societies_for_Experimental_Biology"
"28","5","http://dbpedia.org/resource/Genetics_Society_of_America"
"29","5","http://dbpedia.org/resource/American_Geophysical_Union"
"70","5","http://dbpedia.org/resource/Medknow_Publications"
"71","5","http://dbpedia.org/resource/American_Society_for_Microbiology"
"72","5","http://dbpedia.org/resource/Oxford_University_Press"
"73","5","http://dbpedia.org/resource/American_Chemical_Society"
"74","5","http://dbpedia.org/resource/Nature_Publishing_Group"
"75","5","http://dbpedia.org/resource/Elsevier"
"32","5","http://dbpedia.org/resource/Elsevier"
"77","5","http://dbpedia.org/resource/Elsevier"
"78","5","http://dbpedia.org/resource/Cell_Press"
"34","5","http://dbpedia.org/resource/Oxford_University_Press"
"79","5","http://dbpedia.org/resource/Elsevier"
"36","5","http://dbpedia.org/resource/Cadmus"
"37","5","http://dbpedia.org/resource/American_Medical_Association"
"38","5","http://dbpedia.org/resource/American_Physiological_Society"
"39","5","http://dbpedia.org/resource/American_Society_for_Microbiology"
"80","5","http://dbpedia.org/resource/Oxford_University_Press"
"81","5","http://dbpedia.org/resource/Nature_Publishing_Group"
"82","5","http://dbpedia.org/resource/Optical_Society"
"83","5","http://dbpedia.org/resource/American_Chemical_Society"
"40","5","http://dbpedia.org/resource/American_Society_for_Biochemistry_and_Molecular_Biology"
"84","5","http://dbpedia.org/resource/American_Chemical_Society"
"85","5","http://dbpedia.org/resource/Royal_Society_of_Chemistry"
"86","5","http://dbpedia.org/resource/American_Physical_Society"
"42","5","http://dbpedia.org/resource/American_Institute_of_Physics"
"43","5","http://dbpedia.org/resource/American_Society_of_Clinical_Oncology"
"87","5","http://dbpedia.org/resource/American_Physical_Society"
