"110","1","http://dbpedia.org/resource/Canton_of_Bern"
"110","2","http://dbpedia.org/resource/Switzerland"
"111","1","http://dbpedia.org/resource/Bavaria"
"112","1","http://dbpedia.org/resource/Schleswig-Holstein"
"112","2","http://dbpedia.org/resource/Germany"
"113","1","http://dbpedia.org/resource/Haliburton_County"
"114","1","[http://dbpedia.org/resource/Maine, http://dbpedia.org/resource/Northwest_Piscataquis,_Maine]"
"115","2","http://dbpedia.org/resource/Sweden"
"116","1","[http://dbpedia.org/resource/Carroll_County,_New_Hampshire, http://dbpedia.org/resource/York_County,_Maine]"
"116","2","http://dbpedia.org/resource/United_States"
"117","1","[http://dbpedia.org/resource/Vermont, http://dbpedia.org/resource/Canada, http://dbpedia.org/resource/Quebec, http://dbpedia.org/resource/United_States, http://dbpedia.org/resource/New_York]"
"117","2","[http://dbpedia.org/resource/Canada, http://dbpedia.org/resource/United_States]"
"118","1","[http://dbpedia.org/resource/Montana, http://dbpedia.org/resource/Flathead_County,_Montana, http://dbpedia.org/resource/Lake_County,_Montana]"
"118","2","http://dbpedia.org/resource/United_States"
"119","1","http://dbpedia.org/resource/Central_Switzerland"
"119","2","http://dbpedia.org/resource/Switzerland"
"10","1","http://dbpedia.org/resource/Kanagawa_Prefecture"
"10","2","http://dbpedia.org/resource/Japan"
"11","1","http://dbpedia.org/resource/Ticino"
"11","2","http://dbpedia.org/resource/Switzerland"
"12","1","[http://dbpedia.org/resource/Strafford_County,_New_Hampshire, http://dbpedia.org/resource/York_County,_Maine]"
"12","2","http://dbpedia.org/resource/United_States"
"13","1","http://dbpedia.org/resource/Naples,_Maine"
"13","2","http://dbpedia.org/resource/United_States"
"14","1","[http://dbpedia.org/resource/North_Island, http://dbpedia.org/resource/Waiotapu]"
"14","2","http://dbpedia.org/resource/New_Zealand"
"16","2","http://dbpedia.org/resource/Sweden"
"17","1","http://dbpedia.org/resource/Lincoln_County,_Oregon"
"17","2","http://dbpedia.org/resource/United_States"
"18","2","[http://dbpedia.org/resource/Northern_Ireland, http://dbpedia.org/resource/Republic_of_Ireland]"
"19","1","http://dbpedia.org/resource/Lake_District"
"19","2","http://dbpedia.org/resource/England"
"120","1","[http://dbpedia.org/resource/Manitoba, http://dbpedia.org/resource/Canada]"
"120","2","[http://dbpedia.org/resource/Canada, http://dbpedia.org/resource/United_States]"
"121","1","http://dbpedia.org/resource/Is%C3%A8re"
"121","2","http://dbpedia.org/resource/France"
"122","1","http://dbpedia.org/resource/Aargau"
"122","2","http://dbpedia.org/resource/Switzerland"
"1","1","http://dbpedia.org/resource/Aargau"
"1","2","http://dbpedia.org/resource/Switzerland"
"123","1","http://dbpedia.org/resource/Stockholm"
"123","2","http://dbpedia.org/resource/Sweden"
"2","1","http://dbpedia.org/resource/H%C3%A9v%C3%ADz"
"2","2","http://dbpedia.org/resource/Hungary"
"124","1","http://dbpedia.org/resource/Haute-Savoie"
"124","2","http://dbpedia.org/resource/France"
"3","1","[http://dbpedia.org/resource/Ferden, http://dbpedia.org/resource/Valais]"
"3","2","http://dbpedia.org/resource/Switzerland"
"4","1","http://dbpedia.org/resource/Canton_of_Bern"
"4","2","http://dbpedia.org/resource/Switzerland"
"126","2","http://dbpedia.org/resource/Chile"
"5","1","http://dbpedia.org/resource/Great_Lakes"
"127","1","http://dbpedia.org/resource/Canton_of_Lucerne"
"127","2","http://dbpedia.org/resource/Switzerland"
"6","1","http://dbpedia.org/resource/North_Island"
"7","1","[http://dbpedia.org/resource/Strafford_County,_New_Hampshire, http://dbpedia.org/resource/York_County,_Maine]"
"7","2","http://dbpedia.org/resource/United_States"
"128","1","http://dbpedia.org/resource/Lombardy"
"128","2","http://dbpedia.org/resource/Italy"
"8","1","[http://dbpedia.org/resource/Gibson_Generating_Station, http://dbpedia.org/resource/Montgomery_Township,_Gibson_County,_Indiana, http://dbpedia.org/resource/Indiana]"
"129","1","[http://dbpedia.org/resource/Germany, http://dbpedia.org/resource/Switzerland, http://dbpedia.org/resource/Austria]"
"129","2","[http://dbpedia.org/resource/Germany, http://dbpedia.org/resource/Switzerland, http://dbpedia.org/resource/Austria]"
"9","2","http://dbpedia.org/resource/Sweden"
"20","1","http://dbpedia.org/resource/Canton_of_Bern"
"20","2","http://dbpedia.org/resource/Switzerland"
"21","2","http://dbpedia.org/resource/Netherlands"
"22","2","http://dbpedia.org/resource/Sweden"
"23","1","http://dbpedia.org/resource/British_Columbia"
"23","2","http://dbpedia.org/resource/Canada"
"24","1","http://dbpedia.org/resource/Yorkshire_Dales"
"25","1","[http://dbpedia.org/resource/Haute-Savoie, http://dbpedia.org/resource/Passy,_Haute-Savoie]"
"25","2","http://dbpedia.org/resource/France"
"26","1","http://dbpedia.org/resource/Hancock_County,_Maine"
"27","1","[http://dbpedia.org/resource/Franche-Comt%C3%A9, http://dbpedia.org/resource/Jura_(department)]"
"27","2","http://dbpedia.org/resource/France"
"28","1","[http://dbpedia.org/resource/Djurg%C3%A5rden, http://dbpedia.org/resource/Royal_National_City_Park]"
"28","2","http://dbpedia.org/resource/Sweden"
"29","1","[http://dbpedia.org/resource/Cumbria, http://dbpedia.org/resource/Lake_District]"
"130","1","[http://dbpedia.org/resource/Michigan, http://dbpedia.org/resource/Cass_County,_Michigan, http://dbpedia.org/resource/St._Joseph_County,_Michigan]"
"130","2","http://dbpedia.org/resource/United_States"
"131","1","http://dbpedia.org/resource/Saanich,_British_Columbia"
"132","1","[http://dbpedia.org/resource/Italy, http://dbpedia.org/resource/Lombardy]"
"132","2","http://dbpedia.org/resource/Italy"
"133","1","[http://dbpedia.org/resource/Wisconsin, http://dbpedia.org/resource/Dane_County,_Wisconsin, http://dbpedia.org/resource/United_States]"
"134","2","[http://dbpedia.org/resource/Lebanon, http://dbpedia.org/resource/Syria, http://dbpedia.org/resource/Israel]"
"135","1","[http://dbpedia.org/resource/Bavaria, http://dbpedia.org/resource/Allg%C3%A4u]"
"135","2","http://dbpedia.org/resource/Germany"
"136","1","http://dbpedia.org/resource/Cumberland_County,_Maine"
"137","1","[http://dbpedia.org/resource/Ontario, http://dbpedia.org/resource/Haliburton_County]"
"138","1","http://dbpedia.org/resource/Crow_Wing_County,_Minnesota"
"30","1","[http://dbpedia.org/resource/Huddinge_Municipality, http://dbpedia.org/resource/Stockholm_County]"
"30","2","http://dbpedia.org/resource/Sweden"
"31","1","[http://dbpedia.org/resource/Ain, http://dbpedia.org/resource/Divonne-les-Bains]"
"32","1","[http://dbpedia.org/resource/Apulia, http://dbpedia.org/resource/Province_of_Foggia]"
"32","2","http://dbpedia.org/resource/Italy"
"33","1","http://dbpedia.org/resource/Canton_of_Z%C3%BCrich"
"33","2","http://dbpedia.org/resource/Switzerland"
"34","1","[http://dbpedia.org/resource/H%C3%BCtten,_Switzerland, http://dbpedia.org/resource/Canton_of_Z%C3%BCrich]"
"34","2","http://dbpedia.org/resource/Switzerland"
"35","1","http://dbpedia.org/resource/Canton_of_Schwyz"
"35","2","http://dbpedia.org/resource/Switzerland"
"36","1","[http://dbpedia.org/resource/Nova_Scotia, http://dbpedia.org/resource/Halifax,_Nova_Scotia]"
"38","1","[http://dbpedia.org/resource/Carroll_County,_New_Hampshire, http://dbpedia.org/resource/York_County,_Maine]"
"39","1","[http://dbpedia.org/resource/Stockholm, http://dbpedia.org/resource/Huddinge_Municipality, http://dbpedia.org/resource/Stockholm_County]"
"39","2","http://dbpedia.org/resource/Sweden"
"140","1","http://dbpedia.org/resource/Hancock_County,_Maine"
"141","1","http://dbpedia.org/resource/Piedmont"
"141","2","http://dbpedia.org/resource/Italy"
"142","1","http://dbpedia.org/resource/North_America"
"143","1","[http://dbpedia.org/resource/Alberta, http://dbpedia.org/resource/Lac_Ste._Anne_County, http://dbpedia.org/resource/Barrhead_County_No._11,_Alberta]"
"143","2","http://dbpedia.org/resource/Canada"
"144","1","http://dbpedia.org/resource/Province_of_Turin"
"145","1","http://dbpedia.org/resource/Canton_of_Zug"
"145","2","http://dbpedia.org/resource/Switzerland"
"146","1","[http://dbpedia.org/resource/Highland_(council_area), http://dbpedia.org/resource/Lochaber, http://dbpedia.org/resource/Morar]"
"146","2","http://dbpedia.org/resource/Scotland"
"147","1","[http://dbpedia.org/resource/Utah, http://dbpedia.org/resource/Arizona]"
"148","1","http://dbpedia.org/resource/Carinthia_(state)"
"148","2","http://dbpedia.org/resource/Austria"
"149","1","[http://dbpedia.org/resource/Alberta, http://dbpedia.org/resource/Bonnyville_No._87,_Alberta]"
"40","1","[http://dbpedia.org/resource/Nova_Scotia, http://dbpedia.org/resource/Halifax,_Nova_Scotia]"
"41","1","[http://dbpedia.org/resource/Cumbria, http://dbpedia.org/resource/Lake_District]"
"42","2","http://dbpedia.org/resource/Sweden"
"43","1","http://dbpedia.org/resource/County_Mayo"
"43","2","http://dbpedia.org/resource/Republic_of_Ireland"
"44","1","[http://dbpedia.org/resource/Bubikon, http://dbpedia.org/resource/Canton_of_Z%C3%BCrich]"
"44","2","http://dbpedia.org/resource/Switzerland"
"45","1","[http://dbpedia.org/resource/Franche-Comt%C3%A9, http://dbpedia.org/resource/Jura_(department)]"
"46","1","http://dbpedia.org/resource/Canton_of_Z%C3%BCrich"
"46","2","http://dbpedia.org/resource/Switzerland"
"47","2","http://dbpedia.org/resource/Sweden"
"48","1","http://dbpedia.org/resource/Piscataquis_County,_Maine"
"49","1","http://dbpedia.org/resource/DeWitt_County,_Illinois"
"150","1","[http://dbpedia.org/resource/Schleswig-Holstein, http://dbpedia.org/resource/Mecklenburg-Vorpommern]"
"150","2","http://dbpedia.org/resource/Germany"
"151","1","http://dbpedia.org/resource/Lake_and_Peninsula_Borough,_Alaska"
"152","1","[http://dbpedia.org/resource/Savoie, http://dbpedia.org/resource/France]"
"152","2","http://dbpedia.org/resource/France"
"153","1","http://dbpedia.org/resource/Klamath_County,_Oregon"
"153","2","http://dbpedia.org/resource/United_States"
"154","1","[http://dbpedia.org/resource/Lombardy, http://dbpedia.org/resource/Ticino]"
"154","2","[http://dbpedia.org/resource/Italy, http://dbpedia.org/resource/Switzerland]"
"155","2","http://dbpedia.org/resource/Switzerland"
"156","1","http://dbpedia.org/resource/Piedmont"
"156","2","http://dbpedia.org/resource/Italy"
"157","1","http://dbpedia.org/resource/Carinthia_(state)"
"157","2","http://dbpedia.org/resource/Austria"
"158","1","http://dbpedia.org/resource/British_Columbia"
"158","2","http://dbpedia.org/resource/Canada"
"159","1","http://dbpedia.org/resource/Mecklenburg-Vorpommern"
"159","2","http://dbpedia.org/resource/Germany"
"50","1","[http://dbpedia.org/resource/Maine, http://dbpedia.org/resource/Northwest_Somerset,_Maine, http://dbpedia.org/resource/Franklin_County,_Maine, http://dbpedia.org/resource/Somerset_County,_Maine, http://dbpedia.org/resource/Eustis,_Maine]"
"50","2","http://dbpedia.org/resource/United_States"
"51","1","[http://dbpedia.org/resource/Idaho, http://dbpedia.org/resource/Benewah_County,_Idaho, http://dbpedia.org/resource/Kootenai_County,_Idaho]"
"52","1","[http://dbpedia.org/resource/Franche-Comt%C3%A9, http://dbpedia.org/resource/Doubs]"
"52","2","http://dbpedia.org/resource/France"
"53","2","http://dbpedia.org/resource/Sweden"
"54","1","http://dbpedia.org/resource/Gainesville,_Florida"
"55","1","http://dbpedia.org/resource/Temple,_Maine"
"55","2","http://dbpedia.org/resource/United_States"
"56","1","[http://dbpedia.org/resource/Chamonix, http://dbpedia.org/resource/Haute-Savoie]"
"56","2","http://dbpedia.org/resource/France"
"57","1","[http://dbpedia.org/resource/Chamonix, http://dbpedia.org/resource/Haute-Savoie]"
"57","2","http://dbpedia.org/resource/France"
"58","1","[http://dbpedia.org/resource/Graub%C3%BCnden, http://dbpedia.org/resource/Engadin]"
"58","2","http://dbpedia.org/resource/Switzerland"
"59","1","[http://dbpedia.org/resource/Scotland, http://dbpedia.org/resource/Argyll_and_Bute]"
"160","1","[http://dbpedia.org/resource/North_Island, http://dbpedia.org/resource/Waikato, http://dbpedia.org/resource/Taupo_District]"
"160","2","http://dbpedia.org/resource/New_Zealand"
"161","1","http://dbpedia.org/resource/Klagenfurt"
"161","2","http://dbpedia.org/resource/Austria"
"162","1","[http://dbpedia.org/resource/Chelan_County,_Washington, http://dbpedia.org/resource/Washington_(state)]"
"163","1","[http://dbpedia.org/resource/Switzerland, http://dbpedia.org/resource/France]"
"163","2","[http://dbpedia.org/resource/Switzerland, http://dbpedia.org/resource/France]"
"164","1","[http://dbpedia.org/resource/South_Island, http://dbpedia.org/resource/Otago, http://dbpedia.org/resource/Queenstown-Lakes_District]"
"164","2","http://dbpedia.org/resource/New_Zealand"
"165","1","[http://dbpedia.org/resource/Michigan, http://dbpedia.org/resource/Roscommon_County,_Michigan]"
"166","1","http://dbpedia.org/resource/Klamath_County,_Oregon"
"166","2","http://dbpedia.org/resource/United_States"
"167","1","http://dbpedia.org/resource/Central_Switzerland"
"168","1","[http://dbpedia.org/resource/Mecklenburg-Vorpommern, http://dbpedia.org/resource/Mecklenburgische_Seenplatte_(district)]"
"168","2","http://dbpedia.org/resource/Germany"
"169","1","[http://dbpedia.org/resource/Newfoundland_and_Labrador, http://dbpedia.org/resource/Gros_Morne_National_Park, http://dbpedia.org/resource/Newfoundland]"
"60","2","http://dbpedia.org/resource/Sweden"
"61","1","http://dbpedia.org/resource/Obwalden"
"62","1","[http://dbpedia.org/resource/Murmansk_Oblast, http://dbpedia.org/resource/Kola_Peninsula]"
"63","2","http://dbpedia.org/resource/Sweden"
"64","2","http://dbpedia.org/resource/Sweden"
"65","1","[http://dbpedia.org/resource/Stockholm, http://dbpedia.org/resource/Bromma]"
"65","2","http://dbpedia.org/resource/Sweden"
"66","1","[http://dbpedia.org/resource/Cumbria, http://dbpedia.org/resource/Lake_District]"
"67","1","[http://dbpedia.org/resource/England, http://dbpedia.org/resource/Lake_District]"
"68","1","[http://dbpedia.org/resource/China, http://dbpedia.org/resource/Russia, http://dbpedia.org/resource/Heilongjiang, http://dbpedia.org/resource/Primorsky_Krai]"
"68","2","[http://dbpedia.org/resource/China, http://dbpedia.org/resource/Russia]"
"69","1","http://dbpedia.org/resource/Dane_County,_Wisconsin"
"170","1","http://dbpedia.org/resource/Canton_of_Lucerne"
"170","2","http://dbpedia.org/resource/Switzerland"
"171","1","[http://dbpedia.org/resource/Cayuga_County,_New_York, http://dbpedia.org/resource/Cortland_County,_New_York, http://dbpedia.org/resource/Onondaga_County,_New_York, http://dbpedia.org/resource/New_York]"
"171","2","http://dbpedia.org/resource/United_States"
"172","1","[http://dbpedia.org/resource/Cayuga_County,_New_York, http://dbpedia.org/resource/Seneca_County,_New_York, http://dbpedia.org/resource/Tompkins_County,_New_York, http://dbpedia.org/resource/New_York]"
"173","1","[http://dbpedia.org/resource/Bear_Lake_County,_Idaho, http://dbpedia.org/resource/Rich_County,_Utah, http://dbpedia.org/resource/United_States]"
"173","2","http://dbpedia.org/resource/United_States"
"175","1","http://dbpedia.org/resource/Bavaria"
"175","2","http://dbpedia.org/resource/Germany"
"176","1","http://dbpedia.org/resource/North_America"
"176","2","http://dbpedia.org/resource/United_States"
"178","1","[http://dbpedia.org/resource/Cascade_Range, http://dbpedia.org/resource/Lane_County,_Oregon, http://dbpedia.org/resource/Oregon]"
"179","1","http://dbpedia.org/resource/Benzie_County,_Michigan"
"70","1","[http://dbpedia.org/resource/Maine, http://dbpedia.org/resource/Bridgton,_Maine, http://dbpedia.org/resource/Harrison,_Maine, http://dbpedia.org/resource/Naples,_Maine]"
"71","1","[http://dbpedia.org/resource/Maine, http://dbpedia.org/resource/Franklin_County,_Maine, http://dbpedia.org/resource/Oxford_County,_Maine]"
"71","2","http://dbpedia.org/resource/United_States"
"72","1","http://dbpedia.org/resource/Canton_of_Z%C3%BCrich"
"72","2","http://dbpedia.org/resource/Switzerland"
"73","1","http://dbpedia.org/resource/Uttarakhand"
"73","2","http://dbpedia.org/resource/India"
"74","1","[http://dbpedia.org/resource/India, http://dbpedia.org/resource/Kashmir_Valley]"
"74","2","http://dbpedia.org/resource/India"
"76","2","http://dbpedia.org/resource/Germany"
"77","1","http://dbpedia.org/resource/Wasatch_County,_Utah"
"78","2","http://dbpedia.org/resource/Sweden"
"79","1","[http://dbpedia.org/resource/Cumbria, http://dbpedia.org/resource/Lake_District]"
"180","1","http://dbpedia.org/resource/Jackson_County,_Michigan"
"181","1","http://dbpedia.org/resource/British_Columbia"
"182","2","[http://dbpedia.org/resource/Albania, http://dbpedia.org/resource/Macedonia]"
"183","1","http://dbpedia.org/resource/United_States"
"183","2","http://dbpedia.org/resource/United_States"
"184","1","http://dbpedia.org/resource/Saxony-Anhalt"
"184","2","http://dbpedia.org/resource/Germany"
"185","1","[http://dbpedia.org/resource/Alberta, http://dbpedia.org/resource/Lacombe_County, http://dbpedia.org/resource/Ponoka_County]"
"185","2","http://dbpedia.org/resource/Canada"
"186","1","[http://dbpedia.org/resource/California, http://dbpedia.org/resource/Merced_County,_California]"
"186","2","http://dbpedia.org/resource/United_States"
"187","1","http://dbpedia.org/resource/Northwest_Territories"
"188","1","[http://dbpedia.org/resource/Klamath_County,_Oregon, http://dbpedia.org/resource/Oregon]"
"188","2","http://dbpedia.org/resource/United_States"
"189","1","http://dbpedia.org/resource/North_America"
"189","2","[http://dbpedia.org/resource/Canada, http://dbpedia.org/resource/United_States]"
"80","1","[http://dbpedia.org/resource/Scotland, http://dbpedia.org/resource/Highland_(council_area), http://dbpedia.org/resource/Lochaber]"
"81","1","[http://dbpedia.org/resource/Canton_of_Glarus, http://dbpedia.org/resource/Canton_of_St._Gallen]"
"81","2","http://dbpedia.org/resource/Switzerland"
"82","1","[http://dbpedia.org/resource/Maine, http://dbpedia.org/resource/Waterford,_Maine]"
"83","1","[http://dbpedia.org/resource/Canton_of_Fribourg, http://dbpedia.org/resource/Vaud]"
"83","2","http://dbpedia.org/resource/Switzerland"
"84","1","http://dbpedia.org/resource/Bernese_Oberland"
"84","2","http://dbpedia.org/resource/Switzerland"
"85","1","http://dbpedia.org/resource/Haute-Savoie"
"85","2","http://dbpedia.org/resource/France"
"86","1","[http://dbpedia.org/resource/Maine, http://dbpedia.org/resource/New_Brunswick]"
"86","2","[http://dbpedia.org/resource/Canada, http://dbpedia.org/resource/United_States]"
"87","1","http://dbpedia.org/resource/Kyushu"
"87","2","http://dbpedia.org/resource/Japan"
"88","1","http://dbpedia.org/resource/Carinthia_(state)"
"88","2","http://dbpedia.org/resource/Austria"
"89","1","http://dbpedia.org/resource/Carinthia_(state)"
"89","2","http://dbpedia.org/resource/Austria"
"190","2","[http://dbpedia.org/resource/Azerbaijan, http://dbpedia.org/resource/Iran, http://dbpedia.org/resource/Kazakhstan, http://dbpedia.org/resource/Russia, http://dbpedia.org/resource/Uzbekistan, http://dbpedia.org/resource/Turkmenistan]"
"191","2","[http://dbpedia.org/resource/Mongolia, http://dbpedia.org/resource/Russia]"
"192","1","[http://dbpedia.org/resource/California, http://dbpedia.org/resource/Nevada]"
"193","2","[http://dbpedia.org/resource/Bolivia, http://dbpedia.org/resource/Peru]"
"194","2","http://dbpedia.org/resource/Russia"
"195","1","http://dbpedia.org/resource/China"
"195","2","http://dbpedia.org/resource/China"
"196","2","http://dbpedia.org/resource/Antarctica"
"90","1","[http://dbpedia.org/resource/Lombardy, http://dbpedia.org/resource/Province_of_Varese]"
"90","2","http://dbpedia.org/resource/Italy"
"91","1","http://dbpedia.org/resource/Clearwater_County,_Minnesota"
"91","2","http://dbpedia.org/resource/United_States"
"92","2","http://dbpedia.org/resource/Sweden"
"93","1","http://dbpedia.org/resource/Canton_of_Bern"
"93","2","http://dbpedia.org/resource/Switzerland"
"94","1","[http://dbpedia.org/resource/Maine, http://dbpedia.org/resource/Dedham,_Maine, http://dbpedia.org/resource/Ellsworth,_Maine]"
"94","2","http://dbpedia.org/resource/United_States"
"95","2","http://dbpedia.org/resource/Sweden"
"96","1","[http://dbpedia.org/resource/Stirling_(council_area), http://dbpedia.org/resource/Argyll_and_Bute, http://dbpedia.org/resource/West_Dunbartonshire]"
"97","1","http://dbpedia.org/resource/Hungary"
"97","2","http://dbpedia.org/resource/Hungary"
"98","1","[http://dbpedia.org/resource/North_Island, http://dbpedia.org/resource/Hamilton,_New_Zealand, http://dbpedia.org/resource/Waikato]"
"98","2","http://dbpedia.org/resource/New_Zealand"
"99","1","[http://dbpedia.org/resource/North_Island, http://dbpedia.org/resource/Hawke's_Bay_Region]"
"100","1","http://dbpedia.org/resource/Canton_of_Z%C3%BCrich"
"100","2","http://dbpedia.org/resource/Switzerland"
"101","1","http://dbpedia.org/resource/Canton_of_Z%C3%BCrich"
"102","1","[http://dbpedia.org/resource/Caniapiscau,_Quebec, http://dbpedia.org/resource/Baie-James, http://dbpedia.org/resource/Canada, http://dbpedia.org/resource/Quebec]"
"102","2","http://dbpedia.org/resource/Canada"
"103","1","[http://dbpedia.org/resource/Graub%C3%BCnden, http://dbpedia.org/resource/Engadin]"
"103","2","http://dbpedia.org/resource/Switzerland"
"104","1","http://dbpedia.org/resource/Canton_of_Zug"
"104","2","http://dbpedia.org/resource/Switzerland"
"105","1","[http://dbpedia.org/resource/Maine, http://dbpedia.org/resource/Kennebec_County,_Maine, http://dbpedia.org/resource/Belgrade,_Maine, http://dbpedia.org/resource/Rome,_Maine]"
"106","1","http://dbpedia.org/resource/British_Columbia"
"106","2","http://dbpedia.org/resource/Canada"
"107","2","http://dbpedia.org/resource/Finland"
"108","1","http://dbpedia.org/resource/North_America"
"108","2","[http://dbpedia.org/resource/Canada, http://dbpedia.org/resource/United_States]"
"109","1","[http://dbpedia.org/resource/Maine, http://dbpedia.org/resource/Franklin_County,_Maine]"
"109","2","http://dbpedia.org/resource/United_States"
