"110","5","[http://dbpedia.org/resource/Lake_District, http://dbpedia.org/resource/Far_Eastern_Fells]"
"111","5","[http://dbpedia.org/resource/Lake_District, http://dbpedia.org/resource/Southern_Fells]"
"112","5","[http://dbpedia.org/resource/Lake_District, http://dbpedia.org/resource/Eastern_Fells]"
"113","5","[http://dbpedia.org/resource/North_Western_Fells, http://dbpedia.org/resource/Lake_District]"
"114","5","[http://dbpedia.org/resource/Lake_District, http://dbpedia.org/resource/Northern_Fells]"
"115","5","[http://dbpedia.org/resource/Lake_District, http://dbpedia.org/resource/Southern_Fells]"
"116","5","[http://dbpedia.org/resource/Western_Fells, http://dbpedia.org/resource/Lake_District]"
"117","5","[http://dbpedia.org/resource/Western_Fells, http://dbpedia.org/resource/Lake_District]"
"118","5","[http://dbpedia.org/resource/Lake_District, http://dbpedia.org/resource/Far_Eastern_Fells]"
"119","5","[http://dbpedia.org/resource/North_Western_Fells, http://dbpedia.org/resource/Lake_District]"
"10","5","[http://dbpedia.org/resource/Lake_District, http://dbpedia.org/resource/Eastern_Fells]"
"11","5","[http://dbpedia.org/resource/Lake_District, http://dbpedia.org/resource/Southern_Fells]"
"12","5","[http://dbpedia.org/resource/Lake_District, http://dbpedia.org/resource/Eastern_Fells]"
"13","5","[http://dbpedia.org/resource/Lake_District, http://dbpedia.org/resource/Eastern_Fells]"
"14","5","[http://dbpedia.org/resource/Lake_District, http://dbpedia.org/resource/Northern_Fells]"
"15","5","[http://dbpedia.org/resource/Lake_District, http://dbpedia.org/resource/Northern_Fells]"
"16","5","[http://dbpedia.org/resource/Lake_District, http://dbpedia.org/resource/Eastern_Fells]"
"17","5","[http://dbpedia.org/resource/Lake_District, http://dbpedia.org/resource/Southern_Fells]"
"18","5","[http://dbpedia.org/resource/Lake_District, http://dbpedia.org/resource/Eastern_Fells]"
"19","5","[http://dbpedia.org/resource/Lake_District, http://dbpedia.org/resource/Eastern_Fells]"
"120","5","[http://dbpedia.org/resource/Lake_District, http://dbpedia.org/resource/Eastern_Fells]"
"121","5","[http://dbpedia.org/resource/Western_Fells, http://dbpedia.org/resource/Lake_District]"
"1","5","[http://dbpedia.org/resource/Lake_District, http://dbpedia.org/resource/Southern_Fells]"
"122","5","[http://dbpedia.org/resource/Lake_District, http://dbpedia.org/resource/Northern_Fells]"
"123","5","[http://dbpedia.org/resource/Western_Fells, http://dbpedia.org/resource/Lake_District]"
"2","5","[http://dbpedia.org/resource/Lake_District, http://dbpedia.org/resource/Southern_Fells]"
"3","5","[http://dbpedia.org/resource/Lake_District, http://dbpedia.org/resource/Eastern_Fells]"
"124","5","[http://dbpedia.org/resource/Lake_District, http://dbpedia.org/resource/Eastern_Fells]"
"4","5","[http://dbpedia.org/resource/Lake_District, http://dbpedia.org/resource/Northern_Fells]"
"125","5","[http://dbpedia.org/resource/Lake_District, http://dbpedia.org/resource/Far_Eastern_Fells]"
"126","5","[http://dbpedia.org/resource/Western_Fells, http://dbpedia.org/resource/Lake_District]"
"5","5","[http://dbpedia.org/resource/Lake_District, http://dbpedia.org/resource/Southern_Fells]"
"127","5","http://dbpedia.org/resource/Lake_District"
"6","5","[http://dbpedia.org/resource/Lake_District, http://dbpedia.org/resource/Southern_Fells]"
"7","5","[http://dbpedia.org/resource/Western_Fells, http://dbpedia.org/resource/Lake_District]"
"128","5","[http://dbpedia.org/resource/Lake_District, http://dbpedia.org/resource/Southern_Fells]"
"129","5","[http://dbpedia.org/resource/Lake_District, http://dbpedia.org/resource/Central_Fells]"
"8","5","[http://dbpedia.org/resource/Western_Fells, http://dbpedia.org/resource/Lake_District]"
"9","5","[http://dbpedia.org/resource/Lake_District, http://dbpedia.org/resource/Eastern_Fells]"
"20","5","[http://dbpedia.org/resource/North_Western_Fells, http://dbpedia.org/resource/Lake_District]"
"21","5","[http://dbpedia.org/resource/Lake_District, http://dbpedia.org/resource/Eastern_Fells]"
"22","5","[http://dbpedia.org/resource/Lake_District, http://dbpedia.org/resource/Eastern_Fells]"
"23","5","[http://dbpedia.org/resource/Western_Fells, http://dbpedia.org/resource/Lake_District]"
"24","5","[http://dbpedia.org/resource/North_Western_Fells, http://dbpedia.org/resource/Lake_District]"
"25","5","[http://dbpedia.org/resource/Lake_District, http://dbpedia.org/resource/Far_Eastern_Fells]"
"26","5","[http://dbpedia.org/resource/Western_Fells, http://dbpedia.org/resource/Lake_District]"
"27","5","[http://dbpedia.org/resource/Lake_District, http://dbpedia.org/resource/Eastern_Fells]"
"28","5","[http://dbpedia.org/resource/Western_Fells, http://dbpedia.org/resource/Lake_District]"
"29","5","[http://dbpedia.org/resource/Lake_District, http://dbpedia.org/resource/Southern_Fells]"
"130","5","[http://dbpedia.org/resource/Lake_District, http://dbpedia.org/resource/Southern_Fells]"
"131","5","[http://dbpedia.org/resource/Western_Fells, http://dbpedia.org/resource/Lake_District]"
"132","5","[http://dbpedia.org/resource/Lake_District, http://dbpedia.org/resource/Central_Fells]"
"133","5","[http://dbpedia.org/resource/Lake_District, http://dbpedia.org/resource/Far_Eastern_Fells]"
"134","5","[http://dbpedia.org/resource/Lake_District, http://dbpedia.org/resource/Northern_Fells]"
"135","5","[http://dbpedia.org/resource/Western_Fells, http://dbpedia.org/resource/Lake_District]"
"136","5","[http://dbpedia.org/resource/North_Western_Fells, http://dbpedia.org/resource/Lake_District]"
"137","5","[http://dbpedia.org/resource/Lake_District, http://dbpedia.org/resource/Far_Eastern_Fells]"
"138","5","[http://dbpedia.org/resource/North_Western_Fells, http://dbpedia.org/resource/Lake_District]"
"139","5","[http://dbpedia.org/resource/Western_Fells, http://dbpedia.org/resource/Lake_District]"
"30","5","[http://dbpedia.org/resource/Western_Fells, http://dbpedia.org/resource/Lake_District]"
"31","5","[http://dbpedia.org/resource/Lake_District, http://dbpedia.org/resource/Southern_Fells]"
"32","5","[http://dbpedia.org/resource/Lake_District, http://dbpedia.org/resource/Far_Eastern_Fells]"
"33","5","[http://dbpedia.org/resource/Lake_District, http://dbpedia.org/resource/Southern_Fells]"
"34","5","[http://dbpedia.org/resource/Western_Fells, http://dbpedia.org/resource/Lake_District]"
"35","5","[http://dbpedia.org/resource/Western_Fells, http://dbpedia.org/resource/Lake_District]"
"36","5","[http://dbpedia.org/resource/Western_Fells, http://dbpedia.org/resource/Lake_District]"
"37","5","[http://dbpedia.org/resource/Lake_District, http://dbpedia.org/resource/Southern_Fells]"
"38","5","[http://dbpedia.org/resource/Lake_District, http://dbpedia.org/resource/Eastern_Fells]"
"39","5","[http://dbpedia.org/resource/Lake_District, http://dbpedia.org/resource/Far_Eastern_Fells]"
"140","5","[http://dbpedia.org/resource/Lake_District, http://dbpedia.org/resource/Central_Fells]"
"141","5","[http://dbpedia.org/resource/Lake_District, http://dbpedia.org/resource/Eastern_Fells]"
"142","5","[http://dbpedia.org/resource/North_Western_Fells, http://dbpedia.org/resource/Lake_District]"
"143","5","[http://dbpedia.org/resource/Lake_District, http://dbpedia.org/resource/Far_Eastern_Fells]"
"144","5","[http://dbpedia.org/resource/Lake_District, http://dbpedia.org/resource/Far_Eastern_Fells]"
"145","5","[http://dbpedia.org/resource/North_Western_Fells, http://dbpedia.org/resource/Lake_District]"
"146","5","[http://dbpedia.org/resource/Lake_District, http://dbpedia.org/resource/Central_Fells]"
"147","5","[http://dbpedia.org/resource/North_Western_Fells, http://dbpedia.org/resource/Lake_District]"
"148","5","[http://dbpedia.org/resource/Lake_District, http://dbpedia.org/resource/Southern_Fells]"
"149","5","[http://dbpedia.org/resource/Lake_District, http://dbpedia.org/resource/Central_Fells]"
"40","5","[http://dbpedia.org/resource/North_Western_Fells, http://dbpedia.org/resource/Lake_District]"
"41","5","[http://dbpedia.org/resource/Lake_District, http://dbpedia.org/resource/Eastern_Fells]"
"42","5","[http://dbpedia.org/resource/Lake_District, http://dbpedia.org/resource/Southern_Fells]"
"43","5","http://dbpedia.org/resource/Lake_District"
"44","5","[http://dbpedia.org/resource/Lake_District, http://dbpedia.org/resource/Far_Eastern_Fells]"
"45","5","[http://dbpedia.org/resource/Lake_District, http://dbpedia.org/resource/Southern_Fells]"
"46","5","[http://dbpedia.org/resource/Lake_District, http://dbpedia.org/resource/Far_Eastern_Fells]"
"47","5","[http://dbpedia.org/resource/Lake_District, http://dbpedia.org/resource/Southern_Fells]"
"48","5","[http://dbpedia.org/resource/Lake_District, http://dbpedia.org/resource/Far_Eastern_Fells]"
"49","5","[http://dbpedia.org/resource/Lake_District, http://dbpedia.org/resource/Eastern_Fells]"
"150","5","[http://dbpedia.org/resource/Lake_District, http://dbpedia.org/resource/Northern_Fells]"
"151","5","[http://dbpedia.org/resource/Lake_District, http://dbpedia.org/resource/Southern_Fells]"
"152","5","[http://dbpedia.org/resource/Lake_District, http://dbpedia.org/resource/Central_Fells]"
"153","5","[http://dbpedia.org/resource/Western_Fells, http://dbpedia.org/resource/Lake_District]"
"154","5","[http://dbpedia.org/resource/Lake_District, http://dbpedia.org/resource/Central_Fells]"
"155","5","[http://dbpedia.org/resource/Lake_District, http://dbpedia.org/resource/Eastern_Fells]"
"156","5","[http://dbpedia.org/resource/Lake_District, http://dbpedia.org/resource/Southern_Fells]"
"157","5","[http://dbpedia.org/resource/Lake_District, http://dbpedia.org/resource/Far_Eastern_Fells]"
"158","5","[http://dbpedia.org/resource/Western_Fells, http://dbpedia.org/resource/Lake_District]"
"159","5","[http://dbpedia.org/resource/Lake_District, http://dbpedia.org/resource/Northern_Fells]"
"50","5","[http://dbpedia.org/resource/Lake_District, http://dbpedia.org/resource/Southern_Fells]"
"51","5","[http://dbpedia.org/resource/North_Western_Fells, http://dbpedia.org/resource/Lake_District]"
"52","5","[http://dbpedia.org/resource/North_Western_Fells, http://dbpedia.org/resource/Lake_District]"
"53","5","[http://dbpedia.org/resource/North_Western_Fells, http://dbpedia.org/resource/Lake_District]"
"54","5","http://dbpedia.org/resource/Lake_District"
"55","5","[http://dbpedia.org/resource/Lake_District, http://dbpedia.org/resource/Far_Eastern_Fells]"
"56","5","[http://dbpedia.org/resource/Lake_District, http://dbpedia.org/resource/Southern_Fells]"
"57","5","[http://dbpedia.org/resource/Lake_District, http://dbpedia.org/resource/Southern_Fells]"
"58","5","[http://dbpedia.org/resource/Lake_District, http://dbpedia.org/resource/Central_Fells]"
"59","5","[http://dbpedia.org/resource/Lake_District, http://dbpedia.org/resource/Far_Eastern_Fells]"
"160","5","[http://dbpedia.org/resource/Lake_District, http://dbpedia.org/resource/Central_Fells]"
"161","5","[http://dbpedia.org/resource/Lake_District, http://dbpedia.org/resource/Far_Eastern_Fells]"
"162","5","[http://dbpedia.org/resource/Lake_District, http://dbpedia.org/resource/Northern_Fells]"
"163","5","[http://dbpedia.org/resource/Western_Fells, http://dbpedia.org/resource/Lake_District]"
"164","5","[http://dbpedia.org/resource/Lake_District, http://dbpedia.org/resource/Eastern_Fells]"
"165","5","[http://dbpedia.org/resource/North_Western_Fells, http://dbpedia.org/resource/Lake_District]"
"166","5","[http://dbpedia.org/resource/Lake_District, http://dbpedia.org/resource/Far_Eastern_Fells]"
"167","5","[http://dbpedia.org/resource/Lake_District, http://dbpedia.org/resource/Central_Fells]"
"168","5","[http://dbpedia.org/resource/Western_Fells, http://dbpedia.org/resource/Lake_District]"
"169","5","[http://dbpedia.org/resource/North_Western_Fells, http://dbpedia.org/resource/Lake_District]"
"60","5","[http://dbpedia.org/resource/Lake_District, http://dbpedia.org/resource/Far_Eastern_Fells]"
"61","5","[http://dbpedia.org/resource/Lake_District, http://dbpedia.org/resource/Eastern_Fells]"
"62","5","[http://dbpedia.org/resource/Western_Fells, http://dbpedia.org/resource/Lake_District]"
"63","5","[http://dbpedia.org/resource/North_Western_Fells, http://dbpedia.org/resource/Lake_District]"
"64","5","[http://dbpedia.org/resource/Lake_District, http://dbpedia.org/resource/Northern_Fells]"
"65","5","[http://dbpedia.org/resource/Western_Fells, http://dbpedia.org/resource/Lake_District]"
"66","5","[http://dbpedia.org/resource/Lake_District, http://dbpedia.org/resource/Far_Eastern_Fells]"
"67","5","[http://dbpedia.org/resource/North_Western_Fells, http://dbpedia.org/resource/Lake_District]"
"68","5","[http://dbpedia.org/resource/Lake_District, http://dbpedia.org/resource/Central_Fells]"
"69","5","[http://dbpedia.org/resource/Lake_District, http://dbpedia.org/resource/Central_Fells]"
"170","5","[http://dbpedia.org/resource/Lake_District, http://dbpedia.org/resource/Far_Eastern_Fells]"
"171","5","[http://dbpedia.org/resource/Western_Fells, http://dbpedia.org/resource/Lake_District]"
"172","5","[http://dbpedia.org/resource/Lake_District, http://dbpedia.org/resource/Eastern_Fells]"
"173","5","[http://dbpedia.org/resource/Lake_District, http://dbpedia.org/resource/Eastern_Fells]"
"174","5","[http://dbpedia.org/resource/Lake_District, http://dbpedia.org/resource/Northern_Fells]"
"175","5","[http://dbpedia.org/resource/Lake_District, http://dbpedia.org/resource/Eastern_Fells]"
"176","5","[http://dbpedia.org/resource/Lake_District, http://dbpedia.org/resource/Southern_Fells]"
"177","5","[http://dbpedia.org/resource/Lake_District, http://dbpedia.org/resource/Far_Eastern_Fells]"
"178","5","[http://dbpedia.org/resource/Western_Fells, http://dbpedia.org/resource/Lake_District]"
"179","5","[http://dbpedia.org/resource/Lake_District, http://dbpedia.org/resource/Far_Eastern_Fells]"
"70","5","[http://dbpedia.org/resource/Lake_District, http://dbpedia.org/resource/Eastern_Fells]"
"71","5","[http://dbpedia.org/resource/Lake_District, http://dbpedia.org/resource/Northern_Fells]"
"72","5","[http://dbpedia.org/resource/Lake_District, http://dbpedia.org/resource/Far_Eastern_Fells]"
"73","5","[http://dbpedia.org/resource/North_Western_Fells, http://dbpedia.org/resource/Lake_District]"
"74","5","[http://dbpedia.org/resource/Lake_District, http://dbpedia.org/resource/Eastern_Fells]"
"75","5","[http://dbpedia.org/resource/Lake_District, http://dbpedia.org/resource/Central_Fells]"
"76","5","[http://dbpedia.org/resource/Lake_District, http://dbpedia.org/resource/Central_Fells]"
"77","5","[http://dbpedia.org/resource/Lake_District, http://dbpedia.org/resource/Far_Eastern_Fells]"
"78","5","[http://dbpedia.org/resource/Lake_District, http://dbpedia.org/resource/Eastern_Fells]"
"79","5","[http://dbpedia.org/resource/Lake_District, http://dbpedia.org/resource/Northern_Fells]"
"180","5","[http://dbpedia.org/resource/Lake_District, http://dbpedia.org/resource/Northern_Fells]"
"181","5","[http://dbpedia.org/resource/Lake_District, http://dbpedia.org/resource/Eastern_Fells]"
"182","5","[http://dbpedia.org/resource/Lake_District, http://dbpedia.org/resource/Central_Fells]"
"183","5","[http://dbpedia.org/resource/Western_Fells, http://dbpedia.org/resource/Lake_District]"
"184","5","[http://dbpedia.org/resource/Lake_District, http://dbpedia.org/resource/Southern_Fells]"
"185","5","[http://dbpedia.org/resource/North_Western_Fells, http://dbpedia.org/resource/Lake_District]"
"186","5","[http://dbpedia.org/resource/Lake_District, http://dbpedia.org/resource/Central_Fells]"
"188","5","[http://dbpedia.org/resource/North_Western_Fells, http://dbpedia.org/resource/Lake_District]"
"189","5","[http://dbpedia.org/resource/North_Western_Fells, http://dbpedia.org/resource/Lake_District]"
"80","5","[http://dbpedia.org/resource/Western_Fells, http://dbpedia.org/resource/Lake_District]"
"81","5","[http://dbpedia.org/resource/Lake_District, http://dbpedia.org/resource/Far_Eastern_Fells]"
"82","5","[http://dbpedia.org/resource/Lake_District, http://dbpedia.org/resource/Northern_Fells]"
"83","5","[http://dbpedia.org/resource/Lake_District, http://dbpedia.org/resource/Central_Fells]"
"84","5","[http://dbpedia.org/resource/North_Western_Fells, http://dbpedia.org/resource/Lake_District]"
"85","5","[http://dbpedia.org/resource/Lake_District, http://dbpedia.org/resource/Far_Eastern_Fells]"
"86","5","[http://dbpedia.org/resource/Lake_District, http://dbpedia.org/resource/Southern_Fells]"
"87","5","[http://dbpedia.org/resource/Lake_District, http://dbpedia.org/resource/Northern_Fells]"
"88","5","[http://dbpedia.org/resource/Lake_District, http://dbpedia.org/resource/Southern_Fells]"
"89","5","[http://dbpedia.org/resource/Lake_District, http://dbpedia.org/resource/Central_Fells]"
"190","5","[http://dbpedia.org/resource/Lake_District, http://dbpedia.org/resource/Eastern_Fells]"
"191","5","[http://dbpedia.org/resource/Lake_District, http://dbpedia.org/resource/Central_Fells]"
"192","5","[http://dbpedia.org/resource/Lake_District, http://dbpedia.org/resource/Northern_Fells]"
"193","5","[http://dbpedia.org/resource/Lake_District, http://dbpedia.org/resource/Eastern_Fells]"
"194","5","[http://dbpedia.org/resource/Lake_District, http://dbpedia.org/resource/Eastern_Fells]"
"195","5","[http://dbpedia.org/resource/Lake_District, http://dbpedia.org/resource/Far_Eastern_Fells]"
"196","5","[http://dbpedia.org/resource/Western_Fells, http://dbpedia.org/resource/Lake_District]"
"197","5","[http://dbpedia.org/resource/Lake_District, http://dbpedia.org/resource/Central_Fells]"
"198","5","[http://dbpedia.org/resource/Western_Fells, http://dbpedia.org/resource/Lake_District]"
"199","5","[http://dbpedia.org/resource/Lake_District, http://dbpedia.org/resource/Central_Fells]"
"90","5","[http://dbpedia.org/resource/Lake_District, http://dbpedia.org/resource/Far_Eastern_Fells]"
"91","5","[http://dbpedia.org/resource/Western_Fells, http://dbpedia.org/resource/Lake_District]"
"92","5","[http://dbpedia.org/resource/Western_Fells, http://dbpedia.org/resource/Lake_District]"
"93","5","[http://dbpedia.org/resource/Lake_District, http://dbpedia.org/resource/Far_Eastern_Fells]"
"94","5","[http://dbpedia.org/resource/Western_Fells, http://dbpedia.org/resource/Lake_District]"
"95","5","[http://dbpedia.org/resource/Lake_District, http://dbpedia.org/resource/Northern_Fells]"
"96","5","[http://dbpedia.org/resource/Lake_District, http://dbpedia.org/resource/Northern_Fells]"
"97","5","[http://dbpedia.org/resource/Lake_District, http://dbpedia.org/resource/Northern_Fells]"
"98","5","[http://dbpedia.org/resource/Lake_District, http://dbpedia.org/resource/Central_Fells]"
"99","5","[http://dbpedia.org/resource/Lake_District, http://dbpedia.org/resource/Eastern_Fells]"
"200","5","[http://dbpedia.org/resource/Western_Fells, http://dbpedia.org/resource/Lake_District]"
"201","5","[http://dbpedia.org/resource/Lake_District, http://dbpedia.org/resource/Central_Fells]"
"202","5","[http://dbpedia.org/resource/Lake_District, http://dbpedia.org/resource/Central_Fells]"
"203","5","[http://dbpedia.org/resource/Lake_District, http://dbpedia.org/resource/Far_Eastern_Fells]"
"204","5","[http://dbpedia.org/resource/Lake_District, http://dbpedia.org/resource/Central_Fells]"
"205","5","[http://dbpedia.org/resource/North_Western_Fells, http://dbpedia.org/resource/Lake_District]"
"206","5","[http://dbpedia.org/resource/Lake_District, http://dbpedia.org/resource/Northern_Fells]"
"207","5","[http://dbpedia.org/resource/Lake_District, http://dbpedia.org/resource/Far_Eastern_Fells]"
"208","5","[http://dbpedia.org/resource/Lake_District, http://dbpedia.org/resource/Central_Fells]"
"209","5","[http://dbpedia.org/resource/North_Western_Fells, http://dbpedia.org/resource/Lake_District]"
"210","5","[http://dbpedia.org/resource/North_Western_Fells, http://dbpedia.org/resource/Lake_District]"
"211","5","[http://dbpedia.org/resource/Lake_District, http://dbpedia.org/resource/Central_Fells]"
"212","5","[http://dbpedia.org/resource/Lake_District, http://dbpedia.org/resource/Southern_Fells]"
"213","5","[http://dbpedia.org/resource/Lake_District, http://dbpedia.org/resource/Southern_Fells]"
"214","5","[http://dbpedia.org/resource/North_Western_Fells, http://dbpedia.org/resource/Lake_District]"
"100","5","[http://dbpedia.org/resource/Lake_District, http://dbpedia.org/resource/Northern_Fells]"
"101","5","[http://dbpedia.org/resource/North_Western_Fells, http://dbpedia.org/resource/Lake_District]"
"102","5","[http://dbpedia.org/resource/Lake_District, http://dbpedia.org/resource/Far_Eastern_Fells]"
"103","5","[http://dbpedia.org/resource/Lake_District, http://dbpedia.org/resource/Far_Eastern_Fells]"
"104","5","[http://dbpedia.org/resource/Lake_District, http://dbpedia.org/resource/Far_Eastern_Fells]"
"105","5","[http://dbpedia.org/resource/Lake_District, http://dbpedia.org/resource/Northern_Fells]"
"106","5","[http://dbpedia.org/resource/North_Western_Fells, http://dbpedia.org/resource/Lake_District]"
"107","5","[http://dbpedia.org/resource/Lake_District, http://dbpedia.org/resource/Northern_Fells]"
"108","5","[http://dbpedia.org/resource/Lake_District, http://dbpedia.org/resource/Far_Eastern_Fells]"
"109","5","[http://dbpedia.org/resource/Lake_District, http://dbpedia.org/resource/Eastern_Fells]"
