{"filename":"22745259_8925078337028777334","uri":"http://who.int/fctc/signatories_parties/zh/index.html","arcfile":"common-crawl/parse-output/segment/1346981172268/1346987296443_118.arc.gz","arcfilePosition":22745259,"hasContentTables":true,"hasRelevantTables":false,"contentTables":[{"start":9796,"end":37292,"content":true,"relevant":false,"avgColCount":185.0,"colStdDeviation":0.0,"avgRowCount":4.0,"rowStdDeviation":0.0,"avgCellLength":9.0,"cellLengthStdDeviation":6.077317153463671,"rowCLC":0.9643519155283827,"colCLC":1.1648648648648599,"linkPercentage":0.0,"formPercentage":0.0,"imagePercentage":0.0,"emptyPercentage":0.04864864864864865,"digitPercentage":0.0,"textPercentage":0.9513513513513514,"rowCTC":3.610810810810811,"colCTC":3.610810810810811}]}