"rank","country / territory","population"
"?#128;&#148;","world","6464750000"
"1","people's       republic of china","1315844000"
"2","india","1103371000"
"3","united states","298213000"
"4","indonesia","222781000"
"5","brazil","186405000"
"6","pakistan","157935000"
"7","russia","143202000"
"8","bangladesh","141822000"
"9","nigeria","131530000"
"10","japan","128085000"
"11","mexico","107029000"
"12","vietnam","84238000"
"13","philippines","83054000"
"14","germany","82689000"
"15","ethiopia","77431000"
"16","egypt","74033000"
"17","turkey","73193000"
"18","iran","69515000"
"19","thailand","64233000"
"20","france","60496000"
"21","united kingdom","59668000"
"22","italy","58093000"
"23","democratic       republic of the congo","57549000"
"24","myanmar","50519000"
"25","south korea","47817000"
"26","south africa","47432000"
"27","ukraine","46481000"
"28","colombia","45600000"
"29","spain","43064000"
"30","argentina","38747000"
"31","poland","38530000"
"32","tanzania","38329000"
"33","sudan","36233000"
"34","kenya","34256000"
"35","algeria","32854000"
"36","canada","32268000"
"37","morocco","31478000"
"38","afghanistan","29863000"
"39","uganda","28816000"
"40","iraq","28807000"
"41","peru","27968000"
"42","nepal","27133000"
"43","venezuela","26749000"
"44","uzbekistan","26593000"
"45","malaysia","25347000"
"46","saudi arabia","24573000"
"47","republic of       china (taiwan)","22894384[1]"
"48","north korea","22488000"
"49","ghana","22113000"
"50","romania","21711000"
"51","yemen","20975000"
"52","sri       lanka","20743000"
"53","australia","20155000[2]"
"54","mozambique","19792000"
"55","syria","19043000"
"56","madagascar","18606000"
"57","côte d'ivoire","18154000"
"58","cameroon","16322000"
"59","netherlands","16299000"
"60","chile","16295000"
"61","angola","15941000"
"62","kazakhstan","14825000"
"63","cambodia","14071000"
"64","niger","13957000"
"65","mali","13518000"
"66","burkina faso","13228000"
"67","ecuador","13228000"
"68","zimbabwe","13010000"
"69","malawi","12884000"
"70","guatemala","12599000"
"71","zambia","11668000"
"72","senegal","11658000"
"73","cuba","11269000"
"74","greece","11120000"
"75","serbia and       montenegro","10503000"
"76","portugal","10495000"
"77","belgium","10419000"
"78","czech republic","10220000"
"79","tunisia","10102000"
"80","hungary","10098000"
"81","belarus","9755000"
"82","chad","9749000"
"83","guinea","9402000"
"84","bolivia","9182000"
"85","sweden","9041000"
"86","rwanda","9038000"
"87","dominican       republic","8895000"
"88","haiti","8528000"
"89","benin","8439000"
"90","azerbaijan","8411000"
"91","somalia","8228000"
"92","austria","8189000"
"93","bulgaria","7726000"
"94","burundi","7548000"
"95","switzerland","7252000"
"96","honduras","7205000"
"97","{hong kong|prc}","7041000"
"98","el salvador","6881000"
"99","israel","6725000"
"100","tajikistan","6507000"
"101","paraguay","6158000"
"102","togo","6145000"
"103","laos","5924000"
"104","papua new     guinea","5887000"
"105","libya","5853000"
"106","jordan","5703000"
"107","sierra leone","5525000"
"108","nicaragua","5487000"
"109","denmark","5431000"
"110","slovakia","5401000"
"111","kyrgyzstan","5264000"
"112","finland","5249000[3]"
"113","turkmenistan","4833000"
"114","norway","4620000[4]"
"115","croatia","4551000"
"116","united arab       emirates","4496000"
"117","georgia","4474000"
"118","eritrea","4401000"
"119","costa rica","4401000"
"120","singapore","4326000"
"121","moldova","4206000"
"122","republic of       ireland","4148000"
"123","central       african republic","4038000"
"124","new zealand","4028000"
"125","republic of the       congo","3999000"
"126","{puerto rico|us}","3955000"
"127","bosnia and       herzegovina","3907000"
"128","occupied palestinian       territories","3702000"
"129","lebanon","3577000"
"130","uruguay","3463000"
"131","lithuania","3431000"
"132","liberia","3283000"
"133","panama","3232000"
"134","albania","3130000"
"135","mauritania","3069000"
"136","armenia","3016000"
"137","kuwait","2687000"
"138","jamaica","2651000"
"139","mongolia","2646000"
"140","oman","2567000"
"141","latvia","2307000"
"142","bhutan","2163000"
"143","republic of       macedonia","2034000"
"144","namibia","2031000"
"145","slovenia","1967000"
"146","lesotho","1795000"
"147","botswana","1765000"
"148","guinea-bissau","1586000"
"149","the gambia","1517000"
"150","gabon","1384000"
"151","estonia","1330000"
"152","trinidad and       tobago","1305000"
"153","mauritius","1245000[5]"
"154","swaziland","1032000"
"155","east timor","947000"
"156","fiji","848000"
"157","cyprus","835000"
"158","qatar","813000"
"159","comoros","798000[6]"
"160","djibouti","793000"
"161","{réunion|france}","785000"
"162","guyana","751000"
"163","bahrain","727000"
"164","cape verde","507000"
"165","equatorial     guinea","504000"
"166","solomon islands","478000"
"167","luxembourg","465000"
"168","{macau|prc}","460000"
"169","suriname","449000"
"170","{guadeloupe|france}","448000"
"171","malta","402000"
"172","{martinique|france}","396000"
"173","brunei","374000"
"174","western sahara","341000"
"175","maldives","329000"
"176","the bahamas","323000"
"177","iceland","295000"
"178","barbados","270000"
"179","belize","270000"
"180","{french polynesia|france}","257000"
"181","{new caledonia|france}","237000"
"182","vanuatu","211000"
"183","{french guiana|france}","187000"
"184","samoa","185000"
"185","{netherlands       antilles|netherlands}","183000"
"186","{guam|us}","170000"
"187","saint lucia","161000"
"188","são tomé       and príncipe","157000"
"189","{channel islands|uk}","149000[7]"
"190","saint       vincent and the grenadines","119000"
"191","{u.s.       virgin islands|us}","112000"
"192","federated       states of micronesia","110000"
"193","grenada","103000"
"194","tonga","102000"
"195","{aruba|netherlands}","99000"
"196","kiribati","99000"
"197","antigua and       barbuda","81000"
"198","{northern       mariana islands|us}","81000"
"199","seychelles","81000"
"200","dominica","79000"
"201","{isle of man|uk}","77000"
"202","andorra","67000"
"203","{american samoa|us}","65000"
"204","{bermuda|uk}","64000"
"205","marshall     islands","62000"
"206","{greenland|denmark}","57000"
"207","{faroe islands|denmark}","47000"
"208","{cayman islands|uk}","45000"
"209","saint kitts and       nevis","43000"
"210","liechtenstein","35000"
"211","monaco","35000"
"212","{gibraltar|uk}","28000"
"213","san marino","28000"
"214","{turks and       caicos islands|uk}","26000"
"215","{british virgin       islands|uk}","22000"
"216","palau","20000"
"217","{cook islands|nz}","18000"
"218","{wallis and       futuna|france}","15000"
"219","nauru","14000"
"220","{anguilla|uk}","12000"
"221","tuvalu","10000"
"222","{saint-pierre       and miquelon|france}","6000"
"223","{saint helena|uk}","5000[8]"
"224","{montserrat|uk}","4000"
"225","{falkland islands|uk}","3000"
"226","vatican city","1000"
"227","{niue|nz}","1000"
"228","{tokelau|uk}","1000"
"229","{pitcairn islands|uk}","67"
