{"filename":"26054757_3147037864032982689","uri":"http://www.kosal.us/Demographics%20and%20Geopolitics/List%20of%20countries%20by%20population%20-%20Wikipedia,%20the%20free%20encyclopedia.htm","arcfile":"common-crawl/parse-output/segment/1346876860786/1346921503763_539.arc.gz","arcfilePosition":26054757,"hasContentTables":true,"hasRelevantTables":false,"contentTables":[{"start":20501,"end":60079,"content":true,"relevant":false,"avgColCount":231.0,"colStdDeviation":0.0,"avgRowCount":3.0,"rowStdDeviation":0.0,"avgCellLength":7.0,"cellLengthStdDeviation":6.422363524961293,"rowCLC":-0.03398830005972859,"colCLC":0.5334022038567487,"linkPercentage":0.33044733044733043,"formPercentage":0.0,"imagePercentage":0.0,"emptyPercentage":0.0,"digitPercentage":0.6507936507936508,"textPercentage":0.01875901875901876,"rowCTC":0.9393939393939394,"colCTC":2.8874458874458875},{"start":90665,"end":130243,"content":true,"relevant":false,"avgColCount":231.0,"colStdDeviation":0.0,"avgRowCount":3.0,"rowStdDeviation":0.0,"avgCellLength":7.0,"cellLengthStdDeviation":6.422363524961293,"rowCLC":-0.03398830005972859,"colCLC":0.5334022038567487,"linkPercentage":0.33044733044733043,"formPercentage":0.0,"imagePercentage":0.0,"emptyPercentage":0.0,"digitPercentage":0.6507936507936508,"textPercentage":0.01875901875901876,"rowCTC":0.9393939393939394,"colCTC":2.8874458874458875}]}