{"filename":"29666182_5867514430588386232","uri":"http://www.smolenski.rs/blog/wp-content/uploads/2010/01/wikipedia-page-views-per-country-with-internet-users.html","arcfile":"common-crawl/parse-output/segment/1346876860828/1346952357968_894.arc.gz","arcfilePosition":29666182,"hasContentTables":true,"hasRelevantTables":false,"contentTables":[{"start":507,"end":83517,"content":true,"relevant":false,"avgColCount":227.0,"colStdDeviation":0.0,"avgRowCount":6.0,"rowStdDeviation":0.0,"avgCellLength":6.0,"cellLengthStdDeviation":4.428747365852258,"rowCLC":-0.6018320397175024,"colCLC":1.5344713656387667,"linkPercentage":0.0,"formPercentage":0.0,"imagePercentage":0.0,"emptyPercentage":0.0,"digitPercentage":0.8105726872246696,"textPercentage":0.1894273127753304,"rowCTC":3.7797356828193833,"colCTC":5.726872246696035}]}