"party","date of initial  submission","informative  inventory report","inventory files nfr/other","notification form received"
"albania","&nbsp;","&nbsp;","&nbsp;","&nbsp;"
"armenia","28 august 2009","&nbsp;","nfr28 august 2009","&nbsp;"
"austria","13 february 2009","iir16 march 2009","nfr13 february 2009","x"
"azerbaijan","9 april 2009","&nbsp;","other9 april 2009","&nbsp;"
"belarus","16 february 2009","iir16 march 2009","nfr16 february 2009","x"
"belgium","13 february 2009","iir13 march 2009","nfr/other15 october 2009","x"
"bosnia &amp; herzegovina","&nbsp;","&nbsp;","&nbsp;","&nbsp;"
"bulgaria","12 february 2009","iir12 june 2009","nfr12 june 2009","x"
"canada","13 february 2009","&nbsp;","nfr/other13 february 2009","x"
"croatia","17 february 2009","iir7 july 2009","nfr9 april 2009","&nbsp;"
"cyprus","13 february 2009","iir13 february 2009","nfr13 february 2009","x"
"czech republic","17 february 2009","iir16 march 2009","nfr19 may 2009","x"
"denmark","9 february 2009","iir13 march 2009","nfr18 february 2009","x"
"estonia","13 february 2009","&nbsp;","nfr17 march 2009","x"
"european union","29 april 2009","iir29 may 2009","nfr/other29 may 2009","x"
"finland","13 february 2009","iir13 march 2009","nfr/other11 june 2009","x"
"france","13 february 2009","iir16 july 2009","nfr17 february 2009","&nbsp;"
"georgia","17 february 2009","&nbsp;","nfr/other30 march 2009","&nbsp;"
"germany","10 february 2009","not available16 march 2009","nfr10 february 2009","x"
"greece","17 february 2009","&nbsp;","nfr2 april 2009","x"
"hungary","16 february 2009","iir12 march 2009","nfr/other26 may 2009","x"
"iceland","&nbsp;","&nbsp;","&nbsp;","&nbsp;"
"ireland","13 february 2009","iir19 may 2009","nfr9 april 2009","x"
"italy","3 april 2009","iir1 september 2009","nfr3 april 2009","&nbsp;"
"kazakhstan","&nbsp;","&nbsp;","&nbsp;","&nbsp;"
"kyrgyzstan","26 may 2009","&nbsp;","other26 may 2009","&nbsp;"
"latvia","13 february 2009","iir13 march 2009","nfr14 april 2009","x"
"liechtenstein","25 june 2009","&nbsp;","nfr25 june 2009","&nbsp;"
"lithuania","20 february 2009","iir20 february 2009","nfr20 february 2009","x"
"luxembourg","23 april 2009","&nbsp;","nfr23 april 2009","&nbsp;"
"fyr of macedonia","6 february 2009","&nbsp;","nfr6 february 2009","&nbsp;"
"malta","26 february 2009","&nbsp;","nfr26 february 2009","x"
"republic of moldova","&nbsp;","&nbsp;","&nbsp;","&nbsp;"
"monaco","22 december 2008","iir22 december 2008","nfr22 december 2008","x"
"montenegro","","&nbsp;","",""
"netherlands","13 february 2009","iir24 november 2009","nfr13 february 2009","x"
"norway","13 february 2009","iir13 march 2009","nfr/other13 march 2009","x"
"poland","17 february 2009","iir26 may 2009","nfr26 may 2009","&nbsp;"
"portugal","15 february 2009","iir9 april 2009","nfr23 april 2009","x"
"romania","13 february 2009","iir14 march 2009","nfr/other13 february 2009","x"
"russian federation","14 april 2009","&nbsp;","nfr14 april 2009","x"
"serbia","13 february 2009","iir13 march 2009","nfr13 february 2009","x"
"slovakia","12 february 2009","iir18 march 2009","nfr/other18 march 2009","x"
"slovenia","13 february 2009","iir20 march 2009","nfr/other6 march 2009","x"
"spain","12 march 2009","iir21 july 2009","nfr/other12 march 2009","x"
"sweden","10 february 2009","iir10 february 2009","nfr/other13 march 2009","x"
"switzerland","13 february 2009","iir12 march 2009","nfr13 february 2009","x"
"turkey","&nbsp;","&nbsp;","&nbsp;","&nbsp;"
"ukraine","17 february 2009","&nbsp;","nfr17 february 2009","&nbsp;"
"united kingdom","13 february 2009","iir9 march 2009","nfr13 february 2009","x"
"united states of america","12 february 2009","iir12 february 2009","nfr12 february 2009","x"
