{"filename":"36739964_3302309617273814346","uri":"http://www.ceip.at/submissions-under-clrtap/2009-submissions/","arcfile":"common-crawl/parse-output/segment/1346981172239/1346997799738_4038.arc.gz","arcfilePosition":36739964,"hasContentTables":true,"hasRelevantTables":false,"contentTables":[{"start":11453,"end":106497,"content":true,"relevant":false,"avgColCount":52.0,"colStdDeviation":0.0,"avgRowCount":5.0,"rowStdDeviation":0.0,"avgCellLength":17.0,"cellLengthStdDeviation":6.816834365688429,"rowCLC":0.9496682411156095,"colCLC":1.375359362859362,"linkPercentage":0.0,"formPercentage":0.0,"imagePercentage":0.0,"emptyPercentage":0.0,"digitPercentage":0.0,"textPercentage":1.0,"rowCTC":5.0,"colCTC":5.0}]}