"country","transit time","zone","&gt;2kg","&gt;5kg","&gt;10kg","&gt;15kg","&gt;20kg","&gt;25kg","&gt;30kg"
"uk mainland","5 working days","&nbsp;","&nbsp;&#163;&nbsp;&nbsp;&nbsp; 6.50","&nbsp;&#163;&nbsp;&nbsp;&nbsp; 6.50","&nbsp;&#163;&nbsp;&nbsp;&nbsp; 6.50","&nbsp;&#163;&nbsp;&nbsp;&nbsp; 6.50","&nbsp;&#163;&nbsp;&nbsp;&nbsp; 6.50","&nbsp;&#163;&nbsp;&nbsp;&nbsp; 6.50","&nbsp;&#163;&nbsp;&nbsp;&nbsp; 6.50"
"afghanistan","5 working days","9","&nbsp;&#163;&nbsp;&nbsp; 26.00","&nbsp;&#163;&nbsp;&nbsp; 39.50","&nbsp;&#163;&nbsp;&nbsp; 59.50","&nbsp;&#163;&nbsp;&nbsp; 79.00","&nbsp;&#163;&nbsp;&nbsp; 98.00","&nbsp;&#163; 123.50","&nbsp;&#163; 150.00"
"albania","5 working days","9","&nbsp;&#163;&nbsp;&nbsp; 26.00","&nbsp;&#163;&nbsp;&nbsp; 39.50","&nbsp;&#163;&nbsp;&nbsp; 59.50","&nbsp;&#163;&nbsp;&nbsp; 79.00","&nbsp;&#163;&nbsp;&nbsp; 98.00","&nbsp;&#163; 123.50","&nbsp;&#163; 150.00"
"algeria","5 working days","9","&nbsp;&#163;&nbsp;&nbsp; 26.00","&nbsp;&#163;&nbsp;&nbsp; 39.50","&nbsp;&#163;&nbsp;&nbsp; 59.50","&nbsp;&#163;&nbsp;&nbsp; 79.00","&nbsp;&#163;&nbsp;&nbsp; 98.00","&nbsp;&#163; 123.50","&nbsp;&#163; 150.00"
"american samoa","5 working days","9","&nbsp;&#163;&nbsp;&nbsp; 26.00","&nbsp;&#163;&nbsp;&nbsp; 39.50","&nbsp;&#163;&nbsp;&nbsp; 59.50","&nbsp;&#163;&nbsp;&nbsp; 79.00","&nbsp;&#163;&nbsp;&nbsp; 98.00","&nbsp;&#163; 123.50","&nbsp;&#163; 150.00"
"andorra","5 working days","4","&nbsp;&#163;&nbsp;&nbsp; 14.00","&nbsp;&#163;&nbsp;&nbsp; 21.00","&nbsp;&#163;&nbsp;&nbsp; 30.00","&nbsp;&#163;&nbsp;&nbsp; 37.00","&nbsp;&#163;&nbsp;&nbsp; 44.00","&nbsp;&#163;&nbsp;&nbsp; 50.00","&nbsp;&#163;&nbsp;&nbsp; 54.00"
"angola","5 working days","9","&nbsp;&#163;&nbsp;&nbsp; 26.00","&nbsp;&#163;&nbsp;&nbsp; 39.50","&nbsp;&#163;&nbsp;&nbsp; 59.50","&nbsp;&#163;&nbsp;&nbsp; 79.00","&nbsp;&#163;&nbsp;&nbsp; 98.00","&nbsp;&#163; 123.50","&nbsp;&#163; 150.00"
"anguilla","5 working days","9","&nbsp;&#163;&nbsp;&nbsp; 26.00","&nbsp;&#163;&nbsp;&nbsp; 39.50","&nbsp;&#163;&nbsp;&nbsp; 59.50","&nbsp;&#163;&nbsp;&nbsp; 79.00","&nbsp;&#163;&nbsp;&nbsp; 98.00","&nbsp;&#163; 123.50","&nbsp;&#163; 150.00"
"antigua","5 working days","9","&nbsp;&#163;&nbsp;&nbsp; 26.00","&nbsp;&#163;&nbsp;&nbsp; 39.50","&nbsp;&#163;&nbsp;&nbsp; 59.50","&nbsp;&#163;&nbsp;&nbsp; 79.00","&nbsp;&#163;&nbsp;&nbsp; 98.00","&nbsp;&#163; 123.50","&nbsp;&#163; 150.00"
"argentina","5 working days","9","&nbsp;&#163;&nbsp;&nbsp; 26.00","&nbsp;&#163;&nbsp;&nbsp; 39.50","&nbsp;&#163;&nbsp;&nbsp; 59.50","&nbsp;&#163;&nbsp;&nbsp; 79.00","&nbsp;&#163;&nbsp;&nbsp; 98.00","&nbsp;&#163; 123.50","&nbsp;&#163; 150.00"
"armenia","5 working days","9","&nbsp;&#163;&nbsp;&nbsp; 26.00","&nbsp;&#163;&nbsp;&nbsp; 39.50","&nbsp;&#163;&nbsp;&nbsp; 59.50","&nbsp;&#163;&nbsp;&nbsp; 79.00","&nbsp;&#163;&nbsp;&nbsp; 98.00","&nbsp;&#163; 123.50","&nbsp;&#163; 150.00"
"aruba","5 working days","9","&nbsp;&#163;&nbsp;&nbsp; 26.00","&nbsp;&#163;&nbsp;&nbsp; 39.50","&nbsp;&#163;&nbsp;&nbsp; 59.50","&nbsp;&#163;&nbsp;&nbsp; 79.00","&nbsp;&#163;&nbsp;&nbsp; 98.00","&nbsp;&#163; 123.50","&nbsp;&#163; 150.00"
"australia","5 working days","7","&nbsp;&#163;&nbsp;&nbsp; 16.00","&nbsp;&#163;&nbsp;&nbsp; 17.00","&nbsp;&#163;&nbsp;&nbsp; 25.00","&nbsp;&#163;&nbsp;&nbsp; 38.00","&nbsp;&#163;&nbsp;&nbsp; 50.00","&nbsp;&#163;&nbsp;&nbsp; 68.00","&nbsp;&#163;&nbsp;&nbsp; 85.00"
"austria","5 working days","3","&nbsp;&#163;&nbsp;&nbsp; 14.50","&nbsp;&#163;&nbsp;&nbsp; 21.00","&nbsp;&#163;&nbsp;&nbsp; 30.00","&nbsp;&#163;&nbsp;&nbsp; 42.00","&nbsp;&#163;&nbsp;&nbsp; 53.00","&nbsp;&#163;&nbsp;&nbsp; 58.00","&nbsp;&#163;&nbsp;&nbsp; 64.50"
"azerbaijan","5 working days","9","&nbsp;&#163;&nbsp;&nbsp; 26.00","&nbsp;&#163;&nbsp;&nbsp; 39.50","&nbsp;&#163;&nbsp;&nbsp; 59.50","&nbsp;&#163;&nbsp;&nbsp; 79.00","&nbsp;&#163;&nbsp;&nbsp; 98.00","&nbsp;&#163; 123.50","&nbsp;&#163; 150.00"
"bahamas","5 working days","9","&nbsp;&#163;&nbsp;&nbsp; 26.00","&nbsp;&#163;&nbsp;&nbsp; 39.50","&nbsp;&#163;&nbsp;&nbsp; 59.50","&nbsp;&#163;&nbsp;&nbsp; 79.00","&nbsp;&#163;&nbsp;&nbsp; 98.00","&nbsp;&#163; 123.50","&nbsp;&#163; 150.00"
"bahrain","5 working days","8","&nbsp;&#163;&nbsp;&nbsp; 23.50","&nbsp;&#163;&nbsp;&nbsp; 35.50","&nbsp;&#163;&nbsp;&nbsp; 47.00","&nbsp;&#163;&nbsp;&nbsp; 64.00","&nbsp;&#163;&nbsp;&nbsp; 80.00","&nbsp;&#163; 100.00","&nbsp;&#163; 120.00"
"bangladesh","5 working days","9","&nbsp;&#163;&nbsp;&nbsp; 26.00","&nbsp;&#163;&nbsp;&nbsp; 39.50","&nbsp;&#163;&nbsp;&nbsp; 59.50","&nbsp;&#163;&nbsp;&nbsp; 79.00","&nbsp;&#163;&nbsp;&nbsp; 98.00","&nbsp;&#163; 123.50","&nbsp;&#163; 150.00"
"barbados","5 working days","9","&nbsp;&#163;&nbsp;&nbsp; 26.00","&nbsp;&#163;&nbsp;&nbsp; 39.50","&nbsp;&#163;&nbsp;&nbsp; 59.50","&nbsp;&#163;&nbsp;&nbsp; 79.00","&nbsp;&#163;&nbsp;&nbsp; 98.00","&nbsp;&#163; 123.50","&nbsp;&#163; 150.00"
"belarus","5 working days","6","&nbsp;&#163;&nbsp;&nbsp; 17.50","&nbsp;&#163;&nbsp;&nbsp; 26.00","&nbsp;&#163;&nbsp;&nbsp; 39.00","&nbsp;&#163;&nbsp;&nbsp; 50.00","&nbsp;&#163;&nbsp;&nbsp; 60.00","&nbsp;&#163;&nbsp;&nbsp; 71.00","&nbsp;&#163;&nbsp;&nbsp; 80.00"
"belgium","5 working days","1","&nbsp;&#163;&nbsp;&nbsp; 12.50","&nbsp;&#163;&nbsp;&nbsp; 17.50","&nbsp;&#163;&nbsp;&nbsp; 24.50","&nbsp;&#163;&nbsp;&nbsp; 30.00","&nbsp;&#163;&nbsp;&nbsp; 35.00","&nbsp;&#163;&nbsp;&nbsp; 40.50","&nbsp;&#163;&nbsp;&nbsp; 46.00"
"belize","5 working days","9","&nbsp;&#163;&nbsp;&nbsp; 26.00","&nbsp;&#163;&nbsp;&nbsp; 39.50","&nbsp;&#163;&nbsp;&nbsp; 59.50","&nbsp;&#163;&nbsp;&nbsp; 79.00","&nbsp;&#163;&nbsp;&nbsp; 98.00","&nbsp;&#163; 123.50","&nbsp;&#163; 150.00"
"benin","5 working days","9","&nbsp;&#163;&nbsp;&nbsp; 26.00","&nbsp;&#163;&nbsp;&nbsp; 39.50","&nbsp;&#163;&nbsp;&nbsp; 59.50","&nbsp;&#163;&nbsp;&nbsp; 79.00","&nbsp;&#163;&nbsp;&nbsp; 98.00","&nbsp;&#163; 123.50","&nbsp;&#163; 150.00"
"bermuda","5 working days","9","&nbsp;&#163;&nbsp;&nbsp; 26.00","&nbsp;&#163;&nbsp;&nbsp; 39.50","&nbsp;&#163;&nbsp;&nbsp; 59.50","&nbsp;&#163;&nbsp;&nbsp; 79.00","&nbsp;&#163;&nbsp;&nbsp; 98.00","&nbsp;&#163; 123.50","&nbsp;&#163; 150.00"
"bhutan","5 working days","9","&nbsp;&#163;&nbsp;&nbsp; 26.00","&nbsp;&#163;&nbsp;&nbsp; 39.50","&nbsp;&#163;&nbsp;&nbsp; 59.50","&nbsp;&#163;&nbsp;&nbsp; 79.00","&nbsp;&#163;&nbsp;&nbsp; 98.00","&nbsp;&#163; 123.50","&nbsp;&#163; 150.00"
"bolivia","5 working days","9","&nbsp;&#163;&nbsp;&nbsp; 26.00","&nbsp;&#163;&nbsp;&nbsp; 39.50","&nbsp;&#163;&nbsp;&nbsp; 59.50","&nbsp;&#163;&nbsp;&nbsp; 79.00","&nbsp;&#163;&nbsp;&nbsp; 98.00","&nbsp;&#163; 123.50","&nbsp;&#163; 150.00"
"bonaire","5 working days","9","&nbsp;&#163;&nbsp;&nbsp; 26.00","&nbsp;&#163;&nbsp;&nbsp; 39.50","&nbsp;&#163;&nbsp;&nbsp; 59.50","&nbsp;&#163;&nbsp;&nbsp; 79.00","&nbsp;&#163;&nbsp;&nbsp; 98.00","&nbsp;&#163; 123.50","&nbsp;&#163; 150.00"
"bosnia-herzogovina","5 working days","8","&nbsp;&#163;&nbsp;&nbsp; 23.50","&nbsp;&#163;&nbsp;&nbsp; 35.50","&nbsp;&#163;&nbsp;&nbsp; 47.00","&nbsp;&#163;&nbsp;&nbsp; 64.00","&nbsp;&#163;&nbsp;&nbsp; 80.00","&nbsp;&#163; 100.00","&nbsp;&#163; 120.00"
"botswana","5 working days","9","&nbsp;&#163;&nbsp;&nbsp; 26.00","&nbsp;&#163;&nbsp;&nbsp; 39.50","&nbsp;&#163;&nbsp;&nbsp; 59.50","&nbsp;&#163;&nbsp;&nbsp; 79.00","&nbsp;&#163;&nbsp;&nbsp; 98.00","&nbsp;&#163; 123.50","&nbsp;&#163; 150.00"
"brazil","5 working days","9","&nbsp;&#163;&nbsp;&nbsp; 26.00","&nbsp;&#163;&nbsp;&nbsp; 39.50","&nbsp;&#163;&nbsp;&nbsp; 59.50","&nbsp;&#163;&nbsp;&nbsp; 79.00","&nbsp;&#163;&nbsp;&nbsp; 98.00","&nbsp;&#163; 123.50","&nbsp;&#163; 150.00"
"brunei","5 working days","8","&nbsp;&#163;&nbsp;&nbsp; 23.50","&nbsp;&#163;&nbsp;&nbsp; 35.50","&nbsp;&#163;&nbsp;&nbsp; 47.00","&nbsp;&#163;&nbsp;&nbsp; 64.00","&nbsp;&#163;&nbsp;&nbsp; 80.00","&nbsp;&#163; 100.00","&nbsp;&#163; 120.00"
"bulgaria","5 working days","4","&nbsp;&#163;&nbsp;&nbsp; 14.00","&nbsp;&#163;&nbsp;&nbsp; 21.00","&nbsp;&#163;&nbsp;&nbsp; 30.00","&nbsp;&#163;&nbsp;&nbsp; 37.00","&nbsp;&#163;&nbsp;&nbsp; 44.00","&nbsp;&#163;&nbsp;&nbsp; 50.00","&nbsp;&#163;&nbsp;&nbsp; 54.00"
"burkino faso","5 working days","9","&nbsp;&#163;&nbsp;&nbsp; 26.00","&nbsp;&#163;&nbsp;&nbsp; 39.50","&nbsp;&#163;&nbsp;&nbsp; 59.50","&nbsp;&#163;&nbsp;&nbsp; 79.00","&nbsp;&#163;&nbsp;&nbsp; 98.00","&nbsp;&#163; 123.50","&nbsp;&#163; 150.00"
"burundi","5 working days","9","&nbsp;&#163;&nbsp;&nbsp; 26.00","&nbsp;&#163;&nbsp;&nbsp; 39.50","&nbsp;&#163;&nbsp;&nbsp; 59.50","&nbsp;&#163;&nbsp;&nbsp; 79.00","&nbsp;&#163;&nbsp;&nbsp; 98.00","&nbsp;&#163; 123.50","&nbsp;&#163; 150.00"
"cambodia","5 working days","8","&nbsp;&#163;&nbsp;&nbsp; 23.50","&nbsp;&#163;&nbsp;&nbsp; 35.50","&nbsp;&#163;&nbsp;&nbsp; 47.00","&nbsp;&#163;&nbsp;&nbsp; 64.00","&nbsp;&#163;&nbsp;&nbsp; 80.00","&nbsp;&#163; 100.00","&nbsp;&#163; 120.00"
"cameroon","5 working days","9","&nbsp;&#163;&nbsp;&nbsp; 26.00","&nbsp;&#163;&nbsp;&nbsp; 39.50","&nbsp;&#163;&nbsp;&nbsp; 59.50","&nbsp;&#163;&nbsp;&nbsp; 79.00","&nbsp;&#163;&nbsp;&nbsp; 98.00","&nbsp;&#163; 123.50","&nbsp;&#163; 150.00"
"canada","5 working days","5","&nbsp;&#163;&nbsp;&nbsp; 17.50","&nbsp;&#163;&nbsp;&nbsp; 18.50","&nbsp;&#163;&nbsp;&nbsp; 24.50","&nbsp;&#163;&nbsp;&nbsp; 33.50","&nbsp;&#163;&nbsp;&nbsp; 41.50","&nbsp;&#163;&nbsp;&nbsp; 51.50","&nbsp;&#163;&nbsp;&nbsp; 61.00"
"canary islands","5 working days","6","&nbsp;&#163;&nbsp;&nbsp; 17.50","&nbsp;&#163;&nbsp;&nbsp; 26.00","&nbsp;&#163;&nbsp;&nbsp; 39.00","&nbsp;&#163;&nbsp;&nbsp; 50.00","&nbsp;&#163;&nbsp;&nbsp; 60.00","&nbsp;&#163;&nbsp;&nbsp; 71.00","&nbsp;&#163;&nbsp;&nbsp; 80.00"
"cape verde","5 working days","9","&nbsp;&#163;&nbsp;&nbsp; 26.00","&nbsp;&#163;&nbsp;&nbsp; 39.50","&nbsp;&#163;&nbsp;&nbsp; 59.50","&nbsp;&#163;&nbsp;&nbsp; 79.00","&nbsp;&#163;&nbsp;&nbsp; 98.00","&nbsp;&#163; 123.50","&nbsp;&#163; 150.00"
"cayman islands","5 working days","9","&nbsp;&#163;&nbsp;&nbsp; 26.00","&nbsp;&#163;&nbsp;&nbsp; 39.50","&nbsp;&#163;&nbsp;&nbsp; 59.50","&nbsp;&#163;&nbsp;&nbsp; 79.00","&nbsp;&#163;&nbsp;&nbsp; 98.00","&nbsp;&#163; 123.50","&nbsp;&#163; 150.00"
"central african rep.","5 working days","9","&nbsp;&#163;&nbsp;&nbsp; 26.00","&nbsp;&#163;&nbsp;&nbsp; 39.50","&nbsp;&#163;&nbsp;&nbsp; 59.50","&nbsp;&#163;&nbsp;&nbsp; 79.00","&nbsp;&#163;&nbsp;&nbsp; 98.00","&nbsp;&#163; 123.50","&nbsp;&#163; 150.00"
"chad","5 working days","9","&nbsp;&#163;&nbsp;&nbsp; 26.00","&nbsp;&#163;&nbsp;&nbsp; 39.50","&nbsp;&#163;&nbsp;&nbsp; 59.50","&nbsp;&#163;&nbsp;&nbsp; 79.00","&nbsp;&#163;&nbsp;&nbsp; 98.00","&nbsp;&#163; 123.50","&nbsp;&#163; 150.00"
"channel islands","5 working days","1","&nbsp;&#163;&nbsp;&nbsp; 12.50","&nbsp;&#163;&nbsp;&nbsp; 17.50","&nbsp;&#163;&nbsp;&nbsp; 24.50","&nbsp;&#163;&nbsp;&nbsp; 30.00","&nbsp;&#163;&nbsp;&nbsp; 35.00","&nbsp;&#163;&nbsp;&nbsp; 40.50","&nbsp;&#163;&nbsp;&nbsp; 46.00"
"chile","5 working days","9","&nbsp;&#163;&nbsp;&nbsp; 26.00","&nbsp;&#163;&nbsp;&nbsp; 39.50","&nbsp;&#163;&nbsp;&nbsp; 59.50","&nbsp;&#163;&nbsp;&nbsp; 79.00","&nbsp;&#163;&nbsp;&nbsp; 98.00","&nbsp;&#163; 123.50","&nbsp;&#163; 150.00"
"china","5 working days","7","&nbsp;&#163;&nbsp;&nbsp; 16.00","&nbsp;&#163;&nbsp;&nbsp; 17.00","&nbsp;&#163;&nbsp;&nbsp; 25.00","&nbsp;&#163;&nbsp;&nbsp; 38.00","&nbsp;&#163;&nbsp;&nbsp; 50.00","&nbsp;&#163;&nbsp;&nbsp; 68.00","&nbsp;&#163;&nbsp;&nbsp; 85.00"
"colombia","5 working days","9","&nbsp;&#163;&nbsp;&nbsp; 26.00","&nbsp;&#163;&nbsp;&nbsp; 39.50","&nbsp;&#163;&nbsp;&nbsp; 59.50","&nbsp;&#163;&nbsp;&nbsp; 79.00","&nbsp;&#163;&nbsp;&nbsp; 98.00","&nbsp;&#163; 123.50","&nbsp;&#163; 150.00"
"comoros islands","5 working days","9","&nbsp;&#163;&nbsp;&nbsp; 26.00","&nbsp;&#163;&nbsp;&nbsp; 39.50","&nbsp;&#163;&nbsp;&nbsp; 59.50","&nbsp;&#163;&nbsp;&nbsp; 79.00","&nbsp;&#163;&nbsp;&nbsp; 98.00","&nbsp;&#163; 123.50","&nbsp;&#163; 150.00"
"congo","5 working days","9","&nbsp;&#163;&nbsp;&nbsp; 26.00","&nbsp;&#163;&nbsp;&nbsp; 39.50","&nbsp;&#163;&nbsp;&nbsp; 59.50","&nbsp;&#163;&nbsp;&nbsp; 79.00","&nbsp;&#163;&nbsp;&nbsp; 98.00","&nbsp;&#163; 123.50","&nbsp;&#163; 150.00"
"congo dem. rep","5 working days","9","&nbsp;&#163;&nbsp;&nbsp; 26.00","&nbsp;&#163;&nbsp;&nbsp; 39.50","&nbsp;&#163;&nbsp;&nbsp; 59.50","&nbsp;&#163;&nbsp;&nbsp; 79.00","&nbsp;&#163;&nbsp;&nbsp; 98.00","&nbsp;&#163; 123.50","&nbsp;&#163; 150.00"
"cook islands","5 working days","9","&nbsp;&#163;&nbsp;&nbsp; 26.00","&nbsp;&#163;&nbsp;&nbsp; 39.50","&nbsp;&#163;&nbsp;&nbsp; 59.50","&nbsp;&#163;&nbsp;&nbsp; 79.00","&nbsp;&#163;&nbsp;&nbsp; 98.00","&nbsp;&#163; 123.50","&nbsp;&#163; 150.00"
"costa rica","5 working days","9","&nbsp;&#163;&nbsp;&nbsp; 26.00","&nbsp;&#163;&nbsp;&nbsp; 39.50","&nbsp;&#163;&nbsp;&nbsp; 59.50","&nbsp;&#163;&nbsp;&nbsp; 79.00","&nbsp;&#163;&nbsp;&nbsp; 98.00","&nbsp;&#163; 123.50","&nbsp;&#163; 150.00"
"croatia","5 working days","8","&nbsp;&#163;&nbsp;&nbsp; 23.50","&nbsp;&#163;&nbsp;&nbsp; 35.50","&nbsp;&#163;&nbsp;&nbsp; 47.00","&nbsp;&#163;&nbsp;&nbsp; 64.00","&nbsp;&#163;&nbsp;&nbsp; 80.00","&nbsp;&#163; 100.00","&nbsp;&#163; 120.00"
"cuba","5 working days","9","&nbsp;&#163;&nbsp;&nbsp; 26.00","&nbsp;&#163;&nbsp;&nbsp; 39.50","&nbsp;&#163;&nbsp;&nbsp; 59.50","&nbsp;&#163;&nbsp;&nbsp; 79.00","&nbsp;&#163;&nbsp;&nbsp; 98.00","&nbsp;&#163; 123.50","&nbsp;&#163; 150.00"
"curacao","5 working days","9","&nbsp;&#163;&nbsp;&nbsp; 26.00","&nbsp;&#163;&nbsp;&nbsp; 39.50","&nbsp;&#163;&nbsp;&nbsp; 59.50","&nbsp;&#163;&nbsp;&nbsp; 79.00","&nbsp;&#163;&nbsp;&nbsp; 98.00","&nbsp;&#163; 123.50","&nbsp;&#163; 150.00"
"cyprus","5 working days","4","&nbsp;&#163;&nbsp;&nbsp; 14.00","&nbsp;&#163;&nbsp;&nbsp; 21.00","&nbsp;&#163;&nbsp;&nbsp; 30.00","&nbsp;&#163;&nbsp;&nbsp; 37.00","&nbsp;&#163;&nbsp;&nbsp; 44.00","&nbsp;&#163;&nbsp;&nbsp; 50.00","&nbsp;&#163;&nbsp;&nbsp; 54.00"
"czech republic","5 working days","4","&nbsp;&#163;&nbsp;&nbsp; 14.00","&nbsp;&#163;&nbsp;&nbsp; 21.00","&nbsp;&#163;&nbsp;&nbsp; 30.00","&nbsp;&#163;&nbsp;&nbsp; 37.00","&nbsp;&#163;&nbsp;&nbsp; 44.00","&nbsp;&#163;&nbsp;&nbsp; 50.00","&nbsp;&#163;&nbsp;&nbsp; 54.00"
"denmark","5 working days","3","&nbsp;&#163;&nbsp;&nbsp; 14.50","&nbsp;&#163;&nbsp;&nbsp; 21.00","&nbsp;&#163;&nbsp;&nbsp; 30.00","&nbsp;&#163;&nbsp;&nbsp; 42.00","&nbsp;&#163;&nbsp;&nbsp; 53.00","&nbsp;&#163;&nbsp;&nbsp; 58.00","&nbsp;&#163;&nbsp;&nbsp; 64.50"
"djibouti","5 working days","9","&nbsp;&#163;&nbsp;&nbsp; 26.00","&nbsp;&#163;&nbsp;&nbsp; 39.50","&nbsp;&#163;&nbsp;&nbsp; 59.50","&nbsp;&#163;&nbsp;&nbsp; 79.00","&nbsp;&#163;&nbsp;&nbsp; 98.00","&nbsp;&#163; 123.50","&nbsp;&#163; 150.00"
"dominica","5 working days","9","&nbsp;&#163;&nbsp;&nbsp; 26.00","&nbsp;&#163;&nbsp;&nbsp; 39.50","&nbsp;&#163;&nbsp;&nbsp; 59.50","&nbsp;&#163;&nbsp;&nbsp; 79.00","&nbsp;&#163;&nbsp;&nbsp; 98.00","&nbsp;&#163; 123.50","&nbsp;&#163; 150.00"
"dominican rep.","5 working days","9","&nbsp;&#163;&nbsp;&nbsp; 26.00","&nbsp;&#163;&nbsp;&nbsp; 39.50","&nbsp;&#163;&nbsp;&nbsp; 59.50","&nbsp;&#163;&nbsp;&nbsp; 79.00","&nbsp;&#163;&nbsp;&nbsp; 98.00","&nbsp;&#163; 123.50","&nbsp;&#163; 150.00"
"east timor","5 working days","9","&nbsp;&#163;&nbsp;&nbsp; 26.00","&nbsp;&#163;&nbsp;&nbsp; 39.50","&nbsp;&#163;&nbsp;&nbsp; 59.50","&nbsp;&#163;&nbsp;&nbsp; 79.00","&nbsp;&#163;&nbsp;&nbsp; 98.00","&nbsp;&#163; 123.50","&nbsp;&#163; 150.00"
"ecuador","5 working days","9","&nbsp;&#163;&nbsp;&nbsp; 26.00","&nbsp;&#163;&nbsp;&nbsp; 39.50","&nbsp;&#163;&nbsp;&nbsp; 59.50","&nbsp;&#163;&nbsp;&nbsp; 79.00","&nbsp;&#163;&nbsp;&nbsp; 98.00","&nbsp;&#163; 123.50","&nbsp;&#163; 150.00"
"egypt","5 working days","9","&nbsp;&#163;&nbsp;&nbsp; 26.00","&nbsp;&#163;&nbsp;&nbsp; 39.50","&nbsp;&#163;&nbsp;&nbsp; 59.50","&nbsp;&#163;&nbsp;&nbsp; 79.00","&nbsp;&#163;&nbsp;&nbsp; 98.00","&nbsp;&#163; 123.50","&nbsp;&#163; 150.00"
"el salvador","5 working days","9","&nbsp;&#163;&nbsp;&nbsp; 26.00","&nbsp;&#163;&nbsp;&nbsp; 39.50","&nbsp;&#163;&nbsp;&nbsp; 59.50","&nbsp;&#163;&nbsp;&nbsp; 79.00","&nbsp;&#163;&nbsp;&nbsp; 98.00","&nbsp;&#163; 123.50","&nbsp;&#163; 150.00"
"equatorial guinea","5 working days","9","&nbsp;&#163;&nbsp;&nbsp; 26.00","&nbsp;&#163;&nbsp;&nbsp; 39.50","&nbsp;&#163;&nbsp;&nbsp; 59.50","&nbsp;&#163;&nbsp;&nbsp; 79.00","&nbsp;&#163;&nbsp;&nbsp; 98.00","&nbsp;&#163; 123.50","&nbsp;&#163; 150.00"
"eritrea","5 working days","9","&nbsp;&#163;&nbsp;&nbsp; 26.00","&nbsp;&#163;&nbsp;&nbsp; 39.50","&nbsp;&#163;&nbsp;&nbsp; 59.50","&nbsp;&#163;&nbsp;&nbsp; 79.00","&nbsp;&#163;&nbsp;&nbsp; 98.00","&nbsp;&#163; 123.50","&nbsp;&#163; 150.00"
"estonia","5 working days","4","&nbsp;&#163;&nbsp;&nbsp; 14.00","&nbsp;&#163;&nbsp;&nbsp; 21.00","&nbsp;&#163;&nbsp;&nbsp; 30.00","&nbsp;&#163;&nbsp;&nbsp; 37.00","&nbsp;&#163;&nbsp;&nbsp; 44.00","&nbsp;&#163;&nbsp;&nbsp; 50.00","&nbsp;&#163;&nbsp;&nbsp; 54.00"
"ethiopia","5 working days","9","&nbsp;&#163;&nbsp;&nbsp; 26.00","&nbsp;&#163;&nbsp;&nbsp; 39.50","&nbsp;&#163;&nbsp;&nbsp; 59.50","&nbsp;&#163;&nbsp;&nbsp; 79.00","&nbsp;&#163;&nbsp;&nbsp; 98.00","&nbsp;&#163; 123.50","&nbsp;&#163; 150.00"
"falkland islands","5 working days","9","&nbsp;&#163;&nbsp;&nbsp; 26.00","&nbsp;&#163;&nbsp;&nbsp; 39.50","&nbsp;&#163;&nbsp;&nbsp; 59.50","&nbsp;&#163;&nbsp;&nbsp; 79.00","&nbsp;&#163;&nbsp;&nbsp; 98.00","&nbsp;&#163; 123.50","&nbsp;&#163; 150.00"
"faroe islands","5 working days","9","&nbsp;&#163;&nbsp;&nbsp; 26.00","&nbsp;&#163;&nbsp;&nbsp; 39.50","&nbsp;&#163;&nbsp;&nbsp; 59.50","&nbsp;&#163;&nbsp;&nbsp; 79.00","&nbsp;&#163;&nbsp;&nbsp; 98.00","&nbsp;&#163; 123.50","&nbsp;&#163; 150.00"
"fiji","5 working days","9","&nbsp;&#163;&nbsp;&nbsp; 26.00","&nbsp;&#163;&nbsp;&nbsp; 39.50","&nbsp;&#163;&nbsp;&nbsp; 59.50","&nbsp;&#163;&nbsp;&nbsp; 79.00","&nbsp;&#163;&nbsp;&nbsp; 98.00","&nbsp;&#163; 123.50","&nbsp;&#163; 150.00"
"finland","5 working days","3","&nbsp;&#163;&nbsp;&nbsp; 14.50","&nbsp;&#163;&nbsp;&nbsp; 21.00","&nbsp;&#163;&nbsp;&nbsp; 30.00","&nbsp;&#163;&nbsp;&nbsp; 42.00","&nbsp;&#163;&nbsp;&nbsp; 53.00","&nbsp;&#163;&nbsp;&nbsp; 58.00","&nbsp;&#163;&nbsp;&nbsp; 64.50"
"france","5 working days","2","&nbsp;&#163;&nbsp;&nbsp; 13.00","&nbsp;&#163;&nbsp;&nbsp; 18.00","&nbsp;&#163;&nbsp;&nbsp; 23.50","&nbsp;&#163;&nbsp;&nbsp; 31.50","&nbsp;&#163;&nbsp;&nbsp; 39.00","&nbsp;&#163;&nbsp;&nbsp; 46.00","&nbsp;&#163;&nbsp;&nbsp; 53.00"
"french guiana","5 working days","9","&nbsp;&#163;&nbsp;&nbsp; 26.00","&nbsp;&#163;&nbsp;&nbsp; 39.50","&nbsp;&#163;&nbsp;&nbsp; 59.50","&nbsp;&#163;&nbsp;&nbsp; 79.00","&nbsp;&#163;&nbsp;&nbsp; 98.00","&nbsp;&#163; 123.50","&nbsp;&#163; 150.00"
"gabon","5 working days","9","&nbsp;&#163;&nbsp;&nbsp; 26.00","&nbsp;&#163;&nbsp;&nbsp; 39.50","&nbsp;&#163;&nbsp;&nbsp; 59.50","&nbsp;&#163;&nbsp;&nbsp; 79.00","&nbsp;&#163;&nbsp;&nbsp; 98.00","&nbsp;&#163; 123.50","&nbsp;&#163; 150.00"
"gambia","5 working days","9","&nbsp;&#163;&nbsp;&nbsp; 26.00","&nbsp;&#163;&nbsp;&nbsp; 39.50","&nbsp;&#163;&nbsp;&nbsp; 59.50","&nbsp;&#163;&nbsp;&nbsp; 79.00","&nbsp;&#163;&nbsp;&nbsp; 98.00","&nbsp;&#163; 123.50","&nbsp;&#163; 150.00"
"georgia","5 working days","9","&nbsp;&#163;&nbsp;&nbsp; 26.00","&nbsp;&#163;&nbsp;&nbsp; 39.50","&nbsp;&#163;&nbsp;&nbsp; 59.50","&nbsp;&#163;&nbsp;&nbsp; 79.00","&nbsp;&#163;&nbsp;&nbsp; 98.00","&nbsp;&#163; 123.50","&nbsp;&#163; 150.00"
"germany","5 working days","2","&nbsp;&#163;&nbsp;&nbsp; 13.00","&nbsp;&#163;&nbsp;&nbsp; 18.00","&nbsp;&#163;&nbsp;&nbsp; 23.50","&nbsp;&#163;&nbsp;&nbsp; 31.50","&nbsp;&#163;&nbsp;&nbsp; 39.00","&nbsp;&#163;&nbsp;&nbsp; 46.00","&nbsp;&#163;&nbsp;&nbsp; 53.00"
"ghana","5 working days","9","&nbsp;&#163;&nbsp;&nbsp; 26.00","&nbsp;&#163;&nbsp;&nbsp; 39.50","&nbsp;&#163;&nbsp;&nbsp; 59.50","&nbsp;&#163;&nbsp;&nbsp; 79.00","&nbsp;&#163;&nbsp;&nbsp; 98.00","&nbsp;&#163; 123.50","&nbsp;&#163; 150.00"
"gibraltar","5 working days","6","&nbsp;&#163;&nbsp;&nbsp; 17.50","&nbsp;&#163;&nbsp;&nbsp; 26.00","&nbsp;&#163;&nbsp;&nbsp; 39.00","&nbsp;&#163;&nbsp;&nbsp; 50.00","&nbsp;&#163;&nbsp;&nbsp; 60.00","&nbsp;&#163;&nbsp;&nbsp; 71.00","&nbsp;&#163;&nbsp;&nbsp; 80.00"
"greece","5 working days","3","&nbsp;&#163;&nbsp;&nbsp; 14.50","&nbsp;&#163;&nbsp;&nbsp; 21.00","&nbsp;&#163;&nbsp;&nbsp; 30.00","&nbsp;&#163;&nbsp;&nbsp; 42.00","&nbsp;&#163;&nbsp;&nbsp; 53.00","&nbsp;&#163;&nbsp;&nbsp; 58.00","&nbsp;&#163;&nbsp;&nbsp; 64.50"
"greenland","5 working days","9","&nbsp;&#163;&nbsp;&nbsp; 26.00","&nbsp;&#163;&nbsp;&nbsp; 39.50","&nbsp;&#163;&nbsp;&nbsp; 59.50","&nbsp;&#163;&nbsp;&nbsp; 79.00","&nbsp;&#163;&nbsp;&nbsp; 98.00","&nbsp;&#163; 123.50","&nbsp;&#163; 150.00"
"grenada","5 working days","9","&nbsp;&#163;&nbsp;&nbsp; 26.00","&nbsp;&#163;&nbsp;&nbsp; 39.50","&nbsp;&#163;&nbsp;&nbsp; 59.50","&nbsp;&#163;&nbsp;&nbsp; 79.00","&nbsp;&#163;&nbsp;&nbsp; 98.00","&nbsp;&#163; 123.50","&nbsp;&#163; 150.00"
"guadaloupe","5 working days","9","&nbsp;&#163;&nbsp;&nbsp; 26.00","&nbsp;&#163;&nbsp;&nbsp; 39.50","&nbsp;&#163;&nbsp;&nbsp; 59.50","&nbsp;&#163;&nbsp;&nbsp; 79.00","&nbsp;&#163;&nbsp;&nbsp; 98.00","&nbsp;&#163; 123.50","&nbsp;&#163; 150.00"
"guam","5 working days","9","&nbsp;&#163;&nbsp;&nbsp; 26.00","&nbsp;&#163;&nbsp;&nbsp; 39.50","&nbsp;&#163;&nbsp;&nbsp; 59.50","&nbsp;&#163;&nbsp;&nbsp; 79.00","&nbsp;&#163;&nbsp;&nbsp; 98.00","&nbsp;&#163; 123.50","&nbsp;&#163; 150.00"
"guinea rep.","5 working days","9","&nbsp;&#163;&nbsp;&nbsp; 26.00","&nbsp;&#163;&nbsp;&nbsp; 39.50","&nbsp;&#163;&nbsp;&nbsp; 59.50","&nbsp;&#163;&nbsp;&nbsp; 79.00","&nbsp;&#163;&nbsp;&nbsp; 98.00","&nbsp;&#163; 123.50","&nbsp;&#163; 150.00"
"guinea-bissau","5 working days","9","&nbsp;&#163;&nbsp;&nbsp; 26.00","&nbsp;&#163;&nbsp;&nbsp; 39.50","&nbsp;&#163;&nbsp;&nbsp; 59.50","&nbsp;&#163;&nbsp;&nbsp; 79.00","&nbsp;&#163;&nbsp;&nbsp; 98.00","&nbsp;&#163; 123.50","&nbsp;&#163; 150.00"
"guyana","5 working days","9","&nbsp;&#163;&nbsp;&nbsp; 26.00","&nbsp;&#163;&nbsp;&nbsp; 39.50","&nbsp;&#163;&nbsp;&nbsp; 59.50","&nbsp;&#163;&nbsp;&nbsp; 79.00","&nbsp;&#163;&nbsp;&nbsp; 98.00","&nbsp;&#163; 123.50","&nbsp;&#163; 150.00"
"haiti","5 working days","9","&nbsp;&#163;&nbsp;&nbsp; 26.00","&nbsp;&#163;&nbsp;&nbsp; 39.50","&nbsp;&#163;&nbsp;&nbsp; 59.50","&nbsp;&#163;&nbsp;&nbsp; 79.00","&nbsp;&#163;&nbsp;&nbsp; 98.00","&nbsp;&#163; 123.50","&nbsp;&#163; 150.00"
"honduras rep.","5 working days","9","&nbsp;&#163;&nbsp;&nbsp; 26.00","&nbsp;&#163;&nbsp;&nbsp; 39.50","&nbsp;&#163;&nbsp;&nbsp; 59.50","&nbsp;&#163;&nbsp;&nbsp; 79.00","&nbsp;&#163;&nbsp;&nbsp; 98.00","&nbsp;&#163; 123.50","&nbsp;&#163; 150.00"
"hong kong","5 working days","7","&nbsp;&#163;&nbsp;&nbsp; 16.00","&nbsp;&#163;&nbsp;&nbsp; 17.00","&nbsp;&#163;&nbsp;&nbsp; 25.00","&nbsp;&#163;&nbsp;&nbsp; 38.00","&nbsp;&#163;&nbsp;&nbsp; 50.00","&nbsp;&#163;&nbsp;&nbsp; 68.00","&nbsp;&#163;&nbsp;&nbsp; 85.00"
"hungary","5 working days","4","&nbsp;&#163;&nbsp;&nbsp; 14.00","&nbsp;&#163;&nbsp;&nbsp; 21.00","&nbsp;&#163;&nbsp;&nbsp; 30.00","&nbsp;&#163;&nbsp;&nbsp; 37.00","&nbsp;&#163;&nbsp;&nbsp; 44.00","&nbsp;&#163;&nbsp;&nbsp; 50.00","&nbsp;&#163;&nbsp;&nbsp; 54.00"
"iceland","5 working days","7","&nbsp;&#163;&nbsp;&nbsp; 16.00","&nbsp;&#163;&nbsp;&nbsp; 17.00","&nbsp;&#163;&nbsp;&nbsp; 25.00","&nbsp;&#163;&nbsp;&nbsp; 38.00","&nbsp;&#163;&nbsp;&nbsp; 50.00","&nbsp;&#163;&nbsp;&nbsp; 68.00","&nbsp;&#163;&nbsp;&nbsp; 85.00"
"india","5 working days","8","&nbsp;&#163;&nbsp;&nbsp; 23.50","&nbsp;&#163;&nbsp;&nbsp; 35.50","&nbsp;&#163;&nbsp;&nbsp; 47.00","&nbsp;&#163;&nbsp;&nbsp; 64.00","&nbsp;&#163;&nbsp;&nbsp; 80.00","&nbsp;&#163; 100.00","&nbsp;&#163; 120.00"
"indonesia","5 working days","7","&nbsp;&#163;&nbsp;&nbsp; 16.00","&nbsp;&#163;&nbsp;&nbsp; 17.00","&nbsp;&#163;&nbsp;&nbsp; 25.00","&nbsp;&#163;&nbsp;&nbsp; 38.00","&nbsp;&#163;&nbsp;&nbsp; 50.00","&nbsp;&#163;&nbsp;&nbsp; 68.00","&nbsp;&#163;&nbsp;&nbsp; 85.00"
"iran","5 working days","9","&nbsp;&#163;&nbsp;&nbsp; 26.00","&nbsp;&#163;&nbsp;&nbsp; 39.50","&nbsp;&#163;&nbsp;&nbsp; 59.50","&nbsp;&#163;&nbsp;&nbsp; 79.00","&nbsp;&#163;&nbsp;&nbsp; 98.00","&nbsp;&#163; 123.50","&nbsp;&#163; 150.00"
"iraq","5 working days","9","&nbsp;&#163;&nbsp;&nbsp; 26.00","&nbsp;&#163;&nbsp;&nbsp; 39.50","&nbsp;&#163;&nbsp;&nbsp; 59.50","&nbsp;&#163;&nbsp;&nbsp; 79.00","&nbsp;&#163;&nbsp;&nbsp; 98.00","&nbsp;&#163; 123.50","&nbsp;&#163; 150.00"
"ireland republic of","5 working days","1","&nbsp;&#163;&nbsp;&nbsp; 12.50","&nbsp;&#163;&nbsp;&nbsp; 17.50","&nbsp;&#163;&nbsp;&nbsp; 24.50","&nbsp;&#163;&nbsp;&nbsp; 30.00","&nbsp;&#163;&nbsp;&nbsp; 35.00","&nbsp;&#163;&nbsp;&nbsp; 40.50","&nbsp;&#163;&nbsp;&nbsp; 46.00"
"israel","5 working days","9","&nbsp;&#163;&nbsp;&nbsp; 26.00","&nbsp;&#163;&nbsp;&nbsp; 39.50","&nbsp;&#163;&nbsp;&nbsp; 59.50","&nbsp;&#163;&nbsp;&nbsp; 79.00","&nbsp;&#163;&nbsp;&nbsp; 98.00","&nbsp;&#163; 123.50","&nbsp;&#163; 150.00"
"italy","5 working days","3","&nbsp;&#163;&nbsp;&nbsp; 14.50","&nbsp;&#163;&nbsp;&nbsp; 21.00","&nbsp;&#163;&nbsp;&nbsp; 30.00","&nbsp;&#163;&nbsp;&nbsp; 42.00","&nbsp;&#163;&nbsp;&nbsp; 53.00","&nbsp;&#163;&nbsp;&nbsp; 58.00","&nbsp;&#163;&nbsp;&nbsp; 64.50"
"ivory coast","5 working days","9","&nbsp;&#163;&nbsp;&nbsp; 26.00","&nbsp;&#163;&nbsp;&nbsp; 39.50","&nbsp;&#163;&nbsp;&nbsp; 59.50","&nbsp;&#163;&nbsp;&nbsp; 79.00","&nbsp;&#163;&nbsp;&nbsp; 98.00","&nbsp;&#163; 123.50","&nbsp;&#163; 150.00"
"jamaica","5 working days","9","&nbsp;&#163;&nbsp;&nbsp; 26.00","&nbsp;&#163;&nbsp;&nbsp; 39.50","&nbsp;&#163;&nbsp;&nbsp; 59.50","&nbsp;&#163;&nbsp;&nbsp; 79.00","&nbsp;&#163;&nbsp;&nbsp; 98.00","&nbsp;&#163; 123.50","&nbsp;&#163; 150.00"
"japan","5 working days","7","&nbsp;&#163;&nbsp;&nbsp; 16.00","&nbsp;&#163;&nbsp;&nbsp; 17.00","&nbsp;&#163;&nbsp;&nbsp; 25.00","&nbsp;&#163;&nbsp;&nbsp; 38.00","&nbsp;&#163;&nbsp;&nbsp; 50.00","&nbsp;&#163;&nbsp;&nbsp; 68.00","&nbsp;&#163;&nbsp;&nbsp; 85.00"
"jordan","5 working days","8","&nbsp;&#163;&nbsp;&nbsp; 23.50","&nbsp;&#163;&nbsp;&nbsp; 35.50","&nbsp;&#163;&nbsp;&nbsp; 47.00","&nbsp;&#163;&nbsp;&nbsp; 64.00","&nbsp;&#163;&nbsp;&nbsp; 80.00","&nbsp;&#163; 100.00","&nbsp;&#163; 120.00"
"kazakhstan","5 working days","9","&nbsp;&#163;&nbsp;&nbsp; 26.00","&nbsp;&#163;&nbsp;&nbsp; 39.50","&nbsp;&#163;&nbsp;&nbsp; 59.50","&nbsp;&#163;&nbsp;&nbsp; 79.00","&nbsp;&#163;&nbsp;&nbsp; 98.00","&nbsp;&#163; 123.50","&nbsp;&#163; 150.00"
"kenya","5 working days","9","&nbsp;&#163;&nbsp;&nbsp; 26.00","&nbsp;&#163;&nbsp;&nbsp; 39.50","&nbsp;&#163;&nbsp;&nbsp; 59.50","&nbsp;&#163;&nbsp;&nbsp; 79.00","&nbsp;&#163;&nbsp;&nbsp; 98.00","&nbsp;&#163; 123.50","&nbsp;&#163; 150.00"
"kiribati","5 working days","9","&nbsp;&#163;&nbsp;&nbsp; 26.00","&nbsp;&#163;&nbsp;&nbsp; 39.50","&nbsp;&#163;&nbsp;&nbsp; 59.50","&nbsp;&#163;&nbsp;&nbsp; 79.00","&nbsp;&#163;&nbsp;&nbsp; 98.00","&nbsp;&#163; 123.50","&nbsp;&#163; 150.00"
"korea d.p.r of (north)","5 working days","9","&nbsp;&#163;&nbsp;&nbsp; 26.00","&nbsp;&#163;&nbsp;&nbsp; 39.50","&nbsp;&#163;&nbsp;&nbsp; 59.50","&nbsp;&#163;&nbsp;&nbsp; 79.00","&nbsp;&#163;&nbsp;&nbsp; 98.00","&nbsp;&#163; 123.50","&nbsp;&#163; 150.00"
"korea rep of (south)","5 working days","7","&nbsp;&#163;&nbsp;&nbsp; 16.00","&nbsp;&#163;&nbsp;&nbsp; 17.00","&nbsp;&#163;&nbsp;&nbsp; 25.00","&nbsp;&#163;&nbsp;&nbsp; 38.00","&nbsp;&#163;&nbsp;&nbsp; 50.00","&nbsp;&#163;&nbsp;&nbsp; 68.00","&nbsp;&#163;&nbsp;&nbsp; 85.00"
"kuwait","5 working days","8","&nbsp;&#163;&nbsp;&nbsp; 23.50","&nbsp;&#163;&nbsp;&nbsp; 35.50","&nbsp;&#163;&nbsp;&nbsp; 47.00","&nbsp;&#163;&nbsp;&nbsp; 64.00","&nbsp;&#163;&nbsp;&nbsp; 80.00","&nbsp;&#163; 100.00","&nbsp;&#163; 120.00"
"kyrgyzstan","5 working days","9","&nbsp;&#163;&nbsp;&nbsp; 26.00","&nbsp;&#163;&nbsp;&nbsp; 39.50","&nbsp;&#163;&nbsp;&nbsp; 59.50","&nbsp;&#163;&nbsp;&nbsp; 79.00","&nbsp;&#163;&nbsp;&nbsp; 98.00","&nbsp;&#163; 123.50","&nbsp;&#163; 150.00"
"laos p.d.r. of","5 working days","9","&nbsp;&#163;&nbsp;&nbsp; 26.00","&nbsp;&#163;&nbsp;&nbsp; 39.50","&nbsp;&#163;&nbsp;&nbsp; 59.50","&nbsp;&#163;&nbsp;&nbsp; 79.00","&nbsp;&#163;&nbsp;&nbsp; 98.00","&nbsp;&#163; 123.50","&nbsp;&#163; 150.00"
"latvia","5 working days","4","&nbsp;&#163;&nbsp;&nbsp; 14.00","&nbsp;&#163;&nbsp;&nbsp; 21.00","&nbsp;&#163;&nbsp;&nbsp; 30.00","&nbsp;&#163;&nbsp;&nbsp; 37.00","&nbsp;&#163;&nbsp;&nbsp; 44.00","&nbsp;&#163;&nbsp;&nbsp; 50.00","&nbsp;&#163;&nbsp;&nbsp; 54.00"
"lebanon","5 working days","9","&nbsp;&#163;&nbsp;&nbsp; 26.00","&nbsp;&#163;&nbsp;&nbsp; 39.50","&nbsp;&#163;&nbsp;&nbsp; 59.50","&nbsp;&#163;&nbsp;&nbsp; 79.00","&nbsp;&#163;&nbsp;&nbsp; 98.00","&nbsp;&#163; 123.50","&nbsp;&#163; 150.00"
"lesotho","5 working days","9","&nbsp;&#163;&nbsp;&nbsp; 26.00","&nbsp;&#163;&nbsp;&nbsp; 39.50","&nbsp;&#163;&nbsp;&nbsp; 59.50","&nbsp;&#163;&nbsp;&nbsp; 79.00","&nbsp;&#163;&nbsp;&nbsp; 98.00","&nbsp;&#163; 123.50","&nbsp;&#163; 150.00"
"liberia","5 working days","9","&nbsp;&#163;&nbsp;&nbsp; 26.00","&nbsp;&#163;&nbsp;&nbsp; 39.50","&nbsp;&#163;&nbsp;&nbsp; 59.50","&nbsp;&#163;&nbsp;&nbsp; 79.00","&nbsp;&#163;&nbsp;&nbsp; 98.00","&nbsp;&#163; 123.50","&nbsp;&#163; 150.00"
"libya","5 working days","9","&nbsp;&#163;&nbsp;&nbsp; 26.00","&nbsp;&#163;&nbsp;&nbsp; 39.50","&nbsp;&#163;&nbsp;&nbsp; 59.50","&nbsp;&#163;&nbsp;&nbsp; 79.00","&nbsp;&#163;&nbsp;&nbsp; 98.00","&nbsp;&#163; 123.50","&nbsp;&#163; 150.00"
"lichtenstein","5 working days","6","&nbsp;&#163;&nbsp;&nbsp; 17.50","&nbsp;&#163;&nbsp;&nbsp; 26.00","&nbsp;&#163;&nbsp;&nbsp; 39.00","&nbsp;&#163;&nbsp;&nbsp; 50.00","&nbsp;&#163;&nbsp;&nbsp; 60.00","&nbsp;&#163;&nbsp;&nbsp; 71.00","&nbsp;&#163;&nbsp;&nbsp; 80.00"
"lithuania","5 working days","4","&nbsp;&#163;&nbsp;&nbsp; 14.00","&nbsp;&#163;&nbsp;&nbsp; 21.00","&nbsp;&#163;&nbsp;&nbsp; 30.00","&nbsp;&#163;&nbsp;&nbsp; 37.00","&nbsp;&#163;&nbsp;&nbsp; 44.00","&nbsp;&#163;&nbsp;&nbsp; 50.00","&nbsp;&#163;&nbsp;&nbsp; 54.00"
"luxembourg","5 working days","1","&nbsp;&#163;&nbsp;&nbsp; 12.50","&nbsp;&#163;&nbsp;&nbsp; 17.50","&nbsp;&#163;&nbsp;&nbsp; 24.50","&nbsp;&#163;&nbsp;&nbsp; 30.00","&nbsp;&#163;&nbsp;&nbsp; 35.00","&nbsp;&#163;&nbsp;&nbsp; 40.50","&nbsp;&#163;&nbsp;&nbsp; 46.00"
"macao","5 working days","7","&nbsp;&#163;&nbsp;&nbsp; 16.00","&nbsp;&#163;&nbsp;&nbsp; 17.00","&nbsp;&#163;&nbsp;&nbsp; 25.00","&nbsp;&#163;&nbsp;&nbsp; 38.00","&nbsp;&#163;&nbsp;&nbsp; 50.00","&nbsp;&#163;&nbsp;&nbsp; 68.00","&nbsp;&#163;&nbsp;&nbsp; 85.00"
"macedonia","5 working days","9","&nbsp;&#163;&nbsp;&nbsp; 26.00","&nbsp;&#163;&nbsp;&nbsp; 39.50","&nbsp;&#163;&nbsp;&nbsp; 59.50","&nbsp;&#163;&nbsp;&nbsp; 79.00","&nbsp;&#163;&nbsp;&nbsp; 98.00","&nbsp;&#163; 123.50","&nbsp;&#163; 150.00"
"madagascar","5 working days","9","&nbsp;&#163;&nbsp;&nbsp; 26.00","&nbsp;&#163;&nbsp;&nbsp; 39.50","&nbsp;&#163;&nbsp;&nbsp; 59.50","&nbsp;&#163;&nbsp;&nbsp; 79.00","&nbsp;&#163;&nbsp;&nbsp; 98.00","&nbsp;&#163; 123.50","&nbsp;&#163; 150.00"
"malawi","5 working days","9","&nbsp;&#163;&nbsp;&nbsp; 26.00","&nbsp;&#163;&nbsp;&nbsp; 39.50","&nbsp;&#163;&nbsp;&nbsp; 59.50","&nbsp;&#163;&nbsp;&nbsp; 79.00","&nbsp;&#163;&nbsp;&nbsp; 98.00","&nbsp;&#163; 123.50","&nbsp;&#163; 150.00"
"malaysia","5 working days","7","&nbsp;&#163;&nbsp;&nbsp; 16.00","&nbsp;&#163;&nbsp;&nbsp; 17.00","&nbsp;&#163;&nbsp;&nbsp; 25.00","&nbsp;&#163;&nbsp;&nbsp; 38.00","&nbsp;&#163;&nbsp;&nbsp; 50.00","&nbsp;&#163;&nbsp;&nbsp; 68.00","&nbsp;&#163;&nbsp;&nbsp; 85.00"
"maldives","5 working days","9","&nbsp;&#163;&nbsp;&nbsp; 26.00","&nbsp;&#163;&nbsp;&nbsp; 39.50","&nbsp;&#163;&nbsp;&nbsp; 59.50","&nbsp;&#163;&nbsp;&nbsp; 79.00","&nbsp;&#163;&nbsp;&nbsp; 98.00","&nbsp;&#163; 123.50","&nbsp;&#163; 150.00"
"mali","5 working days","9","&nbsp;&#163;&nbsp;&nbsp; 26.00","&nbsp;&#163;&nbsp;&nbsp; 39.50","&nbsp;&#163;&nbsp;&nbsp; 59.50","&nbsp;&#163;&nbsp;&nbsp; 79.00","&nbsp;&#163;&nbsp;&nbsp; 98.00","&nbsp;&#163; 123.50","&nbsp;&#163; 150.00"
"malta","5 working days","4","&nbsp;&#163;&nbsp;&nbsp; 14.00","&nbsp;&#163;&nbsp;&nbsp; 21.00","&nbsp;&#163;&nbsp;&nbsp; 30.00","&nbsp;&#163;&nbsp;&nbsp; 37.00","&nbsp;&#163;&nbsp;&nbsp; 44.00","&nbsp;&#163;&nbsp;&nbsp; 50.00","&nbsp;&#163;&nbsp;&nbsp; 54.00"
"marshall islands","5 working days","9","&nbsp;&#163;&nbsp;&nbsp; 26.00","&nbsp;&#163;&nbsp;&nbsp; 39.50","&nbsp;&#163;&nbsp;&nbsp; 59.50","&nbsp;&#163;&nbsp;&nbsp; 79.00","&nbsp;&#163;&nbsp;&nbsp; 98.00","&nbsp;&#163; 123.50","&nbsp;&#163; 150.00"
"martinique","5 working days","9","&nbsp;&#163;&nbsp;&nbsp; 26.00","&nbsp;&#163;&nbsp;&nbsp; 39.50","&nbsp;&#163;&nbsp;&nbsp; 59.50","&nbsp;&#163;&nbsp;&nbsp; 79.00","&nbsp;&#163;&nbsp;&nbsp; 98.00","&nbsp;&#163; 123.50","&nbsp;&#163; 150.00"
"mauritania","5 working days","9","&nbsp;&#163;&nbsp;&nbsp; 26.00","&nbsp;&#163;&nbsp;&nbsp; 39.50","&nbsp;&#163;&nbsp;&nbsp; 59.50","&nbsp;&#163;&nbsp;&nbsp; 79.00","&nbsp;&#163;&nbsp;&nbsp; 98.00","&nbsp;&#163; 123.50","&nbsp;&#163; 150.00"
"mauritius","5 working days","9","&nbsp;&#163;&nbsp;&nbsp; 26.00","&nbsp;&#163;&nbsp;&nbsp; 39.50","&nbsp;&#163;&nbsp;&nbsp; 59.50","&nbsp;&#163;&nbsp;&nbsp; 79.00","&nbsp;&#163;&nbsp;&nbsp; 98.00","&nbsp;&#163; 123.50","&nbsp;&#163; 150.00"
"mayotte","5 working days","9","&nbsp;&#163;&nbsp;&nbsp; 26.00","&nbsp;&#163;&nbsp;&nbsp; 39.50","&nbsp;&#163;&nbsp;&nbsp; 59.50","&nbsp;&#163;&nbsp;&nbsp; 79.00","&nbsp;&#163;&nbsp;&nbsp; 98.00","&nbsp;&#163; 123.50","&nbsp;&#163; 150.00"
"mexico","5 working days","5","&nbsp;&#163;&nbsp;&nbsp; 17.50","&nbsp;&#163;&nbsp;&nbsp; 18.50","&nbsp;&#163;&nbsp;&nbsp; 24.50","&nbsp;&#163;&nbsp;&nbsp; 33.50","&nbsp;&#163;&nbsp;&nbsp; 41.50","&nbsp;&#163;&nbsp;&nbsp; 51.50","&nbsp;&#163;&nbsp;&nbsp; 61.00"
"moldova","5 working days","9","&nbsp;&#163;&nbsp;&nbsp; 26.00","&nbsp;&#163;&nbsp;&nbsp; 39.50","&nbsp;&#163;&nbsp;&nbsp; 59.50","&nbsp;&#163;&nbsp;&nbsp; 79.00","&nbsp;&#163;&nbsp;&nbsp; 98.00","&nbsp;&#163; 123.50","&nbsp;&#163; 150.00"
"monaco","5 working days","4","&nbsp;&#163;&nbsp;&nbsp; 14.00","&nbsp;&#163;&nbsp;&nbsp; 21.00","&nbsp;&#163;&nbsp;&nbsp; 30.00","&nbsp;&#163;&nbsp;&nbsp; 37.00","&nbsp;&#163;&nbsp;&nbsp; 44.00","&nbsp;&#163;&nbsp;&nbsp; 50.00","&nbsp;&#163;&nbsp;&nbsp; 54.00"
"mongolia","5 working days","9","&nbsp;&#163;&nbsp;&nbsp; 26.00","&nbsp;&#163;&nbsp;&nbsp; 39.50","&nbsp;&#163;&nbsp;&nbsp; 59.50","&nbsp;&#163;&nbsp;&nbsp; 79.00","&nbsp;&#163;&nbsp;&nbsp; 98.00","&nbsp;&#163; 123.50","&nbsp;&#163; 150.00"
"montenegro","5 working days","9","&nbsp;&#163;&nbsp;&nbsp; 26.00","&nbsp;&#163;&nbsp;&nbsp; 39.50","&nbsp;&#163;&nbsp;&nbsp; 59.50","&nbsp;&#163;&nbsp;&nbsp; 79.00","&nbsp;&#163;&nbsp;&nbsp; 98.00","&nbsp;&#163; 123.50","&nbsp;&#163; 150.00"
"montserrat","5 working days","9","&nbsp;&#163;&nbsp;&nbsp; 26.00","&nbsp;&#163;&nbsp;&nbsp; 39.50","&nbsp;&#163;&nbsp;&nbsp; 59.50","&nbsp;&#163;&nbsp;&nbsp; 79.00","&nbsp;&#163;&nbsp;&nbsp; 98.00","&nbsp;&#163; 123.50","&nbsp;&#163; 150.00"
"morocco","5 working days","9","&nbsp;&#163;&nbsp;&nbsp; 26.00","&nbsp;&#163;&nbsp;&nbsp; 39.50","&nbsp;&#163;&nbsp;&nbsp; 59.50","&nbsp;&#163;&nbsp;&nbsp; 79.00","&nbsp;&#163;&nbsp;&nbsp; 98.00","&nbsp;&#163; 123.50","&nbsp;&#163; 150.00"
"mozambique","5 working days","9","&nbsp;&#163;&nbsp;&nbsp; 26.00","&nbsp;&#163;&nbsp;&nbsp; 39.50","&nbsp;&#163;&nbsp;&nbsp; 59.50","&nbsp;&#163;&nbsp;&nbsp; 79.00","&nbsp;&#163;&nbsp;&nbsp; 98.00","&nbsp;&#163; 123.50","&nbsp;&#163; 150.00"
"myanmar (burma)","5 working days","9","&nbsp;&#163;&nbsp;&nbsp; 26.00","&nbsp;&#163;&nbsp;&nbsp; 39.50","&nbsp;&#163;&nbsp;&nbsp; 59.50","&nbsp;&#163;&nbsp;&nbsp; 79.00","&nbsp;&#163;&nbsp;&nbsp; 98.00","&nbsp;&#163; 123.50","&nbsp;&#163; 150.00"
"namibia","5 working days","9","&nbsp;&#163;&nbsp;&nbsp; 26.00","&nbsp;&#163;&nbsp;&nbsp; 39.50","&nbsp;&#163;&nbsp;&nbsp; 59.50","&nbsp;&#163;&nbsp;&nbsp; 79.00","&nbsp;&#163;&nbsp;&nbsp; 98.00","&nbsp;&#163; 123.50","&nbsp;&#163; 150.00"
"nauru rep of","5 working days","9","&nbsp;&#163;&nbsp;&nbsp; 26.00","&nbsp;&#163;&nbsp;&nbsp; 39.50","&nbsp;&#163;&nbsp;&nbsp; 59.50","&nbsp;&#163;&nbsp;&nbsp; 79.00","&nbsp;&#163;&nbsp;&nbsp; 98.00","&nbsp;&#163; 123.50","&nbsp;&#163; 150.00"
"nepal","5 working days","9","&nbsp;&#163;&nbsp;&nbsp; 26.00","&nbsp;&#163;&nbsp;&nbsp; 39.50","&nbsp;&#163;&nbsp;&nbsp; 59.50","&nbsp;&#163;&nbsp;&nbsp; 79.00","&nbsp;&#163;&nbsp;&nbsp; 98.00","&nbsp;&#163; 123.50","&nbsp;&#163; 150.00"
"netherlands","5 working days","1","&nbsp;&#163;&nbsp;&nbsp; 12.50","&nbsp;&#163;&nbsp;&nbsp; 17.50","&nbsp;&#163;&nbsp;&nbsp; 24.50","&nbsp;&#163;&nbsp;&nbsp; 30.00","&nbsp;&#163;&nbsp;&nbsp; 35.00","&nbsp;&#163;&nbsp;&nbsp; 40.50","&nbsp;&#163;&nbsp;&nbsp; 46.00"
"nevis","5 working days","9","&nbsp;&#163;&nbsp;&nbsp; 26.00","&nbsp;&#163;&nbsp;&nbsp; 39.50","&nbsp;&#163;&nbsp;&nbsp; 59.50","&nbsp;&#163;&nbsp;&nbsp; 79.00","&nbsp;&#163;&nbsp;&nbsp; 98.00","&nbsp;&#163; 123.50","&nbsp;&#163; 150.00"
"new caledonia","5 working days","9","&nbsp;&#163;&nbsp;&nbsp; 26.00","&nbsp;&#163;&nbsp;&nbsp; 39.50","&nbsp;&#163;&nbsp;&nbsp; 59.50","&nbsp;&#163;&nbsp;&nbsp; 79.00","&nbsp;&#163;&nbsp;&nbsp; 98.00","&nbsp;&#163; 123.50","&nbsp;&#163; 150.00"
"new zealand","5 working days","8","&nbsp;&#163;&nbsp;&nbsp; 23.50","&nbsp;&#163;&nbsp;&nbsp; 35.50","&nbsp;&#163;&nbsp;&nbsp; 47.00","&nbsp;&#163;&nbsp;&nbsp; 64.00","&nbsp;&#163;&nbsp;&nbsp; 80.00","&nbsp;&#163; 100.00","&nbsp;&#163; 120.00"
"nicaragua","5 working days","9","&nbsp;&#163;&nbsp;&nbsp; 26.00","&nbsp;&#163;&nbsp;&nbsp; 39.50","&nbsp;&#163;&nbsp;&nbsp; 59.50","&nbsp;&#163;&nbsp;&nbsp; 79.00","&nbsp;&#163;&nbsp;&nbsp; 98.00","&nbsp;&#163; 123.50","&nbsp;&#163; 150.00"
"niger","5 working days","9","&nbsp;&#163;&nbsp;&nbsp; 26.00","&nbsp;&#163;&nbsp;&nbsp; 39.50","&nbsp;&#163;&nbsp;&nbsp; 59.50","&nbsp;&#163;&nbsp;&nbsp; 79.00","&nbsp;&#163;&nbsp;&nbsp; 98.00","&nbsp;&#163; 123.50","&nbsp;&#163; 150.00"
"nigeria","5 working days","9","&nbsp;&#163;&nbsp;&nbsp; 26.00","&nbsp;&#163;&nbsp;&nbsp; 39.50","&nbsp;&#163;&nbsp;&nbsp; 59.50","&nbsp;&#163;&nbsp;&nbsp; 79.00","&nbsp;&#163;&nbsp;&nbsp; 98.00","&nbsp;&#163; 123.50","&nbsp;&#163; 150.00"
"niue","5 working days","9","&nbsp;&#163;&nbsp;&nbsp; 26.00","&nbsp;&#163;&nbsp;&nbsp; 39.50","&nbsp;&#163;&nbsp;&nbsp; 59.50","&nbsp;&#163;&nbsp;&nbsp; 79.00","&nbsp;&#163;&nbsp;&nbsp; 98.00","&nbsp;&#163; 123.50","&nbsp;&#163; 150.00"
"norway","5 working days","6","&nbsp;&#163;&nbsp;&nbsp; 17.50","&nbsp;&#163;&nbsp;&nbsp; 26.00","&nbsp;&#163;&nbsp;&nbsp; 39.00","&nbsp;&#163;&nbsp;&nbsp; 50.00","&nbsp;&#163;&nbsp;&nbsp; 60.00","&nbsp;&#163;&nbsp;&nbsp; 71.00","&nbsp;&#163;&nbsp;&nbsp; 80.00"
"oman","5 working days","8","&nbsp;&#163;&nbsp;&nbsp; 23.50","&nbsp;&#163;&nbsp;&nbsp; 35.50","&nbsp;&#163;&nbsp;&nbsp; 47.00","&nbsp;&#163;&nbsp;&nbsp; 64.00","&nbsp;&#163;&nbsp;&nbsp; 80.00","&nbsp;&#163; 100.00","&nbsp;&#163; 120.00"
"pakistan","5 working days","9","&nbsp;&#163;&nbsp;&nbsp; 26.00","&nbsp;&#163;&nbsp;&nbsp; 39.50","&nbsp;&#163;&nbsp;&nbsp; 59.50","&nbsp;&#163;&nbsp;&nbsp; 79.00","&nbsp;&#163;&nbsp;&nbsp; 98.00","&nbsp;&#163; 123.50","&nbsp;&#163; 150.00"
"panama","5 working days","9","&nbsp;&#163;&nbsp;&nbsp; 26.00","&nbsp;&#163;&nbsp;&nbsp; 39.50","&nbsp;&#163;&nbsp;&nbsp; 59.50","&nbsp;&#163;&nbsp;&nbsp; 79.00","&nbsp;&#163;&nbsp;&nbsp; 98.00","&nbsp;&#163; 123.50","&nbsp;&#163; 150.00"
"papua new guinea","5 working days","9","&nbsp;&#163;&nbsp;&nbsp; 26.00","&nbsp;&#163;&nbsp;&nbsp; 39.50","&nbsp;&#163;&nbsp;&nbsp; 59.50","&nbsp;&#163;&nbsp;&nbsp; 79.00","&nbsp;&#163;&nbsp;&nbsp; 98.00","&nbsp;&#163; 123.50","&nbsp;&#163; 150.00"
"paraguay","5 working days","9","&nbsp;&#163;&nbsp;&nbsp; 26.00","&nbsp;&#163;&nbsp;&nbsp; 39.50","&nbsp;&#163;&nbsp;&nbsp; 59.50","&nbsp;&#163;&nbsp;&nbsp; 79.00","&nbsp;&#163;&nbsp;&nbsp; 98.00","&nbsp;&#163; 123.50","&nbsp;&#163; 150.00"
"peru","5 working days","9","&nbsp;&#163;&nbsp;&nbsp; 26.00","&nbsp;&#163;&nbsp;&nbsp; 39.50","&nbsp;&#163;&nbsp;&nbsp; 59.50","&nbsp;&#163;&nbsp;&nbsp; 79.00","&nbsp;&#163;&nbsp;&nbsp; 98.00","&nbsp;&#163; 123.50","&nbsp;&#163; 150.00"
"philippines","5 working days","7","&nbsp;&#163;&nbsp;&nbsp; 16.00","&nbsp;&#163;&nbsp;&nbsp; 17.00","&nbsp;&#163;&nbsp;&nbsp; 25.00","&nbsp;&#163;&nbsp;&nbsp; 38.00","&nbsp;&#163;&nbsp;&nbsp; 50.00","&nbsp;&#163;&nbsp;&nbsp; 68.00","&nbsp;&#163;&nbsp;&nbsp; 85.00"
"poland","5 working days","4","&nbsp;&#163;&nbsp;&nbsp; 14.00","&nbsp;&#163;&nbsp;&nbsp; 21.00","&nbsp;&#163;&nbsp;&nbsp; 30.00","&nbsp;&#163;&nbsp;&nbsp; 37.00","&nbsp;&#163;&nbsp;&nbsp; 44.00","&nbsp;&#163;&nbsp;&nbsp; 50.00","&nbsp;&#163;&nbsp;&nbsp; 54.00"
"portugal","5 working days","3","&nbsp;&#163;&nbsp;&nbsp; 14.50","&nbsp;&#163;&nbsp;&nbsp; 21.00","&nbsp;&#163;&nbsp;&nbsp; 30.00","&nbsp;&#163;&nbsp;&nbsp; 42.00","&nbsp;&#163;&nbsp;&nbsp; 53.00","&nbsp;&#163;&nbsp;&nbsp; 58.00","&nbsp;&#163;&nbsp;&nbsp; 64.50"
"puerto rico","5 working days","9","&nbsp;&#163;&nbsp;&nbsp; 26.00","&nbsp;&#163;&nbsp;&nbsp; 39.50","&nbsp;&#163;&nbsp;&nbsp; 59.50","&nbsp;&#163;&nbsp;&nbsp; 79.00","&nbsp;&#163;&nbsp;&nbsp; 98.00","&nbsp;&#163; 123.50","&nbsp;&#163; 150.00"
"qatar","5 working days","8","&nbsp;&#163;&nbsp;&nbsp; 23.50","&nbsp;&#163;&nbsp;&nbsp; 35.50","&nbsp;&#163;&nbsp;&nbsp; 47.00","&nbsp;&#163;&nbsp;&nbsp; 64.00","&nbsp;&#163;&nbsp;&nbsp; 80.00","&nbsp;&#163; 100.00","&nbsp;&#163; 120.00"
"reunion island of","5 working days","9","&nbsp;&#163;&nbsp;&nbsp; 26.00","&nbsp;&#163;&nbsp;&nbsp; 39.50","&nbsp;&#163;&nbsp;&nbsp; 59.50","&nbsp;&#163;&nbsp;&nbsp; 79.00","&nbsp;&#163;&nbsp;&nbsp; 98.00","&nbsp;&#163; 123.50","&nbsp;&#163; 150.00"
"romania","5 working days","4","&nbsp;&#163;&nbsp;&nbsp; 14.00","&nbsp;&#163;&nbsp;&nbsp; 21.00","&nbsp;&#163;&nbsp;&nbsp; 30.00","&nbsp;&#163;&nbsp;&nbsp; 37.00","&nbsp;&#163;&nbsp;&nbsp; 44.00","&nbsp;&#163;&nbsp;&nbsp; 50.00","&nbsp;&#163;&nbsp;&nbsp; 54.00"
"russia","5 working days","7","&nbsp;&#163;&nbsp;&nbsp; 16.00","&nbsp;&#163;&nbsp;&nbsp; 17.00","&nbsp;&#163;&nbsp;&nbsp; 25.00","&nbsp;&#163;&nbsp;&nbsp; 38.00","&nbsp;&#163;&nbsp;&nbsp; 50.00","&nbsp;&#163;&nbsp;&nbsp; 68.00","&nbsp;&#163;&nbsp;&nbsp; 85.00"
"rwanada","5 working days","9","&nbsp;&#163;&nbsp;&nbsp; 26.00","&nbsp;&#163;&nbsp;&nbsp; 39.50","&nbsp;&#163;&nbsp;&nbsp; 59.50","&nbsp;&#163;&nbsp;&nbsp; 79.00","&nbsp;&#163;&nbsp;&nbsp; 98.00","&nbsp;&#163; 123.50","&nbsp;&#163; 150.00"
"saipan","5 working days","9","&nbsp;&#163;&nbsp;&nbsp; 26.00","&nbsp;&#163;&nbsp;&nbsp; 39.50","&nbsp;&#163;&nbsp;&nbsp; 59.50","&nbsp;&#163;&nbsp;&nbsp; 79.00","&nbsp;&#163;&nbsp;&nbsp; 98.00","&nbsp;&#163; 123.50","&nbsp;&#163; 150.00"
"samoa","5 working days","9","&nbsp;&#163;&nbsp;&nbsp; 26.00","&nbsp;&#163;&nbsp;&nbsp; 39.50","&nbsp;&#163;&nbsp;&nbsp; 59.50","&nbsp;&#163;&nbsp;&nbsp; 79.00","&nbsp;&#163;&nbsp;&nbsp; 98.00","&nbsp;&#163; 123.50","&nbsp;&#163; 150.00"
"san marino","5 working days","3","&nbsp;&#163;&nbsp;&nbsp; 14.50","&nbsp;&#163;&nbsp;&nbsp; 21.00","&nbsp;&#163;&nbsp;&nbsp; 30.00","&nbsp;&#163;&nbsp;&nbsp; 42.00","&nbsp;&#163;&nbsp;&nbsp; 53.00","&nbsp;&#163;&nbsp;&nbsp; 58.00","&nbsp;&#163;&nbsp;&nbsp; 64.50"
"sao tome &amp; principe","5 working days","9","&nbsp;&#163;&nbsp;&nbsp; 26.00","&nbsp;&#163;&nbsp;&nbsp; 39.50","&nbsp;&#163;&nbsp;&nbsp; 59.50","&nbsp;&#163;&nbsp;&nbsp; 79.00","&nbsp;&#163;&nbsp;&nbsp; 98.00","&nbsp;&#163; 123.50","&nbsp;&#163; 150.00"
"saudi arabia","5 working days","8","&nbsp;&#163;&nbsp;&nbsp; 23.50","&nbsp;&#163;&nbsp;&nbsp; 35.50","&nbsp;&#163;&nbsp;&nbsp; 47.00","&nbsp;&#163;&nbsp;&nbsp; 64.00","&nbsp;&#163;&nbsp;&nbsp; 80.00","&nbsp;&#163; 100.00","&nbsp;&#163; 120.00"
"senegal","5 working days","9","&nbsp;&#163;&nbsp;&nbsp; 26.00","&nbsp;&#163;&nbsp;&nbsp; 39.50","&nbsp;&#163;&nbsp;&nbsp; 59.50","&nbsp;&#163;&nbsp;&nbsp; 79.00","&nbsp;&#163;&nbsp;&nbsp; 98.00","&nbsp;&#163; 123.50","&nbsp;&#163; 150.00"
"serbia","5 working days","9","&nbsp;&#163;&nbsp;&nbsp; 26.00","&nbsp;&#163;&nbsp;&nbsp; 39.50","&nbsp;&#163;&nbsp;&nbsp; 59.50","&nbsp;&#163;&nbsp;&nbsp; 79.00","&nbsp;&#163;&nbsp;&nbsp; 98.00","&nbsp;&#163; 123.50","&nbsp;&#163; 150.00"
"seychelles","5 working days","9","&nbsp;&#163;&nbsp;&nbsp; 26.00","&nbsp;&#163;&nbsp;&nbsp; 39.50","&nbsp;&#163;&nbsp;&nbsp; 59.50","&nbsp;&#163;&nbsp;&nbsp; 79.00","&nbsp;&#163;&nbsp;&nbsp; 98.00","&nbsp;&#163; 123.50","&nbsp;&#163; 150.00"
"sierra leone","5 working days","9","&nbsp;&#163;&nbsp;&nbsp; 26.00","&nbsp;&#163;&nbsp;&nbsp; 39.50","&nbsp;&#163;&nbsp;&nbsp; 59.50","&nbsp;&#163;&nbsp;&nbsp; 79.00","&nbsp;&#163;&nbsp;&nbsp; 98.00","&nbsp;&#163; 123.50","&nbsp;&#163; 150.00"
"singapore","5 working days","7","&nbsp;&#163;&nbsp;&nbsp; 16.00","&nbsp;&#163;&nbsp;&nbsp; 17.00","&nbsp;&#163;&nbsp;&nbsp; 25.00","&nbsp;&#163;&nbsp;&nbsp; 38.00","&nbsp;&#163;&nbsp;&nbsp; 50.00","&nbsp;&#163;&nbsp;&nbsp; 68.00","&nbsp;&#163;&nbsp;&nbsp; 85.00"
"slovakia","5 working days","4","&nbsp;&#163;&nbsp;&nbsp; 14.00","&nbsp;&#163;&nbsp;&nbsp; 21.00","&nbsp;&#163;&nbsp;&nbsp; 30.00","&nbsp;&#163;&nbsp;&nbsp; 37.00","&nbsp;&#163;&nbsp;&nbsp; 44.00","&nbsp;&#163;&nbsp;&nbsp; 50.00","&nbsp;&#163;&nbsp;&nbsp; 54.00"
"slovenia","5 working days","4","&nbsp;&#163;&nbsp;&nbsp; 14.00","&nbsp;&#163;&nbsp;&nbsp; 21.00","&nbsp;&#163;&nbsp;&nbsp; 30.00","&nbsp;&#163;&nbsp;&nbsp; 37.00","&nbsp;&#163;&nbsp;&nbsp; 44.00","&nbsp;&#163;&nbsp;&nbsp; 50.00","&nbsp;&#163;&nbsp;&nbsp; 54.00"
"soloman islands","5 working days","8","&nbsp;&#163;&nbsp;&nbsp; 23.50","&nbsp;&#163;&nbsp;&nbsp; 35.50","&nbsp;&#163;&nbsp;&nbsp; 47.00","&nbsp;&#163;&nbsp;&nbsp; 64.00","&nbsp;&#163;&nbsp;&nbsp; 80.00","&nbsp;&#163; 100.00","&nbsp;&#163; 120.00"
"somalia","5 working days","9","&nbsp;&#163;&nbsp;&nbsp; 26.00","&nbsp;&#163;&nbsp;&nbsp; 39.50","&nbsp;&#163;&nbsp;&nbsp; 59.50","&nbsp;&#163;&nbsp;&nbsp; 79.00","&nbsp;&#163;&nbsp;&nbsp; 98.00","&nbsp;&#163; 123.50","&nbsp;&#163; 150.00"
"somaliland rep. of","5 working days","9","&nbsp;&#163;&nbsp;&nbsp; 26.00","&nbsp;&#163;&nbsp;&nbsp; 39.50","&nbsp;&#163;&nbsp;&nbsp; 59.50","&nbsp;&#163;&nbsp;&nbsp; 79.00","&nbsp;&#163;&nbsp;&nbsp; 98.00","&nbsp;&#163; 123.50","&nbsp;&#163; 150.00"
"south africa","5 working days","8","&nbsp;&#163;&nbsp;&nbsp; 23.50","&nbsp;&#163;&nbsp;&nbsp; 35.50","&nbsp;&#163;&nbsp;&nbsp; 47.00","&nbsp;&#163;&nbsp;&nbsp; 64.00","&nbsp;&#163;&nbsp;&nbsp; 80.00","&nbsp;&#163; 100.00","&nbsp;&#163; 120.00"
"spain","5 working days","3","&nbsp;&#163;&nbsp;&nbsp; 14.50","&nbsp;&#163;&nbsp;&nbsp; 21.00","&nbsp;&#163;&nbsp;&nbsp; 30.00","&nbsp;&#163;&nbsp;&nbsp; 42.00","&nbsp;&#163;&nbsp;&nbsp; 53.00","&nbsp;&#163;&nbsp;&nbsp; 58.00","&nbsp;&#163;&nbsp;&nbsp; 64.50"
"sri lanka","5 working days","9","&nbsp;&#163;&nbsp;&nbsp; 26.00","&nbsp;&#163;&nbsp;&nbsp; 39.50","&nbsp;&#163;&nbsp;&nbsp; 59.50","&nbsp;&#163;&nbsp;&nbsp; 79.00","&nbsp;&#163;&nbsp;&nbsp; 98.00","&nbsp;&#163; 123.50","&nbsp;&#163; 150.00"
"st. bartelemy","5 working days","9","&nbsp;&#163;&nbsp;&nbsp; 26.00","&nbsp;&#163;&nbsp;&nbsp; 39.50","&nbsp;&#163;&nbsp;&nbsp; 59.50","&nbsp;&#163;&nbsp;&nbsp; 79.00","&nbsp;&#163;&nbsp;&nbsp; 98.00","&nbsp;&#163; 123.50","&nbsp;&#163; 150.00"
"sr. eustatius","5 working days","9","&nbsp;&#163;&nbsp;&nbsp; 26.00","&nbsp;&#163;&nbsp;&nbsp; 39.50","&nbsp;&#163;&nbsp;&nbsp; 59.50","&nbsp;&#163;&nbsp;&nbsp; 79.00","&nbsp;&#163;&nbsp;&nbsp; 98.00","&nbsp;&#163; 123.50","&nbsp;&#163; 150.00"
"st. kitts","5 working days","9","&nbsp;&#163;&nbsp;&nbsp; 26.00","&nbsp;&#163;&nbsp;&nbsp; 39.50","&nbsp;&#163;&nbsp;&nbsp; 59.50","&nbsp;&#163;&nbsp;&nbsp; 79.00","&nbsp;&#163;&nbsp;&nbsp; 98.00","&nbsp;&#163; 123.50","&nbsp;&#163; 150.00"
"st. lucia","5 working days","9","&nbsp;&#163;&nbsp;&nbsp; 26.00","&nbsp;&#163;&nbsp;&nbsp; 39.50","&nbsp;&#163;&nbsp;&nbsp; 59.50","&nbsp;&#163;&nbsp;&nbsp; 79.00","&nbsp;&#163;&nbsp;&nbsp; 98.00","&nbsp;&#163; 123.50","&nbsp;&#163; 150.00"
"st. maarten","5 working days","9","&nbsp;&#163;&nbsp;&nbsp; 26.00","&nbsp;&#163;&nbsp;&nbsp; 39.50","&nbsp;&#163;&nbsp;&nbsp; 59.50","&nbsp;&#163;&nbsp;&nbsp; 79.00","&nbsp;&#163;&nbsp;&nbsp; 98.00","&nbsp;&#163; 123.50","&nbsp;&#163; 150.00"
"st. vincent","5 working days","9","&nbsp;&#163;&nbsp;&nbsp; 26.00","&nbsp;&#163;&nbsp;&nbsp; 39.50","&nbsp;&#163;&nbsp;&nbsp; 59.50","&nbsp;&#163;&nbsp;&nbsp; 79.00","&nbsp;&#163;&nbsp;&nbsp; 98.00","&nbsp;&#163; 123.50","&nbsp;&#163; 150.00"
"sudan","5 working days","9","&nbsp;&#163;&nbsp;&nbsp; 26.00","&nbsp;&#163;&nbsp;&nbsp; 39.50","&nbsp;&#163;&nbsp;&nbsp; 59.50","&nbsp;&#163;&nbsp;&nbsp; 79.00","&nbsp;&#163;&nbsp;&nbsp; 98.00","&nbsp;&#163; 123.50","&nbsp;&#163; 150.00"
"suriname","5 working days","9","&nbsp;&#163;&nbsp;&nbsp; 26.00","&nbsp;&#163;&nbsp;&nbsp; 39.50","&nbsp;&#163;&nbsp;&nbsp; 59.50","&nbsp;&#163;&nbsp;&nbsp; 79.00","&nbsp;&#163;&nbsp;&nbsp; 98.00","&nbsp;&#163; 123.50","&nbsp;&#163; 150.00"
"swaziland","5 working days","9","&nbsp;&#163;&nbsp;&nbsp; 26.00","&nbsp;&#163;&nbsp;&nbsp; 39.50","&nbsp;&#163;&nbsp;&nbsp; 59.50","&nbsp;&#163;&nbsp;&nbsp; 79.00","&nbsp;&#163;&nbsp;&nbsp; 98.00","&nbsp;&#163; 123.50","&nbsp;&#163; 150.00"
"sweden","5 working days","3","&nbsp;&#163;&nbsp;&nbsp; 14.50","&nbsp;&#163;&nbsp;&nbsp; 21.00","&nbsp;&#163;&nbsp;&nbsp; 30.00","&nbsp;&#163;&nbsp;&nbsp; 42.00","&nbsp;&#163;&nbsp;&nbsp; 53.00","&nbsp;&#163;&nbsp;&nbsp; 58.00","&nbsp;&#163;&nbsp;&nbsp; 64.50"
"switzerland","5 working days","6","&nbsp;&#163;&nbsp;&nbsp; 17.50","&nbsp;&#163;&nbsp;&nbsp; 26.00","&nbsp;&#163;&nbsp;&nbsp; 39.00","&nbsp;&#163;&nbsp;&nbsp; 50.00","&nbsp;&#163;&nbsp;&nbsp; 60.00","&nbsp;&#163;&nbsp;&nbsp; 71.00","&nbsp;&#163;&nbsp;&nbsp; 80.00"
"syria","5 working days","9","&nbsp;&#163;&nbsp;&nbsp; 26.00","&nbsp;&#163;&nbsp;&nbsp; 39.50","&nbsp;&#163;&nbsp;&nbsp; 59.50","&nbsp;&#163;&nbsp;&nbsp; 79.00","&nbsp;&#163;&nbsp;&nbsp; 98.00","&nbsp;&#163; 123.50","&nbsp;&#163; 150.00"
"tahiti","5 working days","9","&nbsp;&#163;&nbsp;&nbsp; 26.00","&nbsp;&#163;&nbsp;&nbsp; 39.50","&nbsp;&#163;&nbsp;&nbsp; 59.50","&nbsp;&#163;&nbsp;&nbsp; 79.00","&nbsp;&#163;&nbsp;&nbsp; 98.00","&nbsp;&#163; 123.50","&nbsp;&#163; 150.00"
"taiwan","5 working days","7","&nbsp;&#163;&nbsp;&nbsp; 16.00","&nbsp;&#163;&nbsp;&nbsp; 17.00","&nbsp;&#163;&nbsp;&nbsp; 25.00","&nbsp;&#163;&nbsp;&nbsp; 38.00","&nbsp;&#163;&nbsp;&nbsp; 50.00","&nbsp;&#163;&nbsp;&nbsp; 68.00","&nbsp;&#163;&nbsp;&nbsp; 85.00"
"tajikistan","5 working days","9","&nbsp;&#163;&nbsp;&nbsp; 26.00","&nbsp;&#163;&nbsp;&nbsp; 39.50","&nbsp;&#163;&nbsp;&nbsp; 59.50","&nbsp;&#163;&nbsp;&nbsp; 79.00","&nbsp;&#163;&nbsp;&nbsp; 98.00","&nbsp;&#163; 123.50","&nbsp;&#163; 150.00"
"tanzania","5 working days","9","&nbsp;&#163;&nbsp;&nbsp; 26.00","&nbsp;&#163;&nbsp;&nbsp; 39.50","&nbsp;&#163;&nbsp;&nbsp; 59.50","&nbsp;&#163;&nbsp;&nbsp; 79.00","&nbsp;&#163;&nbsp;&nbsp; 98.00","&nbsp;&#163; 123.50","&nbsp;&#163; 150.00"
"thailand","5 working days","7","&nbsp;&#163;&nbsp;&nbsp; 16.00","&nbsp;&#163;&nbsp;&nbsp; 17.00","&nbsp;&#163;&nbsp;&nbsp; 25.00","&nbsp;&#163;&nbsp;&nbsp; 38.00","&nbsp;&#163;&nbsp;&nbsp; 50.00","&nbsp;&#163;&nbsp;&nbsp; 68.00","&nbsp;&#163;&nbsp;&nbsp; 85.00"
"togo","5 working days","9","&nbsp;&#163;&nbsp;&nbsp; 26.00","&nbsp;&#163;&nbsp;&nbsp; 39.50","&nbsp;&#163;&nbsp;&nbsp; 59.50","&nbsp;&#163;&nbsp;&nbsp; 79.00","&nbsp;&#163;&nbsp;&nbsp; 98.00","&nbsp;&#163; 123.50","&nbsp;&#163; 150.00"
"tonga","5 working days","9","&nbsp;&#163;&nbsp;&nbsp; 26.00","&nbsp;&#163;&nbsp;&nbsp; 39.50","&nbsp;&#163;&nbsp;&nbsp; 59.50","&nbsp;&#163;&nbsp;&nbsp; 79.00","&nbsp;&#163;&nbsp;&nbsp; 98.00","&nbsp;&#163; 123.50","&nbsp;&#163; 150.00"
"trinidad &amp; tobago","5 working days","9","&nbsp;&#163;&nbsp;&nbsp; 26.00","&nbsp;&#163;&nbsp;&nbsp; 39.50","&nbsp;&#163;&nbsp;&nbsp; 59.50","&nbsp;&#163;&nbsp;&nbsp; 79.00","&nbsp;&#163;&nbsp;&nbsp; 98.00","&nbsp;&#163; 123.50","&nbsp;&#163; 150.00"
"tunisia","5 working days","9","&nbsp;&#163;&nbsp;&nbsp; 26.00","&nbsp;&#163;&nbsp;&nbsp; 39.50","&nbsp;&#163;&nbsp;&nbsp; 59.50","&nbsp;&#163;&nbsp;&nbsp; 79.00","&nbsp;&#163;&nbsp;&nbsp; 98.00","&nbsp;&#163; 123.50","&nbsp;&#163; 150.00"
"turkey","5 working days","6","&nbsp;&#163;&nbsp;&nbsp; 17.50","&nbsp;&#163;&nbsp;&nbsp; 26.00","&nbsp;&#163;&nbsp;&nbsp; 39.00","&nbsp;&#163;&nbsp;&nbsp; 50.00","&nbsp;&#163;&nbsp;&nbsp; 60.00","&nbsp;&#163;&nbsp;&nbsp; 71.00","&nbsp;&#163;&nbsp;&nbsp; 80.00"
"turkmenistan","5 working days","9","&nbsp;&#163;&nbsp;&nbsp; 26.00","&nbsp;&#163;&nbsp;&nbsp; 39.50","&nbsp;&#163;&nbsp;&nbsp; 59.50","&nbsp;&#163;&nbsp;&nbsp; 79.00","&nbsp;&#163;&nbsp;&nbsp; 98.00","&nbsp;&#163; 123.50","&nbsp;&#163; 150.00"
"turks &amp; caicos islands","5 working days","9","&nbsp;&#163;&nbsp;&nbsp; 26.00","&nbsp;&#163;&nbsp;&nbsp; 39.50","&nbsp;&#163;&nbsp;&nbsp; 59.50","&nbsp;&#163;&nbsp;&nbsp; 79.00","&nbsp;&#163;&nbsp;&nbsp; 98.00","&nbsp;&#163; 123.50","&nbsp;&#163; 150.00"
"tuvalu","5 working days","9","&nbsp;&#163;&nbsp;&nbsp; 26.00","&nbsp;&#163;&nbsp;&nbsp; 39.50","&nbsp;&#163;&nbsp;&nbsp; 59.50","&nbsp;&#163;&nbsp;&nbsp; 79.00","&nbsp;&#163;&nbsp;&nbsp; 98.00","&nbsp;&#163; 123.50","&nbsp;&#163; 150.00"
"uganda","5 working days","9","&nbsp;&#163;&nbsp;&nbsp; 26.00","&nbsp;&#163;&nbsp;&nbsp; 39.50","&nbsp;&#163;&nbsp;&nbsp; 59.50","&nbsp;&#163;&nbsp;&nbsp; 79.00","&nbsp;&#163;&nbsp;&nbsp; 98.00","&nbsp;&#163; 123.50","&nbsp;&#163; 150.00"
"ukraine","5 working days","6","&nbsp;&#163;&nbsp;&nbsp; 17.50","&nbsp;&#163;&nbsp;&nbsp; 26.00","&nbsp;&#163;&nbsp;&nbsp; 39.00","&nbsp;&#163;&nbsp;&nbsp; 50.00","&nbsp;&#163;&nbsp;&nbsp; 60.00","&nbsp;&#163;&nbsp;&nbsp; 71.00","&nbsp;&#163;&nbsp;&nbsp; 80.00"
"united arab emirates","5 working days","8","&nbsp;&#163;&nbsp;&nbsp; 23.50","&nbsp;&#163;&nbsp;&nbsp; 35.50","&nbsp;&#163;&nbsp;&nbsp; 47.00","&nbsp;&#163;&nbsp;&nbsp; 64.00","&nbsp;&#163;&nbsp;&nbsp; 80.00","&nbsp;&#163; 100.00","&nbsp;&#163; 120.00"
"uruguay","5 working days","9","&nbsp;&#163;&nbsp;&nbsp; 26.00","&nbsp;&#163;&nbsp;&nbsp; 39.50","&nbsp;&#163;&nbsp;&nbsp; 59.50","&nbsp;&#163;&nbsp;&nbsp; 79.00","&nbsp;&#163;&nbsp;&nbsp; 98.00","&nbsp;&#163; 123.50","&nbsp;&#163; 150.00"
"usa","5 working days","5","&nbsp;&#163;&nbsp;&nbsp; 17.50","&nbsp;&#163;&nbsp;&nbsp; 18.50","&nbsp;&#163;&nbsp;&nbsp; 24.50","&nbsp;&#163;&nbsp;&nbsp; 33.50","&nbsp;&#163;&nbsp;&nbsp; 41.50","&nbsp;&#163;&nbsp;&nbsp; 51.50","&nbsp;&#163;&nbsp;&nbsp; 61.00"
"uzbekistan","5 working days","9","&nbsp;&#163;&nbsp;&nbsp; 26.00","&nbsp;&#163;&nbsp;&nbsp; 39.50","&nbsp;&#163;&nbsp;&nbsp; 59.50","&nbsp;&#163;&nbsp;&nbsp; 79.00","&nbsp;&#163;&nbsp;&nbsp; 98.00","&nbsp;&#163; 123.50","&nbsp;&#163; 150.00"
"vanuatu","5 working days","9","&nbsp;&#163;&nbsp;&nbsp; 26.00","&nbsp;&#163;&nbsp;&nbsp; 39.50","&nbsp;&#163;&nbsp;&nbsp; 59.50","&nbsp;&#163;&nbsp;&nbsp; 79.00","&nbsp;&#163;&nbsp;&nbsp; 98.00","&nbsp;&#163; 123.50","&nbsp;&#163; 150.00"
"venezuela","5 working days","9","&nbsp;&#163;&nbsp;&nbsp; 26.00","&nbsp;&#163;&nbsp;&nbsp; 39.50","&nbsp;&#163;&nbsp;&nbsp; 59.50","&nbsp;&#163;&nbsp;&nbsp; 79.00","&nbsp;&#163;&nbsp;&nbsp; 98.00","&nbsp;&#163; 123.50","&nbsp;&#163; 150.00"
"vietnam","5 working days","7","&nbsp;&#163;&nbsp;&nbsp; 16.00","&nbsp;&#163;&nbsp;&nbsp; 17.00","&nbsp;&#163;&nbsp;&nbsp; 25.00","&nbsp;&#163;&nbsp;&nbsp; 38.00","&nbsp;&#163;&nbsp;&nbsp; 50.00","&nbsp;&#163;&nbsp;&nbsp; 68.00","&nbsp;&#163;&nbsp;&nbsp; 85.00"
"virgin islands british","5 working days","9","&nbsp;&#163;&nbsp;&nbsp; 26.00","&nbsp;&#163;&nbsp;&nbsp; 39.50","&nbsp;&#163;&nbsp;&nbsp; 59.50","&nbsp;&#163;&nbsp;&nbsp; 79.00","&nbsp;&#163;&nbsp;&nbsp; 98.00","&nbsp;&#163; 123.50","&nbsp;&#163; 150.00"
"virgin islands us","5 working days","9","&nbsp;&#163;&nbsp;&nbsp; 26.00","&nbsp;&#163;&nbsp;&nbsp; 39.50","&nbsp;&#163;&nbsp;&nbsp; 59.50","&nbsp;&#163;&nbsp;&nbsp; 79.00","&nbsp;&#163;&nbsp;&nbsp; 98.00","&nbsp;&#163; 123.50","&nbsp;&#163; 150.00"
"yemen","5 working days","8","&nbsp;&#163;&nbsp;&nbsp; 23.50","&nbsp;&#163;&nbsp;&nbsp; 35.50","&nbsp;&#163;&nbsp;&nbsp; 47.00","&nbsp;&#163;&nbsp;&nbsp; 64.00","&nbsp;&#163;&nbsp;&nbsp; 80.00","&nbsp;&#163; 100.00","&nbsp;&#163; 120.00"
"zambia","5 working days","9","&nbsp;&#163;&nbsp;&nbsp; 26.00","&nbsp;&#163;&nbsp;&nbsp; 39.50","&nbsp;&#163;&nbsp;&nbsp; 59.50","&nbsp;&#163;&nbsp;&nbsp; 79.00","&nbsp;&#163;&nbsp;&nbsp; 98.00","&nbsp;&#163; 123.50","&nbsp;&#163; 150.00"
"zimbabwe","5 working days","9","&nbsp;&#163;&nbsp;&nbsp; 26.00","&nbsp;&#163;&nbsp;&nbsp; 39.50","&nbsp;&#163;&nbsp;&nbsp; 59.50","&nbsp;&#163;&nbsp;&nbsp; 79.00","&nbsp;&#163;&nbsp;&nbsp; 98.00","&nbsp;&#163; 123.50","&nbsp;&#163; 150.00"
