{"filename":"40681963_5574278813832938138","uri":"http://www.safetywearworld.co.uk/Customer-Services/1/1642/SHIPPING_INFO.aspx","arcfile":"common-crawl/parse-output/segment/1346981172239/1346997897639_1690.arc.gz","arcfilePosition":40681963,"hasContentTables":true,"hasRelevantTables":false,"contentTables":[{"start":9189,"end":522193,"content":true,"relevant":false,"avgColCount":227.0,"colStdDeviation":0.0,"avgRowCount":10.0,"rowStdDeviation":0.0,"avgCellLength":22.0,"cellLengthStdDeviation":10.738583734214679,"rowCLC":0.7512766458466446,"colCLC":4.051053828696978,"linkPercentage":0.0,"formPercentage":0.0,"imagePercentage":0.0,"emptyPercentage":0.0,"digitPercentage":0.09911894273127753,"textPercentage":0.9008810572687225,"rowCTC":8.017621145374449,"colCTC":9.982378854625551}]}