"region","population","nodes","ways","relations","area","nodes","ways","relations"
"africa","978 000 000&nbsp;","24.85&nbsp;","2.05&nbsp;","0.01&nbsp;","29 797 500&nbsp;","815.90&nbsp;","67.41&nbsp;","0.39&nbsp;"
"albania","2 987 000&nbsp;","178.81&nbsp;","10.70&nbsp;","0.15&nbsp;","28 748&nbsp;","18 579.79&nbsp;","1 111.83&nbsp;","16.48&nbsp;"
"antarctica","unknown&nbsp;","0&nbsp;","0&nbsp;","0&nbsp;","unknown&nbsp;","0&nbsp;","0&nbsp;","0&nbsp;"
"armenia","2 967 000&nbsp;","72.36&nbsp;","7.63&nbsp;","0.20&nbsp;","29 743&nbsp;","7 218.33&nbsp;","761.99&nbsp;","20.20&nbsp;"
"asia","4 000 000 000&nbsp;","43.41&nbsp;","3.35&nbsp;","0.02&nbsp;","44 614 500&nbsp;","3 892.60&nbsp;","300.47&nbsp;","2.14&nbsp;"
"australia","19 546 792&nbsp;","664.00&nbsp;","55.71&nbsp;","1.28&nbsp;","7 686 850&nbsp;","1 688.47&nbsp;","141.66&nbsp;","3.27&nbsp;"
"australia-oceania","30 828 469&nbsp;","733.22&nbsp;","61.10&nbsp;","0.91&nbsp;","8 483 421&nbsp;","2 664.52&nbsp;","222.05&nbsp;","3.32&nbsp;"
"austria","8 214 000&nbsp;","2 491.60&nbsp;","238.35&nbsp;","4.39&nbsp;","83 871&nbsp;","244 017.74&nbsp;","23 343.69&nbsp;","430.27&nbsp;"
"bahrain","1 046 814&nbsp;","55.67&nbsp;","10.57&nbsp;","0.01&nbsp;","711&nbsp;","81 974.68&nbsp;","15 575.24&nbsp;","26.72&nbsp;"
"belarus","9 613 000&nbsp;","505.51&nbsp;","59.21&nbsp;","0.94&nbsp;","207 600&nbsp;","23 408.07&nbsp;","2 741.92&nbsp;","43.59&nbsp;"
"belgium","10 423 000&nbsp;","887.76&nbsp;","120.40&nbsp;","1.37&nbsp;","30 528&nbsp;","303 102.88&nbsp;","41 109.96&nbsp;","467.99&nbsp;"
"bosnia-herzegovina","4 622 000&nbsp;","350.44&nbsp;","15.93&nbsp;","0.15&nbsp;","51 197&nbsp;","31 637.34&nbsp;","1 438.30&nbsp;","13.61&nbsp;"
"brazil","unknown&nbsp;","0&nbsp;","0&nbsp;","0&nbsp;","unknown&nbsp;","0&nbsp;","0&nbsp;","0&nbsp;"
"bulgaria","7 149 000&nbsp;","310.17&nbsp;","20.43&nbsp;","0.22&nbsp;","110 879&nbsp;","19 998.47&nbsp;","1 317.40&nbsp;","14.33&nbsp;"
"cambodia","14 454 000&nbsp;","25.88&nbsp;","1.34&nbsp;","0.00&nbsp;","181 035&nbsp;","2 067.03&nbsp;","107.73&nbsp;","0.38&nbsp;"
"canary_islands","2 075 968&nbsp;","601.46&nbsp;","47.15&nbsp;","0.94&nbsp;","7 492&nbsp;","166 660.70&nbsp;","13 065.67&nbsp;","260.94&nbsp;"
"china","1 330 141 000&nbsp;","5.69&nbsp;","0.30&nbsp;","0.00&nbsp;","9 596 961&nbsp;","789.74&nbsp;","42.24&nbsp;","0.89&nbsp;"
"croatia","4 487 000&nbsp;","675.45&nbsp;","63.41&nbsp;","1.19&nbsp;","56 594&nbsp;","53 553.15&nbsp;","5 027.86&nbsp;","95.11&nbsp;"
"czech_republic","10 202 000&nbsp;","2 590.46&nbsp;","314.05&nbsp;","3.40&nbsp;","78 867&nbsp;","335 095.07&nbsp;","40 625.10&nbsp;","440.34&nbsp;"
"denmark","5 516 000&nbsp;","1 683.39&nbsp;","147.91&nbsp;","1.01&nbsp;","43 094&nbsp;","215 473.91&nbsp;","18 932.79&nbsp;","130.41&nbsp;"
"egypt","80 472 000&nbsp;","13.73&nbsp;","1.33&nbsp;","0.00&nbsp;","1 001 450&nbsp;","1 103.45&nbsp;","107.63&nbsp;","0.41&nbsp;"
"estonia","1 291 000&nbsp;","2 764.13&nbsp;","188.23&nbsp;","6.19&nbsp;","45 228&nbsp;","78 900.19&nbsp;","5 373.08&nbsp;","176.74&nbsp;"
"ethiopia","88 013 491&nbsp;","5.39&nbsp;","0.26&nbsp;","0.00&nbsp;","1 104 300&nbsp;","430.38&nbsp;","21.46&nbsp;","0.08&nbsp;"
"europe","500 000 000&nbsp;","1 367.61&nbsp;","165.08&nbsp;","1.95&nbsp;","4 324 782&nbsp;","158 113.46&nbsp;","19 086.35&nbsp;","225.94&nbsp;"
"faroe_islands","unknown&nbsp;","0&nbsp;","0&nbsp;","0&nbsp;","unknown&nbsp;","0&nbsp;","0&nbsp;","0&nbsp;"
"finland","5 255 000&nbsp;","2 427.24&nbsp;","200.70&nbsp;","2.39&nbsp;","338 145&nbsp;","37 721.06&nbsp;","3 119.03&nbsp;","37.14&nbsp;"
"france","62 814 000&nbsp;","3 319.94&nbsp;","480.20&nbsp;","3.14&nbsp;","551 500&nbsp;","378 131.10&nbsp;","54 694.23&nbsp;","358.35&nbsp;"
"gaza","1 482 405&nbsp;","53.62&nbsp;","10.67&nbsp;","0.00&nbsp;","360&nbsp;","220 822.22&nbsp;","43 966.66&nbsp;","30.55&nbsp;"
"germany","81 745 000&nbsp;","1 215.99&nbsp;","181.40&nbsp;","2.83&nbsp;","357 111&nbsp;","278 349.28&nbsp;","41 525.50&nbsp;","648.48&nbsp;"
"great_britain","62 348 000&nbsp;","606.93&nbsp;","73.78&nbsp;","1.36&nbsp;","243 610&nbsp;","155 335.50&nbsp;","18 883.67&nbsp;","350.58&nbsp;"
"greece","10 750 000&nbsp;","567.69&nbsp;","26.53&nbsp;","0.31&nbsp;","131 957&nbsp;","46 247.71&nbsp;","2 161.85&nbsp;","25.47&nbsp;"
"haiti-and-domrep","19 544 000&nbsp;","113.17&nbsp;","11.27&nbsp;","0.06&nbsp;","76 420&nbsp;","28 942.99&nbsp;","2 883.49&nbsp;","17.77&nbsp;"
"hungary","9 992 000&nbsp;","301.67&nbsp;","24.91&nbsp;","1.04&nbsp;","93 028&nbsp;","32 402.36&nbsp;","2 676.29&nbsp;","112.05&nbsp;"
"iceland","309 000&nbsp;","2 591.58&nbsp;","222.91&nbsp;","3.08&nbsp;","103 000&nbsp;","7 774.74&nbsp;","668.73&nbsp;","9.25&nbsp;"
"india","1 173 108 000&nbsp;","6.08&nbsp;","0.34&nbsp;","0.00&nbsp;","3 287 263&nbsp;","2 170.76&nbsp;","123.61&nbsp;","1.79&nbsp;"
"iran","76 923 000&nbsp;","16.44&nbsp;","1.79&nbsp;","0.00&nbsp;","1 648 195&nbsp;","767.61&nbsp;","83.73&nbsp;","0.24&nbsp;"
"iraq","29 672 000&nbsp;","9.49&nbsp;","1.47&nbsp;","0.00&nbsp;","438 317&nbsp;","642.72&nbsp;","99.57&nbsp;","0.26&nbsp;"
"ireland","4 623 000&nbsp;","654.45&nbsp;","57.89&nbsp;","0.46&nbsp;","70 273&nbsp;","43 054.41&nbsp;","3 808.54&nbsp;","30.83&nbsp;"
"israel_and_palestine","11 620 732&nbsp;","206.12&nbsp;","16.32&nbsp;","0.11&nbsp;","27 291&nbsp;","87 770.87&nbsp;","6 949.47&nbsp;","49.06&nbsp;"
"italy","58 091 000&nbsp;","862.44&nbsp;","85.07&nbsp;","1.04&nbsp;","301 340&nbsp;","166 258.14&nbsp;","16 400.03&nbsp;","201.29&nbsp;"
"ivory_coast","21 059 000&nbsp;","15.42&nbsp;","0.94&nbsp;","0.00&nbsp;","322 463&nbsp;","1 007.61&nbsp;","61.74&nbsp;","0.22&nbsp;"
"japan","127 360 000&nbsp;","614.05&nbsp;","45.14&nbsp;","0.11&nbsp;","377 835&nbsp;","206 983.06&nbsp;","15 218.02&nbsp;","38.99&nbsp;"
"jordan","6 407 085&nbsp;","61.16&nbsp;","9.71&nbsp;","0.00&nbsp;","92 300&nbsp;","4 245.70&nbsp;","674.19&nbsp;","0.59&nbsp;"
"kenya","38 610 097&nbsp;","10.56&nbsp;","0.72&nbsp;","0.00&nbsp;","580 367&nbsp;","702.69&nbsp;","48.12&nbsp;","0.16&nbsp;"
"kosovo","1 815 000&nbsp;","488.41&nbsp;","43.75&nbsp;","0.04&nbsp;","10 887&nbsp;","81 425.09&nbsp;","7 294.20&nbsp;","8.17&nbsp;"
"latvia","2 218 000&nbsp;","1 470.66&nbsp;","124.12&nbsp;","3.06&nbsp;","64 589&nbsp;","50 502.90&nbsp;","4 262.32&nbsp;","105.32&nbsp;"
"libya","6 310 434&nbsp;","68.64&nbsp;","7.11&nbsp;","0.01&nbsp;","1 775 500&nbsp;","243.98&nbsp;","25.29&nbsp;","0.03&nbsp;"
"lithuania","3 545 000&nbsp;","529.05&nbsp;","44.65&nbsp;","1.42&nbsp;","65 300&nbsp;","28 721.04&nbsp;","2 424.42&nbsp;","77.50&nbsp;"
"luxembourg","502 066&nbsp;","1 865.76&nbsp;","169.77&nbsp;","2.05&nbsp;","2 586&nbsp;","362 233.95&nbsp;","32 960.55&nbsp;","399.45&nbsp;"
"mexico","unknown&nbsp;","0&nbsp;","0&nbsp;","0&nbsp;","unknown&nbsp;","0&nbsp;","0&nbsp;","0&nbsp;"
"monaco","30 500&nbsp;","432.88&nbsp;","58.91&nbsp;","1.57&nbsp;","2&nbsp;","6 601 500&nbsp;","898 500&nbsp;","24 000&nbsp;"
"montenegro","667 000&nbsp;","323.94&nbsp;","13.85&nbsp;","0.15&nbsp;","13 812&nbsp;","15 643.86&nbsp;","669.27&nbsp;","7.52&nbsp;"
"morocco","31 627 000&nbsp;","47.89&nbsp;","2.23&nbsp;","0.00&nbsp;","446 550&nbsp;","3 392.33&nbsp;","158.11&nbsp;","0.61&nbsp;"
"netherlands","16 783 000&nbsp;","2 964.68&nbsp;","372.94&nbsp;","5.06&nbsp;","41 543&nbsp;","1 197 704.69&nbsp;","150 664.80&nbsp;","2 044.36&nbsp;"
"north-america","528 750 000&nbsp;","925.39&nbsp;","58.69&nbsp;","0.42&nbsp;","24 930 000&nbsp;","19 627.09&nbsp;","1 244.79&nbsp;","8.92&nbsp;"
"norway","4 676 000&nbsp;","1 789.33&nbsp;","126.28&nbsp;","1.22&nbsp;","323 802&nbsp;","25 839.71&nbsp;","1 823.65&nbsp;","17.63&nbsp;"
"philippines","99 900 000&nbsp;","34.52&nbsp;","3.45&nbsp;","0.01&nbsp;","300 000&nbsp;","11 495.39&nbsp;","1 152.01&nbsp;","6.43&nbsp;"
"poland","38 464 000&nbsp;","374.67&nbsp;","40.98&nbsp;","0.46&nbsp;","312 685&nbsp;","46 089.68&nbsp;","5 041.89&nbsp;","56.64&nbsp;"
"portugal","10 736 000&nbsp;","385.13&nbsp;","36.30&nbsp;","0.18&nbsp;","92 090&nbsp;","44 899.57&nbsp;","4 232.88&nbsp;","21.25&nbsp;"
"romania","21 960 000&nbsp;","425.89&nbsp;","17.65&nbsp;","0.17&nbsp;","238 391&nbsp;","39 232.65&nbsp;","1 625.92&nbsp;","16.40&nbsp;"
"russia","141 900 000&nbsp;","322.26&nbsp;","27.84&nbsp;","0.39&nbsp;","17 075 400&nbsp;","2 678.06&nbsp;","231.37&nbsp;","3.24&nbsp;"
"russia-european-part","106 037 002&nbsp;","336.06&nbsp;","34.10&nbsp;","0.80&nbsp;","3 955 800&nbsp;","9 008.39&nbsp;","914.28&nbsp;","21.69&nbsp;"
"rwanda","11 370 425&nbsp;","12.68&nbsp;","0.78&nbsp;","0.02&nbsp;","26 338&nbsp;","5 475.77&nbsp;","337.53&nbsp;","12.11&nbsp;"
"serbia","9 160 000&nbsp;","223.60&nbsp;","12.51&nbsp;","0.09&nbsp;","88 361&nbsp;","23 179.84&nbsp;","1 297.64&nbsp;","9.99&nbsp;"
"serbia_ex_kosovo","7 345 000&nbsp;","267.19&nbsp;","15.55&nbsp;","0.11&nbsp;","77 474&nbsp;","25 331.42&nbsp;","1 474.59&nbsp;","11.26&nbsp;"
"slovakia","5 470 000&nbsp;","2 211.19&nbsp;","341.51&nbsp;","1.51&nbsp;","49 035&nbsp;","246 665.68&nbsp;","38 097.31&nbsp;","168.59&nbsp;"
"slovenia","2 003 000&nbsp;","875.33&nbsp;","63.42&nbsp;","0.86&nbsp;","20 273&nbsp;","86 484.43&nbsp;","6 266.11&nbsp;","85.23&nbsp;"
"south-america","382 000 000&nbsp;","72.61&nbsp;","6.73&nbsp;","0.09&nbsp;","17 715 335&nbsp;","1 565.73&nbsp;","145.15&nbsp;","2.12&nbsp;"
"south_africa","unknown&nbsp;","0&nbsp;","0&nbsp;","0&nbsp;","unknown&nbsp;","0&nbsp;","0&nbsp;","0&nbsp;"
"spain","46 506 000&nbsp;","572.21&nbsp;","34.82&nbsp;","0.94&nbsp;","505 370&nbsp;","52 657.67&nbsp;","3 204.66&nbsp;","86.57&nbsp;"
"sudan","43 940 000&nbsp;","8.77&nbsp;","0.40&nbsp;","0.00&nbsp;","2 505 813&nbsp;","153.86&nbsp;","7.11&nbsp;","0.04&nbsp;"
"sweden","9 074 000&nbsp;","1 483.03&nbsp;","119.73&nbsp;","1.33&nbsp;","450 295&nbsp;","29 885.02&nbsp;","2 412.72&nbsp;","26.89&nbsp;"
"switzerland","7 623 000&nbsp;","1 434.71&nbsp;","162.48&nbsp;","2.57&nbsp;","41 277&nbsp;","264 961.67&nbsp;","30 008.06&nbsp;","474.96&nbsp;"
"syria","22 457 763&nbsp;","31.08&nbsp;","2.88&nbsp;","0.01&nbsp;","185 180&nbsp;","3 769.93&nbsp;","350.14&nbsp;","1.21&nbsp;"
"thailand","67 090 000&nbsp;","40.68&nbsp;","3.28&nbsp;","0.02&nbsp;","513 120&nbsp;","5 319.66&nbsp;","429.76&nbsp;","3.50&nbsp;"
"tunisia","10 589 000&nbsp;","57.37&nbsp;","7.35&nbsp;","0.03&nbsp;","163 610&nbsp;","3 713.68&nbsp;","476.32&nbsp;","2.23&nbsp;"
"turkey","77 804 000&nbsp;","62.88&nbsp;","3.90&nbsp;","0.03&nbsp;","783 562&nbsp;","6 244.13&nbsp;","387.65&nbsp;","3.10&nbsp;"
"turkmenistan","5 042 920&nbsp;","23.80&nbsp;","1.25&nbsp;","0.01&nbsp;","488 100&nbsp;","245.99&nbsp;","12.93&nbsp;","0.12&nbsp;"
"ukraine","45 416 000&nbsp;","159.15&nbsp;","19.14&nbsp;","0.55&nbsp;","603 550&nbsp;","11 976.45&nbsp;","1 440.64&nbsp;","41.94&nbsp;"
"world","6 939 502 800&nbsp;","205.44&nbsp;","19.07&nbsp;","0.19&nbsp;","135 700 000&nbsp;","10 506.21&nbsp;","975.65&nbsp;","10.10&nbsp;"
"yemen","23 495 000&nbsp;","12.24&nbsp;","0.71&nbsp;","0.00&nbsp;","527 968&nbsp;","544.95&nbsp;","31.94&nbsp;","0.05&nbsp;"
