"{|3166}","{|englanninkielinen lyhyt nimi}","{|t}","{|vahvistettu nimi suomeksi}"
"ad","andorra","s","andorra"
"af","afghanistan","s","afganistan"
"ag","antigua and barbuda","s","antigua ja barbuda"
"ai","anguilla","s","anguilla"
"al","albania","s","albania"
"am","armenia","s","armenia"
"an","netherlands antilles","s","alankomaiden antillit"
"ao","angola","s","angola"
"aq","antarctica","s","antarktis"
"ar","argentina","s","argentiina"
"as","american samoa","s","amerikan samoa"
"at","austria","s","itävalta"
"au","australia","s","australia"
"aw","aruba","s","aruba"
"ax","åland islands","u","ahvenanmaa"
"az","azerbaijan","s","azerbaidžan"
"ba","bosnia and herzegovina","s","bosnia ja hertsegovina"
"bb","barbados","s","barbados"
"bd","bangladesh","s","bangladesh"
"be","belgium","s","belgia"
"bf","burkina faso","s","burkina faso"
"bg","bulgaria","s","bulgaria"
"bh","bahrain","s","bahrain"
"bi","burundi","s","burundi"
"bj","benin","s","benin"
"bm","bermuda","s","bermuda"
"bn","brunei darussalam","s","brunei"
"bo","bolivia","s","bolivia"
"br","brazil","s","brasilia"
"bt","bhutan","s","bhutan"
"bv","bouvet island","s","bouvet’nsaari"
"bw","botswana","s","botswana"
"by","belarus","s","valko-venäjä"
"bz","belize","s","belize"
"ca","canada","s","kanada"
"cf","central african republic","s","keski-afrikan tasavalta"
"ch","switzerland","s","sveitsi"
"ci","côte d'ivoire","s","norsunluurannikko"
"ck","cook islands","s","cookinsaaret"
"cl","chile","s","chile"
"cm","cameroon","s","kamerun"
"cn","china","s","kiina"
"co","colombia","s","kolumbia"
"cr","costa rica","s","costa rica"
"cs","serbia and montenegro","u","serbia ja montenegro"
"cu","cuba","s","kuuba"
"cv","cape verde","s","kap verde"
"cx","christmas island","s","joulusaari"
"cy","cyprus","s","kypros"
"de","germany","s","saksa"
"dj","djibouti","s","djibouti"
"dk","denmark","s","tanska"
"dm","dominica","s","dominica"
"do","dominican republic","s","dominikaaninen tasavalta"
"dz","algeria","s","algeria"
"ec","ecuador","s","ecuador"
"ee","estonia","s","viro"
"eg","egypt","s","egypti"
"eh","western sahara","s","länsi-sahara"
"er","eritrea","s","eritrea"
"es","spain","s","espanja"
"et","ethiopia","s","etiopia"
"fi","finland","s","suomi"
"fj","fiji","s","fidži"
"fk","falkland islands (malvinas)","s","falklandinsaaret"
"fo","faroe islands","s","färsaaret"
"fr","france","s","ranska"
"ga","gabon","s","gabon"
"gd","grenada","s","grenada"
"gf","french guiana","s","ranskan guayana"
"gh","ghana","s","ghana"
"gi","gibraltar","s","gibraltar"
"gl","greenland","s","grönlanti"
"gm","gambia","s","gambia"
"gn","guinea","s","guinea"
"gp","guadeloupe","s","guadeloupe"
"gq","equatorial guinea","s","päiväntasaajan guinea"
"gr","greece","s","kreikka"
"gs","south georgia and the south sandwich islands","s","etelä-georgia ja eteläiset sandwichsaaret"
"gt","guatemala","s","guatemala"
"gu","guam","s","guam"
"gw","guinea-bissau","s","guinea-bissau"
"gy","guyana","s","guyana"
"hn","honduras","s","honduras"
"hr","croatia","s","kroatia"
"ht","haiti","s","haiti"
"hu","hungary","s","unkari"
"id","indonesia","s","indonesia"
"il","israel","s","israel"
"in","india","s","intia"
"io","british indian ocean territory","s","brittiläinen intian valtameren alue"
"iq","iraq","s","irak"
"ir","iran","s","iran"
"is","iceland","s","islanti"
"it","italy","s","italia"
"jm","jamaica","s","jamaika"
"jo","jordan","s","jordania"
"jp","japan","s","japani"
"ke","kenya","s","kenia"
"kg","kyrgyzstan","s","kirgisia"
"kh","cambodia","s","kambodža"
"ki","kiribati","s","kiribati"
"km","comoros","s","komorit"
"kn","saint kitts and nevis","s","saint kitts ja nevis"
"kw","kuwait","s","kuwait"
"ky","cayman islands","s","caymansaaret"
"kz","kazakhstan","s","kazakstan"
"la","lao people's democratic republic","s","laos"
"lb","lebanon","s","libanon"
"lc","saint lucia","s","saint lucia"
"li","liechtenstein","s","liechtenstein"
"lk","sri lanka","s","sri lanka"
"lr","liberia","s","liberia"
"ls","lesotho","s","lesotho"
"lt","lithuania","s","liettua"
"lu","luxembourg","s","luxemburg"
"lv","latvia","s","latvia"
"ly","libya","s","libya"
"ma","morocco","s","marokko"
"mc","monaco","s","monaco"
"mg","madagascar","s","madagaskar"
"mh","marshall islands","s","marshallinsaaret"
"ml","mali","s","mali"
"mn","mongolia","s","mongolia"
"mp","northern mariana islands","s","pohjois-mariaanit"
"mq","martinique","s","martinique"
"mr","mauritania","s","mauritania"
"ms","montserrat","s","montserrat"
"mt","malta","s","malta"
"mu","mauritius","s","mauritius"
"mv","maldives","s","malediivit"
"mw","malawi","s","malawi"
"mx","mexico","s","meksiko"
"my","malaysia","s","malesia"
"mz","mozambique","s","mosambik"
"na","namibia","s","namibia"
"nc","new caledonia","s","uusi-kaledonia"
"ne","niger","s","niger"
"nf","norfolk island","s","norfolkinsaari"
"ng","nigeria","s","nigeria"
"ni","nicaragua","s","nicaragua"
"nl","netherlands","s","alankomaat"
"no","norway","s","norja"
"np","nepal","s","nepal"
"nr","nauru","s","nauru"
"nu","niue","s","niue"
"nz","new zealand","s","uusi-seelanti"
"om","oman","s","oman"
"pa","panama","s","panama"
"pe","peru","s","peru"
"pf","french polynesia","s","ranskan polynesia"
"pg","papua new guinea","s","papua-uusi-guinea"
"ph","philippines","s","filippiinit"
"pk","pakistan","s","pakistan"
"pl","poland","s","puola"
"pm","saint-pierre and miquelon","s","saint-pierre ja miquelon"
"pn","pitcairn","s","pitcairn"
"pr","puerto rico","s","puerto rico"
"ps","palestinian territory","s","palestiina"
"pt","portugal","s","portugali"
"pw","palau","s","palau"
"py","paraguay","s","paraguay"
"qa","qatar","s","qatar"
"re","réunion","s","réunion"
"ro","romania","s","romania"
"rw","rwanda","s","ruanda"
"sa","saudi arabia","s","saudi-arabia"
"sb","solomon islands","s","salomonsaaret"
"sc","seychelles","s","seychellit"
"sd","sudan","s","sudan"
"se","sweden","s","ruotsi"
"sg","singapore","s","singapore"
"sh","saint helena","s","saint helena"
"si","slovenia","s","slovenia"
"sk","slovakia","s","slovakia"
"sl","sierra leone","s","sierra leone"
"sm","san marino","s","san marino"
"sn","senegal","s","senegal"
"so","somalia","s","somalia"
"sp","serbia","s","serbia"
"st","sao tome and principe","s","são tomé ja príncipe"
"sv","el salvador","s","el salvador"
"sy","syria","s","syyria"
"sz","swaziland","s","swazimaa"
"tc","turks and caicos islands","s","turks- ja caicossaaret"
"td","chad","s","tšad"
"tg","togo","s","togo"
"th","thailand","s","thaimaa"
"tj","tajikistan","s","tadžikistan"
"tk","tokelau","s","tokelau"
"tl","timor-leste","m","itä-timor"
"tm","turkmenistan","s","turkmenistan"
"tn","tunisia","s","tunisia"
"to","tonga","s","tonga"
"tr","turkey","s","turkki"
"tt","trinidad and tobago","s","trinidad ja tobago"
"tv","tuvalu","s","tuvalu"
"tw","taiwan","s","taiwan"
"tz","tanzania","s","tansania"
"ua","ukraine","s","ukraina"
"ug","uganda","s","uganda"
"um","united states minor outlying islands","s","yhdysvaltain pienet erillissaaret"
"us","united states","s","yhdysvallat"
"uy","uruguay","s","uruguay"
"uz","uzbekistan","s","uzbekistan"
"vc","saint vincent and the grenadines","s","saint vincent ja grenadiinit"
"ve","venezuela","s","venezuela"
"vg","british virgin islands","s","brittiläiset neitsytsaaret"
"vi","u.s. virgin islands","s","yhdysvaltain neitsytsaaret"
"vn","vietnam","s","vietnam"
"vu","vanuatu","s","vanuatu"
"wf","wallis and futuna","s","wallis ja futuna"
"ws","samoa","s","samoa"
"ye","yemen","s","jemen"
"yt","mayotte","s","mayotte"
"yu","yugoslavia","s","jugoslavia"
"za","south africa","s","etelä-afrikka"
"zm","zambia","s","sambia"
"zw","zimbabwe","s","zimbabwe"
