{"filename":"44599656_3645462310737435527","uri":"http://kotoistus.fi/kannanotot_html/kop_alueiden-nimet_v2e.htm","arcfile":"common-crawl/parse-output/segment/1350433106988/1350475301068_430.arc.gz","arcfilePosition":44599656,"hasContentTables":true,"hasRelevantTables":false,"contentTables":[{"start":17198,"end":44552,"content":true,"relevant":false,"avgColCount":220.0,"colStdDeviation":0.0,"avgRowCount":4.0,"rowStdDeviation":0.0,"avgCellLength":9.0,"cellLengthStdDeviation":5.947306494998769,"rowCLC":0.3778071453205139,"colCLC":1.4555944055944061,"linkPercentage":0.0,"formPercentage":0.0,"imagePercentage":0.0,"emptyPercentage":0.0,"digitPercentage":0.0,"textPercentage":1.0,"rowCTC":4.0,"colCTC":4.0}]}