{"filename":"73744739_2511592013706844578","uri":"http://www.simonproffittalloneworddotcom.co.uk/category/sport/","arcfile":"common-crawl/parse-output/segment/1346981172184/1347016563008_4619.arc.gz","arcfilePosition":73744739,"hasContentTables":true,"hasRelevantTables":false,"contentTables":[{"start":13756,"end":47110,"content":true,"relevant":false,"avgColCount":208.0,"colStdDeviation":0.0,"avgRowCount":7.0,"rowStdDeviation":0.0,"avgCellLength":7.0,"cellLengthStdDeviation":3.5237615703102847,"rowCLC":1.0362332112332189,"colCLC":2.5408463064713374,"linkPercentage":0.0,"formPercentage":0.0,"imagePercentage":0.0,"emptyPercentage":6.868131868131869E-4,"digitPercentage":0.0,"textPercentage":0.9993131868131868,"rowCTC":6.990384615384615,"colCTC":6.990384615384615}]}