"party","date of initialsubmission","informativeinventory report","inventory files nfr/other","notification form received"
"albania","NULL","NULL","NULL","NULL"
"armenia","NULL","NULL","NULL","NULL"
"austria","15 february 2010","iir2 june 2010","nfr15 march 2010","x"
"azerbaijan","15 february 2010","NULL","other15 february 2010","NULL"
"belarus","17 february 2010","iir19 march 2010","nfr/other17 february 2010","x"
"belgium","15 february 2010","iir15 march 2010","nfr15 february 2010","x"
"bosnia &amp; herzegovina","NULL","NULL","NULL","NULL"
"bulgaria","12 february 2010","iir15 march 2010","nfr12 february 2010","x"
"canada","19 february 2010","NULL","classified19 february 2010","x"
"croatia","15 february 2010","iir18 march 2010","nfr24 february 2010","NULL"
"cyprus","11 february 2010","iir1 march 2010","nfr5 march 2010","x"
"czech republic","15 february 2010","iir15 march 2010","nfr8 march 2010","x"
"denmark","15 february 2010","iir15 march 2010","nfr15 february 2010","x"
"estonia","15 february 2010","iir15 march 2010","nfr15 march 2010","x"
"european union","3 may 2010","iir1 june 2010","nfr/other1 june 2010","x"
"finland","15 february 2010","iir12 march 2010","nfr26 february 2010","x"
"france","12 february 2010","iir15 march 2010","nfr26 march 2010","x"
"georgia","27 january 2010","NULL","other27 january 2010","x"
"germany","11 february 2010","iir15 march 2010","nfr11 february 2010","x"
"greece","16 february 2010","NULL","nfr16 february 2010","x"
"hungary","15 february 2010","iir8 march 2010","nfr22 february 2010","x"
"iceland","25 june 2010","iir25 june 2010","nfr25 june 2010","x"
"ireland","15 february 2010","iir16 november 2010","nfr15 february 2010","x"
"italy","8 may 2010","iir28 may 2010","nfr28 may 2010","x"
"kazakhstan","NULL","NULL","NULL","NULL"
"kyrgyzstan","NULL","NULL","NULL","NULL"
"latvia","15 february 2010","iir15 march 2010","nfr28 march 2010","x"
"liechtenstein","17 february 2010","NULL","classified17 february 2010","x"
"lithuania","23 february 2010","iir23 february 2010","nfr23 february 2010","x"
"luxembourg","NULL","NULL","NULL","NULL"
"fyr of macedonia","9 february 2010","iir12 march 2010","nfr9 february 2010","x"
"malta","15 february 2010","NULL","nfr16 march 2010","NULL"
"republic of moldova","14 february 2010","NULL","nfr14 february 2010","x"
"monaco","11 february 2010","iir11 february 2010","nfr/other11 february 2010","x"
"montenegro","NULL","NULL","NULL","NULL"
"netherlands","15 february 2010","iir12 march 2010","nfr4 may 2010","x"
"norway","15 february 2010","NULL","nfr/other15 february 2010","x"
"poland","12 february 2010","iir12 march 2010","nfr12 february 2010","NULL"
"portugal","15 february 2010","iir26 march 2010","nfr15 march 2010","x"
"romania","15 february 2010","iir15 march 2010","nfr15 march 2010","x"
"russian federation","NULL","NULL","NULL","NULL"
"serbia","15 february 2010","NULL","nfr15 february 2010","x"
"slovakia","12 february 2010","iir12 february 2010","nfr/other12 february 2010","x"
"slovenia","12 february 2010","iir29 march 2010","nfr23 june 2010","x"
"spain","15 february 2010","iir19 october 2010","nfr/other1 march 2010","x"
"sweden","11 february 2010","iir11 february 2010","nfr11 february 2010","x"
"switzerland","12 february 2010","iir19 march 2010","nfr26 march 2010","x"
"turkey","NULL","NULL","NULL","NULL"
"ukraine","15 february 2010","NULL","nfr15 february 2010","x"
"united kingdom","11 february 2010","iir15 march 2010","nfr11 february 2010","x"
"united states of america","11 february 2010","iir11 february 2010","nfr11 february 2010","x"
