{"filename":"8188057_7991908358386679566","uri":"http://www.ceip.at/submissions-under-clrtap/2010-submissions/","arcfile":"common-crawl/parse-output/segment/1346981172239/1346997859969_3922.arc.gz","arcfilePosition":8188057,"hasContentTables":true,"hasRelevantTables":false,"contentTables":[{"start":18150,"end":115436,"content":true,"relevant":false,"avgColCount":52.0,"colStdDeviation":0.0,"avgRowCount":5.0,"rowStdDeviation":0.0,"avgCellLength":11.0,"cellLengthStdDeviation":8.064165749212329,"rowCLC":-0.06460477054368453,"colCLC":0.8069947209653101,"linkPercentage":0.0,"formPercentage":0.0,"imagePercentage":0.0,"emptyPercentage":0.0,"digitPercentage":0.0,"textPercentage":1.0,"rowCTC":5.0,"colCTC":5.0}]}