"http://dbpedia.org/resource/Radha_Mohan_Singh","Radha_Mohan_Singh","3"
"http://dbpedia.org/resource/Raghunath_Jha","Raghunath_Jha","4"
"http://dbpedia.org/resource/Mohammad_Shahabuddin","Mohammad_Shahabuddin","5"
"http://dbpedia.org/resource/Prabhunath_Singh","Prabhunath_Singh","6"
"http://dbpedia.org/resource/Rajiv_Pratap_Rudi","Rajiv_Pratap_Rudi","7"
"http://dbpedia.org/resource/Ram_Vilas_Paswan","Ram_Vilas_Paswan","8"
"http://dbpedia.org/resource/Raghubansh_Prasad_Singh","Raghubansh_Prasad_Singh","9"
"http://dbpedia.org/resource/Captain_Jai_Narayan_Prasad_Nishad","Captain_Jai_Narayan_Prasad_Nishad","10"
"http://dbpedia.org/resource/Hukumdeo_Narayan_Yadav","Hukumdeo_Narayan_Yadav","13"
"http://dbpedia.org/resource/Devendra_Prasad_Yadav","Devendra_Prasad_Yadav","14"
"http://dbpedia.org/resource/Kirti_Azad","Kirti_Azad","15"
"http://dbpedia.org/resource/Ram_Chandra_Paswan","Ram_Chandra_Paswan","16"
"http://dbpedia.org/resource/Nitish_Kumar","Nitish_Kumar","18"
"http://dbpedia.org/resource/Dinesh_Chandra_Yadav","Dinesh_Chandra_Yadav","20"
"http://dbpedia.org/resource/Sharad_Yadav","Sharad_Yadav","21"
"http://dbpedia.org/resource/Sukdeo_Paswan","Sukdeo_Paswan","22"
"http://dbpedia.org/resource/Syed_Shahnawaz_Hussain","Syed_Shahnawaz_Hussain","23"
"http://dbpedia.org/resource/Rajesh_Ranjan","Rajesh_Ranjan","24"
"http://dbpedia.org/resource/Nikhil_Kumar_Choudhary","Nikhil_Kumar_Choudhary","25"
"http://dbpedia.org/resource/Babulal_Marandi","Babulal_Marandi","27"
"http://dbpedia.org/resource/Jagdambi_Prasad_Yadav","Jagdambi_Prasad_Yadav","28"
"http://dbpedia.org/resource/Digvijay_Singh_(Bihar)","Digvijay_Singh_(Bihar)","29"
"http://dbpedia.org/resource/Renu_Kumari","Renu_Kumari","31"
"http://dbpedia.org/resource/Rajo_Singh","Rajo_Singh","33"
"http://dbpedia.org/resource/George_Fernandes","George_Fernandes","34"
"http://dbpedia.org/resource/C_P_Thakur","C_P_Thakur","35"
"http://dbpedia.org/resource/Lalmuni_Chaubey","Lalmuni_Chaubey","37"
"http://dbpedia.org/resource/Muni_Lall","Muni_Lall","38"
"http://dbpedia.org/resource/Kanti_Singh","Kanti_Singh","39"
"http://dbpedia.org/resource/Shyama_Singh","Shyama_Singh","40"
"http://dbpedia.org/resource/Arun_Kumar","Arun_Kumar","41"
"http://dbpedia.org/resource/Ravindra_Kumar_Pandey","Ravindra_Kumar_Pandey","46"
"http://dbpedia.org/resource/Rita_Verma","Rita_Verma","47"
"http://dbpedia.org/resource/Yashwant_Sinha","Yashwant_Sinha","48"
"http://dbpedia.org/resource/Abha_Mahato","Abha_Mahato","50"
"http://dbpedia.org/resource/Kariya_Munda","Kariya_Munda","52"