"http://dbpedia.org/resource/Indian_National_Congress","Indian_National_Congress","1"
"http://dbpedia.org/resource/Bharatiya_Janata_Party","Bharatiya_Janata_Party","2"
"http://dbpedia.org/resource/Communist_Party_of_India_(Marxist)","Communist_Party_of_India_(Marxist)","3"
"http://dbpedia.org/resource/Samajwadi_Party","Samajwadi_Party","4"
"http://dbpedia.org/resource/Rashtriya_Janata_Dal","Rashtriya_Janata_Dal","5"
"http://dbpedia.org/resource/Bahujan_Samaj_Party","Bahujan_Samaj_Party","6"
"http://dbpedia.org/resource/Dravida_Munnetra_Kazhagam","Dravida_Munnetra_Kazhagam","7"
"http://dbpedia.org/resource/Shiv_Sena","Shiv_Sena","8"
"http://dbpedia.org/resource/Biju_Janata_Dal","Biju_Janata_Dal","9"
"http://dbpedia.org/resource/Nationalist_Congress_Party","Nationalist_Congress_Party","10"
"http://dbpedia.org/resource/Communist_Party_of_India","Communist_Party_of_India","11"
"http://dbpedia.org/resource/Shiromani_Akali_Dal","Shiromani_Akali_Dal","12"
"http://dbpedia.org/resource/Pattali_Makkal_Katchi","Pattali_Makkal_Katchi","14"
"http://dbpedia.org/resource/Jharkhand_Mukti_Morcha","Jharkhand_Mukti_Morcha","15"
"http://dbpedia.org/resource/Telugu_Desam_Party","Telugu_Desam_Party","16"
"http://dbpedia.org/resource/Telangana_Rashtra_Samithi","Telangana_Rashtra_Samithi","17"
"http://dbpedia.org/resource/Lok_Jan_Shakti_Party","Lok_Jan_Shakti_Party","18"
"http://dbpedia.org/resource/Marumalarchi_Dravida_Munnetra_Kazhagam","Marumalarchi_Dravida_Munnetra_Kazhagam","19"
"http://dbpedia.org/resource/All_India_Forward_Bloc","All_India_Forward_Bloc","20"
"http://dbpedia.org/resource/Janata_Dal_(Secular)","Janata_Dal_(Secular)","21"
"http://dbpedia.org/resource/Rashtriya_Lok_Dal","Rashtriya_Lok_Dal","22"
"http://dbpedia.org/resource/Revolutionary_Socialist_Party_(India)","Revolutionary_Socialist_Party_(India)","23"
"http://dbpedia.org/resource/Telangana_Rashtra_Samithi","Telangana_Rashtra_Samithi","24"
"http://dbpedia.org/resource/Asom_Gana_Parishad","Asom_Gana_Parishad","25"
"http://dbpedia.org/resource/Jammu_and_Kashmir_National_Conference","Jammu_and_Kashmir_National_Conference","26"
"http://dbpedia.org/resource/Kerala_Congress","Kerala_Congress","27"
"http://dbpedia.org/resource/All_India_Majlis-e-Ittehadul_Muslimeen","All_India_Majlis-e-Ittehadul_Muslimeen","28"
"http://dbpedia.org/resource/All_India_Trinamool_Congress","All_India_Trinamool_Congress","29"
"http://dbpedia.org/resource/Bharatiya_Navshakti_Party","Bharatiya_Navshakti_Party","30"
"http://dbpedia.org/resource/Jammu_%26_Kashmir_Peoples_Democratic_Party","Jammu_%26_Kashmir_Peoples_Democratic_Party","31"
"http://dbpedia.org/resource/Mizo_National_Front","Mizo_National_Front","32"
"http://dbpedia.org/resource/Muslim_League_Kerala_State_Committee","Muslim_League_Kerala_State_Committee","33"
"http://dbpedia.org/resource/Nagaland_Peoples_Front","Nagaland_Peoples_Front","34"
"http://dbpedia.org/resource/National_Loktantrik_Party","National_Loktantrik_Party","35"
"http://dbpedia.org/resource/Republican_Party_of_India","Republican_Party_of_India","36"
"http://dbpedia.org/resource/Sikkim_Democratic_Front","Sikkim_Democratic_Front","37"