"http://dbpedia.org/resource/Pirates_of_the_Caribbean:_The_Legend_of_Jack_Sparrow","http://dbpedia.org/resource/Pirates_of_the_Caribbean:_The_Legend_of_Jack_Sparrow","5"
"http://dbpedia.org/resource/The_Sopranos:_Road_to_Respect","http://dbpedia.org/resource/The_Sopranos:_Road_to_Respect","6"
"http://dbpedia.org/resource/Shrek_the_Third_(video_game)","http://dbpedia.org/resource/Shrek_the_Third_(video_game)","7"
"http://dbpedia.org/resource/Fantastic_Four:_Rise_of_the_Silver_Surfer_(video_game)","http://dbpedia.org/resource/Fantastic_Four:_Rise_of_the_Silver_Surfer_(video_game)","8"
"http://dbpedia.org/resource/Napoleon_Dynamite:_The_Game","http://dbpedia.org/resource/Napoleon_Dynamite:_The_Game","9"
"http://dbpedia.org/resource/George_of_the_Jungle_and_the_Search_for_the_Secret","http://dbpedia.org/resource/George_of_the_Jungle_and_the_Search_for_the_Secret","10"