"http://dbpedia.org/resource/Ing._Alberto_Acu%C3%B1a_Ongay_International_Airport","Ing._Alberto_Acu%C3%B1a_Ongay_International_Airport","1"
"http://dbpedia.org/resource/Chetumal_International_Airport","Chetumal_International_Airport","2"
"http://dbpedia.org/resource/Ciudad_del_Carmen_International_Airport","Ciudad_del_Carmen_International_Airport","3"
"http://dbpedia.org/resource/Ciudad_Obreg%C3%B3n_International_Airport","Ciudad_Obreg%C3%B3n_International_Airport","4"
"http://dbpedia.org/resource/General_Pedro_J._M%C3%A9ndez_International_Airport","General_Pedro_J._M%C3%A9ndez_International_Airport","5"
"http://dbpedia.org/resource/Lic._Miguel_de_la_Madrid_Airport","Lic._Miguel_de_la_Madrid_Airport","6"
"http://dbpedia.org/resource/General_Jos%C3%A9_Mar%C3%ADa_Y%C3%A1%C3%B1ez_International_Airport","General_Jos%C3%A9_Mar%C3%ADa_Y%C3%A1%C3%B1ez_International_Airport","7"
"http://dbpedia.org/resource/Loreto_International_Airport","Loreto_International_Airport","8"
"http://dbpedia.org/resource/General_Servando_Canales_International_Airport","General_Servando_Canales_International_Airport","9"
"http://dbpedia.org/resource/Nogales_International_Airport_(Mexico)","Nogales_International_Airport_(Mexico)","10"
"http://dbpedia.org/resource/Quetzalc%C3%B3atl_International_Airport","Quetzalc%C3%B3atl_International_Airport","11"
"http://dbpedia.org/resource/Palenque_International_Airport","Palenque_International_Airport","12"
"http://dbpedia.org/resource/El_Taj%C3%ADn_National_Airport","El_Taj%C3%ADn_National_Airport","13"
"http://dbpedia.org/resource/Hermanos_Serd%C3%A1n_International_Airport","Hermanos_Serd%C3%A1n_International_Airport","14"
"http://dbpedia.org/resource/Puerto_Escondido_International_Airport","Puerto_Escondido_International_Airport","15"
"http://dbpedia.org/resource/Tamu%C3%ADn_National_Airport","Tamu%C3%ADn_National_Airport","16"
"http://dbpedia.org/resource/Tehuac%C3%A1n_Airport","Tehuac%C3%A1n_Airport","17"
"http://dbpedia.org/resource/Amado_Nervo_International_Airport","Amado_Nervo_International_Airport","18"
"http://dbpedia.org/resource/Lic._y_Gen._Ignacio_L%C3%B3pez_Ray%C3%B3n_International_Airport","Lic._y_Gen._Ignacio_L%C3%B3pez_Ray%C3%B3n_International_Airport","19"