"http://dbpedia.org/resource/Galatsi","Galatsi","1"
"http://dbpedia.org/resource/Galaxidi","Galaxidi","2"
"http://dbpedia.org/resource/Gallikos","Gallikos","3"
"http://dbpedia.org/resource/Gargalianoi","Gargalianoi","4"
"http://dbpedia.org/resource/Gastouni","Gastouni","5"
"http://dbpedia.org/resource/Gavdos","Gavdos","6"
"http://dbpedia.org/resource/Gazi,_Crete","Gazi,_Crete","7"
"http://dbpedia.org/resource/Georgios_Kara%C3%AFskakis_(municipality)","Georgios_Kara%C3%AFskakis_(municipality)","8"
"http://dbpedia.org/resource/Georgioupoli","Georgioupoli","9"
"http://dbpedia.org/resource/Gera,_Greece","Gera,_Greece","10"
"http://dbpedia.org/resource/Gerakas","Gerakas","11"
"http://dbpedia.org/resource/Geronthres","Geronthres","12"
"http://dbpedia.org/resource/Geropotamos","Geropotamos","13"
"http://dbpedia.org/resource/Giannitsa","Giannitsa","14"
"http://dbpedia.org/resource/Giannouli","Giannouli","15"
"http://dbpedia.org/resource/Glyfada","Glyfada","16"
"http://dbpedia.org/resource/Glyka_Nera","Glyka_Nera","17"
"http://dbpedia.org/resource/Gomfoi","Gomfoi","18"
"http://dbpedia.org/resource/Gonnoi","Gonnoi","19"
"http://dbpedia.org/resource/Gorgiani","Gorgiani","20"
"http://dbpedia.org/resource/Gorgolainis","Gorgolainis","21"
"http://dbpedia.org/resource/Gorgopotamos","Gorgopotamos","22"
"http://dbpedia.org/resource/Goumenissa","Goumenissa","25"
"http://dbpedia.org/resource/Gouves,_Greece","Gouves,_Greece","26"
"http://dbpedia.org/resource/Grammatiko","Grammatiko","27"
"http://dbpedia.org/resource/Gramos","Gramos","28"
"http://dbpedia.org/resource/Gravia","Gravia","29"
"http://dbpedia.org/resource/Grevena","Grevena","30"
"http://dbpedia.org/resource/Gytheio","Gytheio","31"