"http://dbpedia.org/resource/Pero_Anti%C4%87","Pero_Anti%C4%87","1"
"http://dbpedia.org/resource/Gustavo_Ay%C3%B3n","Gustavo_Ay%C3%B3n","2"
"http://dbpedia.org/resource/Elton_Brand","Elton_Brand","3"
"http://dbpedia.org/resource/DeMarre_Carroll","DeMarre_Carroll","4"
"http://dbpedia.org/resource/Al_Horford","Al_Horford","5"
"http://dbpedia.org/resource/John_Jenkins_(basketball)","John_Jenkins_(basketball)","6"
"http://dbpedia.org/resource/Kyle_Korver","Kyle_Korver","7"
"http://dbpedia.org/resource/Shelvin_Mack","Shelvin_Mack","8"
"http://dbpedia.org/resource/Cartier_Martin","Cartier_Martin","9"
"http://dbpedia.org/resource/Paul_Millsap","Paul_Millsap","10"
"http://dbpedia.org/resource/Mike_Muscala","Mike_Muscala","11"
"http://dbpedia.org/resource/Dennis_Schr%C3%B6der","Dennis_Schr%C3%B6der","12"
"http://dbpedia.org/resource/Mike_Scott_(basketball)","Mike_Scott_(basketball)","13"
"http://dbpedia.org/resource/Jeff_Teague_(basketball)","Jeff_Teague_(basketball)","14"
"http://dbpedia.org/resource/Louis_Williams","Louis_Williams","15"