"http://dbpedia.org/resource/Austria","Austria","1"
"http://dbpedia.org/resource/Bahrain","Bahrain","2"
"http://dbpedia.org/resource/Barbados","Barbados","3"
"http://dbpedia.org/resource/Belgium","Belgium","4"
"http://dbpedia.org/resource/Brunei_Darussalam","Brunei_Darussalam","5"
"http://dbpedia.org/resource/Bulgaria","Bulgaria","6"
"http://dbpedia.org/resource/Chile","Chile","7"
"http://dbpedia.org/resource/Cook_Islands","Cook_Islands","8"
"http://dbpedia.org/resource/Czech_Republic","Czech_Republic","9"
"http://dbpedia.org/resource/Denmark","Denmark","10"
"http://dbpedia.org/resource/Finland","Finland","11"
"http://dbpedia.org/resource/Germany","Germany","12"
"http://dbpedia.org/resource/Iceland","Iceland","13"
"http://dbpedia.org/resource/Ireland","Ireland","14"
"http://dbpedia.org/resource/Kuwait","Kuwait","15"
"http://dbpedia.org/resource/Lithuania","Lithuania","16"
"http://dbpedia.org/resource/Luxembourg","Luxembourg","17"
"http://dbpedia.org/resource/Malta","Malta","18"
"http://dbpedia.org/resource/New_Zealand","New_Zealand","19"
"http://dbpedia.org/resource/Norway","Norway","20"
"http://dbpedia.org/resource/Oman","Oman","21"
"http://dbpedia.org/resource/Peru","Peru","22"
"http://dbpedia.org/resource/Portugal","Portugal","23"
"http://dbpedia.org/resource/Qatar","Qatar","24"
"http://dbpedia.org/resource/Romania","Romania","25"
"http://dbpedia.org/resource/Samoa","Samoa","26"
"http://dbpedia.org/resource/Slovakia","Slovakia","27"
"http://dbpedia.org/resource/Slovenia","Slovenia","28"
"http://dbpedia.org/resource/Spain","Spain","29"
"http://dbpedia.org/resource/Sri_Lanka","Sri_Lanka","30"
"http://dbpedia.org/resource/Sweden","Sweden","31"
"http://dbpedia.org/resource/Thailand","Thailand","32"
"http://dbpedia.org/resource/Tonga","Tonga","33"
"http://dbpedia.org/resource/United_Arab_Emirates","United_Arab_Emirates","34"
"http://dbpedia.org/resource/United_Kingdom","United_Kingdom","35"
"http://dbpedia.org/resource/United_States","United_States","36"
"http://dbpedia.org/resource/Zambia","Zambia","37"