"http://dbpedia.org/resource/Victor_Ikpeba","Victor_Ikpeba","1"
"http://dbpedia.org/resource/Daniel_Amokachi","Daniel_Amokachi","2"
"http://dbpedia.org/resource/Godwin_Okpara","Godwin_Okpara","3"
"http://dbpedia.org/resource/Celestine_Babayaro","Celestine_Babayaro","4"
"http://dbpedia.org/resource/%C3%89mile_Mpenza","%C3%89mile_Mpenza","5"
"http://dbpedia.org/resource/Eric_Addo","Eric_Addo","6"
"http://dbpedia.org/resource/Nzelo_Herv%C3%A9_Lembi","Nzelo_Herv%C3%A9_Lembi","7"
"http://dbpedia.org/resource/Mido_(footballer)","Mido_(footballer)","8"
"http://dbpedia.org/resource/Moumouni_Dagano","Moumouni_Dagano","9"
"http://dbpedia.org/resource/Aruna_Dindane","Aruna_Dindane","10"
"http://dbpedia.org/resource/Vincent_Kompany","Vincent_Kompany","11"
"http://dbpedia.org/resource/Vincent_Kompany","Vincent_Kompany","12"
"http://dbpedia.org/resource/Mbark_Boussoufa","Mbark_Boussoufa","13"
"http://dbpedia.org/resource/Mohammed_Tchit%C3%A9","Mohammed_Tchit%C3%A9","14"
"http://dbpedia.org/resource/Marouane_Fellaini","Marouane_Fellaini","15"
"http://dbpedia.org/resource/Mbark_Boussoufa","Mbark_Boussoufa","16"
"http://dbpedia.org/resource/Mbark_Boussoufa","Mbark_Boussoufa","17"
"http://dbpedia.org/resource/Romelu_Lukaku","Romelu_Lukaku","18"
"http://dbpedia.org/resource/Dieumerci_Mbokani","Dieumerci_Mbokani","19"
"http://dbpedia.org/resource/Mbaye_Leye","Mbaye_Leye","20"