"http://dbpedia.org/resource/Ruslana","Ruslana","1"
"http://dbpedia.org/resource/Sertab_Erener","Sertab_Erener","2"
"http://dbpedia.org/resource/Vicky_Leandros","Vicky_Leandros","3"
"http://dbpedia.org/resource/Helena_Paparizou","Helena_Paparizou","4"
"http://dbpedia.org/resource/Maximilian_Mutzke","Maximilian_Mutzke","5"
"http://dbpedia.org/resource/ABBA","ABBA","6"
"http://dbpedia.org/resource/Gracia_Baur","Gracia_Baur","7"
"http://dbpedia.org/resource/Bucks_Fizz_(band)","Bucks_Fizz_(band)","8"
"http://dbpedia.org/resource/Lena_Valaitis","Lena_Valaitis","9"
"http://dbpedia.org/resource/M%C3%BCnchner_Freiheit","M%C3%BCnchner_Freiheit","10"
"http://dbpedia.org/resource/Mary_Roos","Mary_Roos","11"
"http://dbpedia.org/resource/Nicole_(German_singer)","Nicole_(German_singer)","12"
"http://dbpedia.org/resource/Wind_(band)","Wind_(band)","13"
"http://dbpedia.org/resource/Bobbysocks","Bobbysocks","14"
"http://dbpedia.org/resource/Dschinghis_Khan_(band)","Dschinghis_Khan_(band)","15"
"http://dbpedia.org/resource/Marie_Myriam","Marie_Myriam","16"
"http://dbpedia.org/resource/Anne-Marie_David","Anne-Marie_David","17"
"http://dbpedia.org/resource/Sandra_Kim","Sandra_Kim","18"
"http://dbpedia.org/resource/Jacqueline_Boyer","Jacqueline_Boyer","19"