"http://dbpedia.org/resource/Alberta","Alberta","1"
"http://dbpedia.org/resource/British_Columbia","British_Columbia","2"
"http://dbpedia.org/resource/Manitoba","Manitoba","3"
"http://dbpedia.org/resource/Newfoundland_and_Labrador","Newfoundland_and_Labrador","4"
"http://dbpedia.org/resource/New_Brunswick","New_Brunswick","5"
"http://dbpedia.org/resource/Northwest_Territories","Northwest_Territories","6"
"http://dbpedia.org/resource/Nova_Scotia","Nova_Scotia","7"
"http://dbpedia.org/resource/Ontario","Ontario","8"
"http://dbpedia.org/resource/Prince_Edward_Island","Prince_Edward_Island","9"
"http://dbpedia.org/resource/Quebec","Quebec","10"
"http://dbpedia.org/resource/Saskatchewan","Saskatchewan","11"
"http://dbpedia.org/resource/Yukon","Yukon","12"