"http://dbpedia.org/resource/Aubencheul-aux-Bois","Aubencheul-aux-Bois","1"
"http://dbpedia.org/resource/Beaurevoir","Beaurevoir","2"
"http://dbpedia.org/resource/Bellenglise","Bellenglise","3"
"http://dbpedia.org/resource/Bellicourt","Bellicourt","4"
"http://dbpedia.org/resource/Bony,_Aisne","Bony,_Aisne","5"
"http://dbpedia.org/resource/Le_Catelet","Le_Catelet","6"
"http://dbpedia.org/resource/Estr%C3%A9es,_Aisne","Estr%C3%A9es,_Aisne","7"
"http://dbpedia.org/resource/Gouy,_Aisne","Gouy,_Aisne","8"
"http://dbpedia.org/resource/Hargicourt,_Aisne","Hargicourt,_Aisne","9"
"http://dbpedia.org/resource/Lehaucourt","Lehaucourt","10"
"http://dbpedia.org/resource/Joncourt","Joncourt","11"
"http://dbpedia.org/resource/Lempire","Lempire","12"
"http://dbpedia.org/resource/Levergies","Levergies","13"
"http://dbpedia.org/resource/Magny-la-Fosse","Magny-la-Fosse","14"
"http://dbpedia.org/resource/Nauroy","Nauroy","15"
"http://dbpedia.org/resource/Sequehart","Sequehart","16"
"http://dbpedia.org/resource/Vendhuile","Vendhuile","17"
"http://dbpedia.org/resource/Villeret,_Aisne","Villeret,_Aisne","18"