"http://dbpedia.org/resource/Baralle","Baralle","1"
"http://dbpedia.org/resource/Bourlon","Bourlon","2"
"http://dbpedia.org/resource/Buissy","Buissy","3"
"http://dbpedia.org/resource/%C3%89court-Saint-Quentin","%C3%89court-Saint-Quentin","4"
"http://dbpedia.org/resource/%C3%89pinoy","%C3%89pinoy","5"
"http://dbpedia.org/resource/Graincourt-l%C3%A8s-Havrincourt","Graincourt-l%C3%A8s-Havrincourt","6"
"http://dbpedia.org/resource/Inchy-en-Artois","Inchy-en-Artois","7"
"http://dbpedia.org/resource/Lagnicourt-Marcel","Lagnicourt-Marcel","8"
"http://dbpedia.org/resource/Marquion","Marquion","9"
"http://dbpedia.org/resource/Oisy-le-Verger","Oisy-le-Verger","10"
"http://dbpedia.org/resource/Palluel","Palluel","11"
"http://dbpedia.org/resource/Pronville","Pronville","12"
"http://dbpedia.org/resource/Qu%C3%A9ant","Qu%C3%A9ant","13"
"http://dbpedia.org/resource/Rumaucourt","Rumaucourt","14"
"http://dbpedia.org/resource/Sains-l%C3%A8s-Marquion","Sains-l%C3%A8s-Marquion","15"
"http://dbpedia.org/resource/Sauchy-Cauchy","Sauchy-Cauchy","16"
"http://dbpedia.org/resource/Sauchy-Lestr%C3%A9e","Sauchy-Lestr%C3%A9e","17"