"http://dbpedia.org/resource/Goff_Letts","Goff_Letts","1"
"http://dbpedia.org/resource/Paul_Everingham","Paul_Everingham","2"
"http://dbpedia.org/resource/Ian_Tuxworth","Ian_Tuxworth","3"
"http://dbpedia.org/resource/Stephen_Hatton","Stephen_Hatton","4"
"http://dbpedia.org/resource/Marshall_Perron","Marshall_Perron","5"
"http://dbpedia.org/resource/Shane_Stone","Shane_Stone","6"
"http://dbpedia.org/resource/Denis_Burke_(Australian_politician)","Denis_Burke_(Australian_politician)","7"
"http://dbpedia.org/resource/Clare_Martin","Clare_Martin","8"
"http://dbpedia.org/resource/Paul_Henderson_(politician)","Paul_Henderson_(politician)","9"
"http://dbpedia.org/resource/Terry_Mills_(politician)","Terry_Mills_(politician)","10"
"http://dbpedia.org/resource/Adam_Giles","Adam_Giles","11"