"http://dbpedia.org/resource/Butterfly_sword","Butterfly_sword","1"
"http://dbpedia.org/resource/Changdao_(sword)","Changdao_(sword)","2"
"http://dbpedia.org/resource/Dao_(sword)","Dao_(sword)","3"
"http://dbpedia.org/resource/Dadao","Dadao","4"
"http://dbpedia.org/resource/Guandao","Guandao","5"
"http://dbpedia.org/resource/Hook_sword","Hook_sword","6"
"http://dbpedia.org/resource/Jian","Jian","8"
"http://dbpedia.org/resource/Liuyedao","Liuyedao","9"
"http://dbpedia.org/resource/Miao_dao","Miao_dao","10"
"http://dbpedia.org/resource/Nandao","Nandao","11"
"http://dbpedia.org/resource/Niuweidao","Niuweidao","12"
"http://dbpedia.org/resource/Piandao","Piandao","13"
"http://dbpedia.org/resource/Pudao","Pudao","14"
"http://dbpedia.org/resource/Wodao","Wodao","15"
"http://dbpedia.org/resource/Yanmaodao","Yanmaodao","16"
"http://dbpedia.org/resource/Zhanmadao","Zhanmadao","17"