"http://dbpedia.org/resource/Kolmik%C3%A4rki","Kolmik","1"
"http://dbpedia.org/resource/Veljeskunta","Veljeskunta","2"
"http://dbpedia.org/resource/Aurinko","Aurinko","3"
"http://dbpedia.org/resource/Aura_(CMX_album)","Aura_","4"
"http://dbpedia.org/resource/Rautakantele","Rautakantele","5"
"http://dbpedia.org/resource/Discopolis","Discopolis","6"
"http://dbpedia.org/resource/Vainajala","Vainajala","7"
"http://dbpedia.org/resource/Dinosaurus_Stereophonicus","Dinosaurus_Stereophonicus","8"
"http://dbpedia.org/resource/Isohaara","Isohaara","9"
"http://dbpedia.org/resource/Aion_(CMX_album)","Aion_","10"
"http://dbpedia.org/resource/Pedot","Pedot","11"
"http://dbpedia.org/resource/Talvikuningas","Talvikuningas","12"
"http://dbpedia.org/resource/I%C3%A4ti","I%C3%A4ti","13"
"http://dbpedia.org/resource/Seitsentahokas","Seitsentahokas","14"