"http://dbpedia.org/resource/Alfarr%C3%A0s","Alfarr%C3%A0s","1"
"http://dbpedia.org/resource/Arbol%C3%AD","Arbol%C3%AD","2"
"http://dbpedia.org/resource/Bonastre","Bonastre","3"
"http://dbpedia.org/resource/Caldes_de_Montbui","Caldes_de_Montbui","4"
"http://dbpedia.org/resource/Castellet_i_la_Gornal","Castellet_i_la_Gornal","5"
"http://dbpedia.org/resource/Esplugues_de_Llobregat","Esplugues_de_Llobregat","6"
"http://dbpedia.org/resource/Els_Garidells","Els_Garidells","7"
"http://dbpedia.org/resource/Maslloren%C3%A7","Maslloren%C3%A7","8"
"http://dbpedia.org/resource/La_Molsosa","La_Molsosa","9"
"http://dbpedia.org/resource/Montesquiu","Montesquiu","10"
"http://dbpedia.org/resource/Montorn%C3%A8s_de_Segarra","Montorn%C3%A8s_de_Segarra","11"
"http://dbpedia.org/resource/Olesa_de_Bonesvalls","Olesa_de_Bonesvalls","12"
"http://dbpedia.org/resource/La_Portella","La_Portella","13"
"http://dbpedia.org/resource/Santa_Maria_de_Besora","Santa_Maria_de_Besora","14"
"http://dbpedia.org/resource/Sant_Jaume_d%27Enveja","Sant_Jaume_d%27Enveja","15"
"http://dbpedia.org/resource/Sant_Just_Desvern","Sant_Just_Desvern","16"
"http://dbpedia.org/resource/Sant_Quirze_de_Besora","Sant_Quirze_de_Besora","17"
"http://dbpedia.org/resource/Vallfogona_de_Riucorb","Vallfogona_de_Riucorb","18"
"http://dbpedia.org/resource/Vidr%C3%A0","Vidr%C3%A0","19"