"http://dbpedia.org/resource/Big_Deal_on_Madonna_Street","Big_Deal_on_Madonna_Street","1"
"http://dbpedia.org/resource/The_Great_War_(1959_film)","The_Great_War_(1959_film)","2"
"http://dbpedia.org/resource/Il_vedovo","Il_vedovo","3"
"http://dbpedia.org/resource/Il_Mattatore","Il_Mattatore","4"
"http://dbpedia.org/resource/Everybody_Go_Home","Everybody_Go_Home","5"
"http://dbpedia.org/resource/Adua_e_le_compagne","Adua_e_le_compagne","6"
"http://dbpedia.org/resource/A_Difficult_Life","A_Difficult_Life","7"
"http://dbpedia.org/resource/Audace_colpo_dei_soliti_ignoti","Audace_colpo_dei_soliti_ignoti","8"
"http://dbpedia.org/resource/The_Fascist_(film)","The_Fascist_(film)","9"
"http://dbpedia.org/resource/Divorce,_Italian_Style","Divorce,_Italian_Style","10"
"http://dbpedia.org/resource/Boccaccio_%2770","Boccaccio_%2770","11"
"http://dbpedia.org/resource/The_Easy_Life","The_Easy_Life","12"
"http://dbpedia.org/resource/The_Last_Judgement_(1961_film)","The_Last_Judgement_(1961_film)","13"
"http://dbpedia.org/resource/Mafioso_(1962_film)","Mafioso_(1962_film)","14"
"http://dbpedia.org/resource/March_on_Rome_(film)","March_on_Rome_(film)","15"
"http://dbpedia.org/resource/The_Conjugal_Bed_(1963_film)","The_Conjugal_Bed_(1963_film)","16"
"http://dbpedia.org/resource/I_mostri","I_mostri","17"
"http://dbpedia.org/resource/Alta_Infedelt%C3%A0","Alta_Infedelt%C3%A0","18"
"http://dbpedia.org/resource/Il_diavolo","Il_diavolo","19"
"http://dbpedia.org/resource/Il_Boom","Il_Boom","20"
"http://dbpedia.org/resource/Yesterday,_Today_and_Tomorrow","Yesterday,_Today_and_Tomorrow","21"
"http://dbpedia.org/resource/The_Reunion_(1963_film)","The_Reunion_(1963_film)","22"
"http://dbpedia.org/resource/Seduced_and_Abandoned","Seduced_and_Abandoned","23"
"http://dbpedia.org/resource/Se_permettete_parliamo_di_donne","Se_permettete_parliamo_di_donne","24"
"http://dbpedia.org/resource/Le_bambole","Le_bambole","26"
"http://dbpedia.org/resource/Casanova_70","Casanova_70","27"
"http://dbpedia.org/resource/The_Birds,_the_Bees_and_the_Italians","The_Birds,_the_Bees_and_the_Italians","28"
"http://dbpedia.org/resource/I_complessi","I_complessi","29"
"http://dbpedia.org/resource/Il_Gaucho","Il_Gaucho","30"
"http://dbpedia.org/resource/Io_la_conoscevo_bene","Io_la_conoscevo_bene","31"
"http://dbpedia.org/resource/The_Man,_the_Woman_and_the_Money","The_Man,_the_Woman_and_the_Money","32"
"http://dbpedia.org/resource/Me,_Me,_Me..._and_the_Others","Me,_Me,_Me..._and_the_Others","33"
"http://dbpedia.org/resource/L%27Armata_Brancaleone","L%27Armata_Brancaleone","34"
"http://dbpedia.org/resource/L%27ombrellone","L%27ombrellone","35"
"http://dbpedia.org/resource/A_Question_of_Honour","A_Question_of_Honour","36"
"http://dbpedia.org/resource/The_Tiger_and_the_Pussycat","The_Tiger_and_the_Pussycat","37"
"http://dbpedia.org/resource/The_Witches_(1967_film)","The_Witches_(1967_film)","38"
"http://dbpedia.org/resource/La_ragazza_con_la_pistola","La_ragazza_con_la_pistola","39"
"http://dbpedia.org/resource/Il_medico_della_mutua","Il_medico_della_mutua","40"
"http://dbpedia.org/resource/Il_Commissario_Pepe","Il_Commissario_Pepe","41"
"http://dbpedia.org/resource/The_Libertine_(1969_film)","The_Libertine_(1969_film)","42"
"http://dbpedia.org/resource/Vedo_nudo","Vedo_nudo","43"
"http://dbpedia.org/resource/Brancaleone_alle_Crociate","Brancaleone_alle_Crociate","44"
"http://dbpedia.org/resource/Between_Miracles","Between_Miracles","45"
"http://dbpedia.org/resource/In_nome_del_popolo_italiano","In_nome_del_popolo_italiano","46"
"http://dbpedia.org/resource/Secret_Fantasy","Secret_Fantasy","47"
"http://dbpedia.org/resource/Bello,_onesto,_emigrato_Australia_sposerebbe_compaesana_illibata","Bello,_onesto,_emigrato_Australia_sposerebbe_compaesana_illibata","48"
"http://dbpedia.org/resource/The_Seduction_of_Mimi","The_Seduction_of_Mimi","49"
"http://dbpedia.org/resource/Lo_scopone_scientifico","Lo_scopone_scientifico","50"
"http://dbpedia.org/resource/Vogliamo_i_colonnelli","Vogliamo_i_colonnelli","51"
"http://dbpedia.org/resource/Pane_e_cioccolata","Pane_e_cioccolata","52"
"http://dbpedia.org/resource/C%27eravamo_tanto_amati","C%27eravamo_tanto_amati","53"
"http://dbpedia.org/resource/Swept_Away_by_an_Unusual_Destiny_in_the_Blue_Sea_of_August","Swept_Away_by_an_Unusual_Destiny_in_the_Blue_Sea_of_August","54"
"http://dbpedia.org/resource/Profumo_di_donna","Profumo_di_donna","55"
"http://dbpedia.org/resource/Romanzo_popolare","Romanzo_popolare","56"
"http://dbpedia.org/resource/Amici_miei","Amici_miei","57"
"http://dbpedia.org/resource/Brutti,_sporchi_e_cattivi","Brutti,_sporchi_e_cattivi","58"
"http://dbpedia.org/resource/The_Career_of_a_Chambermaid","The_Career_of_a_Chambermaid","59"
"http://dbpedia.org/resource/La_stanza_del_vescovo_(film)","La_stanza_del_vescovo_(film)","60"
"http://dbpedia.org/resource/Un_borghese_piccolo_piccolo","Un_borghese_piccolo_piccolo","61"
"http://dbpedia.org/resource/Traffic_Jam_(film)","Traffic_Jam_(film)","62"
"http://dbpedia.org/resource/Signore_e_signori,_buonanotte","Signore_e_signori,_buonanotte","63"
"http://dbpedia.org/resource/Caro_pap%C3%A0","Caro_pap%C3%A0","64"
"http://dbpedia.org/resource/Amici_miei_Atto_II","Amici_miei_Atto_II","65"
"http://dbpedia.org/resource/Caf%C3%A9_Express_(film)","Caf%C3%A9_Express_(film)","66"