"http://dbpedia.org/resource/M%C3%A9ounes-l%C3%A8s-Montrieux","M%C3%A9ounes-l%C3%A8s-Montrieux","1"
"http://dbpedia.org/resource/Moissac-Bellevue","Moissac-Bellevue","2"
"http://dbpedia.org/resource/La_M%C3%B4le","La_M%C3%B4le","3"
"http://dbpedia.org/resource/Mons,_Var","Mons,_Var","4"
"http://dbpedia.org/resource/Montauroux","Montauroux","5"
"http://dbpedia.org/resource/Montferrat,_Var","Montferrat,_Var","6"
"http://dbpedia.org/resource/Montfort-sur-Argens","Montfort-sur-Argens","7"
"http://dbpedia.org/resource/Montmeyan","Montmeyan","8"
"http://dbpedia.org/resource/La_Motte,_Var","La_Motte,_Var","9"
"http://dbpedia.org/resource/Le_Muy","Le_Muy","10"
"http://dbpedia.org/resource/Nans-les-Pins","Nans-les-Pins","11"
"http://dbpedia.org/resource/N%C3%A9oules","N%C3%A9oules","12"
"http://dbpedia.org/resource/Olli%C3%A8res","Olli%C3%A8res","13"
"http://dbpedia.org/resource/Ollioules","Ollioules","14"
"http://dbpedia.org/resource/Pierrefeu-du-Var","Pierrefeu-du-Var","15"
"http://dbpedia.org/resource/Pignans","Pignans","16"
"http://dbpedia.org/resource/Plan-d%27Aups-Sainte-Baume","Plan-d%27Aups-Sainte-Baume","17"
"http://dbpedia.org/resource/Le_Plan-de-la-Tour","Le_Plan-de-la-Tour","18"
"http://dbpedia.org/resource/Pontev%C3%A8s","Pontev%C3%A8s","19"
"http://dbpedia.org/resource/Pourcieux","Pourcieux","20"
"http://dbpedia.org/resource/Pourri%C3%A8res","Pourri%C3%A8res","21"
"http://dbpedia.org/resource/Le_Pradet","Le_Pradet","22"
"http://dbpedia.org/resource/Puget-sur-Argens","Puget-sur-Argens","23"
"http://dbpedia.org/resource/Puget-Ville","Puget-Ville","24"
"http://dbpedia.org/resource/Ramatuelle","Ramatuelle","25"
"http://dbpedia.org/resource/Rayol-Canadel-sur-Mer","Rayol-Canadel-sur-Mer","26"
"http://dbpedia.org/resource/R%C3%A9gusse","R%C3%A9gusse","27"
"http://dbpedia.org/resource/Le_Revest-les-Eaux","Le_Revest-les-Eaux","28"
"http://dbpedia.org/resource/Rians,_Var","Rians,_Var","29"
"http://dbpedia.org/resource/Riboux","Riboux","30"
"http://dbpedia.org/resource/Rocbaron","Rocbaron","31"
"http://dbpedia.org/resource/Roquebrune-sur-Argens","Roquebrune-sur-Argens","32"
"http://dbpedia.org/resource/La_Roquebrussanne","La_Roquebrussanne","33"
"http://dbpedia.org/resource/La_Roque-Esclapon","La_Roque-Esclapon","34"
"http://dbpedia.org/resource/Rougiers","Rougiers","35"
"http://dbpedia.org/resource/Saint-Antonin-du-Var","Saint-Antonin-du-Var","36"
"http://dbpedia.org/resource/Saint-Cyr-sur-Mer","Saint-Cyr-sur-Mer","37"
"http://dbpedia.org/resource/Sainte-Anastasie-sur-Issole","Sainte-Anastasie-sur-Issole","38"
"http://dbpedia.org/resource/Sainte-Maxime","Sainte-Maxime","39"
"http://dbpedia.org/resource/Saint-Julien,_Var","Saint-Julien,_Var","40"
"http://dbpedia.org/resource/Saint-Mandrier-sur-Mer","Saint-Mandrier-sur-Mer","41"
"http://dbpedia.org/resource/Saint-Martin-de-Palli%C3%A8res","Saint-Martin-de-Palli%C3%A8res","42"
"http://dbpedia.org/resource/Saint-Maximin-la-Sainte-Baume","Saint-Maximin-la-Sainte-Baume","43"
"http://dbpedia.org/resource/Saint-Paul-en-For%C3%AAt","Saint-Paul-en-For%C3%AAt","44"
"http://dbpedia.org/resource/Saint-Rapha%C3%ABl,_Var","Saint-Rapha%C3%ABl,_Var","45"
"http://dbpedia.org/resource/Saint-Tropez","Saint-Tropez","46"
"http://dbpedia.org/resource/Saint-Zacharie","Saint-Zacharie","47"
"http://dbpedia.org/resource/Salernes","Salernes","48"
"http://dbpedia.org/resource/Les_Salles-sur-Verdon","Les_Salles-sur-Verdon","49"
"http://dbpedia.org/resource/Sanary-sur-Mer","Sanary-sur-Mer","50"
"http://dbpedia.org/resource/Seillans","Seillans","51"
"http://dbpedia.org/resource/Seillons-Source-d%27Argens","Seillons-Source-d%27Argens","52"
"http://dbpedia.org/resource/La_Seyne-sur-Mer","La_Seyne-sur-Mer","53"
"http://dbpedia.org/resource/Signes,_Var","Signes,_Var","54"
"http://dbpedia.org/resource/Sillans-la-Cascade","Sillans-la-Cascade","55"
"http://dbpedia.org/resource/Six-Fours-les-Plages","Six-Fours-les-Plages","56"
"http://dbpedia.org/resource/Solli%C3%A8s-Pont","Solli%C3%A8s-Pont","57"
"http://dbpedia.org/resource/Solli%C3%A8s-Toucas","Solli%C3%A8s-Toucas","58"
"http://dbpedia.org/resource/Solli%C3%A8s-Ville","Solli%C3%A8s-Ville","59"
"http://dbpedia.org/resource/Tanneron","Tanneron","60"
"http://dbpedia.org/resource/Taradeau","Taradeau","61"
"http://dbpedia.org/resource/Tavernes","Tavernes","62"
"http://dbpedia.org/resource/Le_Thoronet","Le_Thoronet","63"
"http://dbpedia.org/resource/Toulon","Toulon","64"
"http://dbpedia.org/resource/Tourrettes,_Var","Tourrettes,_Var","65"
"http://dbpedia.org/resource/Tourtour","Tourtour","66"
"http://dbpedia.org/resource/Tourves","Tourves","67"
"http://dbpedia.org/resource/Trans-en-Provence","Trans-en-Provence","68"
"http://dbpedia.org/resource/Trigance","Trigance","69"
"http://dbpedia.org/resource/Le_Val","Le_Val","70"
"http://dbpedia.org/resource/La_Valette-du-Var","La_Valette-du-Var","71"
"http://dbpedia.org/resource/Varages","Varages","72"
"http://dbpedia.org/resource/La_Verdi%C3%A8re","La_Verdi%C3%A8re","73"
"http://dbpedia.org/resource/V%C3%A9rignon","V%C3%A9rignon","74"
"http://dbpedia.org/resource/Vidauban","Vidauban","75"
"http://dbpedia.org/resource/Villecroze","Villecroze","76"
"http://dbpedia.org/resource/Vinon-sur-Verdon","Vinon-sur-Verdon","77"
"http://dbpedia.org/resource/Vins-sur-Caramy","Vins-sur-Caramy","78"