"http://dbpedia.org/resource/Linas,_Essonne","Linas,_Essonne","1"
"http://dbpedia.org/resource/Lisses","Lisses","2"
"http://dbpedia.org/resource/Longjumeau","Longjumeau","3"
"http://dbpedia.org/resource/Longpont-sur-Orge","Longpont-sur-Orge","4"
"http://dbpedia.org/resource/Maisse","Maisse","5"
"http://dbpedia.org/resource/Marcoussis","Marcoussis","6"
"http://dbpedia.org/resource/Marolles-en-Beauce","Marolles-en-Beauce","7"
"http://dbpedia.org/resource/Marolles-en-Hurepoix","Marolles-en-Hurepoix","8"
"http://dbpedia.org/resource/Massy,_Essonne","Massy,_Essonne","9"
"http://dbpedia.org/resource/Mauchamps","Mauchamps","10"
"http://dbpedia.org/resource/Mennecy","Mennecy","11"
"http://dbpedia.org/resource/M%C3%A9r%C3%A9ville,_Essonne","M%C3%A9r%C3%A9ville,_Essonne","12"
"http://dbpedia.org/resource/M%C3%A9robert","M%C3%A9robert","13"
"http://dbpedia.org/resource/Mespuits","Mespuits","14"
"http://dbpedia.org/resource/Milly-la-For%C3%AAt","Milly-la-For%C3%AAt","15"
"http://dbpedia.org/resource/Moigny-sur-%C3%89cole","Moigny-sur-%C3%89cole","16"
"http://dbpedia.org/resource/Les_Moli%C3%A8res","Les_Moli%C3%A8res","17"
"http://dbpedia.org/resource/Mondeville,_Essonne","Mondeville,_Essonne","18"
"http://dbpedia.org/resource/Monnerville","Monnerville","19"
"http://dbpedia.org/resource/Montgeron","Montgeron","20"
"http://dbpedia.org/resource/Montlh%C3%A9ry","Montlh%C3%A9ry","21"
"http://dbpedia.org/resource/Morangis,_Essonne","Morangis,_Essonne","22"
"http://dbpedia.org/resource/Morigny-Champigny","Morigny-Champigny","23"
"http://dbpedia.org/resource/Morsang-sur-Orge","Morsang-sur-Orge","24"
"http://dbpedia.org/resource/Morsang-sur-Seine","Morsang-sur-Seine","25"
"http://dbpedia.org/resource/Nainville-les-Roches","Nainville-les-Roches","26"
"http://dbpedia.org/resource/La_Norville","La_Norville","27"
"http://dbpedia.org/resource/Nozay,_Essonne","Nozay,_Essonne","28"
"http://dbpedia.org/resource/Ollainville,_Essonne","Ollainville,_Essonne","29"
"http://dbpedia.org/resource/Oncy-sur-%C3%89cole","Oncy-sur-%C3%89cole","30"
"http://dbpedia.org/resource/Ormoy,_Essonne","Ormoy,_Essonne","31"
"http://dbpedia.org/resource/Ormoy-la-Rivi%C3%A8re","Ormoy-la-Rivi%C3%A8re","32"
"http://dbpedia.org/resource/Orsay","Orsay","33"
"http://dbpedia.org/resource/Orveau","Orveau","34"
"http://dbpedia.org/resource/Palaiseau","Palaiseau","35"
"http://dbpedia.org/resource/Paray-Vieille-Poste","Paray-Vieille-Poste","36"
"http://dbpedia.org/resource/Pecqueuse","Pecqueuse","37"
"http://dbpedia.org/resource/Le_Plessis-P%C3%A2t%C3%A9","Le_Plessis-P%C3%A2t%C3%A9","38"
"http://dbpedia.org/resource/Plessis-Saint-Benoist","Plessis-Saint-Benoist","39"
"http://dbpedia.org/resource/Prunay-sur-Essonne","Prunay-sur-Essonne","40"
"http://dbpedia.org/resource/Puiselet-le-Marais","Puiselet-le-Marais","41"
"http://dbpedia.org/resource/Pussay","Pussay","42"
"http://dbpedia.org/resource/Quincy-sous-S%C3%A9nart","Quincy-sous-S%C3%A9nart","43"
"http://dbpedia.org/resource/Richarville","Richarville","44"
"http://dbpedia.org/resource/Ris-Orangis","Ris-Orangis","45"
"http://dbpedia.org/resource/Roinville,_Essonne","Roinville,_Essonne","46"
"http://dbpedia.org/resource/Roinvilliers","Roinvilliers","47"
"http://dbpedia.org/resource/Saclas","Saclas","48"
"http://dbpedia.org/resource/Saclay","Saclay","49"
"http://dbpedia.org/resource/Saint-Aubin,_Essonne","Saint-Aubin,_Essonne","50"
"http://dbpedia.org/resource/Saint-Ch%C3%A9ron,_Essonne","Saint-Ch%C3%A9ron,_Essonne","51"
"http://dbpedia.org/resource/Saint-Cyr-la-Rivi%C3%A8re","Saint-Cyr-la-Rivi%C3%A8re","52"
"http://dbpedia.org/resource/Saint-Cyr-sous-Dourdan","Saint-Cyr-sous-Dourdan","53"
"http://dbpedia.org/resource/Sainte-Genevi%C3%A8ve-des-Bois,_Essonne","Sainte-Genevi%C3%A8ve-des-Bois,_Essonne","54"
"http://dbpedia.org/resource/Saint-Escobille","Saint-Escobille","55"
"http://dbpedia.org/resource/Saint-Germain-l%C3%A8s-Arpajon","Saint-Germain-l%C3%A8s-Arpajon","56"
"http://dbpedia.org/resource/Saint-Germain-l%C3%A8s-Corbeil","Saint-Germain-l%C3%A8s-Corbeil","57"
"http://dbpedia.org/resource/Saint-Hilaire,_Essonne","Saint-Hilaire,_Essonne","58"
"http://dbpedia.org/resource/Saint-Jean-de-Beauregard","Saint-Jean-de-Beauregard","59"
"http://dbpedia.org/resource/Saint-Maurice-Montcouronne","Saint-Maurice-Montcouronne","60"
"http://dbpedia.org/resource/Saint-Michel-sur-Orge","Saint-Michel-sur-Orge","61"
"http://dbpedia.org/resource/Saint-Pierre-du-Perray","Saint-Pierre-du-Perray","62"
"http://dbpedia.org/resource/Saintry-sur-Seine","Saintry-sur-Seine","63"
"http://dbpedia.org/resource/Saint-Sulpice-de-Favi%C3%A8res","Saint-Sulpice-de-Favi%C3%A8res","64"
"http://dbpedia.org/resource/Saint-Vrain,_Essonne","Saint-Vrain,_Essonne","65"
"http://dbpedia.org/resource/Saint-Yon","Saint-Yon","66"
"http://dbpedia.org/resource/Saulx-les-Chartreux","Saulx-les-Chartreux","67"
"http://dbpedia.org/resource/Savigny-sur-Orge","Savigny-sur-Orge","68"
"http://dbpedia.org/resource/Sermaise,_Essonne","Sermaise,_Essonne","69"
"http://dbpedia.org/resource/Soisy-sur-%C3%89cole","Soisy-sur-%C3%89cole","70"
"http://dbpedia.org/resource/Soisy-sur-Seine","Soisy-sur-Seine","71"
"http://dbpedia.org/resource/Souzy-la-Briche","Souzy-la-Briche","72"
"http://dbpedia.org/resource/Tigery","Tigery","73"
"http://dbpedia.org/resource/Torfou,_Essonne","Torfou,_Essonne","74"
"http://dbpedia.org/resource/Les_Ulis","Les_Ulis","75"
"http://dbpedia.org/resource/Valpuiseaux","Valpuiseaux","76"
"http://dbpedia.org/resource/Le_Val-Saint-Germain","Le_Val-Saint-Germain","77"
"http://dbpedia.org/resource/Varennes-Jarcy","Varennes-Jarcy","78"
"http://dbpedia.org/resource/Vaugrigneuse","Vaugrigneuse","79"
"http://dbpedia.org/resource/Vauhallan","Vauhallan","80"
"http://dbpedia.org/resource/Vayres-sur-Essonne","Vayres-sur-Essonne","81"
"http://dbpedia.org/resource/Verri%C3%A8res-le-Buisson","Verri%C3%A8res-le-Buisson","82"
"http://dbpedia.org/resource/Vert-le-Grand","Vert-le-Grand","83"
"http://dbpedia.org/resource/Vert-le-Petit","Vert-le-Petit","84"
"http://dbpedia.org/resource/Videlles","Videlles","85"
"http://dbpedia.org/resource/Vigneux-sur-Seine","Vigneux-sur-Seine","86"
"http://dbpedia.org/resource/Villab%C3%A9","Villab%C3%A9","87"
"http://dbpedia.org/resource/Villebon-sur-Yvette","Villebon-sur-Yvette","88"
"http://dbpedia.org/resource/Villeconin","Villeconin","89"
"http://dbpedia.org/resource/La_Ville-du-Bois","La_Ville-du-Bois","90"
"http://dbpedia.org/resource/Villejust","Villejust","91"
"http://dbpedia.org/resource/Villemoisson-sur-Orge","Villemoisson-sur-Orge","92"
"http://dbpedia.org/resource/Villeneuve-sur-Auvers","Villeneuve-sur-Auvers","93"
"http://dbpedia.org/resource/Villiers-le-B%C3%A2cle","Villiers-le-B%C3%A2cle","94"
"http://dbpedia.org/resource/Villiers-sur-Orge","Villiers-sur-Orge","95"
"http://dbpedia.org/resource/Viry-Ch%C3%A2tillon","Viry-Ch%C3%A2tillon","96"
"http://dbpedia.org/resource/Wissous","Wissous","97"
"http://dbpedia.org/resource/Yerres","Yerres","98"