"http://dbpedia.org/resource/Acerra","Acerra","1"
"http://dbpedia.org/resource/Afragola","Afragola","2"
"http://dbpedia.org/resource/Agerola","Agerola","3"
"http://dbpedia.org/resource/Anacapri","Anacapri","4"
"http://dbpedia.org/resource/Arzano","Arzano","5"
"http://dbpedia.org/resource/Bacoli","Bacoli","6"
"http://dbpedia.org/resource/Barano_d%27Ischia","Barano_d%27Ischia","7"
"http://dbpedia.org/resource/Boscoreale","Boscoreale","8"
"http://dbpedia.org/resource/Boscotrecase","Boscotrecase","9"
"http://dbpedia.org/resource/Brusciano","Brusciano","10"
"http://dbpedia.org/resource/Caivano","Caivano","11"
"http://dbpedia.org/resource/Calvizzano","Calvizzano","12"
"http://dbpedia.org/resource/Camposano","Camposano","13"
"http://dbpedia.org/resource/Capri,_Campania","Capri,_Campania","14"
"http://dbpedia.org/resource/Carbonara_di_Nola","Carbonara_di_Nola","15"
"http://dbpedia.org/resource/Cardito","Cardito","16"
"http://dbpedia.org/resource/Casalnuovo_di_Napoli","Casalnuovo_di_Napoli","17"
"http://dbpedia.org/resource/Casamarciano","Casamarciano","18"
"http://dbpedia.org/resource/Casamicciola_Terme","Casamicciola_Terme","19"
"http://dbpedia.org/resource/Casandrino","Casandrino","20"
"http://dbpedia.org/resource/Casavatore","Casavatore","21"
"http://dbpedia.org/resource/Casola_di_Napoli","Casola_di_Napoli","22"
"http://dbpedia.org/resource/Casoria","Casoria","23"
"http://dbpedia.org/resource/Castellammare_di_Stabia","Castellammare_di_Stabia","24"
"http://dbpedia.org/resource/Castello_di_Cisterna","Castello_di_Cisterna","25"
"http://dbpedia.org/resource/Cercola","Cercola","26"
"http://dbpedia.org/resource/Cicciano","Cicciano","27"
"http://dbpedia.org/resource/Cimitile","Cimitile","28"
"http://dbpedia.org/resource/Comiziano","Comiziano","29"
"http://dbpedia.org/resource/Crispano","Crispano","30"
"http://dbpedia.org/resource/Forio","Forio","31"
"http://dbpedia.org/resource/Frattamaggiore","Frattamaggiore","32"
"http://dbpedia.org/resource/Frattaminore","Frattaminore","33"
"http://dbpedia.org/resource/Giugliano_in_Campania","Giugliano_in_Campania","34"
"http://dbpedia.org/resource/Gragnano","Gragnano","35"
"http://dbpedia.org/resource/Grumo_Nevano","Grumo_Nevano","36"
"http://dbpedia.org/resource/Ischia,_Campania","Ischia,_Campania","37"
"http://dbpedia.org/resource/Lacco_Ameno","Lacco_Ameno","38"
"http://dbpedia.org/resource/Lettere","Lettere","39"
"http://dbpedia.org/resource/Liveri","Liveri","40"
"http://dbpedia.org/resource/Marano_di_Napoli","Marano_di_Napoli","41"
"http://dbpedia.org/resource/Mariglianella","Mariglianella","42"
"http://dbpedia.org/resource/Marigliano","Marigliano","43"
"http://dbpedia.org/resource/Massa_Lubrense","Massa_Lubrense","44"
"http://dbpedia.org/resource/Melito_di_Napoli","Melito_di_Napoli","45"
"http://dbpedia.org/resource/Meta,_Campania","Meta,_Campania","46"
"http://dbpedia.org/resource/Monte_di_Procida","Monte_di_Procida","47"
"http://dbpedia.org/resource/Mugnano_di_Napoli","Mugnano_di_Napoli","48"
"http://dbpedia.org/resource/Naples","Naples","49"
"http://dbpedia.org/resource/Nola","Nola","50"
"http://dbpedia.org/resource/Ottaviano","Ottaviano","51"
"http://dbpedia.org/resource/Palma_Campania","Palma_Campania","52"
"http://dbpedia.org/resource/Piano_di_Sorrento","Piano_di_Sorrento","53"
"http://dbpedia.org/resource/Pimonte","Pimonte","54"
"http://dbpedia.org/resource/Poggiomarino","Poggiomarino","55"
"http://dbpedia.org/resource/Pollena_Trocchia","Pollena_Trocchia","56"
"http://dbpedia.org/resource/Pomigliano_d%27Arco","Pomigliano_d%27Arco","57"
"http://dbpedia.org/resource/Pompei","Pompei","58"
"http://dbpedia.org/resource/Portici","Portici","59"
"http://dbpedia.org/resource/Pozzuoli","Pozzuoli","60"
"http://dbpedia.org/resource/Procida","Procida","61"
"http://dbpedia.org/resource/Qualiano","Qualiano","62"
"http://dbpedia.org/resource/Quarto,_Campania","Quarto,_Campania","63"
"http://dbpedia.org/resource/Ercolano","Ercolano","64"
"http://dbpedia.org/resource/Roccarainola","Roccarainola","65"
"http://dbpedia.org/resource/San_Gennaro_Vesuviano","San_Gennaro_Vesuviano","66"
"http://dbpedia.org/resource/San_Giorgio_a_Cremano","San_Giorgio_a_Cremano","67"
"http://dbpedia.org/resource/San_Giuseppe_Vesuviano","San_Giuseppe_Vesuviano","68"
"http://dbpedia.org/resource/San_Paolo_Bel_Sito","San_Paolo_Bel_Sito","69"
"http://dbpedia.org/resource/San_Sebastiano_al_Vesuvio","San_Sebastiano_al_Vesuvio","70"
"http://dbpedia.org/resource/Sant%27Agnello","Sant%27Agnello","71"
"http://dbpedia.org/resource/Sant%27Anastasia","Sant%27Anastasia","72"
"http://dbpedia.org/resource/Sant%27Antimo","Sant%27Antimo","73"
"http://dbpedia.org/resource/Sant%27Antonio_Abate","Sant%27Antonio_Abate","74"
"http://dbpedia.org/resource/San_Vitaliano","San_Vitaliano","75"
"http://dbpedia.org/resource/Saviano","Saviano","76"
"http://dbpedia.org/resource/Scisciano","Scisciano","77"
"http://dbpedia.org/resource/Serrara_Fontana","Serrara_Fontana","78"
"http://dbpedia.org/resource/Somma_Vesuviana","Somma_Vesuviana","79"
"http://dbpedia.org/resource/Sorrento,_Italy","Sorrento,_Italy","80"
"http://dbpedia.org/resource/Striano","Striano","81"
"http://dbpedia.org/resource/Terzigno","Terzigno","82"
"http://dbpedia.org/resource/Torre_Annunziata","Torre_Annunziata","83"
"http://dbpedia.org/resource/Torre_del_Greco","Torre_del_Greco","84"
"http://dbpedia.org/resource/Tufino","Tufino","85"
"http://dbpedia.org/resource/Vico_Equense","Vico_Equense","86"
"http://dbpedia.org/resource/Villaricca","Villaricca","87"
"http://dbpedia.org/resource/Visciano","Visciano","88"
"http://dbpedia.org/resource/Volla,_Campania","Volla,_Campania","89"
"http://dbpedia.org/resource/Santa_Maria_la_Carit%C3%A0","Santa_Maria_la_Carit%C3%A0","90"
"http://dbpedia.org/resource/Trecase","Trecase","91"
"http://dbpedia.org/resource/Massa_di_Somma","Massa_di_Somma","92"