"http://dbpedia.org/resource/Yukon-Koyukuk_Census_Area,_Alaska","Yukon-Koyukuk_Census_Area,_Alaska","1"
"http://dbpedia.org/resource/Lake_and_Peninsula_Borough,_Alaska","Lake_and_Peninsula_Borough,_Alaska","2"
"http://dbpedia.org/resource/Yakutat_City_and_Borough,_Alaska","Yakutat_City_and_Borough,_Alaska","3"
"http://dbpedia.org/resource/North_Slope_Borough,_Alaska","North_Slope_Borough,_Alaska","4"
"http://dbpedia.org/resource/Loving_County,_Texas","Loving_County,_Texas","5"
"http://dbpedia.org/resource/Denali_Borough,_Alaska","Denali_Borough,_Alaska","6"
"http://dbpedia.org/resource/Northwest_Arctic_Borough,_Alaska","Northwest_Arctic_Borough,_Alaska","7"
"http://dbpedia.org/resource/Esmeralda_County,_Nevada","Esmeralda_County,_Nevada","8"
"http://dbpedia.org/resource/Garfield_County,_Montana","Garfield_County,_Montana","9"
"http://dbpedia.org/resource/Dillingham_Census_Area,_Alaska","Dillingham_Census_Area,_Alaska","10"
"http://dbpedia.org/resource/Valdez-Cordova_Census_Area,_Alaska","Valdez-Cordova_Census_Area,_Alaska","11"
"http://dbpedia.org/resource/Southeast_Fairbanks_Census_Area,_Alaska","Southeast_Fairbanks_Census_Area,_Alaska","12"
"http://dbpedia.org/resource/Kenedy_County,_Texas","Kenedy_County,_Texas","13"
"http://dbpedia.org/resource/Hoonah-Angoon_Census_Area,_Alaska","Hoonah-Angoon_Census_Area,_Alaska","14"
"http://dbpedia.org/resource/Petroleum_County,_Montana","Petroleum_County,_Montana","15"
"http://dbpedia.org/resource/King_County,_Texas","King_County,_Texas","16"
"http://dbpedia.org/resource/Harding_County,_New_Mexico","Harding_County,_New_Mexico","17"
"http://dbpedia.org/resource/Carter_County,_Montana","Carter_County,_Montana","18"
"http://dbpedia.org/resource/Nome_Census_Area,_Alaska","Nome_Census_Area,_Alaska","19"
"http://dbpedia.org/resource/Terrell_County,_Texas","Terrell_County,_Texas","20"
"http://dbpedia.org/resource/Bethel_Census_Area,_Alaska","Bethel_Census_Area,_Alaska","21"
"http://dbpedia.org/resource/Wade_Hampton_Census_Area,_Alaska","Wade_Hampton_Census_Area,_Alaska","22"
"http://dbpedia.org/resource/Aleutians_East_Borough,_Alaska","Aleutians_East_Borough,_Alaska","23"
"http://dbpedia.org/resource/Harding_County,_South_Dakota","Harding_County,_South_Dakota","24"
"http://dbpedia.org/resource/Eureka_County,_Nevada","Eureka_County,_Nevada","25"
"http://dbpedia.org/resource/Lincoln_County,_Nevada","Lincoln_County,_Nevada","26"
"http://dbpedia.org/resource/Powder_River_County,_Montana","Powder_River_County,_Montana","27"
"http://dbpedia.org/resource/Catron_County,_New_Mexico","Catron_County,_New_Mexico","28"
"http://dbpedia.org/resource/Clark_County,_Idaho","Clark_County,_Idaho","29"
"http://dbpedia.org/resource/Slope_County,_North_Dakota","Slope_County,_North_Dakota","30"
"http://dbpedia.org/resource/McMullen_County,_Texas","McMullen_County,_Texas","31"
"http://dbpedia.org/resource/McPherson_County,_Nebraska","McPherson_County,_Nebraska","32"
"http://dbpedia.org/resource/Culberson_County,_Texas","Culberson_County,_Texas","33"
"http://dbpedia.org/resource/Sioux_County,_Nebraska","Sioux_County,_Nebraska","34"
"http://dbpedia.org/resource/Arthur_County,_Nebraska","Arthur_County,_Nebraska","35"
"http://dbpedia.org/resource/McCone_County,_Montana","McCone_County,_Montana","36"
"http://dbpedia.org/resource/Blaine_County,_Nebraska","Blaine_County,_Nebraska","37"
"http://dbpedia.org/resource/Prairie_County,_Montana","Prairie_County,_Montana","38"
"http://dbpedia.org/resource/Billings_County,_North_Dakota","Billings_County,_North_Dakota","39"
"http://dbpedia.org/resource/Borden_County,_Texas","Borden_County,_Texas","40"
"http://dbpedia.org/resource/Harney_County,_Oregon","Harney_County,_Oregon","41"
"http://dbpedia.org/resource/Treasure_County,_Montana","Treasure_County,_Montana","42"
"http://dbpedia.org/resource/Golden_Valley_County,_Montana","Golden_Valley_County,_Montana","43"
"http://dbpedia.org/resource/Hinsdale_County,_Colorado","Hinsdale_County,_Colorado","44"
"http://dbpedia.org/resource/Hudspeth_County,_Texas","Hudspeth_County,_Texas","45"
"http://dbpedia.org/resource/Meagher_County,_Montana","Meagher_County,_Montana","46"
"http://dbpedia.org/resource/Kiowa_County,_Colorado","Kiowa_County,_Colorado","47"
"http://dbpedia.org/resource/Grant_County,_Nebraska","Grant_County,_Nebraska","48"
"http://dbpedia.org/resource/Mineral_County,_Colorado","Mineral_County,_Colorado","49"
"http://dbpedia.org/resource/Phillips_County,_Montana","Phillips_County,_Montana","50"