"http://dbpedia.org/resource/Thomas_Thorninger","Thomas_Thorninger","1"
"http://dbpedia.org/resource/Per_Pedersen_(footballer)","Per_Pedersen_(footballer)","2"
"http://dbpedia.org/resource/Steffen_H%C3%B8jer","Steffen_H%C3%B8jer","3"
"http://dbpedia.org/resource/Peter_M%C3%B8ller","Peter_M%C3%B8ller","4"
"http://dbpedia.org/resource/Erik_Bo_Andersen","Erik_Bo_Andersen","5"
"http://dbpedia.org/resource/Ebbe_Sand","Ebbe_Sand","6"
"http://dbpedia.org/resource/Henrik_Larsen","Henrik_Larsen","7"
"http://dbpedia.org/resource/S%C3%B8ren_Frederiksen_(footballer_born_1972)","S%C3%B8ren_Frederiksen_(footballer_born_1972)","8"
"http://dbpedia.org/resource/David_Nielsen_(footballer)","David_Nielsen_(footballer)","9"
"http://dbpedia.org/resource/Miklos_Molnar","Miklos_Molnar","10"
"http://dbpedia.org/resource/H%C3%A5vard_Flo","H%C3%A5vard_Flo","11"