"http://dbpedia.org/resource/One_Flew_Over_the_Cuckoo%27s_Nest_(film)","One_Flew_Over_the_Cuckoo%27s_Nest_(film)","2"
"http://dbpedia.org/resource/Going_Ape!","Going_Ape!","3"
"http://dbpedia.org/resource/Terms_of_Endearment","Terms_of_Endearment","4"
"http://dbpedia.org/resource/Romancing_the_Stone","Romancing_the_Stone","5"
"http://dbpedia.org/resource/The_Ratings_Game","The_Ratings_Game","6"
"http://dbpedia.org/resource/Johnny_Dangerously","Johnny_Dangerously","7"
"http://dbpedia.org/resource/The_Jewel_of_the_Nile","The_Jewel_of_the_Nile","8"
"http://dbpedia.org/resource/Wise_Guys_(1986_film)","Wise_Guys_(1986_film)","9"
"http://dbpedia.org/resource/Ruthless_People","Ruthless_People","10"
"http://dbpedia.org/resource/My_Little_Pony:_The_Movie","My_Little_Pony:_The_Movie","11"
"http://dbpedia.org/resource/Throw_Momma_from_the_Train","Throw_Momma_from_the_Train","12"
"http://dbpedia.org/resource/Tin_Men","Tin_Men","13"
"http://dbpedia.org/resource/Twins_(1988_film)","Twins_(1988_film)","14"
"http://dbpedia.org/resource/Other_People%27s_Money","Other_People%27s_Money","16"
"http://dbpedia.org/resource/Batman_Returns","Batman_Returns","17"
"http://dbpedia.org/resource/Hoffa","Hoffa","18"
"http://dbpedia.org/resource/Jack_the_Bear","Jack_the_Bear","19"
"http://dbpedia.org/resource/Reality_Bites","Reality_Bites","20"
"http://dbpedia.org/resource/Junior_(film)","Junior_(film)","21"
"http://dbpedia.org/resource/Renaissance_Man_(film)","Renaissance_Man_(film)","23"
"http://dbpedia.org/resource/Get_Shorty_(film)","Get_Shorty_(film)","24"
"http://dbpedia.org/resource/Mars_Attacks!","Mars_Attacks!","25"
"http://dbpedia.org/resource/Space_Jam","Space_Jam","27"
"http://dbpedia.org/resource/The_Rainmaker_(1997_film)","The_Rainmaker_(1997_film)","28"
"http://dbpedia.org/resource/Gattaca","Gattaca","29"
"http://dbpedia.org/resource/Hercules_(1997_film)","Hercules_(1997_film)","30"
"http://dbpedia.org/resource/L.A._Confidential_(film)","L.A._Confidential_(film)","31"
"http://dbpedia.org/resource/Living_Out_Loud","Living_Out_Loud","32"
"http://dbpedia.org/resource/The_Big_Kahuna_(film)","The_Big_Kahuna_(film)","33"
"http://dbpedia.org/resource/The_Virgin_Suicides_(film)","The_Virgin_Suicides_(film)","35"
"http://dbpedia.org/resource/Drowning_Mona","Drowning_Mona","36"
"http://dbpedia.org/resource/Erin_Brockovich_(film)","Erin_Brockovich_(film)","37"
"http://dbpedia.org/resource/How_High","How_High","38"
"http://dbpedia.org/resource/Screwed_(2000_film)","Screwed_(2000_film)","39"
"http://dbpedia.org/resource/Heist_(film)","Heist_(film)","40"
"http://dbpedia.org/resource/What%27s_the_Worst_That_Could_Happen%3F","What%27s_the_Worst_That_Could_Happen%3F","41"
"http://dbpedia.org/resource/Austin_Powers_in_Goldmember","Austin_Powers_in_Goldmember","42"
"http://dbpedia.org/resource/Death_to_Smoochy","Death_to_Smoochy","43"
"http://dbpedia.org/resource/Big_Fish","Big_Fish","44"
"http://dbpedia.org/resource/Camp_(film)","Camp_(film)","45"
"http://dbpedia.org/resource/Christmas_in_Love","Christmas_in_Love","46"
"http://dbpedia.org/resource/Be_Cool","Be_Cool","47"
"http://dbpedia.org/resource/Marilyn_Hotchkiss%27_Ballroom_Dancing_and_Charm_School","Marilyn_Hotchkiss%27_Ballroom_Dancing_and_Charm_School","48"
"http://dbpedia.org/resource/Relative_Strangers","Relative_Strangers","49"
"http://dbpedia.org/resource/Deck_the_Halls_(2006_film)","Deck_the_Halls_(2006_film)","51"
"http://dbpedia.org/resource/The_Good_Night","The_Good_Night","52"
"http://dbpedia.org/resource/Reno_911!:_Miami","Reno_911!:_Miami","53"
"http://dbpedia.org/resource/Just_Add_Water_(film)","Just_Add_Water_(film)","54"
"http://dbpedia.org/resource/Nobel_Son","Nobel_Son","55"
"http://dbpedia.org/resource/When_in_Rome_(2010_film)","When_in_Rome_(2010_film)","57"