"http://dbpedia.org/resource/Hans_Schaffner","Hans_Schaffner","1"
"http://dbpedia.org/resource/Max_Petitpierre","Max_Petitpierre","2"
"http://dbpedia.org/resource/Pierre_Graber","Pierre_Graber","3"
"http://dbpedia.org/resource/Enrico_Celio","Enrico_Celio","4"
"http://dbpedia.org/resource/Rudolf_Friedrich","Rudolf_Friedrich","5"
"http://dbpedia.org/resource/Alphons_Egli","Alphons_Egli","6"
"http://dbpedia.org/resource/Felix_Calonder","Felix_Calonder","7"
"http://dbpedia.org/resource/Hans-Peter_Tschudi","Hans-Peter_Tschudi","8"
"http://dbpedia.org/resource/Willy_Sp%C3%BChler","Willy_Sp%C3%BChler","9"
"http://dbpedia.org/resource/Georges-Andr%C3%A9_Chevallaz","Georges-Andr%C3%A9_Chevallaz","10"
"http://dbpedia.org/resource/Friedrich_Traugott_Wahlen","Friedrich_Traugott_Wahlen","11"
"http://dbpedia.org/resource/Philipp_Etter","Philipp_Etter","12"
"http://dbpedia.org/resource/Leon_Schlumpf","Leon_Schlumpf","13"
"http://dbpedia.org/resource/Pierre_Aubert","Pierre_Aubert","14"