"http://dbpedia.org/resource/Patrick_Willis","Patrick_Willis","1"
"http://dbpedia.org/resource/Patrick_Willis","Patrick_Willis","2"
"http://dbpedia.org/resource/Dwayne_Bowe","Dwayne_Bowe","3"
"http://dbpedia.org/resource/Dwayne_Bowe","Dwayne_Bowe","4"
"http://dbpedia.org/resource/Nick_Folk","Nick_Folk","5"
"http://dbpedia.org/resource/Adrian_Peterson","Adrian_Peterson","6"
"http://dbpedia.org/resource/Marshawn_Lynch","Marshawn_Lynch","7"
"http://dbpedia.org/resource/James_Jones_(wide_receiver)","James_Jones_(wide_receiver)","8"
"http://dbpedia.org/resource/Adrian_Peterson","Adrian_Peterson","9"
"http://dbpedia.org/resource/Marshawn_Lynch","Marshawn_Lynch","10"
"http://dbpedia.org/resource/Ted_Ginn,_Jr.","Ted_Ginn,_Jr.","11"
"http://dbpedia.org/resource/Patrick_Willis","Patrick_Willis","12"
"http://dbpedia.org/resource/Trent_Edwards","Trent_Edwards","13"
"http://dbpedia.org/resource/Trent_Edwards","Trent_Edwards","14"
"http://dbpedia.org/resource/Mason_Crosby","Mason_Crosby","15"
"http://dbpedia.org/resource/Patrick_Willis","Patrick_Willis","16"
"http://dbpedia.org/resource/Brandon_Jackson_(running_back)","Brandon_Jackson_(running_back)","17"