"http://dbpedia.org/resource/American_Athletic_Conference","American_Athletic_Conference","1"
"http://dbpedia.org/resource/Atlantic_Coast_Conference","Atlantic_Coast_Conference","2"
"http://dbpedia.org/resource/Big_Ten_Conference","Big_Ten_Conference","3"
"http://dbpedia.org/resource/Big_12_Conference","Big_12_Conference","4"
"http://dbpedia.org/resource/Conference_USA","Conference_USA","5"
"http://dbpedia.org/resource/NCAA_Division_I_FBS_independent_schools","NCAA_Division_I_FBS_independent_schools","6"
"http://dbpedia.org/resource/Mid-American_Conference","Mid-American_Conference","7"
"http://dbpedia.org/resource/Mountain_West_Conference","Mountain_West_Conference","8"
"http://dbpedia.org/resource/Pacific-12_Conference","Pacific-12_Conference","9"
"http://dbpedia.org/resource/Southeastern_Conference","Southeastern_Conference","10"
"http://dbpedia.org/resource/Sun_Belt_Conference","Sun_Belt_Conference","11"