"http://dbpedia.org/resource/Woody_Hayes","Woody_Hayes","1"
"http://dbpedia.org/resource/Paul_Dietzel","Paul_Dietzel","2"
"http://dbpedia.org/resource/Ben_Schwartzwalder","Ben_Schwartzwalder","3"
"http://dbpedia.org/resource/Murray_Warmath","Murray_Warmath","4"
"http://dbpedia.org/resource/Darrell_Royal","Darrell_Royal","5"
"http://dbpedia.org/resource/John_McKay_(American_football)","John_McKay_(American_football)","6"
"http://dbpedia.org/resource/Darrell_Royal","Darrell_Royal","7"
"http://dbpedia.org/resource/Ara_Parseghian","Ara_Parseghian","8"
"http://dbpedia.org/resource/Duffy_Daugherty","Duffy_Daugherty","9"
"http://dbpedia.org/resource/Tom_Cahill_(American_football)","Tom_Cahill_(American_football)","10"
"http://dbpedia.org/resource/John_Pont","John_Pont","11"
"http://dbpedia.org/resource/Woody_Hayes","Woody_Hayes","12"
"http://dbpedia.org/resource/Bo_Schembechler","Bo_Schembechler","13"
"http://dbpedia.org/resource/Alex_Agase","Alex_Agase","14"
"http://dbpedia.org/resource/Bob_Devaney","Bob_Devaney","15"
"http://dbpedia.org/resource/John_McKay_(American_football)","John_McKay_(American_football)","16"
"http://dbpedia.org/resource/Johnny_Majors","Johnny_Majors","17"
"http://dbpedia.org/resource/Grant_Teaff","Grant_Teaff","18"
"http://dbpedia.org/resource/Woody_Hayes","Woody_Hayes","19"
"http://dbpedia.org/resource/Johnny_Majors","Johnny_Majors","20"
"http://dbpedia.org/resource/Lou_Holtz","Lou_Holtz","21"
"http://dbpedia.org/resource/Joe_Paterno","Joe_Paterno","22"
"http://dbpedia.org/resource/Earle_Bruce","Earle_Bruce","23"
"http://dbpedia.org/resource/Vince_Dooley","Vince_Dooley","24"
"http://dbpedia.org/resource/Danny_Ford","Danny_Ford","25"
"http://dbpedia.org/resource/Joe_Paterno","Joe_Paterno","26"
"http://dbpedia.org/resource/Howard_Schnellenberger","Howard_Schnellenberger","27"
"http://dbpedia.org/resource/LaVell_Edwards","LaVell_Edwards","28"
"http://dbpedia.org/resource/Fisher_DeBerry","Fisher_DeBerry","29"
"http://dbpedia.org/resource/Joe_Paterno","Joe_Paterno","30"
"http://dbpedia.org/resource/Dick_MacPherson","Dick_MacPherson","31"
"http://dbpedia.org/resource/Lou_Holtz","Lou_Holtz","32"
"http://dbpedia.org/resource/Bill_McCartney","Bill_McCartney","33"
"http://dbpedia.org/resource/Bobby_Ross","Bobby_Ross","34"
"http://dbpedia.org/resource/Don_James_(American_football)","Don_James_(American_football)","35"
"http://dbpedia.org/resource/Gene_Stallings","Gene_Stallings","36"
"http://dbpedia.org/resource/Terry_Bowden","Terry_Bowden","37"
"http://dbpedia.org/resource/Rich_Brooks","Rich_Brooks","38"
"http://dbpedia.org/resource/Gary_Barnett","Gary_Barnett","39"
"http://dbpedia.org/resource/Bruce_Snyder","Bruce_Snyder","40"
"http://dbpedia.org/resource/Mike_Price","Mike_Price","41"
"http://dbpedia.org/resource/Phillip_Fulmer","Phillip_Fulmer","42"
"http://dbpedia.org/resource/Frank_Beamer","Frank_Beamer","43"
"http://dbpedia.org/resource/Bob_Stoops","Bob_Stoops","44"
"http://dbpedia.org/resource/Ralph_Friedgen","Ralph_Friedgen","45"
"http://dbpedia.org/resource/Jim_Tressel","Jim_Tressel","46"
"http://dbpedia.org/resource/Nick_Saban","Nick_Saban","47"
"http://dbpedia.org/resource/Urban_Meyer","Urban_Meyer","48"
"http://dbpedia.org/resource/Charlie_Weis","Charlie_Weis","49"
"http://dbpedia.org/resource/Greg_Schiano","Greg_Schiano","50"
"http://dbpedia.org/resource/Mark_Mangino","Mark_Mangino","51"
"http://dbpedia.org/resource/Nick_Saban","Nick_Saban","52"
"http://dbpedia.org/resource/Gary_Patterson","Gary_Patterson","53"
"http://dbpedia.org/resource/Chip_Kelly","Chip_Kelly","54"
"http://dbpedia.org/resource/Mike_Gundy","Mike_Gundy","55"
"http://dbpedia.org/resource/Brian_Kelly_(American_football_coach)","Brian_Kelly_(American_football_coach)","56"
"http://dbpedia.org/resource/Gus_Malzahn","Gus_Malzahn","57"