"http://dbpedia.org/resource/El_Paso_Chihuahuas","El_Paso_Chihuahuas","1"
"http://dbpedia.org/resource/El_Paso_Patriots","El_Paso_Patriots","2"
"http://dbpedia.org/resource/El_Paso_Rhinos","El_Paso_Rhinos","3"
"http://dbpedia.org/resource/UTEP_Miners_football","UTEP_Miners_football","4"
"http://dbpedia.org/resource/UTEP_Miners_basketball","UTEP_Miners_basketball","5"
"http://dbpedia.org/resource/UTEP_Miners_basketball","UTEP_Miners_basketball","6"
"http://dbpedia.org/resource/UTEP_Miners","UTEP_Miners","7"