"http://dbpedia.org/resource/Sandi_%C4%8Cebular","Sandi_%C4%8Cebular","1"
"http://dbpedia.org/resource/Jaka_Lakovi%C4%8D","Jaka_Lakovi%C4%8D","2"
"http://dbpedia.org/resource/Aleksandar_%C4%86apin","Aleksandar_%C4%86apin","3"
"http://dbpedia.org/resource/Goran_Dragi%C4%87","Goran_Dragi%C4%87","4"
"http://dbpedia.org/resource/Rasho_Nesterovi%C4%8D","Rasho_Nesterovi%C4%8D","5"
"http://dbpedia.org/resource/Matja%C5%BE_Smodi%C5%A1","Matja%C5%BE_Smodi%C5%A1","6"
"http://dbpedia.org/resource/Uro%C5%A1_Slokar","Uro%C5%A1_Slokar","7"
"http://dbpedia.org/resource/Jaka_Klobu%C4%8Dar","Jaka_Klobu%C4%8Dar","8"
"http://dbpedia.org/resource/Goran_Jagodnik","Goran_Jagodnik","9"
"http://dbpedia.org/resource/Domen_Lorbek","Domen_Lorbek","10"
"http://dbpedia.org/resource/Ga%C5%A1per_Vidmar","Ga%C5%A1per_Vidmar","11"
"http://dbpedia.org/resource/Erazem_Lorbek","Erazem_Lorbek","12"