"http://dbpedia.org/resource/Sydney_Barnes","Sydney_Barnes","1"
"http://dbpedia.org/resource/George_Lohmann","George_Lohmann","2"
"http://dbpedia.org/resource/Imran_Khan","Imran_Khan","3"
"http://dbpedia.org/resource/Glenn_McGrath","Glenn_McGrath","4"
"http://dbpedia.org/resource/Curtly_Ambrose","Curtly_Ambrose","5"
"http://dbpedia.org/resource/Ian_Botham","Ian_Botham","6"
"http://dbpedia.org/resource/Malcolm_Marshall","Malcolm_Marshall","7"
"http://dbpedia.org/resource/Richard_Hadlee","Richard_Hadlee","8"
"http://dbpedia.org/resource/Waqar Younis","Waqar Younis","9"
"http://dbpedia.org/resource/Shaun_Pollock","Shaun_Pollock","10"
"http://dbpedia.org/resource/Alan_Davidson_(cricketer,_born_1929)","Alan_Davidson","11"
"http://dbpedia.org/resource/Alec_Bedser","Alec_Bedser","12"