"http://dbpedia.org/resource/Eric_Cantona","Eric_Cantona","1"
"http://dbpedia.org/resource/Marcel_Desailly","Marcel_Desailly","2"
"http://dbpedia.org/resource/Didier_Deschamps","Didier_Deschamps","3"
"http://dbpedia.org/resource/Just_Fontaine","Just_Fontaine","4"
"http://dbpedia.org/resource/Thierry_Henry","Thierry_Henry","5"
"http://dbpedia.org/resource/Raymond_Kopa","Raymond_Kopa","6"
"http://dbpedia.org/resource/Jean-Pierre_Papin","Jean-Pierre_Papin","7"
"http://dbpedia.org/resource/Robert_Pir%C3%A8s","Robert_Pir%C3%A8s","8"
"http://dbpedia.org/resource/Michel_Platini","Michel_Platini","9"
"http://dbpedia.org/resource/Lilian_Thuram","Lilian_Thuram","10"
"http://dbpedia.org/resource/Marius_Tr%C3%A9sor","Marius_Tr%C3%A9sor","11"
"http://dbpedia.org/resource/David_Trezeguet","David_Trezeguet","12"
"http://dbpedia.org/resource/Patrick_Vieira","Patrick_Vieira","13"
"http://dbpedia.org/resource/Zinedine_Zidane","Zinedine_Zidane","14"