"http://dbpedia.org/resource/Userkaf","Userkaf","1"
"http://dbpedia.org/resource/Sahure","Sahure","2"
"http://dbpedia.org/resource/Neferirkare_Kakai","Neferirkare_Kakai","3"
"http://dbpedia.org/resource/Shepseskare_Isi","Shepseskare_Isi","4"
"http://dbpedia.org/resource/Neferefre","Neferefre","5"
"http://dbpedia.org/resource/Nyuserre_Ini","Nyuserre_Ini","6"
"http://dbpedia.org/resource/Menkauhor_Kaiu","Menkauhor_Kaiu","7"
"http://dbpedia.org/resource/Djedkare_Isesi","Djedkare_Isesi","8"
"http://dbpedia.org/resource/Unas","Unas","9"