"http://dbpedia.org/resource/Athabasca_University","","3"
"http://dbpedia.org/resource/Bow_Valley_College","","4"
"http://dbpedia.org/resource/CDI_College","","6"
"http://dbpedia.org/resource/Grande_Prairie_Regional_College","","8"
"http://dbpedia.org/resource/MacEwan_University","","9"
"http://dbpedia.org/resource/Keyano_College","","11"
"http://dbpedia.org/resource/Lakeland_College_(Alberta)","","12"
"http://dbpedia.org/resource/Lethbridge_College","","13",
"http://dbpedia.org/resource/Medicine_Hat_College","","15"
"http://dbpedia.org/resource/Mount_Royal_University","","16"
"http://dbpedia.org/resource/NorQuest_College","","17"
"http://dbpedia.org/resource/Northern_Alberta_Institute_of_Technology","","18"
"http://dbpedia.org/resource/Portage_College","","19"
"http://dbpedia.org/resource/Red_Deer_College","","20"
"http://dbpedia.org/resource/Reeves_College","","21"
"http://dbpedia.org/resource/University_of_Alberta_Faculty_of_Extension","","24"
"http://dbpedia.org/resource/University_of_Lethbridge","","26"