"http://dbpedia.org/resource/Assateague_State_Park","Assateague_State_Park","1"
"http://dbpedia.org/resource/Big_Run_State_Park","Big_Run_State_Park","3"
"http://dbpedia.org/resource/Calvert_Cliffs_State_Park","Calvert_Cliffs_State_Park","6"
"http://dbpedia.org/resource/Casselman_Bridge,_National_Road","Casselman_Bridge,_National_Road","7"
"http://dbpedia.org/resource/Bill_Burton_Fishing_Pier_State_Park","Bill_Burton_Fishing_Pier_State_Park","8"
"http://dbpedia.org/resource/Cunningham_Falls_State_Park","Cunningham_Falls_State_Park","9"
"http://dbpedia.org/resource/Dans_Mountain_State_Park","Dans_Mountain_State_Park","10"
"http://dbpedia.org/resource/Deep_Creek_Lake_State_Park","Deep_Creek_Lake_State_Park","11"
"http://dbpedia.org/resource/Elk_Neck_State_Park","Elk_Neck_State_Park","15"
"http://dbpedia.org/resource/Fort_Frederick_State_Park","Fort_Frederick_State_Park","17"
"http://dbpedia.org/resource/Gambrill_State_Park","Gambrill_State_Park","19"
"http://dbpedia.org/resource/Gathland_State_Park","Gathland_State_Park","20"
"http://dbpedia.org/resource/Greenbrier_State_Park","Greenbrier_State_Park","21"
"http://dbpedia.org/resource/Greenwell_State_Park","Greenwell_State_Park","23"
"http://dbpedia.org/resource/Gunpowder_Falls_State_Park","Gunpowder_Falls_State_Park","24"
"http://dbpedia.org/resource/Hart-Miller_Island_State_Park","Hart-Miller_Island_State_Park","26"
"http://dbpedia.org/resource/Herrington_Manor_State_Park","Herrington_Manor_State_Park","27"
"http://dbpedia.org/resource/Janes_Island_State_Park","Janes_Island_State_Park","30"
"http://dbpedia.org/resource/Martinak_State_Park","Martinak_State_Park","32"
"http://dbpedia.org/resource/Morgan_Run_Natural_Environment_Area","Morgan_Run_Natural_Environment_Area","34"
"http://dbpedia.org/resource/New_Germany_State_Park","New_Germany_State_Park","36"
"http://dbpedia.org/resource/Patapsco_Valley_State_Park","Patapsco_Valley_State_Park","37"
"http://dbpedia.org/resource/Patuxent_River_State_Park","Patuxent_River_State_Park","38"
"http://dbpedia.org/resource/Point_Lookout_State_Park","Point_Lookout_State_Park","39"
"http://dbpedia.org/resource/Pocomoke_River_State_Park","Pocomoke_River_State_Park","40"
"http://dbpedia.org/resource/Rocks_State_Park","Rocks_State_Park","43"
"http://dbpedia.org/resource/Rocky_Gap_State_Park","Rocky_Gap_State_Park","44"
"http://dbpedia.org/resource/St._Clement%27s_Island_State_Park","St._Clement%27s_Island_State_Park","45"
"http://dbpedia.org/resource/St._Mary%27s_River_State_Park","St._Mary%27s_River_State_Park","46"
"http://dbpedia.org/resource/Sandy_Point_State_Park","Sandy_Point_State_Park","47"
"http://dbpedia.org/resource/Seneca_Creek_State_Park","Seneca_Creek_State_Park","49"
"http://dbpedia.org/resource/Smallwood_State_Park","Smallwood_State_Park","50"
"http://dbpedia.org/resource/South_Mountain_State_Park","South_Mountain_State_Park","52"
"http://dbpedia.org/resource/Susquehanna_State_Park_(Maryland)","Susquehanna_State_Park_(Maryland)","53"
"http://dbpedia.org/resource/Swallow_Falls_State_Park","Swallow_Falls_State_Park","54"
"http://dbpedia.org/resource/Tuckahoe_State_Park","Tuckahoe_State_Park","55"
"http://dbpedia.org/resource/Washington_Monument_State_Park","Washington_Monument_State_Park","56"
"http://dbpedia.org/resource/Wye_Oak_State_Park","Wye_Oak_State_Park","57"