"http://dbpedia.org/resource/Andean_Community","","1"
"http://dbpedia.org/resource/Asia-Pacific_Economic_Cooperation","","2"
"http://dbpedia.org/resource/Association_of_Southeast_Asian_Nations","","3"
"http://dbpedia.org/resource/ASEAN%E2%80%93China_Free_Trade_Area","","4"
"http://dbpedia.org/resource/Caribbean_Community","","5"
"http://dbpedia.org/resource/Central_European_Free_Trade_Agreement","","6"
"http://dbpedia.org/resource/Closer_Economic_Partnership_Arrangement","","7"
"http://dbpedia.org/resource/Economic_Community_of_West_African_States","","10"
"http://dbpedia.org/resource/Eurasian_Economic_Community","","11"
"http://dbpedia.org/resource/European_Economic_Area","","12"
"http://dbpedia.org/resource/European_Free_Trade_Association","","13"
"http://dbpedia.org/resource/European_Union","","14"
"http://dbpedia.org/resource/Gulf_Cooperation_Council","","15"
"http://dbpedia.org/resource/Mercosur","","16"
"http://dbpedia.org/resource/North_American_Free_Trade_Agreement","","18"
"http://dbpedia.org/resource/Union_of_South_American_Nations","","19"
"http://dbpedia.org/resource/South_Asian_Association_for_Regional_Cooperation","","20"
"http://dbpedia.org/resource/Southern_African_Development_Community","","21"