"http://dbpedia.org/resource/Con_Mine","Con_Mine","1",
"http://dbpedia.org/resource/Giant_Mine","Giant_Mine","2",
"http://dbpedia.org/resource/Ptarmigan_and_Tom_Mine","Ptarmigan_and_Tom_Mine","3",
"http://dbpedia.org/resource/Burwash_Mine","Burwash_Mine","4"
"http://dbpedia.org/resource/Thompson-Lundmark_Mine","Thompson-Lundmark_Mine","5"
"http://dbpedia.org/resource/Discovery_Mine","Discovery_Mine","6"
"http://dbpedia.org/resource/Camlaren_Mine","Camlaren_Mine","7"
"http://dbpedia.org/resource/Beaulieu_Mine","Beaulieu_Mine","8"
"http://dbpedia.org/resource/Outpost_Island_Mine","Outpost_Island_Mine","9"
"http://dbpedia.org/resource/Ruth_Mine","Ruth_Mine","10"