"http://dbpedia.org/resource/Vector_Prime","Vector_Prime","1"
"http://dbpedia.org/resource/Dark_Tide:_Onslaught","Dark_Tide:_Onslaught","2"
"http://dbpedia.org/resource/Dark_Tide:_Ruin","Dark_Tide:_Ruin","3"
"http://dbpedia.org/resource/Agents_of_Chaos:_Hero%27s_Trial","Agents_of_Chaos:_Hero%27s_Trial","4"
"http://dbpedia.org/resource/Agents_of_Chaos:_Jedi_Eclipse","Agents_of_Chaos:_Jedi_Eclipse","5"
"http://dbpedia.org/resource/Balance_Point","Balance_Point","6"
"http://dbpedia.org/resource/Recovery_(novel)","Recovery_(novel)","7"
"http://dbpedia.org/resource/Edge_of_Victory:_Conquest","Edge_of_Victory:_Conquest","8"
"http://dbpedia.org/resource/Edge_of_Victory:_Rebirth","Edge_of_Victory:_Rebirth","9"
"http://dbpedia.org/resource/Emissary_of_the_Void","Emissary_of_the_Void","10"
"http://dbpedia.org/resource/Star_by_Star","Star_by_Star","11"
"http://dbpedia.org/resource/Dark_Journey_(novel)","Dark_Journey_(novel)","12"
"http://dbpedia.org/resource/The_Apprentice_(New_Jedi_Order)","The_Apprentice_(New_Jedi_Order)","13"
"http://dbpedia.org/resource/Enemy_Lines:_Rebel_Dream","Enemy_Lines:_Rebel_Dream","14"
"http://dbpedia.org/resource/Enemy_Lines:_Rebel_Stand","Enemy_Lines:_Rebel_Stand","15"
"http://dbpedia.org/resource/Traitor_(Star_Wars_novel)","Traitor_(Star_Wars_novel)","16"
"http://dbpedia.org/resource/Destiny%27s_Way","Destiny%27s_Way","17"
"http://dbpedia.org/resource/Ylesia","Ylesia","18"
"http://dbpedia.org/resource/Force_Heretic:_Remnant","Force_Heretic:_Remnant","19"
"http://dbpedia.org/resource/Force_Heretic:_Refugee","Force_Heretic:_Refugee","20"
"http://dbpedia.org/resource/Force_Heretic:_Reunion","Force_Heretic:_Reunion","21"
"http://dbpedia.org/resource/The_Final_Prophecy","The_Final_Prophecy","22"
"http://dbpedia.org/resource/The_Unifying_Force","The_Unifying_Force","23"