"http://dbpedia.org/resource/Keith_Moon","Keith_Moon","1"
"http://dbpedia.org/resource/Anna_Nicole_Smith","Anna_Nicole_Smith","2"
"http://dbpedia.org/resource/Janis_Joplin","Janis_Joplin","3"
"http://dbpedia.org/resource/Gianni_Versace","Gianni_Versace","4"
"http://dbpedia.org/resource/Nicole_Brown_Simpson","Nicole_Brown_Simpson","5"
"http://dbpedia.org/resource/Jim_Morrison","Jim_Morrison","6"
"http://dbpedia.org/resource/David_Koresh","David_Koresh","7"
"http://dbpedia.org/resource/Tupac_Shakur","Tupac_Shakur","8"