"http://dbpedia.org/resource/University_of_Alabama","University_of_Alabama","1"
"http://dbpedia.org/resource/Auburn_University","Auburn_University","2"
"http://dbpedia.org/resource/Clemson_University","Clemson_University","3"
"http://dbpedia.org/resource/College_of_Charleston","College_of_Charleston","4"
"http://dbpedia.org/resource/Duke_University","Duke_University","5"
"http://dbpedia.org/resource/East_Carolina_University","East_Carolina_University","6"
"http://dbpedia.org/resource/East_Tennessee_State_University","East_Tennessee_State_University","7"
"http://dbpedia.org/resource/University_of_Florida","University_of_Florida","8"
"http://dbpedia.org/resource/George_Washington_University","George_Washington_University","9"
"http://dbpedia.org/resource/University_of_Georgia","University_of_Georgia","10"
"http://dbpedia.org/resource/Georgia_Institute_of_Technology","Georgia_Institute_of_Technology","11"
"http://dbpedia.org/resource/University_of_Kentucky","University_of_Kentucky","12"
"http://dbpedia.org/resource/Louisiana_State_University","Louisiana_State_University","13"
"http://dbpedia.org/resource/Marshall_University","Marshall_University","14"
"http://dbpedia.org/resource/University_of_Maryland,_College_Park","University_of_Maryland,_College_Park","15"
"http://dbpedia.org/resource/University_of_Mississippi","University_of_Mississippi","16"
"http://dbpedia.org/resource/Mississippi_State_University","Mississippi_State_University","17"
"http://dbpedia.org/resource/University_of_North_Carolina_at_Chapel_Hill","University_of_North_Carolina_at_Chapel_Hill","18"
"http://dbpedia.org/resource/North_Carolina_State_University","North_Carolina_State_University","19"
"http://dbpedia.org/resource/University_of_Richmond","University_of_Richmond","20"
"http://dbpedia.org/resource/Sewanee:_The_University_of_the_South","Sewanee:_The_University_of_the_South","21"
"http://dbpedia.org/resource/University_of_South_Carolina","University_of_South_Carolina","22"
"http://dbpedia.org/resource/University_of_Tennessee","University_of_Tennessee","23"
"http://dbpedia.org/resource/Tulane_University","Tulane_University","24"
"http://dbpedia.org/resource/Vanderbilt_University","Vanderbilt_University","25"
"http://dbpedia.org/resource/University_of_Virginia","University_of_Virginia","26"
"http://dbpedia.org/resource/Virginia_Military_Institute","Virginia_Military_Institute","27"
"http://dbpedia.org/resource/Virginia_Tech","Virginia_Tech","28"
"http://dbpedia.org/resource/Wake_Forest_University","Wake_Forest_University","29"
"http://dbpedia.org/resource/Washington_and_Lee_University","Washington_and_Lee_University","30"
"http://dbpedia.org/resource/West_Virginia_University","West_Virginia_University","31"
"http://dbpedia.org/resource/College_of_William_%26_Mary","College_of_William_%26_Mary","32"