"http://dbpedia.org/resource/Beitstad","Beitstad","1"
"http://dbpedia.org/resource/Egge","Egge","2"
"http://dbpedia.org/resource/Foldereid","Foldereid","3"
"http://dbpedia.org/resource/Frol","Frol","4"
"http://dbpedia.org/resource/Gravvik","Gravvik","5"
"http://dbpedia.org/resource/Harran,_Norway","Harran,_Norway","6"
"http://dbpedia.org/resource/Hegra","Hegra","7"
"http://dbpedia.org/resource/Klinga,_Norway","Klinga,_Norway","8"
"http://dbpedia.org/resource/Kolvereid","Kolvereid","9"
"http://dbpedia.org/resource/Kvam,_Nord-Tr%C3%B8ndelag","Kvam,_Nord-Tr%C3%B8ndelag","10"
"http://dbpedia.org/resource/L%C3%A5nke","L%C3%A5nke","11"
"http://dbpedia.org/resource/Malm","Malm","12"
"http://dbpedia.org/resource/Mosvik_og_Verran","Mosvik_og_Verran","13"
"http://dbpedia.org/resource/Mosvik","Mosvik","14"
"http://dbpedia.org/resource/Nedre_Stj%C3%B8rdal","Nedre_Stj%C3%B8rdal","15"
"http://dbpedia.org/resource/Nordli","Nordli","16"
"http://dbpedia.org/resource/Ogndal","Ogndal","17"
"http://dbpedia.org/resource/Otter%C3%B8y","Otter%C3%B8y","18"
"http://dbpedia.org/resource/R%C3%B8ra","R%C3%B8ra","19"
"http://dbpedia.org/resource/Sandvollan","Sandvollan","20"
"http://dbpedia.org/resource/Skatval","Skatval","21"
"http://dbpedia.org/resource/Skogn","Skogn","22"
"http://dbpedia.org/resource/Sparbu","Sparbu","23"
"http://dbpedia.org/resource/Stj%C3%B8rdalen","Stj%C3%B8rdalen","24"
"http://dbpedia.org/resource/Stod,_Norway","Stod,_Norway","25"
"http://dbpedia.org/resource/S%C3%B8rli","S%C3%B8rli","26"
"http://dbpedia.org/resource/Vemundvik","Vemundvik","27"
"http://dbpedia.org/resource/Ytter%C3%B8y","Ytter%C3%B8y","28"
"http://dbpedia.org/resource/%C3%98vre_Stj%C3%B8rdal","%C3%98vre_Stj%C3%B8rdal","29"
"http://dbpedia.org/resource/%C3%85sen","%C3%85sen","30"