"http://dbpedia.org/resource/Freddy_Adu","Freddy_Adu","1"
"http://dbpedia.org/resource/Michael_Bradley_(soccer)","Michael_Bradley_(soccer)","2"
"http://dbpedia.org/resource/Ryan_Cochrane_(soccer)","Ryan_Cochrane_(soccer)","3"
"http://dbpedia.org/resource/Steve_Cronin","Steve_Cronin","4"
"http://dbpedia.org/resource/Clint_Dempsey","Clint_Dempsey","5"
"http://dbpedia.org/resource/Josh_Gardner_(soccer)","Josh_Gardner_(soccer)","6"
"http://dbpedia.org/resource/Clarence_Goodson","Clarence_Goodson","7"
"http://dbpedia.org/resource/Ned_Grabavoy","Ned_Grabavoy","8"
"http://dbpedia.org/resource/Chad_Marshall","Chad_Marshall","9"
"http://dbpedia.org/resource/Danny_Szetela","Danny_Szetela","10"