"http://dbpedia.org/resource/Douglas_County,_Colorado","Douglas_County,_Colorado","1"
"http://dbpedia.org/resource/Fairfax_County,_Virginia","Fairfax_County,_Virginia","2"
"http://dbpedia.org/resource/Loudoun_County,_Virginia","Loudoun_County,_Virginia","3"
"http://dbpedia.org/resource/Hunterdon_County,_New_Jersey","Hunterdon_County,_New_Jersey","4"
"http://dbpedia.org/resource/Los_Alamos_County,_New_Mexico","Los_Alamos_County,_New_Mexico","5"
"http://dbpedia.org/resource/Morris_County,_New_Jersey","Morris_County,_New_Jersey","6"
"http://dbpedia.org/resource/Somerset_County,_New_Jersey","Somerset_County,_New_Jersey","7"
"http://dbpedia.org/resource/City_of_Falls_Church,_Virginia","City_of_Falls_Church,_Virginia","8"
"http://dbpedia.org/resource/Santa_Clara_County,_California","Santa_Clara_County,_California","9"
"http://dbpedia.org/resource/Howard_County,_Maryland","Howard_County,_Maryland","10"
"http://dbpedia.org/resource/Suffolk_County,_New_York","Suffolk_County,_New_York","11"
"http://dbpedia.org/resource/Nassau_County,_New_York","Nassau_County,_New_York","12"
"http://dbpedia.org/resource/Montgomery_County,_Maryland","Montgomery_County,_Maryland","13"
"http://dbpedia.org/resource/Marin_County,_California","Marin_County,_California","14"
"http://dbpedia.org/resource/Fayette_County,_Georgia","Fayette_County,_Georgia","15"
"http://dbpedia.org/resource/Hamilton_County,_Indiana","Hamilton_County,_Indiana","16"
"http://dbpedia.org/resource/Collin_County,_Texas","Collin_County,_Texas","17"
"http://dbpedia.org/resource/San_Mateo_County,_California","San_Mateo_County,_California","18"
"http://dbpedia.org/resource/Johnson_County,_Kansas","Johnson_County,_Kansas","19"
"http://dbpedia.org/resource/Williamson_County,_Tennessee","Williamson_County,_Tennessee","20"
"http://dbpedia.org/resource/Forsyth_County,_Georgia","Forsyth_County,_Georgia","21"
"http://dbpedia.org/resource/Rockland_County,_New_York","Rockland_County,_New_York","22"
"http://dbpedia.org/resource/DuPage_County,_Illinois","DuPage_County,_Illinois","23"
"http://dbpedia.org/resource/Fairfax,_Virginia","Fairfax,_Virginia","24"
"http://dbpedia.org/resource/Livingston_County,_Michigan","Livingston_County,_Michigan","25"
"http://dbpedia.org/resource/Delaware_County,_Ohio","Delaware_County,_Ohio","26"
"http://dbpedia.org/resource/Lake_County,_Illinois","Lake_County,_Illinois","27"
"http://dbpedia.org/resource/Stafford_County,_Virginia","Stafford_County,_Virginia","28"
"http://dbpedia.org/resource/Scott_County,_Minnesota","Scott_County,_Minnesota","29"
"http://dbpedia.org/resource/Washington_County,_Minnesota","Washington_County,_Minnesota","30"
"http://dbpedia.org/resource/Prince_William_County,_Virginia","Prince_William_County,_Virginia","31"
"http://dbpedia.org/resource/Calvert_County,_Maryland","Calvert_County,_Maryland","32"
"http://dbpedia.org/resource/Carver_County,_Minnesota","Carver_County,_Minnesota","33"
"http://dbpedia.org/resource/Columbia_County,_Georgia","Columbia_County,_Georgia","34"
"http://dbpedia.org/resource/Chester_County,_Pennsylvania","Chester_County,_Pennsylvania","35"
"http://dbpedia.org/resource/Putnam_County,_New_York","Putnam_County,_New_York","36"
"http://dbpedia.org/resource/Sussex_County,_New_Jersey","Sussex_County,_New_Jersey","37"
"http://dbpedia.org/resource/Fairfield_County,_Connecticut","Fairfield_County,_Connecticut","38"
"http://dbpedia.org/resource/Bergen_County,_New_Jersey","Bergen_County,_New_Jersey","39"
"http://dbpedia.org/resource/Rockwall_County,_Texas","Rockwall_County,_Texas","40"
"http://dbpedia.org/resource/Summit_County,_Utah","Summit_County,_Utah","41"
"http://dbpedia.org/resource/McHenry_County,_Illinois","McHenry_County,_Illinois","42"
"http://dbpedia.org/resource/Kendall_County,_Illinois","Kendall_County,_Illinois","43"
"http://dbpedia.org/resource/Monmouth_County,_New_Jersey","Monmouth_County,_New_Jersey","44"
"http://dbpedia.org/resource/Broomfield,_Colorado","Broomfield,_Colorado","45"
"http://dbpedia.org/resource/Fort_Bend_County,_Texas","Fort_Bend_County,_Texas","46"
"http://dbpedia.org/resource/Contra_Costa_County,_California","Contra_Costa_County,_California","47"
"http://dbpedia.org/resource/Westchester_County,_New_York","Westchester_County,_New_York","48"
"http://dbpedia.org/resource/Norfolk_County,_Massachusetts","Norfolk_County,_Massachusetts","49"
"http://dbpedia.org/resource/Oldham_County,_Kentucky","Oldham_County,_Kentucky","50"
"http://dbpedia.org/resource/North_Slope_Borough,_Alaska","North_Slope_Borough,_Alaska","51"
"http://dbpedia.org/resource/Arlington_County,_Virginia","Arlington_County,_Virginia","52"
"http://dbpedia.org/resource/Waukesha_County,_Wisconsin","Waukesha_County,_Wisconsin","53"
"http://dbpedia.org/resource/Ozaukee_County,_Wisconsin","Ozaukee_County,_Wisconsin","54"
"http://dbpedia.org/resource/Eagle_County,_Colorado","Eagle_County,_Colorado","55"
"http://dbpedia.org/resource/Elbert_County,_Colorado","Elbert_County,_Colorado","56"
"http://dbpedia.org/resource/Will_County,_Illinois","Will_County,_Illinois","57"
"http://dbpedia.org/resource/Charles_County,_Maryland","Charles_County,_Maryland","58"
"http://dbpedia.org/resource/Juneau,_Alaska","Juneau,_Alaska","59"
"http://dbpedia.org/resource/Fauquier_County,_Virginia","Fauquier_County,_Virginia","60"
"http://dbpedia.org/resource/Oakland_County,_Michigan","Oakland_County,_Michigan","61"
"http://dbpedia.org/resource/Orange_County,_California","Orange_County,_California","62"
"http://dbpedia.org/resource/Dakota_County,_Minnesota","Dakota_County,_Minnesota","63"
"http://dbpedia.org/resource/Anne_Arundel_County,_Maryland","Anne_Arundel_County,_Maryland","64"
"http://dbpedia.org/resource/Middlesex_County,_New_Jersey","Middlesex_County,_New_Jersey","65"
"http://dbpedia.org/resource/Aleutians_West_Census_Area","Aleutians_West_Census_Area","66"
"http://dbpedia.org/resource/Poquoson,_Virginia","Poquoson,_Virginia","67"
"http://dbpedia.org/resource/Cherokee_County,_Georgia","Cherokee_County,_Georgia","68"
"http://dbpedia.org/resource/Montgomery_County,_Pennsylvania","Montgomery_County,_Pennsylvania","69"
"http://dbpedia.org/resource/Middlesex_County,_Massachusetts","Middlesex_County,_Massachusetts","70"
"http://dbpedia.org/resource/Manassas_Park,_Virginia","Manassas_Park,_Virginia","71"
"http://dbpedia.org/resource/Williamson_County,_Texas","Williamson_County,_Texas","72"
"http://dbpedia.org/resource/Gwinnett_County,_Georgia","Gwinnett_County,_Georgia","73"
"http://dbpedia.org/resource/Manassas,_Virginia","Manassas,_Virginia","74"
"http://dbpedia.org/resource/Frederick_County,_Maryland","Frederick_County,_Maryland","75"
"http://dbpedia.org/resource/Geauga_County,_Ohio","Geauga_County,_Ohio","76"
"http://dbpedia.org/resource/Carroll_County,_Maryland","Carroll_County,_Maryland","77"
"http://dbpedia.org/resource/Bucks_County,_Pennsylvania","Bucks_County,_Pennsylvania","78"
"http://dbpedia.org/resource/Ventura_County,_California","Ventura_County,_California","79"
"http://dbpedia.org/resource/Pitkin_County,_Colorado","Pitkin_County,_Colorado","80"
"http://dbpedia.org/resource/Kane_County,_Illinois","Kane_County,_Illinois","81"
"http://dbpedia.org/resource/Hanover_County,_Virginia","Hanover_County,_Virginia","82"
"http://dbpedia.org/resource/Middlesex_County,_Connecticut","Middlesex_County,_Connecticut","83"
"http://dbpedia.org/resource/Tolland_County,_Connecticut","Tolland_County,_Connecticut","84"
"http://dbpedia.org/resource/Burlington_County,_New_Jersey","Burlington_County,_New_Jersey","85"
"http://dbpedia.org/resource/Chesterfield_County,_Virginia","Chesterfield_County,_Virginia","86"
"http://dbpedia.org/resource/Cobb_County,_Georgia","Cobb_County,_Georgia","87"
"http://dbpedia.org/resource/Denton_County,_Texas","Denton_County,_Texas","88"
"http://dbpedia.org/resource/Rockingham_County,_New_Hampshire","Rockingham_County,_New_Hampshire","89"
"http://dbpedia.org/resource/York_County,_Virginia","York_County,_Virginia","90"
"http://dbpedia.org/resource/Warren_County,_Ohio","Warren_County,_Ohio","91"
"http://dbpedia.org/resource/Anoka_County,_Minnesota","Anoka_County,_Minnesota","92"
"http://dbpedia.org/resource/Placer_County,_California","Placer_County,_California","93"
"http://dbpedia.org/resource/Spotsylvania_County,_Virginia","Spotsylvania_County,_Virginia","94"
"http://dbpedia.org/resource/San_Benito_County,_California","San_Benito_County,_California","95"
"http://dbpedia.org/resource/Jefferson_County,_Colorado","Jefferson_County,_Colorado","96"
"http://dbpedia.org/resource/Henry_County,_Georgia","Henry_County,_Georgia","97"
"http://dbpedia.org/resource/St._Charles_County,_Missouri","St._Charles_County,_Missouri","98"
"http://dbpedia.org/resource/Harford_County,_Maryland","Harford_County,_Maryland","99"
"http://dbpedia.org/resource/Queen_Anne%27s_County,_Maryland","Queen_Anne%27s_County,_Maryland","100"