"http://dbpedia.org/resource/D%C5%BEinovski","D%C5%BEinovski","1"
"http://dbpedia.org/resource/G.A.D.","G.A.D.","2"
"http://dbpedia.org/resource/Desetka","Desetka","3"
"http://dbpedia.org/resource/Pobjeda_(album)","Pobjeda_(album)","4"
"http://dbpedia.org/resource/Isto%C4%8Dno_od_Gajnica","Isto%C4%8Dno_od_Gajnica","5"
"http://dbpedia.org/resource/%C5%A0amar","%C5%A0amar","6"
"http://dbpedia.org/resource/Knjiga_%C5%BEalbe","Knjiga_%C5%BEalbe","7"
"http://dbpedia.org/resource/Svijet_glamura","Svijet_glamura","8"