"http://dbpedia.org/resource/Gregory_House","Gregory_House","1"
"http://dbpedia.org/resource/Lisa_Cuddy","Lisa_Cuddy","2"
"http://dbpedia.org/resource/James_Wilson_(House)","James_Wilson_(House)","3"
"http://dbpedia.org/resource/Eric_Foreman","Eric_Foreman","4"
"http://dbpedia.org/resource/Allison_Cameron","Allison_Cameron","5"
"http://dbpedia.org/resource/Robert_Chase","Robert_Chase","6"
"http://dbpedia.org/resource/Chris_Taub","Chris_Taub","7"
"http://dbpedia.org/resource/Lawrence_Kutner_(House)","Lawrence_Kutner_(House)","8"