"http://dbpedia.org/resource/Des_Moines,_Iowa","Des_Moines,_Iowa","1"
"http://dbpedia.org/resource/Cedar_Rapids,_Iowa","Cedar_Rapids,_Iowa","2"
"http://dbpedia.org/resource/Davenport,_Iowa","Davenport,_Iowa","3"
"http://dbpedia.org/resource/Sioux_City,_Iowa","Sioux_City,_Iowa","4"
"http://dbpedia.org/resource/Iowa_City,_Iowa","Iowa_City,_Iowa","5"
"http://dbpedia.org/resource/Waterloo,_Iowa","Waterloo,_Iowa","6"
"http://dbpedia.org/resource/Council_Bluffs,_Iowa","Council_Bluffs,_Iowa","7"
"http://dbpedia.org/resource/Ames,_Iowa","Ames,_Iowa","8"
"http://dbpedia.org/resource/Dubuque,_Iowa","Dubuque,_Iowa","9"