"http://dbpedia.org/resource/Ontario","Ontario","1"
"http://dbpedia.org/resource/Quebec","Quebec","2"
"http://dbpedia.org/resource/British_Columbia","British_Columbia","3"
"http://dbpedia.org/resource/Alberta","Alberta","4"
"http://dbpedia.org/resource/Yukon","Yukon","5"
"http://dbpedia.org/resource/Manitoba","Manitoba","6"
"http://dbpedia.org/resource/Nova_Scotia","Nova_Scotia","7"
"http://dbpedia.org/resource/Northwest_Territories","Northwest_Territories","8"
"http://dbpedia.org/resource/New_Brunswick","New_Brunswick","9"
"http://dbpedia.org/resource/Saskatchewan","Saskatchewan","10"
"http://dbpedia.org/resource/Prince_Edward_Island","Prince_Edward_Island","11"
"http://dbpedia.org/resource/Nunavut","Nunavut","12"
"http://dbpedia.org/resource/Newfoundland_and_Labrador","Newfoundland_and_Labrador","13"