"http://dbpedia.org/resource/A.M._(Wilco_album)","A.M._(Wilco_album)","1"
"http://dbpedia.org/resource/Being_There_(Wilco_album)","Being_There_(Wilco_album)","2"
"http://dbpedia.org/resource/Summerteeth","Summerteeth","3"
"http://dbpedia.org/resource/Yankee_Hotel_Foxtrot","Yankee_Hotel_Foxtrot","4"
"http://dbpedia.org/resource/A_Ghost_Is_Born","A_Ghost_Is_Born","5"
"http://dbpedia.org/resource/Kicking_Television:_Live_in_Chicago","Kicking_Television:_Live_in_Chicago","6"
"http://dbpedia.org/resource/Sky_Blue_Sky","Sky_Blue_Sky","7"
"http://dbpedia.org/resource/Wilco_(The_Album)","Wilco_(The_Album)","8"
"http://dbpedia.org/resource/The_Whole_Love","The_Whole_Love","9"