"http://dbpedia.org/resource/Alessandro_Del_Piero","Alessandro_Del_Piero","1"
"http://dbpedia.org/resource/Gaetano_Scirea","Gaetano_Scirea","2"
"http://dbpedia.org/resource/Giuseppe_Furino","Giuseppe_Furino","3"
"http://dbpedia.org/resource/Roberto_Bettega","Roberto_Bettega","4"
"http://dbpedia.org/resource/Dino_Zoff","Dino_Zoff","5"
"http://dbpedia.org/resource/Gianluigi_Buffon","Gianluigi_Buffon","6"
"http://dbpedia.org/resource/Giampiero_Boniperti","Giampiero_Boniperti","7"
"http://dbpedia.org/resource/Sandro_Salvadore","Sandro_Salvadore","8"
"http://dbpedia.org/resource/Franco_Causio","Franco_Causio","9"
"http://dbpedia.org/resource/Antonio_Cabrini","Antonio_Cabrini","10"