"http://dbpedia.org/resource/Pasqualina_Napoletano","Pasqualina_Napoletano","1"
"http://dbpedia.org/resource/Hartmut_Nassauer","Hartmut_Nassauer","3"
"http://dbpedia.org/resource/Mike_Nattrass","Mike_Nattrass","4"
"http://dbpedia.org/resource/Robert_Navarro","Robert_Navarro","5"
"http://dbpedia.org/resource/Bill_Newton_Dunn","Bill_Newton_Dunn","8"
"http://dbpedia.org/resource/Annemie_Neyts-Uyttebroeck","Annemie_Neyts-Uyttebroeck","9"
"http://dbpedia.org/resource/Emma_Nicholson","Emma_Nicholson","10"
"http://dbpedia.org/resource/Jim_Nicholson_(UK_politician)","Jim_Nicholson_(UK_politician)","11"
"http://dbpedia.org/resource/Angelika_Niebler","Angelika_Niebler","13"
"http://dbpedia.org/resource/Ljudmila_Novak","Ljudmila_Novak","14"