"http://dbpedia.org/resource/Adolphe_Thiers","Adolphe_Thiers","1"
"http://dbpedia.org/resource/Patrice_de_Mac-Mahon,_Duke_of_Magenta","Patrice_de_Mac-Mahon,_Duke_of_Magenta","2"
"http://dbpedia.org/resource/Jules_Gr%C3%A9vy","Jules_Gr%C3%A9vy","3"
"http://dbpedia.org/resource/Marie_Fran%C3%A7ois_Sadi_Carnot","Marie_Fran%C3%A7ois_Sadi_Carnot","4"
"http://dbpedia.org/resource/Jean_Casimir-Perier","Jean_Casimir-Perier","5"
"http://dbpedia.org/resource/F%C3%A9lix_Faure","F%C3%A9lix_Faure","6"
"http://dbpedia.org/resource/%C3%89mile_Loubet","%C3%89mile_Loubet","7"
"http://dbpedia.org/resource/Armand_Falli%C3%A8res","Armand_Falli%C3%A8res","8"
"http://dbpedia.org/resource/Raymond_Poincar%C3%A9","Raymond_Poincar%C3%A9","9"
"http://dbpedia.org/resource/Paul_Deschanel","Paul_Deschanel","10"
"http://dbpedia.org/resource/Alexandre_Millerand","Alexandre_Millerand","11"
"http://dbpedia.org/resource/Gaston_Doumergue","Gaston_Doumergue","12"
"http://dbpedia.org/resource/Paul_Doumer","Paul_Doumer","13"
"http://dbpedia.org/resource/Albert_Fran%C3%A7ois_Lebrun","Albert_Fran%C3%A7ois_Lebrun","14"