"http://dbpedia.org/resource/Never_Gonna_Give_You_Up","Never_Gonna_Give_You_Up","1"
"http://dbpedia.org/resource/Never_Gonna_Give_You_Up","Never_Gonna_Give_You_Up","2"
"http://dbpedia.org/resource/Faith_(George_Michael_song)","Faith_(George_Michael_song)","3"
"http://dbpedia.org/resource/Got_My_Mind_Set_on_You","Got_My_Mind_Set_on_You","4"
"http://dbpedia.org/resource/(I%27ve_Had)_The_Time_of_My_Life","(I%27ve_Had)_The_Time_of_My_Life","5"
"http://dbpedia.org/resource/(I%27ve_Had)_The_Time_of_My_Life","(I%27ve_Had)_The_Time_of_My_Life","6"
"http://dbpedia.org/resource/(I%27ve_Had)_The_Time_of_My_Life","(I%27ve_Had)_The_Time_of_My_Life","7"
"http://dbpedia.org/resource/(I%27ve_Had)_The_Time_of_My_Life","(I%27ve_Had)_The_Time_of_My_Life","8"
"http://dbpedia.org/resource/(I%27ve_Had)_The_Time_of_My_Life","(I%27ve_Had)_The_Time_of_My_Life","9"
"http://dbpedia.org/resource/(I%27ve_Had)_The_Time_of_My_Life","(I%27ve_Had)_The_Time_of_My_Life","10"
"http://dbpedia.org/resource/I_Should_Be_So_Lucky","I_Should_Be_So_Lucky","11"
"http://dbpedia.org/resource/I_Should_Be_So_Lucky","I_Should_Be_So_Lucky","12"
"http://dbpedia.org/resource/I_Should_Be_So_Lucky","I_Should_Be_So_Lucky","13"
"http://dbpedia.org/resource/I_Should_Be_So_Lucky","I_Should_Be_So_Lucky","14"
"http://dbpedia.org/resource/I_Should_Be_So_Lucky","I_Should_Be_So_Lucky","15"
"http://dbpedia.org/resource/I_Should_Be_So_Lucky","I_Should_Be_So_Lucky","16"
"http://dbpedia.org/resource/Get_Outta_My_Dreams,_Get_Into_My_Car","Get_Outta_My_Dreams,_Get_Into_My_Car","17"
"http://dbpedia.org/resource/Get_Outta_My_Dreams,_Get_Into_My_Car","Get_Outta_My_Dreams,_Get_Into_My_Car","18"
"http://dbpedia.org/resource/Get_Outta_My_Dreams,_Get_Into_My_Car","Get_Outta_My_Dreams,_Get_Into_My_Car","19"
"http://dbpedia.org/resource/Get_Outta_My_Dreams,_Get_Into_My_Car","Get_Outta_My_Dreams,_Get_Into_My_Car","20"
"http://dbpedia.org/resource/Get_Outta_My_Dreams,_Get_Into_My_Car","Get_Outta_My_Dreams,_Get_Into_My_Car","21"
"http://dbpedia.org/resource/The_Flame_(Cheap_Trick_song)","The_Flame_(Cheap_Trick_song)","22"
"http://dbpedia.org/resource/The_Flame_(Cheap_Trick_song)","The_Flame_(Cheap_Trick_song)","23"
"http://dbpedia.org/resource/The_Flame_(Cheap_Trick_song)","The_Flame_(Cheap_Trick_song)","24"
"http://dbpedia.org/resource/What_a_Wonderful_World","What_a_Wonderful_World","25"
"http://dbpedia.org/resource/What_a_Wonderful_World","What_a_Wonderful_World","26"
"http://dbpedia.org/resource/Got_to_Be_Certain","Got_to_Be_Certain","27"
"http://dbpedia.org/resource/Got_to_Be_Certain","Got_to_Be_Certain","28"
"http://dbpedia.org/resource/Got_to_Be_Certain","Got_to_Be_Certain","29"
"http://dbpedia.org/resource/Got_to_Be_Certain","Got_to_Be_Certain","30"
"http://dbpedia.org/resource/Age_of_Reason_(song)","Age_of_Reason_(song)","31"
"http://dbpedia.org/resource/Age_of_Reason_(song)","Age_of_Reason_(song)","32"
"http://dbpedia.org/resource/Age_of_Reason_(song)","Age_of_Reason_(song)","33"
"http://dbpedia.org/resource/Perfect_(Fairground_Attraction_song)","Perfect_(Fairground_Attraction_song)","34"
"http://dbpedia.org/resource/Perfect_(Fairground_Attraction_song)","Perfect_(Fairground_Attraction_song)","35"
"http://dbpedia.org/resource/Perfect_(Fairground_Attraction_song)","Perfect_(Fairground_Attraction_song)","36"
"http://dbpedia.org/resource/Perfect_(Fairground_Attraction_song)","Perfect_(Fairground_Attraction_song)","37"
"http://dbpedia.org/resource/Simply_Irresistible_(song)","Simply_Irresistible_(song)","38"
"http://dbpedia.org/resource/Simply_Irresistible_(song)","Simply_Irresistible_(song)","39"
"http://dbpedia.org/resource/Simply_Irresistible_(song)","Simply_Irresistible_(song)","40"
"http://dbpedia.org/resource/Simply_Irresistible_(song)","Simply_Irresistible_(song)","41"
"http://dbpedia.org/resource/Simply_Irresistible_(song)","Simply_Irresistible_(song)","42"
"http://dbpedia.org/resource/Desire_(U2_song)","Desire_(U2_song)","43"
"http://dbpedia.org/resource/Desire_(U2_song)","Desire_(U2_song)","44"
"http://dbpedia.org/resource/A_Groovy_Kind_of_Love","A_Groovy_Kind_of_Love","45"
"http://dbpedia.org/resource/Don%27t_Worry,_Be_Happy","Don%27t_Worry,_Be_Happy","46"
"http://dbpedia.org/resource/Don%27t_Worry,_Be_Happy","Don%27t_Worry,_Be_Happy","47"
"http://dbpedia.org/resource/Don%27t_Worry,_Be_Happy","Don%27t_Worry,_Be_Happy","48"
"http://dbpedia.org/resource/Don%27t_Worry,_Be_Happy","Don%27t_Worry,_Be_Happy","49"
"http://dbpedia.org/resource/Don%27t_Worry,_Be_Happy","Don%27t_Worry,_Be_Happy","50"
"http://dbpedia.org/resource/Don%27t_Worry,_Be_Happy","Don%27t_Worry,_Be_Happy","51"
"http://dbpedia.org/resource/Kokomo_(song)","Kokomo_(song)","52"