"http://dbpedia.org/resource/Robert_Menzies","Robert_Menzies","1"
"http://dbpedia.org/resource/John_Howard","John_Howard","2"
"http://dbpedia.org/resource/Bob_Hawke","Bob_Hawke","3"
"http://dbpedia.org/resource/Malcolm_Fraser","Malcolm_Fraser","4"
"http://dbpedia.org/resource/Billy_Hughes","Billy_Hughes","5"
"http://dbpedia.org/resource/Joseph_Lyons","Joseph_Lyons","6"
"http://dbpedia.org/resource/Stanley_Bruce","Stanley_Bruce","7"
"http://dbpedia.org/resource/Alfred_Deakin","Alfred_Deakin","8"
"http://dbpedia.org/resource/Andrew_Fisher","Andrew_Fisher","9"
"http://dbpedia.org/resource/Ben_Chifley","Ben_Chifley","10"
"http://dbpedia.org/resource/Paul_Keating","Paul_Keating","11"
"http://dbpedia.org/resource/John_Curtin","John_Curtin","12"
"http://dbpedia.org/resource/John_Gorton","John_Gorton","13"
"http://dbpedia.org/resource/Gough_Whitlam","Gough_Whitlam","14"
"http://dbpedia.org/resource/Edmund_Barton","Edmund_Barton","15"
"http://dbpedia.org/resource/James_Scullin","James_Scullin","16"
"http://dbpedia.org/resource/Harold_Holt","Harold_Holt","17"
"http://dbpedia.org/resource/William_McMahon","William_McMahon","18"
"http://dbpedia.org/resource/Joseph_Cook","Joseph_Cook","19"
"http://dbpedia.org/resource/George_Reid_(Australian_politician)","George_Reid_(Australian_politician)","20"
"http://dbpedia.org/resource/Kevin_Rudd","Kevin_Rudd","21"
"http://dbpedia.org/resource/Chris_Watson","Chris_Watson","22"
"http://dbpedia.org/resource/Arthur_Fadden","Arthur_Fadden","23"
"http://dbpedia.org/resource/John_McEwen","John_McEwen","24"
"http://dbpedia.org/resource/Earle_Page","Earle_Page","25"
"http://dbpedia.org/resource/Frank_Forde","Frank_Forde","26"