"http://dbpedia.org/resource/Taipei%E2%80%93Keelung_metropolitan_area","Taipei%E2%80%93Keelung_metropolitan_area","1"
"http://dbpedia.org/resource/Kaohsiung_metropolitan_area","Kaohsiung_metropolitan_area","2"
"http://dbpedia.org/resource/Taichung%E2%80%93Changhua_metropolitan_area","Taichung%E2%80%93Changhua_metropolitan_area","3"
"http://dbpedia.org/resource/Taoyuan%E2%80%93Zhongli_metropolitan_area","Taoyuan%E2%80%93Zhongli_metropolitan_area","4"
"http://dbpedia.org/resource/Tainan_metropolitan_area","Tainan_metropolitan_area","5"
"http://dbpedia.org/resource/Hsinchu_metropolitan_area","Hsinchu_metropolitan_area","6"
"http://dbpedia.org/resource/Chiayi_metropolitan_area","Chiayi_metropolitan_area","7"