"http://dbpedia.org/resource/Crested_Finchbill","Crested_Finchbill","1"
"http://dbpedia.org/resource/Straw-headed_Bulbul","Straw-headed_Bulbul","2"
"http://dbpedia.org/resource/Striated_Bulbul","Striated_Bulbul","3"
"http://dbpedia.org/resource/Black-and-white_Bulbul","Black-and-white_Bulbul","4"
"http://dbpedia.org/resource/Black-headed_Bulbul","Black-headed_Bulbul","5"
"http://dbpedia.org/resource/Black-crested_Bulbul","Black-crested_Bulbul","6"
"http://dbpedia.org/resource/Scaly-breasted_Bulbul","Scaly-breasted_Bulbul","7"
"http://dbpedia.org/resource/Grey-bellied_Bulbul","Grey-bellied_Bulbul","8"
"http://dbpedia.org/resource/Red-whiskered_Bulbul","Red-whiskered_Bulbul","9"
"http://dbpedia.org/resource/Brown-breasted_Bulbul","Brown-breasted_Bulbul","10"
"http://dbpedia.org/resource/Light-vented_Bulbul","Light-vented_Bulbul","11"
"http://dbpedia.org/resource/Sooty-headed_Bulbul","Sooty-headed_Bulbul","12"
"http://dbpedia.org/resource/Puff-backed_Bulbul","Puff-backed_Bulbul","13"
"http://dbpedia.org/resource/Stripe-throated_Bulbul","Stripe-throated_Bulbul","14"
"http://dbpedia.org/resource/Flavescent_Bulbul","Flavescent_Bulbul","15"
"http://dbpedia.org/resource/Yellow-vented_Bulbul","Yellow-vented_Bulbul","16"
"http://dbpedia.org/resource/Olive-winged_Bulbul","Olive-winged_Bulbul","17"
"http://dbpedia.org/resource/Streak-eared_Bulbul","Streak-eared_Bulbul","18"
"http://dbpedia.org/resource/Cream-vented_Bulbul","Cream-vented_Bulbul","19"
"http://dbpedia.org/resource/Red-eyed_Bulbul","Red-eyed_Bulbul","20"
"http://dbpedia.org/resource/Spectacled_Bulbul","Spectacled_Bulbul","21"
"http://dbpedia.org/resource/Finsch%27s_Bulbul","Finsch%27s_Bulbul","22"
"http://dbpedia.org/resource/White-throated_Bulbul","White-throated_Bulbul","23"
"http://dbpedia.org/resource/Puff-throated_Bulbul","Puff-throated_Bulbul","24"
"http://dbpedia.org/resource/Ochraceous_Bulbul","Ochraceous_Bulbul","25"
"http://dbpedia.org/resource/Grey-cheeked_Bulbul","Grey-cheeked_Bulbul","26"
"http://dbpedia.org/resource/Yellow-bellied_Bulbul","Yellow-bellied_Bulbul","27"
"http://dbpedia.org/resource/Hairy-backed_Bulbul","Hairy-backed_Bulbul","28"
"http://dbpedia.org/resource/Olive_Bulbul","Olive_Bulbul","29"
"http://dbpedia.org/resource/Grey-eyed_Bulbul","Grey-eyed_Bulbul","30"
"http://dbpedia.org/resource/Buff-vented_Bulbul","Buff-vented_Bulbul","31"
"http://dbpedia.org/resource/Streaked_Bulbul","Streaked_Bulbul","32"
"http://dbpedia.org/resource/Ashy_Bulbul","Ashy_Bulbul","33"
"http://dbpedia.org/resource/Mountain_Bulbul","Mountain_Bulbul","34"
"http://dbpedia.org/resource/Black_Bulbul","Black_Bulbul","35"
"http://dbpedia.org/resource/White-headed_Bulbul","White-headed_Bulbul","36"