"http://dbpedia.org/resource/Bear_Mountain_(Connecticut)","Bear_Mountain_(Connecticut)","12"
"http://dbpedia.org/resource/Bear_Mountain_(Georgia)","Bear_Mountain_(Connecticut)","13"
"http://dbpedia.org/resource/Bear_Mountain_(Glacier_County,_Montana)","Bear_Mountain_(Connecticut)","24"
"http://dbpedia.org/resource/Bear_Mountain_(New_Hampshire)","Bear_Mountain_(Connecticut)","30"
"http://dbpedia.org/resource/Bear_Mountain_(South_Dakota)","Bear_Mountain_(Connecticut)","49"
"http://dbpedia.org/resource/Bear_Mountain_(Killington_Peak,_Rutland_County,_Vermont)","Bear_Mountain_(Connecticut)","53"