"http://dbpedia.org/resource/Morden_Regional_Aerodrome","Morden_Regional_Aerodrome","1"
"http://dbpedia.org/resource/Nestor_Falls_Airport","Nestor_Falls_Airport","2"
"http://dbpedia.org/resource/Arcola_Airport","Arcola_Airport","3"
"http://dbpedia.org/resource/Deer_Lake_Water_Aerodrome","Deer_Lake_Water_Aerodrome","4"
"http://dbpedia.org/resource/Hudson_Water_Aerodrome","Hudson_Water_Aerodrome","5"
"http://dbpedia.org/resource/Carman/Friendship_Field_Airport","Carman/Friendship_Field_Airport","6"
"http://dbpedia.org/resource/Steinbach_Airport","Steinbach_Airport","7"
"http://dbpedia.org/resource/Moosomin/Marshall_McLeod_Field_Airport","Moosomin/Marshall_McLeod_Field_Airport","8"
"http://dbpedia.org/resource/Gods_Lake_Airport","Gods_Lake_Airport","9"
"http://dbpedia.org/resource/Buffalo_Narrows_Water_Aerodrome","Buffalo_Narrows_Water_Aerodrome","10"
"http://dbpedia.org/resource/Kyle_Airport","Kyle_Airport","11"
"http://dbpedia.org/resource/Craik_Airport","Craik_Airport","12"
"http://dbpedia.org/resource/Davidson_Municipal_Airport","Davidson_Municipal_Airport","13"
"http://dbpedia.org/resource/Central_Butte_Airport","Central_Butte_Airport","14"
"http://dbpedia.org/resource/Shaunavon_Airport","Shaunavon_Airport","15"
"http://dbpedia.org/resource/Hafford_Airport","Hafford_Airport","16"
"http://dbpedia.org/resource/Burditt_Lake_Water_Aerodrome","Burditt_Lake_Water_Aerodrome","17"
"http://dbpedia.org/resource/Laurie_River_Airport","Laurie_River_Airport","18"
"http://dbpedia.org/resource/Cudworth_Municipal_Airport","Cudworth_Municipal_Airport","19"
"http://dbpedia.org/resource/Birch_Hills_Airport","Birch_Hills_Airport","20"
"http://dbpedia.org/resource/Leader_Airport","Leader_Airport","21"
"http://dbpedia.org/resource/Sand_Point_Lake_Water_Aerodrome","Sand_Point_Lake_Water_Aerodrome","22"
"http://dbpedia.org/resource/Cambridge_Bay_Water_Aerodrome","Cambridge_Bay_Water_Aerodrome","23"
"http://dbpedia.org/resource/Dryden_Water_Aerodrome","Dryden_Water_Aerodrome","24"
"http://dbpedia.org/resource/Ignace_Water_Aerodrome","Ignace_Water_Aerodrome","25"
"http://dbpedia.org/resource/Dore_Lake_Airport","Dore_Lake_Airport","26"
"http://dbpedia.org/resource/Weyburn_Airport","Weyburn_Airport","27"
"http://dbpedia.org/resource/Snow_Lake_Airport","Snow_Lake_Airport","28"
"http://dbpedia.org/resource/Glaslyn_Airport","Glaslyn_Airport","29"
"http://dbpedia.org/resource/Ashern_Airport","Ashern_Airport","30"
"http://dbpedia.org/resource/Ear_Falls_Water_Aerodrome","Ear_Falls_Water_Aerodrome","31"
"http://dbpedia.org/resource/Carignan/Riv�re_l%27Acadie_Water_Aerodrome","Carignan/Riv�re_l%27Acadie_Water_Aerodrome","32"
"http://dbpedia.org/resource/%C3%8Ele-%C3%A0-la-Crosse_Airport","%C3%8Ele-%C3%A0-la-Crosse_Airport","33"
"http://dbpedia.org/resource/West_Poplar_Airport","West_Poplar_Airport","34"
"http://dbpedia.org/resource/Armstrong_Water_Aerodrome","Armstrong_Water_Aerodrome","35"
"http://dbpedia.org/resource/Biggar_Airport","Biggar_Airport","36"
"http://dbpedia.org/resource/Eatonia_(Elvie_Smith)_Municipal_Airport","Eatonia_(Elvie_Smith)_Municipal_Airport","37"
"http://dbpedia.org/resource/Wrong_Lake_Airport","Wrong_Lake_Airport","38"
"http://dbpedia.org/resource/Maidstone_Aerodrome","Maidstone_Aerodrome","40"
"http://dbpedia.org/resource/Atikokan_Water_Aerodrome","Atikokan_Water_Aerodrome","41"
"http://dbpedia.org/resource/Leask_Airport","Leask_Airport","42"
"http://dbpedia.org/resource/Glenboro_Airport","Glenboro_Airport","43"
"http://dbpedia.org/resource/Wildwood/Loche_Mist_Farms_Aerodrome","Wildwood/Loche_Mist_Farms_Aerodrome","44"
"http://dbpedia.org/resource/Deloraine_Airport","Deloraine_Airport","45"
"http://dbpedia.org/resource/Cabri_Airport","Cabri_Airport","46"
"http://dbpedia.org/resource/Churchill_Water_Aerodrome","Churchill_Water_Aerodrome","47"
"http://dbpedia.org/resource/Macklin_Airport","Macklin_Airport","48"
"http://dbpedia.org/resource/Gunisao_Lake_Airport","Gunisao_Lake_Airport","49"
"http://dbpedia.org/resource/Beauval_Airport","Beauval_Airport","50"
"http://dbpedia.org/resource/Esterhazy_Airport","Esterhazy_Airport","51"
"http://dbpedia.org/resource/Gull_Lake_Airport","Gull_Lake_Airport","52"
"http://dbpedia.org/resource/Baker_Lake_Water_Aerodrome","Baker_Lake_Water_Aerodrome","53"
"http://dbpedia.org/resource/Flin_Flon/Channing_Water_Aerodrome","Flin_Flon/Channing_Water_Aerodrome","54"
"http://dbpedia.org/resource/Preeceville_Airport","Preeceville_Airport","55"
"http://dbpedia.org/resource/Hatchet_Lake_Airport","Hatchet_Lake_Airport","56"
"http://dbpedia.org/resource/La_Loche_Airport","La_Loche_Airport","57"
"http://dbpedia.org/resource/Winnipeg/Lyncrest_Airport","Winnipeg/Lyncrest_Airport","58"
"http://dbpedia.org/resource/Confederation_Lake_Water_Aerodrome","Confederation_Lake_Water_Aerodrome","59"
"http://dbpedia.org/resource/Kasba_Lake_Airport","Kasba_Lake_Airport","60"
"http://dbpedia.org/resource/Radisson_Airport","Radisson_Airport","61"
"http://dbpedia.org/resource/Ituna_Airport","Ituna_Airport","62"
"http://dbpedia.org/resource/Gravelbourg_Airport","Gravelbourg_Airport","63"
"http://dbpedia.org/resource/Frontier_Airport","Frontier_Airport","64"
"http://dbpedia.org/resource/Arborfield_Airport","Arborfield_Airport","65"
"http://dbpedia.org/resource/Fort_Frances_Water_Aerodrome","Fort_Frances_Water_Aerodrome","66"
"http://dbpedia.org/resource/Kenora_Water_Aerodrome","Kenora_Water_Aerodrome","67"
"http://dbpedia.org/resource/Kamsack_Airport","Kamsack_Airport","68"
"http://dbpedia.org/resource/List_of_heliports_in_Canada#118","List_of_heliports_in_Canada#118","69"
"http://dbpedia.org/resource/Assiniboia_Airport","Assiniboia_Airport","70"
"http://dbpedia.org/resource/Saskatoon/Corman_Air_Park","Saskatoon/Corman_Air_Park","71"
"http://dbpedia.org/resource/Little_Churchill_River/Dunlop%27s_Fly_In_Lodge_Aerodrome","Little_Churchill_River/Dunlop%27s_Fly_In_Lodge_Aerodrome","72"
"http://dbpedia.org/resource/Fort_Reliance_Water_Aerodrome","Fort_Reliance_Water_Aerodrome","73"
"http://dbpedia.org/resource/Kerrobert_Airport","Kerrobert_Airport","74"
"http://dbpedia.org/resource/Savant_Lake_(Sturgeon_Lake)_Water_Aerodrome","Savant_Lake_(Sturgeon_Lake)_Water_Aerodrome","75"
"http://dbpedia.org/resource/Kasba_Lake_Water_Aerodrome","Kasba_Lake_Water_Aerodrome","76"
"http://dbpedia.org/resource/Camsell_Portage_Airport","Camsell_Portage_Airport","77"
"http://dbpedia.org/resource/Bird_River_(Lac_Du_Bonnet)_Airport","Bird_River_(Lac_Du_Bonnet)_Airport","78"
"http://dbpedia.org/resource/Gillam_Water_Aerodrome","Gillam_Water_Aerodrome","79"
"http://dbpedia.org/resource/Charlot_River_Airport","Charlot_River_Airport","80"
"http://dbpedia.org/resource/Lampman_Airport","Lampman_Airport","81"
"http://dbpedia.org/resource/Carlyle_Airport","Carlyle_Airport","82"
"http://dbpedia.org/resource/Maple_Creek_Airport","Maple_Creek_Airport","83"
"http://dbpedia.org/resource/Tanquary_Fiord_Airport","Tanquary_Fiord_Airport","84"
"http://dbpedia.org/resource/Big_Sand_Lake_Airport","Big_Sand_Lake_Airport","85"
"http://dbpedia.org/resource/Luseland_Airport","Luseland_Airport","86"
"http://dbpedia.org/resource/The_Pas/Grace_Lake_Airport","The_Pas/Grace_Lake_Airport","87"
"http://dbpedia.org/resource/Eston_Airport","Eston_Airport","88"
"http://dbpedia.org/resource/Gladstone_Aerodrome","Gladstone_Aerodrome","89"
"http://dbpedia.org/resource/Canora_Airport","Canora_Airport","90"
"http://dbpedia.org/resource/McCreary_Airport","McCreary_Airport","91"
"http://dbpedia.org/resource/Malcolm_Island_Airport","Malcolm_Island_Airport","92"
"http://dbpedia.org/resource/Moose_Jaw_Municipal_Airport","Moose_Jaw_Municipal_Airport","93"
"http://dbpedia.org/resource/Killarney_Municipal_Airport","Killarney_Municipal_Airport","94"
"http://dbpedia.org/resource/Big_Hook_Wilderness_Camp_Water_Aerodrome","Big_Hook_Wilderness_Camp_Water_Aerodrome","95"
"http://dbpedia.org/resource/Carman_(South)_Airport","Carman_(South)_Airport","96"
"http://dbpedia.org/resource/Lac_du_Bonnet_(North)_Water_Aerodrome","Lac_du_Bonnet_(North)_Water_Aerodrome","97"
"http://dbpedia.org/resource/Knee_Lake_Airport","Knee_Lake_Airport","98"
"http://dbpedia.org/resource/Cumberland_House_Airport","Cumberland_House_Airport","99"
"http://dbpedia.org/resource/Melita_Airport","Melita_Airport","100"
"http://dbpedia.org/resource/Homewood_Airport","Homewood_Airport","101"
"http://dbpedia.org/resource/Leoville_Airport","Leoville_Airport","102"
"http://dbpedia.org/resource/Macdonald_Airport","Macdonald_Airport","103"
"http://dbpedia.org/resource/Humboldt_Airport","Humboldt_Airport","104"
"http://dbpedia.org/resource/Minnedosa_Airport","Minnedosa_Airport","105"
"http://dbpedia.org/resource/Arborg_Airport","Arborg_Airport","106"
"http://dbpedia.org/resource/Edam_Airport","Edam_Airport","107"
"http://dbpedia.org/resource/Lac_La_Croix_Water_Aerodrome","Lac_La_Croix_Water_Aerodrome","108"
"http://dbpedia.org/resource/Neilburg_Airport","Neilburg_Airport","109"
"http://dbpedia.org/resource/Otter_Lake_Airport","Otter_Lake_Airport","110"
"http://dbpedia.org/resource/Neepawa_Airport","Neepawa_Airport","111"
"http://dbpedia.org/resource/Summer_Beaver_Airport","Summer_Beaver_Airport","112"
"http://dbpedia.org/resource/Grand_Rapids_Airport","Grand_Rapids_Airport","113"
"http://dbpedia.org/resource/Melville_Municipal_Airport","Melville_Municipal_Airport","114"
"http://dbpedia.org/resource/Oxbow_Airport","Oxbow_Airport","115"
"http://dbpedia.org/resource/Loon_Lake_Airport","Loon_Lake_Airport","116"
"http://dbpedia.org/resource/Pelican_Narrows_Airport","Pelican_Narrows_Airport","117"
"http://dbpedia.org/resource/Russell_Airport","Russell_Airport","118"
"http://dbpedia.org/resource/Cigar_Lake_Airport","Cigar_Lake_Airport","119"
"http://dbpedia.org/resource/Gunisao_Lake_Water_Aerodrome","Gunisao_Lake_Water_Aerodrome","120"
"http://dbpedia.org/resource/Rosetown_Airport","Rosetown_Airport","122"
"http://dbpedia.org/resource/Souris_Glenwood_Industrial_Air_Park","Souris_Glenwood_Industrial_Air_Park","123"
"http://dbpedia.org/resource/Bird_River_Water_Aerodrome","Bird_River_Water_Aerodrome","124"
"http://dbpedia.org/resource/Arctic_Bay_Airport","Arctic_Bay_Airport","125"
"http://dbpedia.org/resource/Hatchet_Lake_Water_Aerodrome","Hatchet_Lake_Water_Aerodrome","126"
"http://dbpedia.org/resource/Tisdale_Airport","Tisdale_Airport","127"
"http://dbpedia.org/resource/Sandy_Bay_Airport","Sandy_Bay_Airport","128"
"http://dbpedia.org/resource/Strathclair_Airport","Strathclair_Airport","129"
"http://dbpedia.org/resource/Bissett_Water_Aerodrome","Bissett_Water_Aerodrome","130"
"http://dbpedia.org/resource/Portage_la_Prairie_(North)_Airport","Portage_la_Prairie_(North)_Airport","131"
"http://dbpedia.org/resource/Melfort_(Miller_Field)_Aerodrome","Melfort_(Miller_Field)_Aerodrome","132"
"http://dbpedia.org/resource/Shellbrook_Airport","Shellbrook_Airport","133"
"http://dbpedia.org/resource/Black_Lake_Water_Aerodrome","Black_Lake_Water_Aerodrome","134"
"http://dbpedia.org/resource/La_Ronge_Water_Aerodrome","La_Ronge_Water_Aerodrome","135"