"http://dbpedia.org/resource/Arendal","Arendal","1"
"http://dbpedia.org/resource/Bergen","Bergen","2"
"http://dbpedia.org/resource/Bod%C3%B8","Bod%C3%B8","3"
"http://dbpedia.org/resource/Drammen","Drammen","4"
"http://dbpedia.org/resource/Egersund","Egersund","5"
"http://dbpedia.org/resource/Farsund","Farsund","6"
"http://dbpedia.org/resource/Flekkefjord","Flekkefjord","7"
"http://dbpedia.org/resource/Flor%C3%B8","Flor%C3%B8","8"
"http://dbpedia.org/resource/Fredrikstad","Fredrikstad","9"
"http://dbpedia.org/resource/Gj%C3%B8vik","Gj%C3%B8vik","10"
"http://dbpedia.org/resource/Grimstad","Grimstad","11"
"http://dbpedia.org/resource/Halden","Halden","12"
"http://dbpedia.org/resource/Hamar","Hamar","13"
"http://dbpedia.org/resource/Hammerfest_(town)","Hammerfest_(town)","14"
"http://dbpedia.org/resource/Harstad_(town)","Harstad_(town)","15"
"http://dbpedia.org/resource/Haugesund","Haugesund","16"
"http://dbpedia.org/resource/Holmestrand","Holmestrand","17"
"http://dbpedia.org/resource/Horten","Horten","18"
"http://dbpedia.org/resource/H%C3%B8nefoss","H%C3%B8nefoss","19"
"http://dbpedia.org/resource/Kongsberg","Kongsberg","20"
"http://dbpedia.org/resource/Kongsvinger","Kongsvinger","21"
"http://dbpedia.org/resource/Kristiansand","Kristiansand","22"
"http://dbpedia.org/resource/Kristiansund","Kristiansund","23"
"http://dbpedia.org/resource/Larvik","Larvik","24"
"http://dbpedia.org/resource/Lillehammer","Lillehammer","25"
"http://dbpedia.org/resource/Mandal,_Norway","Mandal,_Norway","26"
"http://dbpedia.org/resource/Molde","Molde","27"
"http://dbpedia.org/resource/Moss,_Norway","Moss,_Norway","28"
"http://dbpedia.org/resource/Namsos","Namsos","29"
"http://dbpedia.org/resource/Narvik","Narvik","30"
"http://dbpedia.org/resource/Notodden","Notodden","31"
"http://dbpedia.org/resource/Oslo","Oslo","32"
"http://dbpedia.org/resource/Porsgrunn","Porsgrunn","33"
"http://dbpedia.org/resource/Ris%C3%B8r","Ris%C3%B8r","34"
"http://dbpedia.org/resource/Sandefjord","Sandefjord","35"
"http://dbpedia.org/resource/Sandnes","Sandnes","36"
"http://dbpedia.org/resource/Sarpsborg","Sarpsborg","37"
"http://dbpedia.org/resource/Skien","Skien","38"
"http://dbpedia.org/resource/Stavanger","Stavanger","39"
"http://dbpedia.org/resource/Steinkjer","Steinkjer","40"
"http://dbpedia.org/resource/S%C3%B8gne","S%C3%B8gne","41"
"http://dbpedia.org/resource/Troms%C3%B8","Troms%C3%B8","42"
"http://dbpedia.org/resource/Trondheim","Trondheim","43"
"http://dbpedia.org/resource/T%C3%B8nsberg","T%C3%B8nsberg","44"
"http://dbpedia.org/resource/Vads%C3%B8_(town)","Vads%C3%B8_(town)","45"
"http://dbpedia.org/resource/Vard%C3%B8_(town)","Vard%C3%B8_(town)","46"
"http://dbpedia.org/resource/Vennesla","Vennesla","47"
"http://dbpedia.org/resource/%C3%85lesund","%C3%85lesund","48"