"http://dbpedia.org/resource/Philippines","Philippines","1"
"http://dbpedia.org/resource/Metro_Manila","Metro_Manila","2"
"http://dbpedia.org/resource/Cebu","Cebu","3"
"http://dbpedia.org/resource/Negros_Occidental","Negros_Occidental","4"
"http://dbpedia.org/resource/Pangasinan","Pangasinan","5"
"http://dbpedia.org/resource/Bulacan","Bulacan","6"
"http://dbpedia.org/resource/Cavite","Cavite","7"
"http://dbpedia.org/resource/Laguna_(province)","Laguna_(province)","8"
"http://dbpedia.org/resource/Zamboanga_del_Sur","Zamboanga_del_Sur","9"
"http://dbpedia.org/resource/Iloilo","Iloilo","10"
"http://dbpedia.org/resource/Davao_del_Sur","Davao_del_Sur","11"
"http://dbpedia.org/resource/Batangas","Batangas","12"
"http://dbpedia.org/resource/Pampanga","Pampanga","13"
"http://dbpedia.org/resource/Rizal","Rizal","14"
"http://dbpedia.org/resource/Quezon","Quezon","15"
"http://dbpedia.org/resource/Nueva_Ecija","Nueva_Ecija","16"
"http://dbpedia.org/resource/Leyte_(province)","Leyte_(province)","17"
"http://dbpedia.org/resource/Camarines_Sur","Camarines_Sur","18"
"http://dbpedia.org/resource/Isabela_(province)","Isabela_(province)","19"
"http://dbpedia.org/resource/Bohol","Bohol","20"
"http://dbpedia.org/resource/Misamis_Oriental","Misamis_Oriental","21"
"http://dbpedia.org/resource/Negros_Oriental","Negros_Oriental","22"
"http://dbpedia.org/resource/South_Cotabato","South_Cotabato","23"
"http://dbpedia.org/resource/Albay","Albay","24"
"http://dbpedia.org/resource/Tarlac","Tarlac","25"
"http://dbpedia.org/resource/Bukidnon","Bukidnon","26"
"http://dbpedia.org/resource/Cagayan","Cagayan","27"
"http://dbpedia.org/resource/Cotabato","Cotabato","28"
"http://dbpedia.org/resource/Zamboanga_del_Norte","Zamboanga_del_Norte","29"
"http://dbpedia.org/resource/Lanao_del_Sur","Lanao_del_Sur","30"
"http://dbpedia.org/resource/Lanao_del_Norte","Lanao_del_Norte","31"
"http://dbpedia.org/resource/Palawan","Palawan","32"
"http://dbpedia.org/resource/Davao_del_Norte","Davao_del_Norte","33"
"http://dbpedia.org/resource/Masbate","Masbate","34"
"http://dbpedia.org/resource/Oriental_Mindoro","Oriental_Mindoro","35"
"http://dbpedia.org/resource/La_Union","La_Union","36"
"http://dbpedia.org/resource/Capiz","Capiz","37"
"http://dbpedia.org/resource/Sorsogon","Sorsogon","38"
"http://dbpedia.org/resource/Samar_(province)","Samar_(province)","39"
"http://dbpedia.org/resource/Zambales","Zambales","40"
"http://dbpedia.org/resource/Sulu_Province","Sulu_Province","41"
"http://dbpedia.org/resource/Maguindanao","Maguindanao","42"
"http://dbpedia.org/resource/Ilocos_Sur","Ilocos_Sur","43"
"http://dbpedia.org/resource/Sultan_Kudarat","Sultan_Kudarat","44"
"http://dbpedia.org/resource/Benguet","Benguet","45"
"http://dbpedia.org/resource/Compostela_Valley","Compostela_Valley","46"
"http://dbpedia.org/resource/Agusan_del_Sur","Agusan_del_Sur","47"
"http://dbpedia.org/resource/Bataan","Bataan","48"
"http://dbpedia.org/resource/Agusan_del_Norte","Agusan_del_Norte","49"
"http://dbpedia.org/resource/Ilocos_Norte","Ilocos_Norte","50"
"http://dbpedia.org/resource/Surigao_del_Sur","Surigao_del_Sur","51"
"http://dbpedia.org/resource/Northern_Samar","Northern_Samar","52"
"http://dbpedia.org/resource/Zamboanga_Sibugay","Zamboanga_Sibugay","53"
"http://dbpedia.org/resource/Misamis_Occidental","Misamis_Occidental","54"
"http://dbpedia.org/resource/Antique_(province)","Antique_(province)","55"
"http://dbpedia.org/resource/Camarines_Norte","Camarines_Norte","56"
"http://dbpedia.org/resource/Aklan","Aklan","57"
"http://dbpedia.org/resource/Davao_Oriental","Davao_Oriental","58"
"http://dbpedia.org/resource/Sarangani","Sarangani","59"
"http://dbpedia.org/resource/Occidental_Mindoro","Occidental_Mindoro","60"
"http://dbpedia.org/resource/Eastern_Samar","Eastern_Samar","61"
"http://dbpedia.org/resource/Surigao_del_Norte","Surigao_del_Norte","62"
"http://dbpedia.org/resource/Nueva_Vizcaya","Nueva_Vizcaya","63"
"http://dbpedia.org/resource/Shariff_Kabunsuan","Shariff_Kabunsuan","64"
"http://dbpedia.org/resource/Southern_Leyte","Southern_Leyte","65"
"http://dbpedia.org/resource/Basilan","Basilan","66"
"http://dbpedia.org/resource/Tawi-Tawi","Tawi-Tawi","67"
"http://dbpedia.org/resource/Romblon","Romblon","68"
"http://dbpedia.org/resource/Marinduque","Marinduque","69"
"http://dbpedia.org/resource/Catanduanes","Catanduanes","70"
"http://dbpedia.org/resource/Abra_(province)","Abra_(province)","71"
"http://dbpedia.org/resource/Kalinga","Kalinga","72"
"http://dbpedia.org/resource/Aurora_(province)","Aurora_(province)","73"
"http://dbpedia.org/resource/Ifugao","Ifugao","74"
"http://dbpedia.org/resource/Quirino","Quirino","75"
"http://dbpedia.org/resource/Guimaras","Guimaras","76"
"http://dbpedia.org/resource/Mountain_Province","Mountain_Province","77"
"http://dbpedia.org/resource/Biliran","Biliran","78"
"http://dbpedia.org/resource/Dinagat_Islands","Dinagat_Islands","79"
"http://dbpedia.org/resource/Apayao","Apayao","80"
"http://dbpedia.org/resource/Siquijor","Siquijor","81"
"http://dbpedia.org/resource/Camiguin","Camiguin","82"
"http://dbpedia.org/resource/Batanes","Batanes","83"