"http://dbpedia.org/resource/Equatorial_Guinea","Equatorial_Guinea","1"
"http://dbpedia.org/resource/Mauritius","Mauritius","2"
"http://dbpedia.org/resource/Seychelles","Seychelles","3"
"http://dbpedia.org/resource/South_Africa","South_Africa","4"
"http://dbpedia.org/resource/Libya","Libya","5"
"http://dbpedia.org/resource/Botswana","Botswana","6"
"http://dbpedia.org/resource/Tunisia","Tunisia","7"
"http://dbpedia.org/resource/Algeria","Algeria","8"
"http://dbpedia.org/resource/Gabon","Gabon","9"
"http://dbpedia.org/resource/Namibia","Namibia","10"
"http://dbpedia.org/resource/Cape_Verde","Cape_Verde","11"
"http://dbpedia.org/resource/Morocco","Morocco","12"
"http://dbpedia.org/resource/Swaziland","Swaziland","13"
"http://dbpedia.org/resource/Egypt","Egypt","14"
"http://dbpedia.org/resource/Angola","Angola","15"
"http://dbpedia.org/resource/Ghana","Ghana","16"
"http://dbpedia.org/resource/Sudan","Sudan","17"
"http://dbpedia.org/resource/Zimbabwe","Zimbabwe","18"
"http://dbpedia.org/resource/Mauritania","Mauritania","19"
"http://dbpedia.org/resource/Cameroon","Cameroon","20"
"http://dbpedia.org/resource/Lesotho","Lesotho","21"
"http://dbpedia.org/resource/The_Gambia","The_Gambia","22"
"http://dbpedia.org/resource/Guinea","Guinea","23"
"http://dbpedia.org/resource/Djibouti","Djibouti","24"
"http://dbpedia.org/resource/Senegal","Senegal","25"
"http://dbpedia.org/resource/Uganda","Uganda","26"
"http://dbpedia.org/resource/Chad","Chad","27"
"http://dbpedia.org/resource/Comoros","Comoros","28"
"http://dbpedia.org/resource/S%C3%A3o_Tom%C3%A9_and_Pr%C3%ADncipe","S%C3%A3o_Tom%C3%A9_and_Pr%C3%ADncipe","29"
"http://dbpedia.org/resource/Togo","Togo","30"
"http://dbpedia.org/resource/C%C3%B4te_d%27Ivoire","C%C3%B4te_d%27Ivoire","31"
"http://dbpedia.org/resource/Rwanda","Rwanda","32"
"http://dbpedia.org/resource/Republic_of_the_Congo","Republic_of_the_Congo","33"
"http://dbpedia.org/resource/Mozambique","Mozambique","34"
"http://dbpedia.org/resource/Burkina_Faso","Burkina_Faso","35"
"http://dbpedia.org/resource/Nigeria","Nigeria","36"
"http://dbpedia.org/resource/Central_African_Republic","Central_African_Republic","37"
"http://dbpedia.org/resource/Benin","Benin","38"
"http://dbpedia.org/resource/Kenya","Kenya","39"
"http://dbpedia.org/resource/Mali","Mali","40"
"http://dbpedia.org/resource/Eritrea","Eritrea","41"
"http://dbpedia.org/resource/Zambia","Zambia","42"
"http://dbpedia.org/resource/Madagascar","Madagascar","43"
"http://dbpedia.org/resource/Sierra_Leone","Sierra_Leone","44"
"http://dbpedia.org/resource/Liberia","Liberia","45"
"http://dbpedia.org/resource/Niger","Niger","46"
"http://dbpedia.org/resource/Ethiopia","Ethiopia","47"
"http://dbpedia.org/resource/Guinea-Bissau","Guinea-Bissau","48"
"http://dbpedia.org/resource/Burundi","Burundi","49"
"http://dbpedia.org/resource/Tanzania","Tanzania","50"
"http://dbpedia.org/resource/Democratic_Republic_of_the_Congo","Democratic_Republic_of_the_Congo","51"
"http://dbpedia.org/resource/Somalia","Somalia","52"
"http://dbpedia.org/resource/Malawi","Malawi","53"