"http://dbpedia.org/resource/Georg_Alexander_Pick","Georg_Alexander_Pick","1"
"http://dbpedia.org/resource/Otto_Blumenthal","Otto_Blumenthal","2"
"http://dbpedia.org/resource/Felix_Hausdorff","Felix_Hausdorff","3"
"http://dbpedia.org/resource/Friedrich_Hartogs","Friedrich_Hartogs","4"
"http://dbpedia.org/resource/Robert_Remak_(mathematician)","Robert_Remak_(mathematician)","5"
"http://dbpedia.org/resource/Adolf_Lindenbaum","Adolf_Lindenbaum","6"
"http://dbpedia.org/resource/Antoni_%C5%81omnicki","Antoni_%C5%81omnicki","7"
"http://dbpedia.org/resource/Stanis%C5%82aw_Ruziewicz","Stanis%C5%82aw_Ruziewicz","8"
"http://dbpedia.org/resource/Stanis%C5%82aw_Saks","Stanis%C5%82aw_Saks","9"
"http://dbpedia.org/resource/Juliusz_Schauder","Juliusz_Schauder","10"
"http://dbpedia.org/resource/W%C5%82odzimierz_Sto%C5%BCek","W%C5%82odzimierz_Sto%C5%BCek","11"
"http://dbpedia.org/resource/Alfred_Tauber","Alfred_Tauber","12"