"http://dbpedia.org/resource/The_Power_of_the_Daleks","The_Power_of_the_Daleks","1"
"http://dbpedia.org/resource/The_Highlanders_(Doctor_Who)","The_Highlanders_(Doctor_Who)","2"
"http://dbpedia.org/resource/The_Underwater_Menace","The_Underwater_Menace","3"
"http://dbpedia.org/resource/The_Moonbase","The_Moonbase","4"
"http://dbpedia.org/resource/The_Macra_Terror","The_Macra_Terror","5"
"http://dbpedia.org/resource/The_Faceless_Ones","The_Faceless_Ones","6"
"http://dbpedia.org/resource/The_Evil_of_the_Daleks","The_Evil_of_the_Daleks","7"