"http://dbpedia.org/resource/William_Buell_Richards","William_Buell_Richards","1"
"http://dbpedia.org/resource/William_Johnstone_Ritchie","William_Johnstone_Ritchie","2"
"http://dbpedia.org/resource/Samuel_Henry_Strong","Samuel_Henry_Strong","3"
"http://dbpedia.org/resource/Jean-Thomas_Taschereau_(jurist)","Jean-Thomas_Taschereau_(jurist)","4"
"http://dbpedia.org/resource/T%C3%A9lesphore_Fournier","T%C3%A9lesphore_Fournier","5"
"http://dbpedia.org/resource/William_Alexander_Henry","William_Alexander_Henry","6"
"http://dbpedia.org/resource/Henri-Elz%C3%A9ar_Taschereau","Henri-Elz%C3%A9ar_Taschereau","7"
"http://dbpedia.org/resource/John_Wellington_Gwynne","John_Wellington_Gwynne","8"
"http://dbpedia.org/resource/Christopher_Salmon_Patterson","Christopher_Salmon_Patterson","9"
"http://dbpedia.org/resource/Robert_Sedgewick_(jurist)","Robert_Sedgewick_(jurist)","10"
"http://dbpedia.org/resource/George_Edwin_King","George_Edwin_King","11"
"http://dbpedia.org/resource/D%C3%A9sir%C3%A9_Girouard","D%C3%A9sir%C3%A9_Girouard","12"
"http://dbpedia.org/resource/Louis_Henry_Davies","Louis_Henry_Davies","13"
"http://dbpedia.org/resource/David_Mills_(jurist)","David_Mills_(jurist)","14"
"http://dbpedia.org/resource/John_Douglas_Armour","John_Douglas_Armour","15"
"http://dbpedia.org/resource/Wallace_Nesbitt","Wallace_Nesbitt","16"
"http://dbpedia.org/resource/Albert_Clements_Killam","Albert_Clements_Killam","17"
"http://dbpedia.org/resource/John_Idington","John_Idington","18"
"http://dbpedia.org/resource/James_Maclennan","James_Maclennan","19"
"http://dbpedia.org/resource/Charles_Fitzpatrick","Charles_Fitzpatrick","20"
"http://dbpedia.org/resource/Lyman_Poore_Duff","Lyman_Poore_Duff","21"
"http://dbpedia.org/resource/Francis_Alexander_Anglin","Francis_Alexander_Anglin","22"
"http://dbpedia.org/resource/Louis-Philippe_Brodeur","Louis-Philippe_Brodeur","23"
"http://dbpedia.org/resource/Pierre-Basile_Mignault","Pierre-Basile_Mignault","24"
"http://dbpedia.org/resource/Arthur_Cyrille_Albert_Malouin","Arthur_Cyrille_Albert_Malouin","25"
"http://dbpedia.org/resource/Edmund_Leslie_Newcombe","Edmund_Leslie_Newcombe","26"
"http://dbpedia.org/resource/Thibaudeau_Rinfret","Thibaudeau_Rinfret","27"
"http://dbpedia.org/resource/John_Henderson_Lamont","John_Henderson_Lamont","28"
"http://dbpedia.org/resource/Robert_Smith_(Canadian_politician,_Stormont)","Robert_Smith_(Canadian_politician,_Stormont)","29"
"http://dbpedia.org/resource/Lawrence_Arthur_Dumoulin_Cannon","Lawrence_Arthur_Dumoulin_Cannon","30"
"http://dbpedia.org/resource/Oswald_Smith_Crocket","Oswald_Smith_Crocket","31"
"http://dbpedia.org/resource/Frank_Joseph_Hughes","Frank_Joseph_Hughes","32"
"http://dbpedia.org/resource/Henry_Hague_Davis","Henry_Hague_Davis","33"
"http://dbpedia.org/resource/Patrick_Kerwin","Patrick_Kerwin","34"
"http://dbpedia.org/resource/Albert_Blellock_Hudson","Albert_Blellock_Hudson","35"
"http://dbpedia.org/resource/Robert_Taschereau","Robert_Taschereau","36"
"http://dbpedia.org/resource/Ivan_Rand","Ivan_Rand","37"
"http://dbpedia.org/resource/Roy_Kellock","Roy_Kellock","38"
"http://dbpedia.org/resource/James_Wilfred_Estey","James_Wilfred_Estey","39"
"http://dbpedia.org/resource/Charles_Holland_Locke","Charles_Holland_Locke","40"
"http://dbpedia.org/resource/John_Robert_Cartwright","John_Robert_Cartwright","41"
"http://dbpedia.org/resource/Joseph_Honor%C3%A9_G%C3%A9rald_Fauteux","Joseph_Honor%C3%A9_G%C3%A9rald_Fauteux","42"
"http://dbpedia.org/resource/Douglas_Charles_Abbott","Douglas_Charles_Abbott","43"
"http://dbpedia.org/resource/Henry_Grattan_Nolan","Henry_Grattan_Nolan","44"
"http://dbpedia.org/resource/Ronald_Martland","Ronald_Martland","45"
"http://dbpedia.org/resource/Wilfred_Judson","Wilfred_Judson","46"
"http://dbpedia.org/resource/Roland_Ritchie","Roland_Ritchie","47"
"http://dbpedia.org/resource/Emmett_Matthew_Hall","Emmett_Matthew_Hall","48"
"http://dbpedia.org/resource/Wishart_Flett_Spence","Wishart_Flett_Spence","49"
"http://dbpedia.org/resource/Louis-Philippe_Pigeon","Louis-Philippe_Pigeon","50"
"http://dbpedia.org/resource/Bora_Laskin","Bora_Laskin","51"
"http://dbpedia.org/resource/Brian_Dickson","Brian_Dickson","52"
"http://dbpedia.org/resource/Jean_Beetz","Jean_Beetz","53"
"http://dbpedia.org/resource/Louis-Philippe_de_Grandpr%C3%A9","Louis-Philippe_de_Grandpr%C3%A9","54"
"http://dbpedia.org/resource/Willard_Estey","Willard_Estey","55"
"http://dbpedia.org/resource/Yves_Pratte","Yves_Pratte","56"
"http://dbpedia.org/resource/William_McIntyre_(judge)","William_McIntyre_(judge)","57"
"http://dbpedia.org/resource/Julien_Chouinard","Julien_Chouinard","58"
"http://dbpedia.org/resource/Antonio_Lamer","Antonio_Lamer","59"
"http://dbpedia.org/resource/Bertha_Wilson","Bertha_Wilson","60"
"http://dbpedia.org/resource/Gerald_Le_Dain","Gerald_Le_Dain","61"
"http://dbpedia.org/resource/G%C3%A9rard_La_Forest","G%C3%A9rard_La_Forest","62"
"http://dbpedia.org/resource/Claire_L%27Heureux-Dub%C3%A9","Claire_L%27Heureux-Dub%C3%A9","63"
"http://dbpedia.org/resource/John_Sopinka","John_Sopinka","64"
"http://dbpedia.org/resource/Charles_Gonthier","Charles_Gonthier","65"
"http://dbpedia.org/resource/Peter_Cory","Peter_Cory","66"
"http://dbpedia.org/resource/Beverley_McLachlin","Beverley_McLachlin","67"
"http://dbpedia.org/resource/William_Stevenson_(judge)","William_Stevenson_(judge)","68"
"http://dbpedia.org/resource/Frank_Iacobucci","Frank_Iacobucci","69"
"http://dbpedia.org/resource/John_C._Major","John_C._Major","70"
"http://dbpedia.org/resource/Michel_Bastarache","Michel_Bastarache","71"
"http://dbpedia.org/resource/William_Ian_Corneil_Binnie","William_Ian_Corneil_Binnie","72"
"http://dbpedia.org/resource/Louise_Arbour","Louise_Arbour","73"
"http://dbpedia.org/resource/Louis_LeBel","Louis_LeBel","74"
"http://dbpedia.org/resource/Marie_Deschamps","Marie_Deschamps","75"
"http://dbpedia.org/resource/Morris_J._Fish","Morris_J._Fish","76"
"http://dbpedia.org/resource/Rosalie_Abella","Rosalie_Abella","77"
"http://dbpedia.org/resource/Louise_Charron","Louise_Charron","78"
"http://dbpedia.org/resource/Marshall_Rothstein","Marshall_Rothstein","79"
"http://dbpedia.org/resource/Thomas_Cromwell_(Canadian_jurist)","Thomas_Cromwell_(Canadian_jurist)","80"
"http://dbpedia.org/resource/Michael_J._Moldaver","Michael_J._Moldaver","81"
"http://dbpedia.org/resource/Andromache_Karakatsanis","Andromache_Karakatsanis","82"
"http://dbpedia.org/resource/Richard_Wagner_(judge)","Richard_Wagner_(judge)","83"
"http://dbpedia.org/resource/Marc_Nadon","Marc_Nadon","84"