"http://dbpedia.org/resource/Miguel_Ferrer","Miguel_Ferrer","1"
"http://dbpedia.org/resource/Timothy_Dalton","Timothy_Dalton","2"
"http://dbpedia.org/resource/Jason_Priestley","Jason_Priestley","3"
"http://dbpedia.org/resource/Henry_Thomas","Henry_Thomas","4"
"http://dbpedia.org/resource/Al_Franken","Al_Franken","5"
"http://dbpedia.org/resource/David_Boreanaz","David_Boreanaz","6"
"http://dbpedia.org/resource/Scott_Thompson_(comedian)","Scott_Thompson_(comedian)","7"
"http://dbpedia.org/resource/Terry_Jones","Terry_Jones","8"
"http://dbpedia.org/resource/Ren%C3%A9_Hicks","Ren%C3%A9_Hicks","9"
"http://dbpedia.org/resource/Dr._Ruth","Dr._Ruth","10"
"http://dbpedia.org/resource/Ben_Stiller","Ben_Stiller","11"
"http://dbpedia.org/resource/Vince_Vaughn","Vince_Vaughn","12"
"http://dbpedia.org/resource/Jackie_Chan","Jackie_Chan","13"
"http://dbpedia.org/resource/Bonnie_Raitt","Bonnie_Raitt","14"
"http://dbpedia.org/resource/Denis_Leary","Denis_Leary","15"
"http://dbpedia.org/resource/Janeane_Garofalo","Janeane_Garofalo","16"
"http://dbpedia.org/resource/David_Cross","David_Cross","17"
"http://dbpedia.org/resource/Blair_Underwood","Blair_Underwood","18"
"http://dbpedia.org/resource/Upright_Citizens_Brigade","Upright_Citizens_Brigade","19"
"http://dbpedia.org/resource/Queen_Latifah","Queen_Latifah","20"
"http://dbpedia.org/resource/Henry_Winkler","Henry_Winkler","21"
"http://dbpedia.org/resource/John_Fugelsang","John_Fugelsang","22"
"http://dbpedia.org/resource/Travis_Tritt","Travis_Tritt","23"
"http://dbpedia.org/resource/Roma_Downey","Roma_Downey","24"
"http://dbpedia.org/resource/Ken_Olin","Ken_Olin","25"
"http://dbpedia.org/resource/Kate_Mulgrew","Kate_Mulgrew","26"
"http://dbpedia.org/resource/Shannen_Doherty","Shannen_Doherty","27"
"http://dbpedia.org/resource/Jerry_Springer","Jerry_Springer","28"
"http://dbpedia.org/resource/Wendie_Malick","Wendie_Malick","29"
"http://dbpedia.org/resource/Deborah_Norville","Deborah_Norville","30"
"http://dbpedia.org/resource/Jon_Stewart","Jon_Stewart","31"
"http://dbpedia.org/resource/Richard_Lewis_(comedian)","Richard_Lewis_(comedian)","32"