"http://dbpedia.org/resource/Champagne_Henri_Abel%C3%A9","Champagne_Henri_Abel%C3%A9","1"
"http://dbpedia.org/resource/Ayala_(Champagne)","Ayala_(Champagne)","2"
"http://dbpedia.org/resource/Billecart-Salmon","Billecart-Salmon","3"
"http://dbpedia.org/resource/Binet","Binet","4"
"http://dbpedia.org/resource/Boizel_(Champagne)","Boizel_(Champagne)","5"
"http://dbpedia.org/resource/Bollinger","Bollinger","6"
"http://dbpedia.org/resource/Bruno_Paillard","Bruno_Paillard","10"
"http://dbpedia.org/resource/Besserat_de_Bellefon","Besserat_de_Bellefon","11"
"http://dbpedia.org/resource/Canard-Duch%C3%AAne","Canard-Duch%C3%AAne","12"
"http://dbpedia.org/resource/Cattier","Cattier","13"
"http://dbpedia.org/resource/Chanoine_Fr%C3%A8res","Chanoine_Fr%C3%A8res","14"
"http://dbpedia.org/resource/Charles_Heidsieck_(Champagne)","Charles_Heidsieck_(Champagne)","15"
"http://dbpedia.org/resource/De_Castellane","De_Castellane","19"
"http://dbpedia.org/resource/Charles_de_Cazanove","Charles_de_Cazanove","20"
"http://dbpedia.org/resource/De_Venoge","De_Venoge","22"
"http://dbpedia.org/resource/Champagne_Delamotte","Champagne_Delamotte","23"
"http://dbpedia.org/resource/Deutz_(Champagne)","Deutz_(Champagne)","26"
"http://dbpedia.org/resource/Duval-Leroy","Duval-Leroy","28"
"http://dbpedia.org/resource/Gosset","Gosset","31"
"http://dbpedia.org/resource/Heidsieck_%26_Co_Monopole","Heidsieck_%26_Co_Monopole","34"
"http://dbpedia.org/resource/Henriot_(Champagne)","Henriot_(Champagne)","35"
"http://dbpedia.org/resource/Jacquesson","Jacquesson","38"
"http://dbpedia.org/resource/Champagne_Krug","Champagne_Krug","42"
"http://dbpedia.org/resource/Lanson","Lanson","45"
"http://dbpedia.org/resource/Laurent-Perrier","Laurent-Perrier","46"
"http://dbpedia.org/resource/Champagne_Mercier","Champagne_Mercier","53"
"http://dbpedia.org/resource/Mo%C3%ABt_%26_Chandon","Mo%C3%ABt_%26_Chandon","57"
"http://dbpedia.org/resource/Mumm","Mumm","60"
"http://dbpedia.org/resource/Perrier-Jou%C3%ABt","Perrier-Jou%C3%ABt","61"
"http://dbpedia.org/resource/Piper-Heidsieck","Piper-Heidsieck","63"
"http://dbpedia.org/resource/Pol_Roger","Pol_Roger","64"
"http://dbpedia.org/resource/Pommery","Pommery","65"
"http://dbpedia.org/resource/Louis_Roederer","Louis_Roederer","67"
"http://dbpedia.org/resource/Ruinart_(Champagne)","Ruinart_(Champagne)","68"
"http://dbpedia.org/resource/Champagne_Salon","Champagne_Salon","70"
"http://dbpedia.org/resource/Taittinger","Taittinger","73"
"http://dbpedia.org/resource/Thi%C3%A9not","Thi%C3%A9not","74"
"http://dbpedia.org/resource/Veuve_Clicquot","Veuve_Clicquot","75"