"http://dbpedia.org/resource/Robert_Earle","Robert_Earle","1"
"http://dbpedia.org/resource/Noel_Edmonds","Noel_Edmonds","2"
"http://dbpedia.org/resource/Geoff_Edwards","Geoff_Edwards","3"
"http://dbpedia.org/resource/Ralph_Edwards","Ralph_Edwards","4"
"http://dbpedia.org/resource/Billy_Eichner","Billy_Eichner","5"
"http://dbpedia.org/resource/Bob_Elliott_(comedian)","Bob_Elliott_(comedian)","6"
"http://dbpedia.org/resource/Gordon_Elliott","Gordon_Elliott","7"
"http://dbpedia.org/resource/Rob_Elliott","Rob_Elliott","8"
"http://dbpedia.org/resource/Frank_Elstner","Frank_Elstner","9"
"http://dbpedia.org/resource/Graham_Elwood","Graham_Elwood","10"
"http://dbpedia.org/resource/Ron_Ely","Ron_Ely","11"
"http://dbpedia.org/resource/Larry_Emdur","Larry_Emdur","12"
"http://dbpedia.org/resource/Blake_Emmons","Blake_Emmons","13"
"http://dbpedia.org/resource/Dick_Enberg","Dick_Enberg","14"
"http://dbpedia.org/resource/Bill_Engvall","Bill_Engvall","15"
"http://dbpedia.org/resource/Bob_Eubanks","Bob_Eubanks","16"
"http://dbpedia.org/resource/Wesley_Eure","Wesley_Eure","17"
"http://dbpedia.org/resource/Greg_Evans_(television_host)","Greg_Evans_(television_host)","18"