"http://dbpedia.org/resource/Hemel_Hempstead","Hemel_Hempstead","1"
"http://dbpedia.org/resource/Stevenage","Stevenage","2"
"http://dbpedia.org/resource/Watford","Watford","3"
"http://dbpedia.org/resource/St_Albans","St_Albans","4"
"http://dbpedia.org/resource/Welwyn_Garden_City","Welwyn_Garden_City","5"
"http://dbpedia.org/resource/Cheshunt","Cheshunt","6"
"http://dbpedia.org/resource/Bishop%27s_Stortford","Bishop%27s_Stortford","7"
"http://dbpedia.org/resource/Letchworth","Letchworth","8"
"http://dbpedia.org/resource/Borehamwood","Borehamwood","9"
"http://dbpedia.org/resource/Hitchin","Hitchin","10"
"http://dbpedia.org/resource/Harpenden","Harpenden","11"
"http://dbpedia.org/resource/Hatfield,_Hertfordshire","Hatfield,_Hertfordshire","12"
"http://dbpedia.org/resource/Hertford","Hertford","13"
"http://dbpedia.org/resource/Potters_Bar","Potters_Bar","14"
"http://dbpedia.org/resource/Hoddesdon","Hoddesdon","15"
"http://dbpedia.org/resource/Ware,_Hertfordshire","Ware,_Hertfordshire","16"
"http://dbpedia.org/resource/Berkhamsted","Berkhamsted","17"
"http://dbpedia.org/resource/Bushey","Bushey","18"
"http://dbpedia.org/resource/Rickmansworth","Rickmansworth","19"
"http://dbpedia.org/resource/Royston,_Hertfordshire","Royston,_Hertfordshire","20"
"http://dbpedia.org/resource/Broxbourne","Broxbourne","21"
"http://dbpedia.org/resource/South_Oxhey","South_Oxhey","22"
"http://dbpedia.org/resource/Tring","Tring","23"
"http://dbpedia.org/resource/Croxley_Green","Croxley_Green","24"
"http://dbpedia.org/resource/Abbots_Langley","Abbots_Langley","25"
"http://dbpedia.org/resource/Baldock","Baldock","26"
"http://dbpedia.org/resource/Waltham_Cross","Waltham_Cross","27"
"http://dbpedia.org/resource/Sawbridgeworth","Sawbridgeworth","28"
"http://dbpedia.org/resource/London_Colney","London_Colney","29"
"http://dbpedia.org/resource/Chorleywood","Chorleywood","30"