"http://dbpedia.org/resource/Chadstone_Shopping_Centre","Chadstone_Shopping_Centre","1"
"http://dbpedia.org/resource/Westfield_Bondi_Junction","Westfield_Bondi_Junction","2"
"http://dbpedia.org/resource/Highpoint_Shopping_Centre","Highpoint_Shopping_Centre","3"
"http://dbpedia.org/resource/Westfield_Parramatta","Westfield_Parramatta","4"
"http://dbpedia.org/resource/Westfield_Fountain_Gate","Westfield_Fountain_Gate","5"
"http://dbpedia.org/resource/Westfield_Doncaster","Westfield_Doncaster","6"
"http://dbpedia.org/resource/Westfield_Carindale","Westfield_Carindale","7"
"http://dbpedia.org/resource/Westfield_Southland","Westfield_Southland","8"
"http://dbpedia.org/resource/Westfield_Chermside","Westfield_Chermside","9"
"http://dbpedia.org/resource/Westfield_Miranda","Westfield_Miranda","10"
"http://dbpedia.org/resource/Melbourne_Central_Shopping_Centre","Melbourne_Central_Shopping_Centre","11"
"http://dbpedia.org/resource/Robina_Town_Centre","Robina_Town_Centre","12"
"http://dbpedia.org/resource/Westfield_Knox","Westfield_Knox","13"
"http://dbpedia.org/resource/Westfield_Penrith","Westfield_Penrith","14"
"http://dbpedia.org/resource/Westfield_Liverpool","Westfield_Liverpool","15"
"http://dbpedia.org/resource/Westfield_Hornsby","Westfield_Hornsby","16"
"http://dbpedia.org/resource/Westfield_Marion","Westfield_Marion","17"
"http://dbpedia.org/resource/Erina_Fair","Erina_Fair","18"
"http://dbpedia.org/resource/Warringah_Mall","Warringah_Mall","19"
"http://dbpedia.org/resource/Centro_Bankstown","Centro_Bankstown","20"
"http://dbpedia.org/resource/Pacific_Fair","Pacific_Fair","21"
"http://dbpedia.org/resource/Westfield_Garden_City","Westfield_Garden_City","22"
"http://dbpedia.org/resource/Castle_Towers","Castle_Towers","23"
"http://dbpedia.org/resource/Lakeside_Joondalup_Shopping_City","Lakeside_Joondalup_Shopping_City","24"
"http://dbpedia.org/resource/Macarthur_Square","Macarthur_Square","25"
"http://dbpedia.org/resource/Canberra_Centre","Canberra_Centre","26"
"http://dbpedia.org/resource/Indooroopilly_Shopping_Centre","Indooroopilly_Shopping_Centre","27"
"http://dbpedia.org/resource/Westfield_Eastgardens","Westfield_Eastgardens","28"
"http://dbpedia.org/resource/Westfield_Chatswood","Westfield_Chatswood","29"
"http://dbpedia.org/resource/Westpoint_Blacktown","Westpoint_Blacktown","30"
"http://dbpedia.org/resource/Westfield_Carousel","Westfield_Carousel","31"
"http://dbpedia.org/resource/Top_Ryde_City","Top_Ryde_City","32"
"http://dbpedia.org/resource/Garden_City,_Booragoon","Garden_City,_Booragoon","33"
"http://dbpedia.org/resource/Macquarie_Centre","Macquarie_Centre","34"
"http://dbpedia.org/resource/Westfield_Tuggerah","Westfield_Tuggerah","35"
"http://dbpedia.org/resource/Westfield_Woden","Westfield_Woden","36"
"http://dbpedia.org/resource/Bayside_Shopping_Centre","Bayside_Shopping_Centre","37"
"http://dbpedia.org/resource/Westfield_Whitford_City","Westfield_Whitford_City","39"
"http://dbpedia.org/resource/Westfield_Tea_Tree_Plaza","Westfield_Tea_Tree_Plaza","40"
"http://dbpedia.org/resource/Sunshine_Plaza","Sunshine_Plaza","41"
"http://dbpedia.org/resource/Westfield_Kotara","Westfield_Kotara","42"