"http://dbpedia.org/resource/River_Severn","River_Severn","1"
"http://dbpedia.org/resource/River_Thames","River_Thames","2"
"http://dbpedia.org/resource/River_Trent","River_Trent","3"
"http://dbpedia.org/resource/River_Great_Ouse","River_Great_Ouse","4"
"http://dbpedia.org/resource/River_Wye","River_Wye","5"
"http://dbpedia.org/resource/River_Tay","River_Tay","6"
"http://dbpedia.org/resource/River_Spey","River_Spey","7"
"http://dbpedia.org/resource/River_Clyde","River_Clyde","8"
"http://dbpedia.org/resource/River_Tweed","River_Tweed","9"
"http://dbpedia.org/resource/River_Nene","River_Nene","10"
"http://dbpedia.org/resource/River_Eden,_Cumbria","River_Eden,_Cumbria","11"
"http://dbpedia.org/resource/River_Dee,_Aberdeenshire","River_Dee,_Aberdeenshire","12"
"http://dbpedia.org/resource/River_Avon,_Warwickshire","River_Avon,_Warwickshire","13"
"http://dbpedia.org/resource/River_Teme","River_Teme","14"
"http://dbpedia.org/resource/River_Don,_Aberdeenshire","River_Don,_Aberdeenshire","15"
"http://dbpedia.org/resource/River_Bann","River_Bann","16"
"http://dbpedia.org/resource/River_Ribble","River_Ribble","17"
"http://dbpedia.org/resource/River_Tyne","River_Tyne","18"
"http://dbpedia.org/resource/River_Tees","River_Tees","19"
"http://dbpedia.org/resource/River_Medway","River_Medway","20"
"http://dbpedia.org/resource/River_Dee,_Wales","River_Dee,_Wales","21"
"http://dbpedia.org/resource/River_Don,_South_Yorkshire","River_Don,_South_Yorkshire","22"
"http://dbpedia.org/resource/River_Mersey","River_Mersey","23"