"http://dbpedia.org/resource/Michael_Chiklis","Michael_Chiklis","1"
"http://dbpedia.org/resource/Melinda_Clarke","Melinda_Clarke","2"
"http://dbpedia.org/resource/Courteney_Cox","Courteney_Cox","3"
"http://dbpedia.org/resource/Marcia_Cross","Marcia_Cross","4"
"http://dbpedia.org/resource/Suzanne_Cryer","Suzanne_Cryer","5"
"http://dbpedia.org/resource/Kristin_Davis","Kristin_Davis","6"
"http://dbpedia.org/resource/Bruce_Davison","Bruce_Davison","7"
"http://dbpedia.org/resource/Brian_Doyle-Murray","Brian_Doyle-Murray","8"
"http://dbpedia.org/resource/Lisa_Edelstein","Lisa_Edelstein","9"
"http://dbpedia.org/resource/David_James_Elliott","David_James_Elliott","10"
"http://dbpedia.org/resource/Cary_Elwes","Cary_Elwes","11"
"http://dbpedia.org/resource/Jon_Favreau","Jon_Favreau","12"
"http://dbpedia.org/resource/Janeane_Garofalo","Janeane_Garofalo","13"
"http://dbpedia.org/resource/Brad_Garrett","Brad_Garrett","14"
"http://dbpedia.org/resource/Jami_Gertz","Jami_Gertz","15"
"http://dbpedia.org/resource/Lauren_Graham","Lauren_Graham","16"
"http://dbpedia.org/resource/Teri_Hatcher","Teri_Hatcher","17"
"http://dbpedia.org/resource/Mariska_Hargitay","Mariska_Hargitay","18"
"http://dbpedia.org/resource/Carol_Kane","Carol_Kane","19"
"http://dbpedia.org/resource/Catherine_Keener","Catherine_Keener","20"
"http://dbpedia.org/resource/Daniel_Dae_Kim","Daniel_Dae_Kim","21"
"http://dbpedia.org/resource/Peter_Krause","Peter_Krause","22"
"http://dbpedia.org/resource/Jon_Lovitz","Jon_Lovitz","23"
"http://dbpedia.org/resource/Wendie_Malick","Wendie_Malick","24"
"http://dbpedia.org/resource/Marlee_Matlin","Marlee_Matlin","25"
"http://dbpedia.org/resource/Debra_Messing","Debra_Messing","26"
"http://dbpedia.org/resource/Christa_Miller","Christa_Miller","27"
"http://dbpedia.org/resource/Megan_Mullally","Megan_Mullally","28"
"http://dbpedia.org/resource/Patton_Oswalt","Patton_Oswalt","29"
"http://dbpedia.org/resource/Chris_Parnell","Chris_Parnell","30"
"http://dbpedia.org/resource/Amanda_Peet","Amanda_Peet","31"
"http://dbpedia.org/resource/Jeremy_Piven","Jeremy_Piven","32"
"http://dbpedia.org/resource/Brian_Posehn","Brian_Posehn","33"
"http://dbpedia.org/resource/Judge_Reinhold","Judge_Reinhold","34"
"http://dbpedia.org/resource/Denise_Richards","Denise_Richards","35"
"http://dbpedia.org/resource/Stephen_Root","Stephen_Root","36"
"http://dbpedia.org/resource/Debra_Jo_Rupp","Debra_Jo_Rupp","37"
"http://dbpedia.org/resource/Rob_Schneider","Rob_Schneider","38"
"http://dbpedia.org/resource/Molly_Shannon","Molly_Shannon","39"
"http://dbpedia.org/resource/Armin_Shimerman","Armin_Shimerman","40"
"http://dbpedia.org/resource/Sarah_Silverman","Sarah_Silverman","41"
"http://dbpedia.org/resource/Helen_Slater","Helen_Slater","42"
"http://dbpedia.org/resource/Jill_St._John","Jill_St._John","43"
"http://dbpedia.org/resource/Ben_Stein","Ben_Stein","44"
"http://dbpedia.org/resource/French_Stewart","French_Stewart","45"
"http://dbpedia.org/resource/Peter_Stormare","Peter_Stormare","46"
"http://dbpedia.org/resource/Christine_Taylor","Christine_Taylor","47"
"http://dbpedia.org/resource/Robert_Wagner","Robert_Wagner","48"
"http://dbpedia.org/resource/Maggie_Wheeler","Maggie_Wheeler","49"