"http://dbpedia.org/resource/Penang_Middle_Ring_Road","Penang_Middle_Ring_Road","1"
"http://dbpedia.org/resource/Batu_Gajah_Bypass","Batu_Gajah_Bypass","2"
"http://dbpedia.org/resource/Jalan_Uniten-Dengkil","Jalan_Uniten-Dengkil","3"
"http://dbpedia.org/resource/Kepong-Selayang_Highway","Kepong-Selayang_Highway","4"
"http://dbpedia.org/resource/Shah_Alam-Batu_Arang_Highway","Shah_Alam-Batu_Arang_Highway","5"
"http://dbpedia.org/resource/Jalan_Datuk_Wira_Poh_Ah_Tiam","Jalan_Datuk_Wira_Poh_Ah_Tiam","6"
"http://dbpedia.org/resource/Jasin-NSE_Highway","Jasin-NSE_Highway","7"
"http://dbpedia.org/resource/Iskandar_Coastal_Highway","Iskandar_Coastal_Highway","8"
"http://dbpedia.org/resource/Kempas_Highway","Kempas_Highway","9"
"http://dbpedia.org/resource/Kota_Bharu-Kuala_Krai_Expressway","Kota_Bharu-Kuala_Krai_Expressway","10"
"http://dbpedia.org/resource/Penang_Undersea_Tunnel","Penang_Undersea_Tunnel","11"