"http://dbpedia.org/resource/J._D._Beresford","J._D._Beresford","1"
"http://dbpedia.org/resource/Benjamin_C._Bradlee","Benjamin_C._Bradlee","2"
"http://dbpedia.org/resource/Spike_Breakwell","Spike_Breakwell","3"
"http://dbpedia.org/resource/Joe_Bob_Briggs","Joe_Bob_Briggs","4"
"http://dbpedia.org/resource/Harold_Brooks-Baker","Harold_Brooks-Baker","5"
"http://dbpedia.org/resource/Arthur_C._Clarke","Arthur_C._Clarke","6"
"http://dbpedia.org/resource/Patrick_Cockburn","Patrick_Cockburn","7"
"http://dbpedia.org/resource/John_Creasey","John_Creasey","8"
"http://dbpedia.org/resource/Richmal_Crompton","Richmal_Crompton","9"
"http://dbpedia.org/resource/J._G._Farrell","J._G._Farrell","10"
"http://dbpedia.org/resource/Leonard_Kriegel","Leonard_Kriegel","11"
"http://dbpedia.org/resource/Peter_Levi","Peter_Levi","12"
"http://dbpedia.org/resource/Alan_Marshall","Alan_Marshall","13"
"http://dbpedia.org/resource/Martha_Mason_(writer)","Martha_Mason_(writer)","14"
"http://dbpedia.org/resource/Rosalind_Miles","Rosalind_Miles","15"
"http://dbpedia.org/resource/Peter_Preston","Peter_Preston","17"
"http://dbpedia.org/resource/John_Herbert_Quick","John_Herbert_Quick","18"
"http://dbpedia.org/resource/H._Ramakrishnan","H._Ramakrishnan","19"
"http://dbpedia.org/resource/Jessie_Sampter","Jessie_Sampter","20"
"http://dbpedia.org/resource/Marc_Shell","Marc_Shell","21"
"http://dbpedia.org/resource/Bapsi_Sidhwa","Bapsi_Sidhwa","22"
"http://dbpedia.org/resource/E._W._Swanton","E._W._Swanton","23"
"http://dbpedia.org/resource/Rosemary_Tonks","Rosemary_Tonks","24"
"http://dbpedia.org/resource/Donald_Tyerman","Donald_Tyerman","25"
"http://dbpedia.org/resource/Leslie_Waller","Leslie_Waller","26"
"http://dbpedia.org/resource/Emmett_Watson","Emmett_Watson","27"
"http://dbpedia.org/resource/Robert_Anton_Wilson","Robert_Anton_Wilson","28"