"http://dbpedia.org/resource/Alexander_the_Great","Alexander_the_Great","1"
"http://dbpedia.org/resource/Charles_the_Fat","Charles_the_Fat","2"
"http://dbpedia.org/resource/Alfred_the_Great","Alfred_the_Great","3"
"http://dbpedia.org/resource/Leonardo_da_Vinci","Leonardo_da_Vinci","4"
"http://dbpedia.org/resource/Michelangelo","Michelangelo","5"
"http://dbpedia.org/resource/Martin_Luther","Martin_Luther","6"
"http://dbpedia.org/resource/Cardinal_Richelieu","Cardinal_Richelieu","7"
"http://dbpedia.org/resource/Louis_XIII_of_France","Louis_XIII_of_France","8"
"http://dbpedia.org/resource/Moli%C3%A8re","Moli%C3%A8re","9"
"http://dbpedia.org/resource/Blaise_Pascal","Blaise_Pascal","10"
"http://dbpedia.org/resource/William_III_of_England","William_III_of_England","11"
"http://dbpedia.org/resource/Jonathan_Swift","Jonathan_Swift","12"
"http://dbpedia.org/resource/George_Frideric_Handel","George_Frideric_Handel","13"
"http://dbpedia.org/resource/William_Pitt,_1st_Earl_of_Chatham","William_Pitt,_1st_Earl_of_Chatham","14"
"http://dbpedia.org/resource/Samuel_Johnson","Samuel_Johnson","15"
"http://dbpedia.org/resource/Jean-Jacques_Rousseau","Jean-Jacques_Rousseau","16"
"http://dbpedia.org/resource/James_Madison","James_Madison","17"
"http://dbpedia.org/resource/Walter_Scott","Walter_Scott","18"
"http://dbpedia.org/resource/Niccol%C3%B2_Paganini","Niccol%C3%B2_Paganini","19"
"http://dbpedia.org/resource/Lord_Byron","Lord_Byron","20"
"http://dbpedia.org/resource/Percy_Bysshe_Shelley","Percy_Bysshe_Shelley","21"
"http://dbpedia.org/resource/Hector_Berlioz","Hector_Berlioz","22"
"http://dbpedia.org/resource/Robert_Schumann","Robert_Schumann","23"
"http://dbpedia.org/resource/Charles_Dickens","Charles_Dickens","24"
"http://dbpedia.org/resource/S%C3%B8ren_Kierkegaard","S%C3%B8ren_Kierkegaard","25"
"http://dbpedia.org/resource/Gustave_Flaubert","Gustave_Flaubert","26"
"http://dbpedia.org/resource/Guy_de_Maupassant","Guy_de_Maupassant","27"
"http://dbpedia.org/resource/Vincent_van_Gogh","Vincent_van_Gogh","28"
"http://dbpedia.org/resource/Graham_Greene","Graham_Greene","29"
"http://dbpedia.org/resource/John_Berryman","John_Berryman","30"