"http://dbpedia.org/resource/Cash_Cab#In_Australia","Cash_Cab#In_Australia","2"
"http://dbpedia.org/resource/Deal_or_No_Deal_(Australian_game_show)","Deal_or_No_Deal_(Australian_game_show)","3"
"http://dbpedia.org/resource/It%27s_Academic_(Australian_game_show)","It%27s_Academic_(Australian_game_show)","4"
"http://dbpedia.org/resource/Kitchen_Whiz","Kitchen_Whiz","5"
"http://dbpedia.org/resource/Millionaire_Hot_Seat","Millionaire_Hot_Seat","6"
"http://dbpedia.org/resource/Pyramid_(Australian_game_show)","Pyramid_(Australian_game_show)","7"
"http://dbpedia.org/resource/RocKwiz","RocKwiz","8"
"http://dbpedia.org/resource/Spit_It_Out_(TV_series)","Spit_It_Out_(TV_series)","9"
"http://dbpedia.org/resource/What_Do_You_Know%3F","What_Do_You_Know%3F","10"