"http://dbpedia.org/resource/Fredrik_Pacius","Fredrik_Pacius","1"
"http://dbpedia.org/resource/Jean_Sibelius","Jean_Sibelius","2"
"http://dbpedia.org/resource/Oskar_Merikanto","Oskar_Merikanto","3"
"http://dbpedia.org/resource/Armas_Jarnefelt","Armas_Jarnefelt","4"
"http://dbpedia.org/resource/Erkki_Melartin","Erkki_Melartin","5"
"http://dbpedia.org/resource/Ernst_Mielck","Ernst_Mielck","6"
"http://dbpedia.org/resource/Selim_Palmgren","Selim_Palmgren","7"
"http://dbpedia.org/resource/Toivo_Kuula","Toivo_Kuula","8"
"http://dbpedia.org/resource/Armas_Launis","Armas_Launis","9"
"http://dbpedia.org/resource/Leevi_Madetoja","Leevi_Madetoja","10"
"http://dbpedia.org/resource/Ernest_Pingoud","Ernest_Pingoud","11"
"http://dbpedia.org/resource/V%C3%A4in%C3%B6_Raitio","V%C3%A4in%C3%B6_Raitio","12"
"http://dbpedia.org/resource/Yrj%C3%B6_Kilpinen","Yrj%C3%B6_Kilpinen","13"
"http://dbpedia.org/resource/Aarre_Merikanto","Aarre_Merikanto","14"
