"http://dbpedia.org/resource/Bernie_Bickerstaff","Bernie_Bickerstaff","2"
"http://dbpedia.org/resource/Rolando_Blackman","Rolando_Blackman","3"
"http://dbpedia.org/resource/Bob_Boozer","Bob_Boozer","4"
"http://dbpedia.org/resource/Jason_Capel","Jason_Capel","5"
"http://dbpedia.org/resource/Wilt_Chamberlain","Wilt_Chamberlain","6"
"http://dbpedia.org/resource/John_Chaney_(basketball_coach)","John_Chaney_(basketball_coach)","7"
"http://dbpedia.org/resource/Erick_Dampier","Erick_Dampier","8"
"http://dbpedia.org/resource/Alex_English","Alex_English","9"
"http://dbpedia.org/resource/Mike_Evans_(basketball)","Mike_Evans_(basketball)","10"
"http://dbpedia.org/resource/James_Green_(basketball_coach)","James_Green_(basketball_coach)","11"
"http://dbpedia.org/resource/Penny_Hardaway","Penny_Hardaway","12"
"http://dbpedia.org/resource/Leonard_Hamilton","Leonard_Hamilton","13"
"http://dbpedia.org/resource/Walt_Hazzard","Walt_Hazzard","14"
"http://dbpedia.org/resource/Alan_Henderson","Alan_Henderson","15"
"http://dbpedia.org/resource/Allan_Houston","Allan_Houston","16"
"http://dbpedia.org/resource/Phil_Hubbard","Phil_Hubbard","17"
"http://dbpedia.org/resource/Ben_Jobe","Ben_Jobe","18"
"http://dbpedia.org/resource/K._C._Jones","K._C._Jones","19"
"http://dbpedia.org/resource/Sam_Jones_(basketball)","Sam_Jones_(basketball)","20"
"http://dbpedia.org/resource/Kerry_Kittles","Kerry_Kittles","21"
"http://dbpedia.org/resource/Willie_Naulls","Willie_Naulls","22"
"http://dbpedia.org/resource/Johnny_Newman","Johnny_Newman","23"
"http://dbpedia.org/resource/David_Noel","David_Noel","24"
"http://dbpedia.org/resource/Sam_Perkins","Sam_Perkins","25"
"http://dbpedia.org/resource/Elliot_Perry","Elliot_Perry","26"
"http://dbpedia.org/resource/Oscar_Robertson","Oscar_Robertson","27"
"http://dbpedia.org/resource/Bill_Russell","Bill_Russell","28"
"http://dbpedia.org/resource/Cazzie_Russell","Cazzie_Russell","29"
"http://dbpedia.org/resource/Darrell_Walker","Darrell_Walker","31"
"http://dbpedia.org/resource/Lorenzen_Wright","Lorenzen_Wright","32"