"http://dbpedia.org/resource/Nathan_Lane","Nathan_Lane","1"
"http://dbpedia.org/resource/John_Danforth","John_Danforth","2"
"http://dbpedia.org/resource/Ed_Viesturs","Ed_Viesturs","4"
"http://dbpedia.org/resource/Lincoln_Chafee","Lincoln_Chafee","5"
"http://dbpedia.org/resource/Fareed_Zakaria","Fareed_Zakaria","6"
"http://dbpedia.org/resource/Ricky_Gervais","Ricky_Gervais","7"
"http://dbpedia.org/resource/Rajiv_Chandrasekaran","Rajiv_Chandrasekaran","8"
"http://dbpedia.org/resource/Tom_Vilsack","Tom_Vilsack","9"
"http://dbpedia.org/resource/Bill_Kristol","Bill_Kristol","10"
"http://dbpedia.org/resource/Ben_Stiller","Ben_Stiller","11"