"http://dbpedia.org/resource/Voisey%27s_Bay_Aerodrome","Voisey%27s_Bay_Aerodrome","1"
"http://dbpedia.org/resource/Val-d%27Or_(Huard)_Water_Aerodrome","Val-d%27Or_(Huard)_Water_Aerodrome","2"
"http://dbpedia.org/resource/Fergus_(Vodarek_Field)_Aerodrome","Fergus_(Vodarek_Field)_Aerodrome","3"
"http://dbpedia.org/resource/Vulcan/Kirkcaldy_Aerodrome","Vulcan/Kirkcaldy_Aerodrome","6"
"http://dbpedia.org/resource/Victor_Mine_Aerodrome","Victor_Mine_Aerodrome","9"
"http://dbpedia.org/resource/Montr%C3%A9al/%C3%8Ele_Sainte-H%C3%A9l%C3%A8ne_Water_Airport","Montr%C3%A9al/%C3%8Ele_Sainte-H%C3%A9l%C3%A8ne_Water_Airport","10"
"http://dbpedia.org/resource/Viking_(South)_Aerodrome","Viking_(South)_Aerodrome","11"
"http://dbpedia.org/resource/Vernon/Wildlife_Water_Aerodrome","Wildlife_Water_Aerodrome","13"