"http://dbpedia.org/resource/Charles_Coburn","Charles_Coburn","1"
"http://dbpedia.org/resource/Dianna_Agron","Dianna_Agron","2"
"http://dbpedia.org/resource/Desmond_Harrington","Desmond_Harrington","3"
"http://dbpedia.org/resource/J._G._Hertzler","J._G._Hertzler","4"
"http://dbpedia.org/resource/Miriam_Hopkins","Miriam_Hopkins","5"
"http://dbpedia.org/resource/James_Keach","James_Keach","6"
"http://dbpedia.org/resource/Stacy_Keach","Stacy_Keach","7"
"http://dbpedia.org/resource/Isabel_Keating","Isabel_Keating","8"
"http://dbpedia.org/resource/Mammy_Lou","Mammy_Lou","9"
"http://dbpedia.org/resource/Alicia_Rhett","Alicia_Rhett","10"
"http://dbpedia.org/resource/Diana_Scarwid","Diana_Scarwid","11"
"http://dbpedia.org/resource/Fredi_Washington","Fredi_Washington","12"