"http://dbpedia.org/resource/James_Bond_007:_Agent_Under_Fire","007:_Agent_Under_Fire","1"
"http://dbpedia.org/resource/James_Bond_007:_Everything_or_Nothing","James_Bond_007:_Everything_or_Nothing","2"
"http://dbpedia.org/resource/James_Bond_007:_From_Russia_with_Love","James_Bond_007:_From_Russia_with_Love","3"
"http://dbpedia.org/resource/James_Bond_007:_Nightfire","James_Bond_007:_Nightfire","4"
"http://dbpedia.org/resource/Jeremy_McGrath_Supercross_World","Jeremy_McGrath_Supercross_World","5"
"http://dbpedia.org/resource/Jimmy_Neutron:_Boy_Genius_(video_game)","Jimmy_Neutron:_Boy_Genius_(video_game)","6"
"http://dbpedia.org/resource/Judge_Dredd:_Dredd_Vs._Death","Judge_Dredd:_Dredd_Vs._Death","7"
