"http://dbpedia.org/resource/Snow_White_and_the_Seven_Dwarfs_(1937_film)","Snow_White_and_the_Seven_Dwarfs_","1"
"http://dbpedia.org/resource/Pinocchio","Pinocchio","2"
"http://dbpedia.org/resource/Fantasia_(1940_film)","Fantasia_(1940_film)","3"
"http://dbpedia.org/resource/Dumbo","Dumbo","4"
"http://dbpedia.org/resource/Bambi","Bambi","5"
"http://dbpedia.org/resource/Saludos_Amigos","Saludos_Amigos","6"
"http://dbpedia.org/resource/The_Three_Caballeros","The_Three_Caballeros","7"
"http://dbpedia.org/resource/Fun_and_Fancy_Free","Fun_and_Fancy_Free","9"
"http://dbpedia.org/resource/Make_Mine_Music","Make_Mine_Music","8"
"http://dbpedia.org/resource/Melody_Time","Melody_Time","10"
"http://dbpedia.org/resource/The_Adventures_of_Ichabod_and_Mr._Toad","The_Adventures_of_Ichabod_and_Mr._Toad","11"
"http://dbpedia.org/resource/Cinderella","Cinderella","12"
"http://dbpedia.org/resource/Alice_in_Wonderland_(1951_film)","Alice_in_Wonderland_(1951_film)","13"
"http://dbpedia.org/resource/Peter_Pan","Peter_Pan","14"
"http://dbpedia.org/resource/Lady_and_the_Tramp","Lady_and_the_Tramp","15"
"http://dbpedia.org/resource/Sleeping_Beauty_(1959_film)","Sleeping_Beauty_(1959_film)","16"
"http://dbpedia.org/resource/One_Hundred_and_One_Dalmatians","One_Hundred_and_One_Dalmatians","17"
"http://dbpedia.org/resource/The_Sword_in_the_Stone_(film)","The_Sword_in_the_Stone_(film)","18"
"http://dbpedia.org/resource/The_Jungle_Book_(1967_film)","The_Jungle_Book_(1967_film)","19"
"http://dbpedia.org/resource/The_Aristocrats_(film)","The_Aristocrats_(film)","20"
"http://dbpedia.org/resource/Robin_Hood_(1973_film))","Robin_Hood_(1973_film)","21"
"http://dbpedia.org/resource/The_Many_Adventures_of_Winnie_the_Pooh","The_Many_Adventures_of_Winnie_the_Pooh","22"
"http://dbpedia.org/resource/The_Rescuers","The_Rescuers","23"
"http://dbpedia.org/resource/The_Fox_and_the_Hound","The_Fox_and_the_Hound","24"
"http://dbpedia.org/resource/The_Black_Cauldron","The_Black_Cauldron","25"
"http://dbpedia.org/resource/The_Great_Mouse_Detective","The_Great_Mouse_Detective","26"
"http://dbpedia.org/resource/Who_Framed_Roger_Rabbit","Who_Framed_Roger_Rabbit","27"
"http://dbpedia.org/resource/The_Little_Mermaid","The_Little_Mermaid","28"
"http://dbpedia.org/resource/The_Rescuers_Down_Under","The_Rescuers_Down_Under","29"
"http://dbpedia.org/resource/The_Beauty_And_The_Beast","The_Beauty_And_The_Beast","30"
"http://dbpedia.org/resource/Aladdin_(film)","Aladdin_(film)","31"
"http://dbpedia.org/resource/The_Lion_King","The_Lion_King","32"
"http://dbpedia.org/resource/Pocahontas_(1995_film)","Pocahontas_(1995_film)","33"
"http://dbpedia.org/resource/The_Hunchback_of_Notre_Dame","The_Hunchback_of_Notre_Dame","34"
"http://dbpedia.org/resource/Hercules_(1997_film)","Hercules_(1997_film)","35"
"http://dbpedia.org/resource/Mulan","Mulan","36"
"http://dbpedia.org/resource/Tarzan","Tarzan","37"
"http://dbpedia.org/resource/Fantasia_2000","Fantasia_2000","38"
"http://dbpedia.org/resource/The_Emperor's_New_Groove","The_Emperor's_New_Groove","39"
"http://dbpedia.org/resource/Atlantis:_The_Lost_Empire","Atlantis:_The_Lost_Empire","40"
"http://dbpedia.org/resource/Lilo_%26_Stitch","Lilo_%26_Stitch","41"
"http://dbpedia.org/resource/Treasure_Planet","Treasure_Planet","42"
"http://dbpedia.org/resource/Brother_Bear","Brother_Bear","43"
"http://dbpedia.org/resource/Home_on_the_Range","Home_on_the_Range","44"
"http://dbpedia.org/resource/Chicken_Little_(2005_film)","Chicken_Little_(2005_film)","45"
"http://dbpedia.org/resource/Meet_the_Robinsons","Meet_the_Robinsons","46"
"http://dbpedia.org/resource/Bolt_(2008_film)","Bolt_(2008_film)","47"
"http://dbpedia.org/resource/The_Princess_and_the_Frog","The_Princess_and_the_Frog","48"
"http://dbpedia.org/resource/Tangled","Tangled","49"