"http://dbpedia.org/resource/Australia","Australia","1"
"http://dbpedia.org/resource/Fiji","Fiji","2"
"http://dbpedia.org/resource/Kiribati","Kiribati","3"
"http://dbpedia.org/resource/Marshall_Islands","Marshall_Islands","4"
"http://dbpedia.org/resource/Federated_States_of_Micronesia","Federated_States_of_Micronesia","5"
"http://dbpedia.org/resource/Nauru","Nauru","6"
"http://dbpedia.org/resource/New_Zealand","New_Zealand","7"
"http://dbpedia.org/resource/Papua_New_Guinea","Papua_New_Guinea","8"
"http://dbpedia.org/resource/Solomon_Islands","Solomon_Islands","9"
"http://dbpedia.org/resource/Tonga","Tonga","10"
"http://dbpedia.org/resource/Tuvalu","Tuvalu","11"
"http://dbpedia.org/resource/Vanuatu","Vanuatu","12"
"http://dbpedia.org/resource/Western_Samoa","Western_Samoa","13"