"http://dbpedia.org/resource/Alberta","Alberta","1"
"http://dbpedia.org/resource/British_Columbia","British_Columbia","2"
"http://dbpedia.org/resource/Manitoba","Manitoba","3"
"http://dbpedia.org/resource/New_Brunswick","New_Brunswick","4"
"http://dbpedia.org/resource/Newfoundland_and_Labrador","Newfoundland_and_Labrador","5"
"http://dbpedia.org/resource/Northwest_Territories","Northwest_Territories","6"
"http://dbpedia.org/resource/Nova_Scotia","Nova_Scotia","7"
"http://dbpedia.org/resource/Nunavut","Nunavut","8"
"http://dbpedia.org/resource/Ontario","Ontario","9"
"http://dbpedia.org/resource/Prince_Edward_Island","Prince_Edward_Island","10"
"http://dbpedia.org/resource/Qu%C3%A9bec","Qu%C3%A9bec","11"
"http://dbpedia.org/resource/Saskatchewan","Saskatchewan","12"
"http://dbpedia.org/resource/Yukon","Yukon","13"