"http://dbpedia.org/resource/Benjamin_Bosse_High_School","Benjamin_Bosse_High_School","1"
"http://dbpedia.org/resource/Evansville_Central_High_School","Evansville_Central_High_School","2"
"http://dbpedia.org/resource/Evansville_Day_School","Evansville_Day_School","4"
"http://dbpedia.org/resource/FJ_Reitz_High_School","FJ_Reitz_High_School","7"
"http://dbpedia.org/resource/Evansville_Lutheran_School","Evansville_Lutheran_School","9"
"http://dbpedia.org/resource/Mater_Dei_High_School_(Evansville,_Indiana)","Mater_Dei_High_School_(Evansville,_Indiana)","10"
"http://dbpedia.org/resource/North_High_School_(Evansville)","North_High_School_(Evansville)","11"
"http://dbpedia.org/resource/Reitz_Memorial_High_School","Reitz_Memorial_High_School","12"
"http://dbpedia.org/resource/Signature_School","Signature_School","13"
"http://dbpedia.org/resource/William_Henry_Harrison_High_School_(Evansville,_Indiana)","William_Henry_Harrison_High_School_(Evansville,_Indiana)","16"
