"http://dbpedia.org/resource/John_Harrison","John_Harrison","1"
"http://dbpedia.org/resource/Tobias_Mayer","Tobias_Mayer","2"
"http://dbpedia.org/resource/Thomas_Mudge_(horologist)","Thomas_Mudge_(horologist)","3"
"http://dbpedia.org/resource/John_Arnold_(watchmaker)","John_Arnold_(watchmaker)","4"
"http://dbpedia.org/resource/Thomas_Earnshaw","Thomas_Earnshaw","5"
"http://dbpedia.org/resource/Charles_Mason","Charles_Mason","6"
"http://dbpedia.org/resource/Jesse_Ramsden","Jesse_Ramsden","7"
"http://dbpedia.org/resource/Larcum_Kendall","Larcum_Kendall","8"
"http://dbpedia.org/resource/Leonhard_Euler","Leonhard_Euler","9"