"http://dbpedia.org/resource/Marcus_Banks","Marcus_Banks","2"
"http://dbpedia.org/resource/Earl_Barron","Earl_Barron","3"
"http://dbpedia.org/resource/Brent_Barry","Brent_Barry","4"
"http://dbpedia.org/resource/Jerome_Beasley","Jerome_Beasley","5"
"http://dbpedia.org/resource/Winston_Bennett","Winston_Bennett","6"
"http://dbpedia.org/resource/Travis_Best","Travis_Best","7"
"http://dbpedia.org/resource/Mark_Blount","Mark_Blount","8"
"http://dbpedia.org/resource/Manute_Bol","Manute_Bol","9"
"http://dbpedia.org/resource/Bruce_Bowen","Bruce_Bowen","10"
"http://dbpedia.org/resource/Ernest_Brown_(basketball)","Ernest_Brown_(basketball)","11"
"http://dbpedia.org/resource/P._J._Brown","P._J._Brown","12"
"http://dbpedia.org/resource/Rodney_Buford","Rodney_Buford","13"
"http://dbpedia.org/resource/Willie_Burton","Willie_Burton","14"
"http://dbpedia.org/resource/Caron_Butler","Caron_Butler","15"
"http://dbpedia.org/resource/Rasual_Butler","Rasual_Butler","16"