"http://dbpedia.org/resource/Paul_Hudson_(Australian_rules_footballer)","Paul_Hudson_(Australian_rules_footballer)","1"
"http://dbpedia.org/resource/Gavin_Wanganeen","Gavin_Wanganeen","2"
"http://dbpedia.org/resource/Gary_O%27Donnell_(footballer)","Gary_O%27Donnell_(footballer)","3"
"http://dbpedia.org/resource/Mick_Martyn_(Australian_footballer)","Mick_Martyn_(Australian_footballer)","4"
"http://dbpedia.org/resource/Nicky_Winmar","Nicky_Winmar","5"
"http://dbpedia.org/resource/Craig_Bradley","Craig_Bradley","6"
"http://dbpedia.org/resource/Wayne_Carey","Wayne_Carey","7"
"http://dbpedia.org/resource/Paul_Salmon","Paul_Salmon","8"
"http://dbpedia.org/resource/Mark_Mercuri","Mark_Mercuri","9"
"http://dbpedia.org/resource/Adam_Kingsley","Adam_Kingsley","10"
"http://dbpedia.org/resource/Nick_Stevens","Nick_Stevens","11"
"http://dbpedia.org/resource/Andrew_McLeod","Andrew_McLeod","12"
"http://dbpedia.org/resource/Robert_Harvey_(footballer)","Robert_Harvey_(footballer)","13"
"http://dbpedia.org/resource/Brendan_Fevola","Brendan_Fevola","14"
"http://dbpedia.org/resource/Simon_Goodwin","Simon_Goodwin","15"
"http://dbpedia.org/resource/Nick_Stevens","Nick_Stevens","16"
"http://dbpedia.org/resource/Jason_Gram","Jason_Gram","17"
"http://dbpedia.org/resource/Joel_Selwood","Joel_Selwood","18"
"http://dbpedia.org/resource/Barry_Hall","Barry_Hall","19"
"http://dbpedia.org/resource/Heath_Shaw","Heath_Shaw","20"
"http://dbpedia.org/resource/Bernie_Vince","Bernie_Vince","21"
"http://dbpedia.org/resource/Daniel_Rich","Daniel_Rich","22"