"http://dbpedia.org/resource/El_Paso,_Texas","El_Paso,_Texas","1"
"http://dbpedia.org/resource/Evansville,_Indiana","Evansville,_Indiana","2"
"http://dbpedia.org/resource/Birmingham,_Alabama","Birmingham,_Alabama","3"
"http://dbpedia.org/resource/Hopkinsville,_Kentucky","Hopkinsville,_Kentucky","4"
"http://dbpedia.org/resource/San_Francisco,_California","San_Francisco,_California","5"
"http://dbpedia.org/resource/Portland,_Oregon","Portland,_Oregon","6"
"http://dbpedia.org/resource/Richmond,_Virginia","Richmond,_Virginia","7"
"http://dbpedia.org/resource/Akron,_Ohio","Akron,_Ohio","8"
"http://dbpedia.org/resource/Emporia,_Kansas","Emporia,_Kansas","9"
"http://dbpedia.org/resource/Atlanta,_Georgia","Atlanta,_Georgia","10"
"http://dbpedia.org/resource/North_Platte,_Nebraska","North_Platte,_Nebraska","11"
"http://dbpedia.org/resource/The_Dalles,_Oregon","The_Dalles,_Oregon","12"
"http://dbpedia.org/resource/Queens,_New_York","Queens,_New_York","13"
"http://dbpedia.org/resource/Richmond,_Virginia","Richmond,_Virginia","14"
"http://dbpedia.org/resource/Miami,_Florida","Miami,_Florida","15"
"http://dbpedia.org/resource/Los_Angeles,_California","Los_Angeles,_California","16"
"http://dbpedia.org/resource/San_Antonio,_Texas","San_Antonio,_Texas","18"
"http://dbpedia.org/resource/Bellingham,_Washington","Bellingham,_Washington","19"
"http://dbpedia.org/resource/Chicago,_Illinois","Chicago,_Illinois","20"
"http://dbpedia.org/resource/Canton,_Ohio","Canton,_Ohio","21"
"http://dbpedia.org/resource/Marion,_Ohio","Marion,_Ohio","22"
"http://dbpedia.org/resource/El_Paso,_Texas","El_Paso,_Texas","23"
"http://dbpedia.org/resource/Hattiesburg,_Mississippi","Hattiesburg,_Mississippi","24"
"http://dbpedia.org/resource/Los_Angeles,_California","Los_Angeles,_California","25"
"http://dbpedia.org/resource/Norman,_Oklahoma","Norman,_Oklahoma","26"
"http://dbpedia.org/resource/Meridian,_Mississippi","Meridian,_Mississippi","27"
"http://dbpedia.org/resource/Knoxville,_Tennessee","Knoxville,_Tennessee","28"
"http://dbpedia.org/resource/Los_Angeles,_California","Los_Angeles,_California","29"