"http://dbpedia.org/resource/Levanger","Levanger","1"
"http://dbpedia.org/resource/Steinkjer","Steinkjer","2"
"http://dbpedia.org/resource/Namsos","Namsos","3"
"http://dbpedia.org/resource/%C3%98vre_Stj%C3%B8rdal","%C3%98vre_Stj%C3%B8rdal","4"
"http://dbpedia.org/resource/Hegra","Hegra","5"
"http://dbpedia.org/resource/L%C3%A5nke","L%C3%A5nke","6"
"http://dbpedia.org/resource/Stj%C3%B8rdalen","Stj%C3%B8rdalen","7"
"http://dbpedia.org/resource/Skatval","Skatval","8"
"http://dbpedia.org/resource/%C3%85sen","%C3%85sen","9"
"http://dbpedia.org/resource/Frosta","Frosta","10"
"http://dbpedia.org/resource/Leksvik","Leksvik","11"
"http://dbpedia.org/resource/Skogn","Skogn","12"
"http://dbpedia.org/resource/Levanger","Levanger","13"
"http://dbpedia.org/resource/Verdal","Verdal","14"
"http://dbpedia.org/resource/Ytter%C3%B8y","Ytter%C3%B8y","15"
"http://dbpedia.org/resource/Mosvik_og_Verran","Mosvik_og_Verran","16"
"http://dbpedia.org/resource/Verran","Verran","17"
"http://dbpedia.org/resource/Namdalseid","Namdalseid","18"
"http://dbpedia.org/resource/Malm","Malm","19"
"http://dbpedia.org/resource/Beitstad","Beitstad","20"
"http://dbpedia.org/resource/Sandvollan","Sandvollan","21"
"http://dbpedia.org/resource/Inder%C3%B8y","Inder%C3%B8y","22"
"http://dbpedia.org/resource/R%C3%B8ra","R%C3%B8ra","23"
"http://dbpedia.org/resource/Sparbu","Sparbu","24"
"http://dbpedia.org/resource/Ogndal","Ogndal","25"
"http://dbpedia.org/resource/Egge","Egge","26"
"http://dbpedia.org/resource/Stod,_Norway","Stod,_Norway","27"
"http://dbpedia.org/resource/Kvam,_Nord-Tr%C3%B8ndelag","Kvam,_Nord-Tr%C3%B8ndelag","28"
"http://dbpedia.org/resource/Sn%C3%A5sa","Sn%C3%A5sa","29"
"http://dbpedia.org/resource/Lierne","Lierne","30"
"http://dbpedia.org/resource/Nordli","Nordli","31"
"http://dbpedia.org/resource/R%C3%B8yrvik","R%C3%B8yrvik","32"
"http://dbpedia.org/resource/Namsskogan","Namsskogan","33"
"http://dbpedia.org/resource/Harran,_Norway","Harran,_Norway","34"
"http://dbpedia.org/resource/Grong","Grong","35"
"http://dbpedia.org/resource/H%C3%B8ylandet","H%C3%B8ylandet","36"
"http://dbpedia.org/resource/Overhalla","Overhalla","37"
"http://dbpedia.org/resource/Vemundvik","Vemundvik","38"
"http://dbpedia.org/resource/Klinga,_Norway","Klinga,_Norway","39"
"http://dbpedia.org/resource/Otter%C3%B8y","Otter%C3%B8y","40"
"http://dbpedia.org/resource/Fosnes","Fosnes","41"
"http://dbpedia.org/resource/Flatanger","Flatanger","42"
"http://dbpedia.org/resource/Vikna","Vikna","43"
"http://dbpedia.org/resource/N%C3%A6r%C3%B8y","N%C3%A6r%C3%B8y","44"
"http://dbpedia.org/resource/Kolvereid","Kolvereid","45"
"http://dbpedia.org/resource/Foldereid","Foldereid","46"
"http://dbpedia.org/resource/Gravvik","Gravvik","47"
"http://dbpedia.org/resource/Leka,_Norway","Leka,_Norway","48"