"http://dbpedia.org/resource/Wayne_Harmes","Wayne_Harmes","1"
"http://dbpedia.org/resource/Kevin_Bartlett_(Aussie_Rules_footballer)","Kevin_Bartlett_(Aussie_Rules_footballer)","2"
"http://dbpedia.org/resource/Bruce_Doull","Bruce_Doull","3"
"http://dbpedia.org/resource/Maurice_Rioli","Maurice_Rioli","4"
"http://dbpedia.org/resource/Colin_Robertson_(Australian_rules_footballer)","Colin_Robertson_(Australian_rules_footballer)","5"
"http://dbpedia.org/resource/Billy_Duckworth","Billy_Duckworth","6"
"http://dbpedia.org/resource/Simon_Madden","Simon_Madden","7"
"http://dbpedia.org/resource/Gary_Ayres","Gary_Ayres","8"
"http://dbpedia.org/resource/David_Rhys-Jones","David_Rhys-Jones","9"
"http://dbpedia.org/resource/Gary_Ayres","Gary_Ayres","10"
"http://dbpedia.org/resource/Gary_Ablett,_Sr.","Gary_Ablett,_Sr.","11"
"http://dbpedia.org/resource/Tony_Shaw","Tony_Shaw","12"
"http://dbpedia.org/resource/Paul_Dear","Paul_Dear","13"
"http://dbpedia.org/resource/Peter_Matera","Peter_Matera","14"
"http://dbpedia.org/resource/Michael_Long_(footballer)","Michael_Long_(footballer)","15"
"http://dbpedia.org/resource/Dean_Kemp","Dean_Kemp","16"
"http://dbpedia.org/resource/Greg_Williams_(Australian_footballer)","Greg_Williams_(Australian_footballer)","17"
"http://dbpedia.org/resource/Glenn_Archer","Glenn_Archer","18"
"http://dbpedia.org/resource/Andrew_McLeod","Andrew_McLeod","19"
"http://dbpedia.org/resource/Andrew_McLeod","Andrew_McLeod","20"
"http://dbpedia.org/resource/Shannon_Grant","Shannon_Grant","21"
"http://dbpedia.org/resource/James_Hird","James_Hird","22"
"http://dbpedia.org/resource/Shaun_Hart","Shaun_Hart","23"
"http://dbpedia.org/resource/Nathan_Buckley","Nathan_Buckley","24"
"http://dbpedia.org/resource/Simon_Black","Simon_Black","25"
"http://dbpedia.org/resource/Byron_Pickett","Byron_Pickett","26"
"http://dbpedia.org/resource/Chris_Judd","Chris_Judd","27"
"http://dbpedia.org/resource/Andrew_Embley","Andrew_Embley","28"
"http://dbpedia.org/resource/Steve_Johnson_(Australian_footballer)","Steve_Johnson_(Australian_footballer)","29"
"http://dbpedia.org/resource/Luke_Hodge","Luke_Hodge","30"
"http://dbpedia.org/resource/Paul_Chapman_(footballer,_born_1981)","Paul_Chapman_(footballer,_born_1981)","31"
"http://dbpedia.org/resource/Jimmy_Bartel","Jimmy_Bartel","32"
"http://dbpedia.org/resource/Ryan_O%27Keefe","Ryan_O%27Keefe","33"
"http://dbpedia.org/resource/Brian_Lake","Brian_Lake","34"