"http://dbpedia.org/resource/Vince_Carter","Vince_Carter","1"
"http://dbpedia.org/resource/Terry_Catledge","Terry_Catledge","2"
"http://dbpedia.org/resource/Kelvin_Cato","Kelvin_Cato","3"
"http://dbpedia.org/resource/Doug_Christie_(basketball)","Doug_Christie_(basketball)","4"
"http://dbpedia.org/resource/Earl_Clark","Earl_Clark","5"
"http://dbpedia.org/resource/Anthony_Cook_(basketball)","Anthony_Cook_(basketball)","6"
"http://dbpedia.org/resource/Brian_Cook","Brian_Cook","7"
"http://dbpedia.org/resource/Chris_Corchiani","Chris_Corchiani","8"
"http://dbpedia.org/resource/Dave_Corzine","Dave_Corzine","9"