"http://dbpedia.org/resource/Ali_Yavar_Jung","Ali_Yavar_Jung","3"
"http://dbpedia.org/resource/Bhaurao_Payagounda_Patil","Bhaurao_Payagounda_Patil","5"
"http://dbpedia.org/resource/Mysore_Kankanhalli_Vasudevachary","Mysore_Kankanhalli_Vasudevachary","6"
"http://dbpedia.org/resource/Nirmal_Kumar_Sidhanta","Nirmal_Kumar_Sidhanta","7"
"http://dbpedia.org/resource/Pammal_Sambanda_Mudaliar","Pammal_Sambanda_Mudaliar","8"
"http://dbpedia.org/resource/Ramdhari_Singh_Dinkar","Ramdhari_Singh_Dinkar","9"
"http://dbpedia.org/resource/Sisir_Kumar_Bhaduri","Sisir_Kumar_Bhaduri","10"
"http://dbpedia.org/resource/Tenzing_Norgay","Tenzing_Norgay","11"
"http://dbpedia.org/resource/Dhanvanthi_Rama_Rau","Dhanvanthi_Rama_Rau","13"
"http://dbpedia.org/resource/Hansa_Jivraj_Manubhai_Mehta","Hansa_Jivraj_Manubhai_Mehta","14"