"http://dbpedia.org/resource/Bahujan_Samaj_Party","Bahujan_Samaj_Party","1"
"http://dbpedia.org/resource/Bharatiya_Janata_Party","Bharatiya_Janata_Party","2"
"http://dbpedia.org/resource/Communist_Party_of_India","Communist_Party_of_India","3"
"http://dbpedia.org/resource/Communist_Party_of_India_(Marxist)","Communist_Party_of_India_(Marxist)","4"
"http://dbpedia.org/resource/Indian_National_Congress","Indian_National_Congress","5"
"http://dbpedia.org/resource/Nationalist_Congress_Party","Nationalist_Congress_Party","6"