"http://dbpedia.org/resource/Augustinas_Voldemaras","Augustinas_Voldemaras","1"
"http://dbpedia.org/resource/Mykolas_Sle%C5%BEevi%C4%8Dius","Mykolas_Sle%C5%BEevi%C4%8Dius","2"
"http://dbpedia.org/resource/Pranas_Dovydaitis","Pranas_Dovydaitis","3"
"http://dbpedia.org/resource/Mykolas_Sle%C5%BEevi%C4%8Dius","Mykolas_Sle%C5%BEevi%C4%8Dius","4"
"http://dbpedia.org/resource/Ernestas_Galvanauskas","Ernestas_Galvanauskas","5"
"http://dbpedia.org/resource/Kazys_Grinius","Kazys_Grinius","6"
"http://dbpedia.org/resource/Ernestas_Galvanauskas","Ernestas_Galvanauskas","7"
"http://dbpedia.org/resource/Ernestas_Galvanauskas","Ernestas_Galvanauskas","8"
"http://dbpedia.org/resource/Ernestas_Galvanauskas","Ernestas_Galvanauskas","9"
"http://dbpedia.org/resource/Antanas_Tum%C4%97nas","Antanas_Tum%C4%97nas","10"
"http://dbpedia.org/resource/Vytautas_Petrulis","Vytautas_Petrulis","11"
"http://dbpedia.org/resource/Leonas_Bistras","Leonas_Bistras","12"
"http://dbpedia.org/resource/Mykolas_Sle%C5%BEevi%C4%8Dius","Mykolas_Sle%C5%BEevi%C4%8Dius","13"
"http://dbpedia.org/resource/Augustinas_Voldemaras","Augustinas_Voldemaras","14"
"http://dbpedia.org/resource/Juozas_T%C5%ABbelis","Juozas_T%C5%ABbelis","15"
"http://dbpedia.org/resource/Juozas_T%C5%ABbelis","Juozas_T%C5%ABbelis","16"
"http://dbpedia.org/resource/Juozas_T%C5%ABbelis","Juozas_T%C5%ABbelis","17"
"http://dbpedia.org/resource/Vladas_Mironas","Vladas_Mironas","18"
"http://dbpedia.org/resource/Vladas_Mironas","Vladas_Mironas","19"
"http://dbpedia.org/resource/Jonas_%C4%8Cernius","Jonas_%C4%8Cernius","20"
"http://dbpedia.org/resource/Antanas_Merkys","Antanas_Merkys","21"