"http://dbpedia.org/resource/Hugh_McFadyen","Hugh_McFadyen","1"
"http://dbpedia.org/resource/Hugh_McFadyen","Hugh_McFadyen","2"
"http://dbpedia.org/resource/Stuart_Murray","Stuart_Murray","3"
"http://dbpedia.org/resource/Gary_Filmon","Gary_Filmon","4"
"http://dbpedia.org/resource/Gary_Filmon","Gary_Filmon","5"
"http://dbpedia.org/resource/Gary_Filmon","Gary_Filmon","6"
"http://dbpedia.org/resource/Gary_Filmon","Gary_Filmon","7"
"http://dbpedia.org/resource/Gary_Filmon","Gary_Filmon","8"
"http://dbpedia.org/resource/Sterling_Lyon","Sterling_Lyon","9"
"http://dbpedia.org/resource/Sterling_Lyon","Sterling_Lyon","10"
"http://dbpedia.org/resource/Sidney_Spivak","Sidney_Spivak","11"
"http://dbpedia.org/resource/Walter_Weir","Walter_Weir","12"
"http://dbpedia.org/resource/Dufferin_Roblin","Dufferin_Roblin","13"
"http://dbpedia.org/resource/Dufferin_Roblin","Dufferin_Roblin","14"
"http://dbpedia.org/resource/Dufferin_Roblin","Dufferin_Roblin","15"
"http://dbpedia.org/resource/Dufferin_Roblin","Dufferin_Roblin","16"