"http://dbpedia.org/resource/Berklee_College_of_Music","http://dbpedia.org/resource/Berklee_College_of_Music","2"
"http://dbpedia.org/resource/Hofstra_University","http://dbpedia.org/resource/Hofstra_University","1"
"http://dbpedia.org/resource/Northeastern_University_(Boston)","http://dbpedia.org/resource/Northeastern_University_(Boston)","3"
"http://dbpedia.org/resource/Rensselaer_Polytechnic_Institute","http://dbpedia.org/resource/Rensselaer_Polytechnic_Institute","4"
"http://dbpedia.org/resource/Merrimack_College","http://dbpedia.org/resource/Merrimack_College","5"
"http://dbpedia.org/resource/Misericordia_University","http://dbpedia.org/resource/Misericordia_University","6"
"http://dbpedia.org/resource/New_Jersey_Institute_of_Technology","http://dbpedia.org/resource/New_Jersey_Institute_of_Technology","7"
"http://dbpedia.org/resource/Queens_College,_City_University_of_New_York","http://dbpedia.org/resource/Queens_College,_City_University_of_New_York","8"
"http://dbpedia.org/resource/Dominican_University_College","http://dbpedia.org/resource/Dominican_University_College","9"
"http://dbpedia.org/resource/Michigan_State_University","http://dbpedia.org/resource/Michigan_State_University","10"
"http://dbpedia.org/resource/Landmark_College","http://dbpedia.org/resource/Landmark_College","11"
"http://dbpedia.org/resource/Worcester_Polytechnic_Institute","http://dbpedia.org/resource/Worcester_Polytechnic_Institute","12"
"http://dbpedia.org/resource/DePaul_University","http://dbpedia.org/resource/DePaul_University","13"
"http://dbpedia.org/resource/Bloomfield_College","http://dbpedia.org/resource/Bloomfield_College","14"
"http://dbpedia.org/resource/McGill_University","http://dbpedia.org/resource/McGill_University","15"