"http://dbpedia.org/resource/Reel_Fishing_(video_game)","Reel_Fishing_(video_game)","1"
"http://dbpedia.org/resource/Reel_Fishing_II","Reel_Fishing_II","2"
"http://dbpedia.org/resource/Reel_Fishing_III","Reel_Fishing_III","4"
"http://dbpedia.org/resource/Reel_Fishing:_Angler%27s_Dream","Reel_Fishing:_Angler%27s_Dream","7"
"http://dbpedia.org/resource/Reel_Fishing_Challenge","Reel_Fishing_Challenge","8"
"http://dbpedia.org/resource/Reel_Fishing_Challenge","Reel_Fishing_Challenge","9"
"http://dbpedia.org/resource/Reel_Fishing_Paradise_3D","Reel_Fishing_Paradise_3D","10"