"http://dbpedia.org/resource/Jehovah%27s_Witnesses","Jehovah%27s_Witnesses","1"
"http://dbpedia.org/resource/Old_Apostolic_Church","Old_Apostolic_Church","2"
"http://dbpedia.org/resource/Christadelphians","Christadelphians","3"
"http://dbpedia.org/resource/Old_Order_Amish","Old_Order_Amish","4"
"http://dbpedia.org/resource/Doukhobors","Doukhobors","5"
"http://dbpedia.org/resource/Rastafari_movement","Rastafari_movement","6"
"http://dbpedia.org/resource/Bah%C3%A1%27%C3%AD_Faith","Bah%C3%A1%27%C3%AD_Faith","7"
"http://dbpedia.org/resource/Shaykhiya","Shaykhiya","8"