"http://dbpedia.org/resource/John_P._Hale","John_P._Hale","1"
"http://dbpedia.org/resource/Henry_B._Anthony","Henry_B._Anthony","2"
"http://dbpedia.org/resource/John_Sherman_(politician)","John_Sherman_(politician)","3"
"http://dbpedia.org/resource/George_Edmunds","George_Edmunds","4"
"http://dbpedia.org/resource/John_Sherman_(politician)","John_Sherman_(politician)","5"
"http://dbpedia.org/resource/William_B._Allison","William_B._Allison","6"
"http://dbpedia.org/resource/Eugene_Hale","Eugene_Hale","7"
"http://dbpedia.org/resource/Shelby_Cullom","Shelby_Cullom","8"
"http://dbpedia.org/resource/Jacob_H._Gallinger","Jacob_H._Gallinger","9"
"http://dbpedia.org/resource/Henry_Cabot_Lodge","Henry_Cabot_Lodge","10"
"http://dbpedia.org/resource/Charles_Curtis","Charles_Curtis","11"
"http://dbpedia.org/resource/James_E._Watson","James_E._Watson","12"
"http://dbpedia.org/resource/Charles_L._McNary","Charles_L._McNary","13"
"http://dbpedia.org/resource/Arthur_H._Vandenberg","Arthur_H._Vandenberg","14"
"http://dbpedia.org/resource/Eugene_D._Millikin","Eugene_D._Millikin","15"
"http://dbpedia.org/resource/Leverett_Saltonstall","Leverett_Saltonstall","16"
"http://dbpedia.org/resource/Margaret_Chase_Smith","Margaret_Chase_Smith","17"
"http://dbpedia.org/resource/Norris_Cotton","Norris_Cotton","18"
"http://dbpedia.org/resource/Carl_T._Curtis","Carl_T._Curtis","19"
"http://dbpedia.org/resource/Bob_Packwood","Bob_Packwood","20"
"http://dbpedia.org/resource/James_A._McClure","James_A._McClure","21"
"http://dbpedia.org/resource/John_Chafee","John_Chafee","22"
"http://dbpedia.org/resource/Thad_Cochran","Thad_Cochran","23"
"http://dbpedia.org/resource/Connie_Mack_III","Connie_Mack_III","24"
"http://dbpedia.org/resource/Rick_Santorum","Rick_Santorum","25"
"http://dbpedia.org/resource/Jon_Kyl","Jon_Kyl","26"
"http://dbpedia.org/resource/Lamar_Alexander","Lamar_Alexander","27"
"http://dbpedia.org/resource/John_Thune","John_Thune","28"