"http://dbpedia.org/resource/Andre_Drummond","Andre_Drummond","1"
"http://dbpedia.org/resource/Kenneth_Faried","Kenneth_Faried","2"
"http://dbpedia.org/resource/Kyrie_Irving","Kyrie_Irving","3"
"http://dbpedia.org/resource/John_Wall","John_Wall","4"
"http://dbpedia.org/resource/Tyreke_Evans","Tyreke_Evans","5"
"http://dbpedia.org/resource/Kevin_Durant","Kevin_Durant","6"
"http://dbpedia.org/resource/Daniel_Gibson","Daniel_Gibson","7"
"http://dbpedia.org/resource/David_Lee_(basketball)","David_Lee_(basketball)","8"
"http://dbpedia.org/resource/Andre_Iguodala","Andre_Iguodala","9"
"http://dbpedia.org/resource/Carmelo_Anthony","Carmelo_Anthony","10"
"http://dbpedia.org/resource/Amar%27e_Stoudemire","Amar%27e_Stoudemire","11"
"http://dbpedia.org/resource/Gilbert_Arenas","Gilbert_Arenas","12"
"http://dbpedia.org/resource/Jason_Richardson","Jason_Richardson","13"
"http://dbpedia.org/resource/Wally_Szcerbiak","Wally_Szcerbiak","14"
"http://dbpedia.org/resource/Elton_Brand","Elton_Brand","15"
"http://dbpedia.org/resource/%C5%BDydr%C5%ABnas_Ilgauskas","%C5%BDydr%C5%ABnas_Ilgauskas","16"
"http://dbpedia.org/resource/Allen_Iverson","Allen_Iverson","17"
"http://dbpedia.org/resource/Damon_Stoudamire","Damon_Stoudamire","18"
"http://dbpedia.org/resource/Eddie_Jones_(basketball)","Eddie_Jones_(basketball)","19"
"http://dbpedia.org/resource/Anfernee_Hardaway","Anfernee_Hardaway","20"