"http://dbpedia.org/resource/USS_Cassin_(DD-43)","USS_Cassin_(DD-43)","1"
"http://dbpedia.org/resource/USS_Conyngham_(DD-58)","USS_Conyngham_(DD-58)","2"
"http://dbpedia.org/resource/USS_Cummings_(DD-44)","USS_Cummings_(DD-44)","3"
"http://dbpedia.org/resource/USS_Downes_(DD-45)","USS_Downes_(DD-45)","4"
"http://dbpedia.org/resource/USS_Ericsson_(DD-56)","USS_Ericsson_(DD-56)","5"
"http://dbpedia.org/resource/USS_Porter_(DD-59)","USS_Porter_(DD-59)","6"
"http://dbpedia.org/resource/USS_Ammen_(DD-35)","USS_Ammen_(DD-35)","7"
"http://dbpedia.org/resource/USS_Burrows_(DD-29)","USS_Burrows_(DD-29)","8"
"http://dbpedia.org/resource/USS_Fanning_(DD-37)","USS_Fanning_(DD-37)","9"
"http://dbpedia.org/resource/USS_Henley_(DD-39)","USS_Henley_(DD-39)","10"
"http://dbpedia.org/resource/USS_McCall_(DD-28)","USS_McCall_(DD-28)","11"
"http://dbpedia.org/resource/USS_Monaghan_(DD-32)","USS_Monaghan_(DD-32)","12"
"http://dbpedia.org/resource/USS_Patterson_(DD-36)","USS_Patterson_(DD-36)","13"
"http://dbpedia.org/resource/USS_Paulding_(DD-22)","USS_Paulding_(DD-22)","14"
"http://dbpedia.org/resource/USS_Roe_(DD-24)","USS_Roe_(DD-24)","15"
"http://dbpedia.org/resource/USS_Hunt_(DD-194)","USS_Hunt_(DD-194)","16"
"http://dbpedia.org/resource/USS_Terry_(DD-25)","USS_Terry_(DD-25)","17"
"http://dbpedia.org/resource/USS_Welborn_C._Wood_(DD-195)","USS_Welborn_C._Wood_(DD-195)","18"
"http://dbpedia.org/resource/USS_Trippe_(DD-33)","USS_Trippe_(DD-33)","19"
"http://dbpedia.org/resource/USS_Semmes_(DD-189)","USS_Semmes_(DD-189)","20"
"http://dbpedia.org/resource/USS_Davis_(DD-65)","USS_Davis_(DD-65)","21"
"http://dbpedia.org/resource/USS_Shaw_(DD-68)","USS_Shaw_(DD-68)","22"
"http://dbpedia.org/resource/USS_Tucker_(DD-57)","USS_Tucker_(DD-57)","23"
"http://dbpedia.org/resource/USS_Wainwright_(DD-62)","USS_Wainwright_(DD-62)","24"
"http://dbpedia.org/resource/USS_Wilkes_(DD-67)","USS_Wilkes_(DD-67)","25"