"http://dbpedia.org/resource/Neil_de_Kock","Neil_de_Kock","1"
"http://dbpedia.org/resource/Ben_Spencer_(rugby_union)","Ben_Spencer_(rugby_union)","2"
"http://dbpedia.org/resource/Richard_Wigglesworth_(rugby_union)","Richard_Wigglesworth_(rugby_union)","3"
"http://dbpedia.org/resource/Owen_Farrell","Owen_Farrell","4"
"http://dbpedia.org/resource/Charlie_Hodgson","Charlie_Hodgson","5"
"http://dbpedia.org/resource/Nils_Mordt","Nils_Mordt","6"
"http://dbpedia.org/resource/Brad_Barritt","Brad_Barritt","7"
"http://dbpedia.org/resource/Marcelo_Bosch","Marcelo_Bosch","8"
"http://dbpedia.org/resource/Tim_Streather","Tim_Streather","9"
"http://dbpedia.org/resource/Duncan_Taylor_(rugby_union)","Duncan_Taylor_(rugby_union)","10"
"http://dbpedia.org/resource/Joel_Tomkins","Joel_Tomkins","11"
"http://dbpedia.org/resource/Chris_Ashton","Chris_Ashton","12"
"http://dbpedia.org/resource/James_Short_(rugby_union)","James_Short_(rugby_union)","13"
"http://dbpedia.org/resource/David_Strettle","David_Strettle","14"
"http://dbpedia.org/resource/Michael_Tagicakibau","Michael_Tagicakibau","15"
"http://dbpedia.org/resource/Alex_Goode","Alex_Goode","17"
"http://dbpedia.org/resource/Ben_Ransom","Ben_Ransom","18"
"http://dbpedia.org/resource/Chris_Wyles","Chris_Wyles","19"