"http://dbpedia.org/resource/Gillian_Anderson","Gillian_Anderson","1"
"http://dbpedia.org/resource/Kate_Mulgrew","Kate_Mulgrew","2"
"http://dbpedia.org/resource/Sarah_Michelle_Gellar","Sarah_Michelle_Gellar","3"
"http://dbpedia.org/resource/Margaret_Colin","Margaret_Colin","4"
"http://dbpedia.org/resource/Jessica_Alba","Jessica_Alba","5"
"http://dbpedia.org/resource/Yancy_Butler","Yancy_Butler","6"
"http://dbpedia.org/resource/Jennifer_Garner","Jennifer_Garner","7"
"http://dbpedia.org/resource/Amber_Tamblyn","Amber_Tamblyn","8"
"http://dbpedia.org/resource/Claudia_Black","Claudia_Black","9"
"http://dbpedia.org/resource/Kristen_Bell","Kristen_Bell","10"
"http://dbpedia.org/resource/Jennifer_Love_Hewitt","Jennifer_Love_Hewitt","11"