"http://dbpedia.org/resource/Johns_Hopkins_University","Johns_Hopkins_University","1"
"http://dbpedia.org/resource/University_of_Maryland,_College_Park","University_of_Maryland,_College_Park","2"
"http://dbpedia.org/resource/United_States_Naval_Academy","United_States_Naval_Academy","3"
"http://dbpedia.org/resource/United_States_Military_Academy","United_States_Military_Academy","4"
"http://dbpedia.org/resource/Princeton_University","Princeton_University","5"
"http://dbpedia.org/resource/Cornell_University","Cornell_University","6"
"http://dbpedia.org/resource/University_of_North_Carolina_at_Chapel_Hill","University_of_North_Carolina_at_Chapel_Hill","7"
"http://dbpedia.org/resource/University_of_Virginia","University_of_Virginia","8"
"http://dbpedia.org/resource/Syracuse_University","Syracuse_University","9"
"http://dbpedia.org/resource/Duke_University","Duke_University","10"
"http://dbpedia.org/resource/Yale_University","Yale_University","11"
"http://dbpedia.org/resource/University_of_Maryland,_Baltimore_County","University_of_Maryland,_Baltimore_County","12"
"http://dbpedia.org/resource/Rutgers_University","Rutgers_University","13"
"http://dbpedia.org/resource/Georgetown_University","Georgetown_University","14"