"http://dbpedia.org/resource/Burra,_New_South_Wales","Burra,_New_South_Wales","6"
"http://dbpedia.org/resource/Cowra,_New_South_Wales","Cowra,_New_South_Wales","8"
"http://dbpedia.org/resource/Glenroy,_New_South_Wales","Glenroy,_New_South_Wales","13"
"http://dbpedia.org/resource/Hay,_New_South_Wales","Hay,_New_South_Wales","16"
"http://dbpedia.org/resource/Khancoban,_New_South_Wales","Khancoban,_New_South_Wales","22"
"http://dbpedia.org/resource/Mannus,_New_South_Wales","Mannus,_New_South_Wales","27"
"http://dbpedia.org/resource/Munderoo,_New_South_Wales","Munderoo,_New_South_Wales","30"
"http://dbpedia.org/resource/Ournie,_New_South_Wales","Ournie,_New_South_Wales","34"
"http://dbpedia.org/resource/Table_Top,_New_South_Wales","Table_Top,_New_South_Wales","38"
"http://dbpedia.org/resource/Tooma,_New_South_Wales","Tooma,_New_South_Wales","39"
"http://dbpedia.org/resource/Tumbarumba,_New_South_Wales","Tumbarumba,_New_South_Wales","41"
"http://dbpedia.org/resource/Welaregang,_New_South_Wales","Welaregang,_New_South_Wales","45"