"http://dbpedia.org/resource/China_at_the_2006_Asian_Games","China_at_the_2006_Asian_Games","1"
"http://dbpedia.org/resource/North_Korea_at_the_2006_Asian_Games","North_Korea_at_the_2006_Asian_Games","2"
"http://dbpedia.org/resource/South_Korea_at_the_2006_Asian_Games","South_Korea_at_the_2006_Asian_Games","3"
"http://dbpedia.org/resource/Kazakhstan_at_the_2006_Asian_Games","Kazakhstan_at_the_2006_Asian_Games","4"
"http://dbpedia.org/resource/Vietnam_at_the_2006_Asian_Games","Vietnam_at_the_2006_Asian_Games","5"
"http://dbpedia.org/resource/Thailand_at_the_2006_Asian_Games","Thailand_at_the_2006_Asian_Games","6"
"http://dbpedia.org/resource/India_at_the_2006_Asian_Games","India_at_the_2006_Asian_Games","7"
"http://dbpedia.org/resource/Chinese_Taipei_at_the_2006_Asian_Games","Chinese_Taipei_at_the_2006_Asian_Games","8"
"http://dbpedia.org/resource/Saudi_Arabia_at_the_2006_Asian_Games","Saudi_Arabia_at_the_2006_Asian_Games","9"
"http://dbpedia.org/resource/Tajikistan_at_the_2006_Asian_Games","Tajikistan_at_the_2006_Asian_Games","10"
"http://dbpedia.org/resource/Iran_at_the_2006_Asian_Games","Iran_at_the_2006_Asian_Games","11"
"http://dbpedia.org/resource/Qatar_at_the_2006_Asian_Games","Qatar_at_the_2006_Asian_Games","12"
"http://dbpedia.org/resource/Bahrain_at_the_2006_Asian_Games","Bahrain_at_the_2006_Asian_Games","13"