"http://dbpedia.org/resource/Johan_Thorbj%C3%B8rnsen","Johan_Thorbj%C3%B8rnsen","1"
"http://dbpedia.org/resource/H%C3%A5kon_Opdal","H%C3%A5kon_Opdal","2"
"http://dbpedia.org/resource/Kenneth_Udjus","Kenneth_Udjus","3"
"http://dbpedia.org/resource/Bj%C3%B8rn_Dahl_(footballer_born_1978)","Bj%C3%B8rn_Dahl_(footballer_born_1978)","4"
"http://dbpedia.org/resource/Ramiro_Corrales","Ramiro_Corrales","5"
"http://dbpedia.org/resource/Erlend_Hanstveit","Erlend_Hanstveit","6"
"http://dbpedia.org/resource/%C3%93lafur_%C3%96rn_Bjarnason","%C3%93lafur_%C3%96rn_Bjarnason","7"
"http://dbpedia.org/resource/Kristj%C3%A1n_%C3%96rn_Sigur%C3%B0sson","Kristj%C3%A1n_%C3%96rn_Sigur%C3%B0sson","8"
"http://dbpedia.org/resource/Knut_Walde","Knut_Walde","9"
"http://dbpedia.org/resource/Azar_Karadas","Azar_Karadas","10"
"http://dbpedia.org/resource/%C3%81rmann_Sm%C3%A1ri_Bj%C3%B6rnsson","%C3%81rmann_Sm%C3%A1ri_Bj%C3%B6rnsson","11"
"http://dbpedia.org/resource/Cato_Guntveit","Cato_Guntveit","12"
"http://dbpedia.org/resource/Helge_Haugen","Helge_Haugen","13"
"http://dbpedia.org/resource/Hassan_El_Fakiri","Hassan_El_Fakiri","14"
"http://dbpedia.org/resource/Ardian_Gashi","Ardian_Gashi","15"
"http://dbpedia.org/resource/Martin_Andresen","Martin_Andresen","16"
"http://dbpedia.org/resource/Jan_Gunnar_Solli","Jan_Gunnar_Solli","17"
"http://dbpedia.org/resource/Petter_Vaagan_Moen","Petter_Vaagan_Moen","18"
"http://dbpedia.org/resource/Erik_Huseklepp","Erik_Huseklepp","19"
"http://dbpedia.org/resource/Tijan_Jaiteh","Tijan_Jaiteh","20"
"http://dbpedia.org/resource/Eirik_Bakke","Eirik_Bakke","21"
"http://dbpedia.org/resource/Nicolai_Misje","Nicolai_Misje","22"
"http://dbpedia.org/resource/Arnaud_Monkam","Arnaud_Monkam","23"
"http://dbpedia.org/resource/Trond_Fredrik_Ludvigsen","Trond_Fredrik_Ludvigsen","24"
"http://dbpedia.org/resource/Migen_Memelli","Migen_Memelli","25"
"http://dbpedia.org/resource/Bengt_S%C3%A6ternes","Bengt_S%C3%A6ternes","26"
"http://dbpedia.org/resource/Joakim_Sj%C3%B6hage","Joakim_Sj%C3%B6hage","27"
"http://dbpedia.org/resource/Thorstein_Helstad","Thorstein_Helstad","28"
"http://dbpedia.org/resource/Robbie_Winters","Robbie_Winters","29"