"http://dbpedia.org/resource/STS-1","STS-1","1"
"http://dbpedia.org/resource/STS-2","STS-61-B","2"
"http://dbpedia.org/resource/STS-3","STS-27","3"
"http://dbpedia.org/resource/STS-4","STS-30","4"
"http://dbpedia.org/resource/STS-5","STS-34","5"
"http://dbpedia.org/resource/STS-9","STS-36","6"
"http://dbpedia.org/resource/STS-61","STS-38","7"
"http://dbpedia.org/resource/STS-28","STS-37","8"
"http://dbpedia.org/resource/STS-32","STS-43","9"
"http://dbpedia.org/resource/STS-35","STS-44","10"
"http://dbpedia.org/resource/STS-40","STS-45","11"
"http://dbpedia.org/resource/STS-50","STS-46","12"
"http://dbpedia.org/resource/STS-52","STS-66","13"
"http://dbpedia.org/resource/STS-55","STS-71","14"
"http://dbpedia.org/resource/STS-58","STS-74","15"
"http://dbpedia.org/resource/STS-62","STS-76","16"
"http://dbpedia.org/resource/STS-65","STS-79","17"
"http://dbpedia.org/resource/STS-73","STS-81","18"
"http://dbpedia.org/resource/STS-75","STS-84","19"
"http://dbpedia.org/resource/STS-78","STS-86","20"
"http://dbpedia.org/resource/STS-80","STS-101","21"
"http://dbpedia.org/resource/STS-83","STS-106","22"
"http://dbpedia.org/resource/STS-94","STS-98","23"
"http://dbpedia.org/resource/STS-87","STS-104","24"
"http://dbpedia.org/resource/STS-90","STS-110","25"
"http://dbpedia.org/resource/STS-93","STS-112","26"
"http://dbpedia.org/resource/STS-109","STS-115","27"
"http://dbpedia.org/resource/STS-107","STS-117","28"
"http://dbpedia.org/resource/STS-122","STS-122","29"
"http://dbpedia.org/resource/STS-125","STS-125","30"
"http://dbpedia.org/resource/STS-129","STS-129","31"
"http://dbpedia.org/resource/STS-132","STS-132","32"
"http://dbpedia.org/resource/STS-135","STS-135","33"