"http://dbpedia.org/resource/STS-51-J","STS-51-J","1"
"http://dbpedia.org/resource/STS-61-B","STS-61-B","2"
"http://dbpedia.org/resource/STS-27","STS-27","3"
"http://dbpedia.org/resource/STS-30","STS-30","4"
"http://dbpedia.org/resource/STS-34","STS-34","5"
"http://dbpedia.org/resource/STS-36","STS-36","6"
"http://dbpedia.org/resource/STS-38","STS-38","7"
"http://dbpedia.org/resource/STS-37","STS-37","8"
"http://dbpedia.org/resource/STS-43","STS-43","9"
"http://dbpedia.org/resource/STS-44","STS-44","10"
"http://dbpedia.org/resource/STS-45","STS-45","11"
"http://dbpedia.org/resource/STS-46","STS-46","12"
"http://dbpedia.org/resource/STS-66","STS-66","13"
"http://dbpedia.org/resource/STS-71","STS-71","14"
"http://dbpedia.org/resource/STS-74","STS-74","15"
"http://dbpedia.org/resource/STS-76","STS-76","16"
"http://dbpedia.org/resource/STS-79","STS-79","17"
"http://dbpedia.org/resource/STS-81","STS-81","18"
"http://dbpedia.org/resource/STS-84","STS-84","19"
"http://dbpedia.org/resource/STS-86","STS-86","20"
"http://dbpedia.org/resource/STS-101","STS-101","21"
"http://dbpedia.org/resource/STS-106","STS-106","22"
"http://dbpedia.org/resource/STS-98","STS-98","23"
"http://dbpedia.org/resource/STS-104","STS-104","24"
"http://dbpedia.org/resource/STS-110","STS-110","25"
"http://dbpedia.org/resource/STS-112","STS-112","26"
"http://dbpedia.org/resource/STS-115","STS-115","27"
"http://dbpedia.org/resource/STS-117","STS-117","28"
"http://dbpedia.org/resource/STS-122","STS-122","29"
"http://dbpedia.org/resource/STS-125","STS-125","30"
"http://dbpedia.org/resource/STS-129","STS-129","31"
"http://dbpedia.org/resource/STS-132","STS-132","32"
"http://dbpedia.org/resource/STS-135","STS-135","33"