"http://dbpedia.org/resource/Mita_Vashisht","Mita_Vashisht","1"
"http://dbpedia.org/resource/Seema_Biswas","Seema_Biswas","3"
"http://dbpedia.org/resource/Shabana_Azmi","Shabana_Azmi","4"
"http://dbpedia.org/resource/Shefali_Shah","Shefali_Shah","5"
"http://dbpedia.org/resource/Sushmita_Sen","Sushmita_Sen","6"
"http://dbpedia.org/resource/Sonali_Bendre","Sonali_Bendre","7"
"http://dbpedia.org/resource/Raveena_Tandon","Raveena_Tandon","8"
"http://dbpedia.org/resource/Madhuri_Dixit","Madhuri_Dixit","9"
"http://dbpedia.org/resource/Juhi_Chawla","Juhi_Chawla","10"
"http://dbpedia.org/resource/Rani_Mukerji","Rani_Mukerji","11"
"http://dbpedia.org/resource/Shweta_Prasad","Shweta_Prasad","12"
"http://dbpedia.org/resource/Kirron_Kher","Kirron_Kher","13"
"http://dbpedia.org/resource/Chak_De!_India#Cast:_Chak_De_girls","Chak_De!_India#Cast:_Chak_De_girls","14"
"http://dbpedia.org/resource/Shahana_Goswami","Shahana_Goswami","15"
"http://dbpedia.org/resource/Arundathi_Nag","Arundathi_Nag","16"
"http://dbpedia.org/resource/Shernaz_Patel","Shernaz_Patel","17"
"http://dbpedia.org/resource/Aditi_Rao_Hydari","Aditi_Rao_Hydari","18"
"http://dbpedia.org/resource/Dolly_Ahluwalia","Dolly_Ahluwalia","19"
"http://dbpedia.org/resource/Swara_Bhaskar","Swara_Bhaskar","20"