"http://dbpedia.org/resource/Spencer_Tracy","Spencer_Tracy","1"
"http://dbpedia.org/resource/Katharine_Hepburn","Katharine_Hepburn","2"
"http://dbpedia.org/resource/Van_Johnson","Van_Johnson","3"
"http://dbpedia.org/resource/Angela_Lansbury","Angela_Lansbury","4"
"http://dbpedia.org/resource/Adolphe_Menjou","Adolphe_Menjou","5"
"http://dbpedia.org/resource/Lewis_Stone","Lewis_Stone","6"
"http://dbpedia.org/resource/Howard_Smith_(actor)","Howard_Smith_(actor)","7"
"http://dbpedia.org/resource/Charles_Dingle","Charles_Dingle","8"
"http://dbpedia.org/resource/Maidel_Turner","Maidel_Turner","9"
"http://dbpedia.org/resource/Raymond_Walburn","Raymond_Walburn","10"
"http://dbpedia.org/resource/Margaret_Hamilton","Margaret_Hamilton","11"
"http://dbpedia.org/resource/Art_Baker_(actor)","Art_Baker_(actor)","12"
"http://dbpedia.org/resource/Florence_Auer","Florence_Auer","13"
"http://dbpedia.org/resource/Irving_Bacon","Irving_Bacon","14"