"http://dbpedia.org/resource/Melbourne","Melbourne","1"
"http://dbpedia.org/resource/Brisbane","Brisbane","2"
"http://dbpedia.org/resource/Gold_Coast,_Queensland","Gold_Coast,_Queensland","3"
"http://dbpedia.org/resource/Perth","Perth","4"
"http://dbpedia.org/resource/Adelaide","Adelaide","5"
"http://dbpedia.org/resource/Canberra","Canberra","6"
"http://dbpedia.org/resource/Cairns","Cairns","7"
"http://dbpedia.org/resource/Hobart","Hobart","8"
"http://dbpedia.org/resource/Sunshine_Coast,_Queensland","Sunshine_Coast Queensland","9"
"http://dbpedia.org/resource/Coffs_Harbour","Coffs_Harbour","10"
"http://dbpedia.org/resource/Darwin,_Northern_Territory","Darwin,_Northern_Territory","11"
"http://dbpedia.org/resource/Ballina,_New_South_Wales","Ballina,_New_South_Wales","12"
"http://dbpedia.org/resource/Launceston,_Tasmania","Launceston,_Tasmania","13"
"http://dbpedia.org/resource/Albury","Albury","14"
"http://dbpedia.org/resource/Hamilton_Island_(Queensland)","Hamilton_Island_(Queensland)","15"