"http://dbpedia.org/resource/Woodson_(EP)","Woodson_(EP)","1"
"http://dbpedia.org/resource/Four_Minute_Mile","Four_Minute_Mile","2"
"http://dbpedia.org/resource/Red_Letter_Day_(EP)","Red_Letter_Day_(EP)","3"
"http://dbpedia.org/resource/Something_to_Write_Home_About","Something_to_Write_Home_About","4"
"http://dbpedia.org/resource/Eudora_(album)","Eudora_(album)","5"
"http://dbpedia.org/resource/On_a_Wire","On_a_Wire","6"
"http://dbpedia.org/resource/Guilt_Show","Guilt_Show","7"
"http://dbpedia.org/resource/Live!_@_The_Granada_Theater","Live!_@_The_Granada_Theater","9"