"http://dbpedia.org/resource/Jim_Leighton","Jim_Leighton","2"
"http://dbpedia.org/resource/Stewart_McKimmie","Stewart_McKimmie","3"
"http://dbpedia.org/resource/Tom_Boyd_(footballer)","Tom_Boyd_(footballer)","4"
"http://dbpedia.org/resource/Colin_Calderwood","Colin_Calderwood","5"
"http://dbpedia.org/resource/Colin_Hendry","Colin_Hendry","6"
"http://dbpedia.org/resource/Derek_Whyte","Derek_Whyte","7"
"http://dbpedia.org/resource/John_Spencer_(footballer)","John_Spencer_(footballer)","8"
"http://dbpedia.org/resource/Stuart_McCall","Stuart_McCall","9"
"http://dbpedia.org/resource/Ally_McCoist","Ally_McCoist","10"
"http://dbpedia.org/resource/Gary_McAllister","Gary_McAllister","11"
"http://dbpedia.org/resource/John_Collins_(footballer_born_1968)","John_Collins_(footballer_born_1968)","12"
"http://dbpedia.org/resource/Andy_Goram","Andy_Goram","13"
"http://dbpedia.org/resource/Tosh_McKinlay","Tosh_McKinlay","14"
"http://dbpedia.org/resource/Gordon_Durie","Gordon_Durie","15"
"http://dbpedia.org/resource/Eoin_Jess","Eoin_Jess","16"
"http://dbpedia.org/resource/Craig_Burley","Craig_Burley","17"
"http://dbpedia.org/resource/Billy_McKinlay","Billy_McKinlay","18"
"http://dbpedia.org/resource/Kevin_Gallacher","Kevin_Gallacher","19"
"http://dbpedia.org/resource/Darren_Jackson","Darren_Jackson","20"
"http://dbpedia.org/resource/Scott_Booth","Scott_Booth","21"
"http://dbpedia.org/resource/Scot_Gemmill","Scot_Gemmill","22"
"http://dbpedia.org/resource/Nicky_Walker","Nicky_Walker","23"