"http://dbpedia.org/resource/J%C3%B6rg_Stiel","J%C3%B6rg_Stiel","2"
"http://dbpedia.org/resource/Bernt_Haas","Bernt_Haas","3"
"http://dbpedia.org/resource/Bruno_Berner","Bruno_Berner","4"
"http://dbpedia.org/resource/St%C3%A9phane_Henchoz","St%C3%A9phane_Henchoz","5"
"http://dbpedia.org/resource/Murat_Yakin","Murat_Yakin","6"
"http://dbpedia.org/resource/Johann_Vogel","Johann_Vogel","7"
"http://dbpedia.org/resource/Ricardo_Cabanas","Ricardo_Cabanas","8"
"http://dbpedia.org/resource/Rapha%C3%ABl_Wicky","Rapha%C3%ABl_Wicky","9"
"http://dbpedia.org/resource/Alexander_Frei","Alexander_Frei","10"
"http://dbpedia.org/resource/Hakan_Yakin","Hakan_Yakin","11"
"http://dbpedia.org/resource/St%C3%A9phane_Chapuisat","St%C3%A9phane_Chapuisat","12"
"http://dbpedia.org/resource/Pascal_Zuberb%C3%BChler","Pascal_Zuberb%C3%BChler","13"
"http://dbpedia.org/resource/Marco_Zwyssig","Marco_Zwyssig","14"
"http://dbpedia.org/resource/Ludovic_Magnin","Ludovic_Magnin","15"
"http://dbpedia.org/resource/Daniel_Gygax","Daniel_Gygax","16"
"http://dbpedia.org/resource/Fabio_Celestini","Fabio_Celestini","17"
"http://dbpedia.org/resource/Christoph_Spycher","Christoph_Spycher","18"
"http://dbpedia.org/resource/Benjamin_Huggel","Benjamin_Huggel","19"
"http://dbpedia.org/resource/Tranquillo_Barnetta","Tranquillo_Barnetta","20"
"http://dbpedia.org/resource/Patrick_M%C3%BCller","Patrick_M%C3%BCller","21"
"http://dbpedia.org/resource/Milaim_Rama","Milaim_Rama","22"
"http://dbpedia.org/resource/Johan_Vonlanthen","Johan_Vonlanthen","23"
"http://dbpedia.org/resource/S%C3%A9bastien_Roth","S%C3%A9bastien_Roth","24"