"http://dbpedia.org/resource/Jeff_Sessions","Jeff_Sessions","1"
"http://dbpedia.org/resource/Ted_Stevens","Ted_Stevens","2"
"http://dbpedia.org/resource/Mark_Pryor","Mark_Pryor","3"
"http://dbpedia.org/resource/Wayne_Allard","Wayne_Allard","4"
"http://dbpedia.org/resource/Joe_Biden","Joe_Biden","5"
"http://dbpedia.org/resource/Saxby_Chambliss","Saxby_Chambliss","6"
"http://dbpedia.org/resource/Larry_Craig","Larry_Craig","7"
"http://dbpedia.org/resource/Dick_Durbin","Dick_Durbin","8"
"http://dbpedia.org/resource/Tom_Harkin","Tom_Harkin","9"
"http://dbpedia.org/resource/Pat_Roberts","Pat_Roberts","10"
"http://dbpedia.org/resource/Mitch_McConnell","Mitch_McConnell","11"
"http://dbpedia.org/resource/Mary_Landrieu","Mary_Landrieu","12"
"http://dbpedia.org/resource/Susan_Collins","Susan_Collins","13"
"http://dbpedia.org/resource/John_Kerry","John_Kerry","14"
"http://dbpedia.org/resource/Carl_Levin","Carl_Levin","15"
"http://dbpedia.org/resource/Norm_Coleman","Norm_Coleman","16"
"http://dbpedia.org/resource/Thad_Cochran","Thad_Cochran","17"
"http://dbpedia.org/resource/Roger_Wicker","Roger_Wicker","18"
"http://dbpedia.org/resource/Max_Baucus","Max_Baucus","19"
"http://dbpedia.org/resource/Chuck_Hagel","Chuck_Hagel","20"
"http://dbpedia.org/resource/John_E._Sununu","John_E._Sununu","21"
"http://dbpedia.org/resource/Frank_Lautenberg","Frank_Lautenberg","22"
"http://dbpedia.org/resource/Pete_Domenici","Pete_Domenici","23"
"http://dbpedia.org/resource/Elizabeth_Dole","Elizabeth_Dole","24"
"http://dbpedia.org/resource/Jim_Inhofe","Jim_Inhofe","25"
"http://dbpedia.org/resource/Gordon_Smith_(politician)","Gordon_Smith_(politician)","26"
"http://dbpedia.org/resource/Jack_Reed_(politician)","Jack_Reed_(politician)","27"
"http://dbpedia.org/resource/Lindsey_Graham","Lindsey_Graham","28"
"http://dbpedia.org/resource/Tim_Johnson_(politician)","Tim_Johnson_(politician)","29"
"http://dbpedia.org/resource/Lamar_Alexander","Lamar_Alexander","30"
"http://dbpedia.org/resource/John_Cornyn","John_Cornyn","31"
"http://dbpedia.org/resource/John_Warner","John_Warner","32"
"http://dbpedia.org/resource/Jay_Rockefeller","Jay_Rockefeller","33"
"http://dbpedia.org/resource/Mike_Enzi","Mike_Enzi","34"
"http://dbpedia.org/resource/John_Barrasso","John_Barrasso","35"