"http://dbpedia.org/resource/American_Independent_Party","American_Independent_Party","1"
"http://dbpedia.org/resource/Alaskan_Independence_Party","Alaskan_Independence_Party","2"
"http://dbpedia.org/resource/Constitution_Party_(United_States)","Constitution_Party_(United_States)","3"
"http://dbpedia.org/resource/Conservative_Party_of_New_York","Conservative_Party_of_New_York","4"
"http://dbpedia.org/resource/Democratic_Party_(United_States)","Democratic_Party_(United_States)","5"
"http://dbpedia.org/resource/Green_Party_(United_States)","Green_Party_(United_States)","6"
"http://dbpedia.org/resource/Independent_(politician)","Independent_(politician)","7"
"http://dbpedia.org/resource/Independent_American_Party","Independent_American_Party","8"
"http://dbpedia.org/resource/Independent_Green_Party_of_Virginia","Independent_Green_Party_of_Virginia","9"
"http://dbpedia.org/resource/Independence_Party_of_America","Independence_Party_of_America","10"
"http://dbpedia.org/resource/Libertarian_Party_(United_States)","Libertarian_Party_(United_States)","11"
"http://dbpedia.org/resource/Liberty_Union_Party","Liberty_Union_Party","12"
"http://dbpedia.org/resource/New_Progressive_Party_of_Puerto_Rico","New_Progressive_Party_of_Puerto_Rico","13"
"http://dbpedia.org/resource/Pacific_Green_Party","Pacific_Green_Party","14"
"http://dbpedia.org/resource/Peace_and_Freedom_Party","Peace_and_Freedom_Party","15"
"http://dbpedia.org/resource/Popular_Democratic_Party_of_Puerto_Rico","Popular_Democratic_Party_of_Puerto_Rico","16"
"http://dbpedia.org/resource/Vermont_Progressive_Party","Vermont_Progressive_Party","17"
"http://dbpedia.org/resource/Puerto_Rican_Independence_Party","Puerto_Rican_Independence_Party","18"
"http://dbpedia.org/resource/Puerto_Ricans_for_Puerto_Rico_Party","Puerto_Ricans_for_Puerto_Rico_Party","19"
"http://dbpedia.org/resource/Reform_Party_of_the_United_States_of_America","Reform_Party_of_the_United_States_of_America","20"
"http://dbpedia.org/resource/Republican_Party_(United_States)","Republican_Party_(United_States)","21"
"http://dbpedia.org/resource/Socialist_Party_USA","Socialist_Party_USA","22"
"http://dbpedia.org/resource/Socialist_Workers_Party_(United_States)","Socialist_Workers_Party_(United_States)","23"
"http://dbpedia.org/resource/United_States_Taxpayers_Party","United_States_Taxpayers_Party","25"
"http://dbpedia.org/resource/Working_Families_Party","Working_Families_Party","26"
"http://dbpedia.org/resource/Write-In_Candidate","Write-In_Candidate","27"