"http://dbpedia.org/resource/New_York%27s_1st_congressional_district","New_York%27s_1st_congressional_district","1"
"http://dbpedia.org/resource/New_York%27s_2nd_congressional_district","New_York%27s_2nd_congressional_district","2"
"http://dbpedia.org/resource/New_York%27s_3rd_congressional_district","New_York%27s_3rd_congressional_district","3"
"http://dbpedia.org/resource/New_York%27s_4th_congressional_district","New_York%27s_4th_congressional_district","4"
"http://dbpedia.org/resource/New_York%27s_5th_congressional_district","New_York%27s_5th_congressional_district","5"
"http://dbpedia.org/resource/New_York%27s_6th_congressional_district","New_York%27s_6th_congressional_district","6"
"http://dbpedia.org/resource/New_York%27s_7th_congressional_district","New_York%27s_7th_congressional_district","7"
"http://dbpedia.org/resource/New_York%27s_8th_congressional_district","New_York%27s_8th_congressional_district","8"
"http://dbpedia.org/resource/New_York%27s_9th_congressional_district","New_York%27s_9th_congressional_district","9"
"http://dbpedia.org/resource/New_York%27s_10th_congressional_district","New_York%27s_10th_congressional_district","10"
"http://dbpedia.org/resource/New_York%27s_11th_congressional_district","New_York%27s_11th_congressional_district","11"
"http://dbpedia.org/resource/New_York%27s_12th_congressional_district","New_York%27s_12th_congressional_district","12"
"http://dbpedia.org/resource/New_York%27s_13th_congressional_district","New_York%27s_13th_congressional_district","13"
"http://dbpedia.org/resource/New_York%27s_14th_congressional_district","New_York%27s_14th_congressional_district","14"
"http://dbpedia.org/resource/New_York%27s_15th_congressional_district","New_York%27s_15th_congressional_district","15"
"http://dbpedia.org/resource/New_York%27s_16th_congressional_district","New_York%27s_16th_congressional_district","16"
"http://dbpedia.org/resource/New_York%27s_17th_congressional_district","New_York%27s_17th_congressional_district","17"
"http://dbpedia.org/resource/New_York%27s_18th_congressional_district","New_York%27s_18th_congressional_district","18"
"http://dbpedia.org/resource/New_York%27s_19th_congressional_district","New_York%27s_19th_congressional_district","19"
"http://dbpedia.org/resource/New_York%27s_20th_congressional_district","New_York%27s_20th_congressional_district","20"
"http://dbpedia.org/resource/New_York%27s_21st_congressional_district","New_York%27s_21st_congressional_district","21"
"http://dbpedia.org/resource/New_York%27s_22nd_congressional_district","New_York%27s_22nd_congressional_district","22"
"http://dbpedia.org/resource/New_York%27s_23rd_congressional_district","New_York%27s_23rd_congressional_district","23"
"http://dbpedia.org/resource/New_York%27s_24th_congressional_district","New_York%27s_24th_congressional_district","24"
"http://dbpedia.org/resource/New_York%27s_25th_congressional_district","New_York%27s_25th_congressional_district","25"
"http://dbpedia.org/resource/New_York%27s_26th_congressional_district","New_York%27s_26th_congressional_district","26"
"http://dbpedia.org/resource/New_York%27s_27th_congressional_district","New_York%27s_27th_congressional_district","27"
"http://dbpedia.org/resource/New_York%27s_28th_congressional_district","New_York%27s_28th_congressional_district","28"
"http://dbpedia.org/resource/New_York%27s_29th_congressional_district","New_York%27s_29th_congressional_district","29"
"http://dbpedia.org/resource/New_York%27s_30th_congressional_district","New_York%27s_30th_congressional_district","30"
"http://dbpedia.org/resource/New_York%27s_31st_congressional_district","New_York%27s_31st_congressional_district","31"