"http://dbpedia.org/resource/Washington%27s_1st_congressional_district","Washington%27s_1st_congressional_district","1"
"http://dbpedia.org/resource/Washington%27s_2nd_congressional_district","Washington%27s_2nd_congressional_district","2"
"http://dbpedia.org/resource/Washington%27s_3rd_congressional_district","Washington%27s_3rd_congressional_district","3"
"http://dbpedia.org/resource/Washington%27s_4th_congressional_district","Washington%27s_4th_congressional_district","4"
"http://dbpedia.org/resource/Washington%27s_5th_congressional_district","Washington%27s_5th_congressional_district","5"
"http://dbpedia.org/resource/Washington%27s_6th_congressional_district","Washington%27s_6th_congressional_district","6"
"http://dbpedia.org/resource/Washington%27s_7th_congressional_district","Washington%27s_7th_congressional_district","7"
"http://dbpedia.org/resource/Washington%27s_8th_congressional_district","Washington%27s_8th_congressional_district","8"
"http://dbpedia.org/resource/Washington%27s_9th_congressional_district","Washington%27s_9th_congressional_district","9"