"http://dbpedia.org/resource/California%27s_1st_congressional_district","California%27s_1st_congressional_district","1"
"http://dbpedia.org/resource/California%27s_2nd_congressional_district","California%27s_2nd_congressional_district","2"
"http://dbpedia.org/resource/California%27s_3rd_congressional_district","California%27s_3rd_congressional_district","3"
"http://dbpedia.org/resource/California%27s_4th_congressional_district","California%27s_4th_congressional_district","4"
"http://dbpedia.org/resource/California%27s_5th_congressional_district","California%27s_5th_congressional_district","5"
"http://dbpedia.org/resource/California%27s_6th_congressional_district","California%27s_6th_congressional_district","6"
"http://dbpedia.org/resource/California%27s_7th_congressional_district","California%27s_7th_congressional_district","7"
"http://dbpedia.org/resource/California%27s_8th_congressional_district","California%27s_8th_congressional_district","8"
"http://dbpedia.org/resource/California%27s_9th_congressional_district","California%27s_9th_congressional_district","9"
"http://dbpedia.org/resource/California%27s_10th_congressional_district","California%27s_10th_congressional_district","10"
"http://dbpedia.org/resource/California%27s_11th_congressional_district","California%27s_11th_congressional_district","11"
"http://dbpedia.org/resource/California%27s_12th_congressional_district","California%27s_12th_congressional_district","12"
"http://dbpedia.org/resource/California%27s_13th_congressional_district","California%27s_13th_congressional_district","13"
"http://dbpedia.org/resource/California%27s_14th_congressional_district","California%27s_14th_congressional_district","14"
"http://dbpedia.org/resource/California%27s_15th_congressional_district","California%27s_15th_congressional_district","15"
"http://dbpedia.org/resource/California%27s_16th_congressional_district","California%27s_16th_congressional_district","16"
"http://dbpedia.org/resource/California%27s_17th_congressional_district","California%27s_17th_congressional_district","17"
"http://dbpedia.org/resource/California%27s_18th_congressional_district","California%27s_18th_congressional_district","18"
"http://dbpedia.org/resource/California%27s_19th_congressional_district","California%27s_19th_congressional_district","19"
"http://dbpedia.org/resource/California%27s_20th_congressional_district","California%27s_20th_congressional_district","20"
"http://dbpedia.org/resource/California%27s_22nd_congressional_district","California%27s_22nd_congressional_district","21"
"http://dbpedia.org/resource/California%27s_23rd_congressional_district","California%27s_23rd_congressional_district","22"
"http://dbpedia.org/resource/California%27s_24th_congressional_district","California%27s_24th_congressional_district","23"
"http://dbpedia.org/resource/California%27s_25th_congressional_district","California%27s_25th_congressional_district","24"
"http://dbpedia.org/resource/California%27s_26th_congressional_district","California%27s_26th_congressional_district","25"
"http://dbpedia.org/resource/California%27s_27th_congressional_district","California%27s_27th_congressional_district","26"
"http://dbpedia.org/resource/California%27s_28th_congressional_district","California%27s_28th_congressional_district","27"
"http://dbpedia.org/resource/California%27s_29th_congressional_district","California%27s_29th_congressional_district","28"
"http://dbpedia.org/resource/California%27s_30th_congressional_district","California%27s_30th_congressional_district","29"
"http://dbpedia.org/resource/California%27s_31st_congressional_district","California%27s_31st_congressional_district","30"
"http://dbpedia.org/resource/California%27s_32nd_congressional_district","California%27s_32nd_congressional_district","31"
"http://dbpedia.org/resource/California%27s_33rd_congressional_district","California%27s_33rd_congressional_district","32"
"http://dbpedia.org/resource/California%27s_34th_congressional_district","California%27s_34th_congressional_district","33"
"http://dbpedia.org/resource/California%27s_35th_congressional_district","California%27s_35th_congressional_district","34"
"http://dbpedia.org/resource/California%27s_36th_congressional_district","California%27s_36th_congressional_district","35"
"http://dbpedia.org/resource/California%27s_37th_congressional_district","California%27s_37th_congressional_district","36"
"http://dbpedia.org/resource/California%27s_38th_congressional_district","California%27s_38th_congressional_district","37"
"http://dbpedia.org/resource/California%27s_39th_congressional_district","California%27s_39th_congressional_district","38"
"http://dbpedia.org/resource/California%27s_40th_congressional_district","California%27s_40th_congressional_district","39"
"http://dbpedia.org/resource/California%27s_41st_congressional_district","California%27s_41st_congressional_district","40"
"http://dbpedia.org/resource/California%27s_42nd_congressional_district","California%27s_42nd_congressional_district","41"
"http://dbpedia.org/resource/California%27s_43rd_congressional_district","California%27s_43rd_congressional_district","42"
"http://dbpedia.org/resource/California%27s_44th_congressional_district","California%27s_44th_congressional_district","43"
"http://dbpedia.org/resource/California%27s_45th_congressional_district","California%27s_45th_congressional_district","44"
"http://dbpedia.org/resource/California%27s_46th_congressional_district","California%27s_46th_congressional_district","45"
"http://dbpedia.org/resource/California%27s_47th_congressional_district","California%27s_47th_congressional_district","46"
"http://dbpedia.org/resource/California%27s_48th_congressional_district","California%27s_48th_congressional_district","47"
"http://dbpedia.org/resource/California%27s_49th_congressional_district","California%27s_49th_congressional_district","48"
"http://dbpedia.org/resource/California%27s_50th_congressional_district","California%27s_50th_congressional_district","49"
"http://dbpedia.org/resource/California%27s_51st_congressional_district","California%27s_51st_congressional_district","50"
"http://dbpedia.org/resource/California%27s_52nd_congressional_district","California%27s_52nd_congressional_district","51"
"http://dbpedia.org/resource/California%27s_53rd_congressional_district","California%27s_53rd_congressional_district","52"