"http://dbpedia.org/resource/Richard_Shelby","Richard_Shelby","1"
"http://dbpedia.org/resource/Lisa_Murkowski","Lisa_Murkowski","2"
"http://dbpedia.org/resource/John_McCain","John_McCain","3"
"http://dbpedia.org/resource/Blanche_Lincoln","Blanche_Lincoln","4"
"http://dbpedia.org/resource/Barbara_Boxer","Barbara_Boxer","5"
"http://dbpedia.org/resource/Michael_Bennet","Michael_Bennet","6"
"http://dbpedia.org/resource/Christopher_Dodd","Christopher_Dodd","7"
"http://dbpedia.org/resource/George_LeMieux","George_LeMieux","8"
"http://dbpedia.org/resource/Johnny_Isakson","Johnny_Isakson","9"
"http://dbpedia.org/resource/Daniel_Inouye","Daniel_Inouye","10"
"http://dbpedia.org/resource/Mike_Crapo","Mike_Crapo","11"
"http://dbpedia.org/resource/Roland_Burris","Roland_Burris","12"
"http://dbpedia.org/resource/Evan_Bayh","Evan_Bayh","13"
"http://dbpedia.org/resource/Chuck_Grassley","Chuck_Grassley","14"
"http://dbpedia.org/resource/Sam_Brownback","Sam_Brownback","15"
"http://dbpedia.org/resource/Jim_Bunning","Jim_Bunning","16"
"http://dbpedia.org/resource/David_Vitter","David_Vitter","17"
"http://dbpedia.org/resource/Barbara_Mikulski","Barbara_Mikulski","18"
"http://dbpedia.org/resource/Kit_Bond","Kit_Bond","19"
"http://dbpedia.org/resource/Harry_Reid","Harry_Reid","20"
"http://dbpedia.org/resource/Judd_Gregg","Judd_Gregg","21"
"http://dbpedia.org/resource/Chuck_Schumer","Chuck_Schumer","22"
"http://dbpedia.org/resource/Richard_Burr","Richard_Burr","23"
"http://dbpedia.org/resource/Byron_Dorgan","Byron_Dorgan","24"
"http://dbpedia.org/resource/George_Voinovich","George_Voinovich","25"
"http://dbpedia.org/resource/Tom_Coburn","Tom_Coburn","26"
"http://dbpedia.org/resource/Ron_Wyden","Ron_Wyden","27"
"http://dbpedia.org/resource/Arlen_Specter","Arlen_Specter","28"
"http://dbpedia.org/resource/Jim_DeMint","Jim_DeMint","29"
"http://dbpedia.org/resource/John_Thune","John_Thune","30"
"http://dbpedia.org/resource/Bob_Bennett_(politician)","Bob_Bennett_(politician)","31"
"http://dbpedia.org/resource/Patrick_Leahy","Patrick_Leahy","32"
"http://dbpedia.org/resource/Patty_Murray","Patty_Murray","33"