"http://dbpedia.org/resource/Berovo","Berovo","1"
"http://dbpedia.org/resource/Bitola","Bitola","2"
"http://dbpedia.org/resource/Delcevo","Delcevo","3"
"http://dbpedia.org/resource/Gevgelija","Gevgelija","4"
"http://dbpedia.org/resource/Gostivar","Gostivar","5"
"http://dbpedia.org/resource/Kavadarci","Kavadarci","6"
"http://dbpedia.org/resource/Kicevo","Kicevo","7"
"http://dbpedia.org/resource/Kocani","Kocani","8"
"http://dbpedia.org/resource/Kriva Palanka","Kriva Palanka","9"
"http://dbpedia.org/resource/Kumanovo","Kumanovo","10"
"http://dbpedia.org/resource/Negotino","Negotino","11"
"http://dbpedia.org/resource/Ohrid","Ohrid","12"
"http://dbpedia.org/resource/Prilep","Prilep","13"
"http://dbpedia.org/resource/Radovish","Radovish","14"
"http://dbpedia.org/resource/Resen_(town)","Resen_(town)","15"
"http://dbpedia.org/resource/Skopje","Skopje","16"
"http://dbpedia.org/resource/Sveti Nikole","Sveti Nikole","17"
"http://dbpedia.org/resource/Struga","Struga","18"
"http://dbpedia.org/resource/Strumica","Strumica","19"
"http://dbpedia.org/resource/Shtip","Shtip","20"
"http://dbpedia.org/resource/Tetovo","Tetovo","21"
"http://dbpedia.org/resource/Veles_(city)","Veles_(city)","22"
"http://dbpedia.org/resource/Vinica","Vinica","23"
"http://dbpedia.org/resource/Vevcani","Vevcani","24"