"http://dbpedia.org/resource/Aeschi","Aeschi","1"
"http://dbpedia.org/resource/Biberist","Biberist","2"
"http://dbpedia.org/resource/Bolken","Bolken","3"
"http://dbpedia.org/resource/Deitingen","Deitingen","4"
"http://dbpedia.org/resource/Derendingen,_Switzerland","Derendingen,_Switzerland","5"
"http://dbpedia.org/resource/Drei_H%C3%B6fe","Drei_H%C3%B6fe","6"
"http://dbpedia.org/resource/Etziken","Etziken","7"
"http://dbpedia.org/resource/Gerlafingen","Gerlafingen","8"
"http://dbpedia.org/resource/Halten","Halten","9"
"http://dbpedia.org/resource/Horriwil","Horriwil","10"
"http://dbpedia.org/resource/H%C3%BCniken","H%C3%BCniken","11"
"http://dbpedia.org/resource/Kriegstetten","Kriegstetten","12"
"http://dbpedia.org/resource/Lohn-Ammannsegg","Lohn-Ammannsegg","13"
"http://dbpedia.org/resource/Luterbach","Luterbach","14"
"http://dbpedia.org/resource/Obergerlafingen","Obergerlafingen","15"
"http://dbpedia.org/resource/Oekingen","Oekingen","16"
"http://dbpedia.org/resource/Recherswil","Recherswil","17"
"http://dbpedia.org/resource/Subingen","Subingen","18"
"http://dbpedia.org/resource/Zuchwil","Zuchwil","19"