"http://dbpedia.org/resource/University_of_Wisconsin%E2%80%93Eau_Claire","University_of_Wisconsin%E2%80%93Eau_Claire","1"
"http://dbpedia.org/resource/University_of_Wisconsin%E2%80%93La_Crosse","University_of_Wisconsin%E2%80%93La_Crosse","2"
"http://dbpedia.org/resource/University_of_Wisconsin%E2%80%93Oshkosh","University_of_Wisconsin%E2%80%93Oshkosh","3"
"http://dbpedia.org/resource/University_of_Wisconsin%E2%80%93Platteville","University_of_Wisconsin%E2%80%93Platteville","4"
"http://dbpedia.org/resource/University_of_Wisconsin%E2%80%93River_Falls","University_of_Wisconsin%E2%80%93River_Falls","5"
"http://dbpedia.org/resource/University_of_Wisconsin%E2%80%93Stevens_Point","University_of_Wisconsin%E2%80%93Stevens_Point","6"
"http://dbpedia.org/resource/University_of_Wisconsin%E2%80%93Stout","University_of_Wisconsin%E2%80%93Stout","7"
"http://dbpedia.org/resource/University_of_Wisconsin%E2%80%93Superior","University_of_Wisconsin%E2%80%93Superior","8"
"http://dbpedia.org/resource/University_of_Wisconsin%E2%80%93Whitewater","University_of_Wisconsin%E2%80%93Whitewater","9"