"http://dbpedia.org/resource/Gary_Gilmour","Gary_Gilmour","1"
"http://dbpedia.org/resource/Aaqib_Javed","Aaqib_Javed","2"
"http://dbpedia.org/resource/Waqar_Younis","Waqar_Younis","3"
"http://dbpedia.org/resource/Chaminda_Vaas","Chaminda_Vaas","4"
"http://dbpedia.org/resource/Chaminda_Vaas","Chaminda_Vaas","5"
"http://dbpedia.org/resource/Joel_Garner","Joel_Garner","6"
"http://dbpedia.org/resource/Sunil_Joshi","Sunil_Joshi","7"
"http://dbpedia.org/resource/Shaun_Pollock","Shaun_Pollock","8"
"http://dbpedia.org/resource/Muttiah_Muralitharan","Muttiah_Muralitharan","9"
"http://dbpedia.org/resource/Madan_Lal","Madan_Lal","10"