"http://dbpedia.org/resource/Donald_Bradman","Donald_Bradman","1"
"http://dbpedia.org/resource/Brian_Lara","Brian_Lara","2"
"http://dbpedia.org/resource/Graham_Gooch","Graham_Gooch","3"
"http://dbpedia.org/resource/Ian_Botham","Ian_Botham","4"
"http://dbpedia.org/resource/Donald_Bradman","Donald_Bradman","5"
"http://dbpedia.org/resource/V._V._S._Laxman","V._V._S._Laxman","6"
"http://dbpedia.org/resource/Clem_Hill","Clem_Hill","7"
"http://dbpedia.org/resource/Azhar_Mahmood","Azhar_Mahmood","8"
"http://dbpedia.org/resource/Kim_Hughes","Kim_Hughes","9"
"http://dbpedia.org/resource/Brian_Lara","Brian_Lara","10"