"http://dbpedia.org/resource/Jia_Perkins","Jia_Perkins","1"
"http://dbpedia.org/resource/Brooke_Wyckoff","Brooke_Wyckoff","2"
"http://dbpedia.org/resource/Elaine_Powell","Elaine_Powell","3"
"http://dbpedia.org/resource/Kiesha_Brown","Kiesha_Brown","4"
"http://dbpedia.org/resource/Deanna_Jackson","Deanna_Jackson","5"
"http://dbpedia.org/resource/Stacey_Lovelace-Tolbert","Stacey_Lovelace-Tolbert","7"
"http://dbpedia.org/resource/Ashley_Robinson","Ashley_Robinson","9"
"http://dbpedia.org/resource/Chelsea_Newton","Chelsea_Newton","10"
"http://dbpedia.org/resource/Bernadette_Ngoyisa","Bernadette_Ngoyisa","11"
"http://dbpedia.org/resource/Stacey_Dales","Stacey_Dales","13"