"http://dbpedia.org/resource/Krrish","Krrish","2"
"http://dbpedia.org/resource/Black_(2005_film)","Black_(2005_film)","3"
"http://dbpedia.org/resource/Veer-Zaara","Veer-Zaara","4"
"http://dbpedia.org/resource/Devdas_(2002_Hindi_film)","Devdas_(2002_Hindi_film)","6"
"http://dbpedia.org/resource/Lagaan","Lagaan","7"
"http://dbpedia.org/resource/Kaho_Naa..._Pyaar_Hai","Kaho_Naa..._Pyaar_Hai","8"
"http://dbpedia.org/resource/Sarfarosh","Sarfarosh","9"
"http://dbpedia.org/resource/Kuch_Kuch_Hota_Hai","Kuch_Kuch_Hota_Hai","10"
"http://dbpedia.org/resource/Dil_To_Pagal_Hai","Dil_To_Pagal_Hai","11"