http://www.w3.org/1999/02/22-rdf-syntax-nstype	11067684	0.2862284891
http://purl.org/dc/elements/1.1/description	4799400	0.1241203679
http://rdf.data-vocabulary.org/region	3983829	0.1030283622
http://rdf.data-vocabulary.org/address	3942969	0.1019716554
http://search.yahoo.com/searchmonkey/reference/summary	3819047	0.0987668289
http://rdf.data-vocabulary.org/locality	3406206	0.0880900825
http://rdf.data-vocabulary.org/street-address	2853733	0.0738022232
http://rdf.data-vocabulary.org/postal-code	2412437	0.0623895837
http://purl.org/dc/elements/1.1/title	2410515	0.0623398776
http://rdf.data-vocabulary.org/nickname	2229645	0.0576622823
http://rdf.data-vocabulary.org/role	2225514	0.0575554479
http://rdf.data-vocabulary.org/name	1979489	0.0511928372
http://www.w3.org/2006/vcard/nslocality	1839149	0.0475634143
http://rdf.data-vocabulary.org/photo	1664637	0.0430502473
http://opengraphprotocol.org/schema/site-name	1645571	0.0425571692
http://rdf.data-vocabulary.org/country-name	1520763	0.0393294293
http://www.w3.org/2006/vcard/nsregion	1472488	0.0380809585
http://www.w3.org/2006/vcard/nsadr	1447631	0.0374381157
http://www.w3.org/2006/vcard/nsstreet-address	1444588	0.0373594187
http://search.yahoo.com/searchmonkey-relation/Link	1345387	0.0347939179
http://rdf.data-vocabulary.org/itemreviewed	1327068	0.0343201584
http://rdf.data-vocabulary.org/count	1292306	0.033421156
http://rdf.data-vocabulary.org/rating	1263436	0.0326745304
http://creativecommons.org/nsattributionURL	1238847	0.0320386185
http://www.w3.org/2004/02/skos/coresubject	1218602	0.0315150495
http://purl.org/dc/elements/1.1/type	1172841	0.0303315949
http://creativecommons.org/nsattributionName	1146459	0.029649313
http://www.w3.org/2006/vcard/nstel	1144816	0.0296068223
http://www.facebook.com/2008/fbmlapp-id	1024725	0.0265010718
http://opengraphprotocol.org/schema/title	1016715	0.0262939201
http://opengraphprotocol.org/schema/url	973784	0.0251836539
http://opengraphprotocol.org/schema/type	950066	0.0245702674
http://purl.org/dc/terms/title	918731	0.0237598929
http://x.myspacecdn.com/modules/sitesearch/static/rdf/profileschema.rdfphoto	911675	0.0235774131
http://x.myspacecdn.com/modules/sitesearch/static/rdf/profileschema.rdfaddToFriends	911656	0.0235769217
http://x.myspacecdn.com/modules/sitesearch/static/rdf/profileschema.rdfsendMessage	911653	0.0235768441
http://xmlns.com/foaf/0.1/name	886196	0.0229184843
http://search.yahoo.com/searchmonkey/media/thumbnail	846702	0.0218971046
http://search.yahoo.com/searchmonkey/media/title	821072	0.0212342707
http://www.purl.org/stuff/revrating	818677	0.0211723321
http://www.facebook.com/2008/fbmladmins	816329	0.0211116089
http://x.myspacecdn.com/modules/sitesearch/static/rdf/profileschema.rdffriendCount	814103	0.0210540409
http://x.myspacecdn.com/modules/sitesearch/static/rdf/profileschema.rdfviewPictures	813941	0.0210498513
http://x.myspacecdn.com/modules/sitesearch/static/rdf/profileschema.rdfprofileType	789355	0.020414017
http://purl.org/dc/terms/date	750400	0.0194065767
http://purl.org/dc/terms/creator	732360	0.0189400326
http://rdf.data-vocabulary.org/tel	705614	0.0182483371
http://purl.org/dc/terms/type	669919	0.0173252058
http://purl.org/dc/terms/description	632525	0.0163581355
http://opengraphprotocol.org/schema/image	622247	0.0160923296
http://www.purl.org/stuff/revmaxRating	574859	0.0148667981
http://www.purl.org/stuff/revnumRatings	574859	0.0148667981
http://www.w3.org/2006/vcard/nspostal-code	563938	0.0145843631
http://dbpedia.org/property/redirect	553985	0.0143269621
http://www.w3.org/2006/vcard/nsfn	552811	0.0142966006
http://www.w3.org/2006/vcard/nsurl	536456	0.0138736334
http://purl.org/mediasample	507158	0.013115939
http://search.yahoo.com/searchmonkey/media/height	497777	0.0128733309
http://search.yahoo.com/searchmonkey/media/width	497776	0.0128733051
http://x.myspacecdn.com/modules/sitesearch/static/rdf/profileschema.rdfheadline	487998	0.0126204299
http://purl.org/dc/elements/1.1/source	483906	0.0125146041
http://purl.org/dc/terms/duration	444327	0.0114910261
http://search.yahoo.com/searchmonkey/media/presentation	426450	0.0110286975
http://x.myspacecdn.com/modules/sitesearch/static/rdf/profileschema.rdfmood	422249	0.0109200528
http://x.myspacecdn.com/modules/sitesearch/static/rdf/profileschema.rdflastLogin	421643	0.0109043806
http://xmlns.com/foaf/0.1/homepage	412159	0.0106591088
http://x.myspacecdn.com/modules/sitesearch/static/rdf/profileschema.rdfstatus	411335	0.0106377988
http://www.w3.org/2000/01/rdf-schemalabel	411192	0.0106341006
http://purl.org/mediaposition	409078	0.0105794291
http://opengraphprotocol.org/schema/description	407078	0.0105277058
http://www.purl.org/stuff/revReview	406275	0.0105069389
http://search.yahoo.com/searchmonkey/commerce/businessCategory	395529	0.0102290297
http://www.purl.org/stuff/revtext	385141	0.0099603789
http://rdf.data-vocabulary.org/average	362267	0.0093688197
http://dbpedia.org/property/wikiPageUsesTemplate	359278	0.0092915193
http://www.w3.org/2002/07/owlsameAs	353759	0.0091487889
http://www.w3.org/2006/vcard/nsnickname	335418	0.0086744605
http://purl.org/dc/elements/1.1/creator	334824	0.0086590987
http://www.w3.org/2006/vcard/nslongitude	331792	0.0085806862
http://www.w3.org/2006/vcard/nslatitude	331792	0.0085806862
http://purl.org/mediadepiction	331589	0.0085754362
http://purl.org/dc/terms/contributor	331328	0.0085686864
http://purl.org/commercecosts	330964	0.0085592727
http://purl.org/commerceamount	330940	0.008558652
http://purl.org/commercecurrency	330940	0.008558652
http://www.w3.org/2006/vcard/nsName	330833	0.0085558848
http://purl.org/commercepayment	327242	0.0084630157
http://www.w3.org/2000/01/rdf-schemacomment	315565	0.0081610293
http://search.yahoo.com/searchmonkey/media/document	310142	0.0080207816
http://search.yahoo.com/searchmonkey-relation/Product	309674	0.0080086783
http://search.aol.com/rdf/findsdesc	279081	0.0072174931
http://search.aol.com/rdf/findsdurl	279064	0.0072170535
http://search.yahoo.com/searchmonkey-relation/Review	277946	0.0071881401
http://www.purl.org/stuff/revsummary	243818	0.006305534
http://purl.org/dc/elements/1.1/date	242520	0.0062719656
http://xmlns.com/foaf/0.1/page	236793	0.006123856
http://www.purl.org/stuff/revnumReviews	230103	0.0059508416
http://dbpedia.org/property/abstract	226986	0.0058702308
http://rdf.data-vocabulary.org/description	221554	0.0057297504
http://purl.org/dc/terms/abstract	219281	0.0056709669
http://purl.org/dc/elements/1.1/subject	213110	0.0055113747
http://rdfs.org/sioc/nsnum-replies	212274	0.0054897543
http://creativecommons.org/nsmorePermissions	210294	0.0054385483
http://www.purl.org/stuff/revtotalVotes	203860	0.0052721545
http://search.yahoo.com/searchmonkey/action/notify	203203	0.0052551634
http://rdf.data-vocabulary.org/url	201399	0.005208509
http://search.yahoo.com/searchmonkey/product/priceFrom	193381	0.0050011503
http://dbpedia.org/property/hasPhotoCollection	191490	0.004952246
http://search.yahoo.com/searchmonkey/action/addFriend	190062	0.0049153155
http://rdf.data-vocabulary.org/category	185933	0.0048085328
http://rdf.data-vocabulary.org/reviewer	179155	0.0046332426
http://www.w3.org/2002/12/cal/icaltzddtstart	177058	0.0045790107
http://rdf.data-vocabulary.org/dtreviewed	175149	0.0045296409
http://commontag.org/nsmeans	168652	0.0043616178
http://www.purl.org/stuff/revhasReview	168587	0.0043599368
http://www.w3.org/2006/vcard/nsurlofvenue	167419	0.0043297304
http://www.w3.org/2002/12/cal/icaltzdcategories	166774	0.0043130496
http://commontag.org/nslabel	164275	0.0042484214
http://dbpedia.org/property/reference	158000	0.0040861395
http://www.w3.org/2002/12/cal/icaltzdurlToMap	153468	0.0039689346
http://rdf.data-vocabulary.org/best	152477	0.0039433057
http://creativecommons.org/nslicense	146949	0.0038003425
http://www.w3.org/2004/02/skos/corebroader	145356	0.0037591449
http://search.yahoo.com/searchmonkey/product/priceTo	135454	0.0035030629
http://rdf.data-vocabulary.org/price	134383	0.0034753651
http://search.yahoo.com/searchmonkey-relation/Compare	132032	0.0034145644
http://search.yahoo.com/searchmonkey/product/numMerch	131957	0.0034126248
http://purl.org/goodrelations/v1hasCurrencyValue	126666	0.0032757908
http://search.yahoo.com/searchmonkey/commerce/Business	124425	0.0032178349
http://search.yahoo.com/searchmonkey/action/perform	124425	0.0032178349
http://search.yahoo.com/searchmonkey/page/comments	124425	0.0032178349
http://www.facebook.com/2008/fbmlpage-id	123862	0.0032032748
http://search.yahoo.com/searchmonkey-relation/Location	123344	0.0031898785
http://search.yahoo.com/searchmonkey-relation/Cluster	121907	0.0031527153
http://dbpedia.org/property/name	121740	0.0031483964
http://search.yahoo.com/searchmonkey/media/video	120669	0.0031206986
http://www.w3.org/2006/vcard/nsphoto	119711	0.0030959231
http://rdf.data-vocabulary.org/summary	116223	0.0030057177
http://www.w3.org/2002/12/cal/icaltzdattendee	114379	0.0029580288
http://www.w3.org/2002/12/cal/icaltzdwatching	114379	0.0029580288
http://www.w3.org/2002/12/cal/icaltzdattending	114379	0.0029580288
http://dbpedia.org/ontology/Person/birthPlace	108545	0.002807152
http://dbpedia.org/ontology/birthPlace	107964	0.0027921264
http://dbpedia.org/property/genre	105989	0.0027410496
http://rdf.data-vocabulary.org/name	105459	0.002727343
http://search.yahoo.com/searchmonkey/commerce/priceRange	103473	0.0026759818
http://dbpedia.org/ontology/genre	102957	0.0026626371
http://dbpedia.org/property/birthPlace	102492	0.0026506115
http://xmlns.com/foaf/0.1/depiction	102198	0.0026430082
http://purl.org/goodrelations/v1typeOfGood	101686	0.002629767
http://www.w3.org/2002/12/cal/icaltzdurlToPhotos	92143	0.0023829693
http://purl.org/goodrelations/v1hasPriceSpecification	90635	0.00234397
http://rdf.data-vocabulary.org/pricerange	90013	0.002327884
http://dbpedia.org/property/artist	88004	0.002275928
http://search.yahoo.com/searchmonkey/media/image	87868	0.0022724108
http://search.yahoo.com/searchmonkey-relation/Overview	87347	0.0022589369
http://rdf.data-vocabulary.org/brand	85058	0.0021997396
http://www.w3.org/2006/vcard/ns/tel	83976	0.0021717573
http://www.w3.org/2006/vcard/ns/street-address	83976	0.0021717573
http://www.w3.org/2006/vcard/ns/locality	83976	0.0021717573
http://www.w3.org/2006/vcard/ns/adr	83976	0.0021717573
http://www.w3.org/2006/vcard/ns/region	83976	0.0021717573
http://dbpedia.org/ontology/thumbnail	83283	0.0021538352
http://rdf.data-vocabulary.org/street	83123	0.0021496973
http://dbpedia.org/ontology/Work/genre	81028	0.0020955172
http://www.w3.org/2000/01/rdf-schemaseeAlso	80140	0.002072552
http://rdf.data-vocabulary.org/worst	79414	0.0020537765
http://xmlns.com/foaf/0.1/thumbnail	76581	0.0019805105
http://search.yahoo.com/searchmonkey-relation/Specification	76254	0.0019720537
http://search.yahoo.com/searchmonkey/media/type	76240	0.0019716916
http://www.w3.org/2006/vcard/nscountry-name	73652	0.0019047617
http://dbpedia.org/property/wordnet-type	71488	0.0018487971
http://purl.org/goodrelations/v1ammountOfThisGood	71196	0.0018412455
http://search.yahoo.com/searchmonkey/commerce/hoursOfOperation	71110	0.0018390214
http://search.yahoo.com/searchmonkey-relation/Thumbnail	70546	0.0018244354
http://rdf.data-vocabulary.org/tel	69301	0.0017922377
http://dbpedia.org/property/label	68672	0.0017759707
http://purl.org/goodrelations/v1hasCurrency	68606	0.0017742639
http://dbpedia.org/property/location	68570	0.0017733328
http://dbpedia.org/property/title	68544	0.0017726604
http://rdf.data-vocabulary.org/organization-name	68483	0.0017710829
http://rdf.data-vocabulary.org/Organization	68184	0.0017633502
http://search.yahoo.com/searchmonkey/commerce/ambience	67863	0.0017550487
http://dbpedia.org/ontology/label	66138	0.0017104373
http:/purl.orgdcelements1.1type	60856	0.0015738361
http://dbpedia.org/ontology/artist	58258	0.0015066476
http://dbpedia.org/ontology/MusicalWork/artist	58119	0.0015030528
http://www.w3.org/2000/01/rdf-schemasubClassOf	57934	0.0014982684
http://purl.org/dc/elements/1.1/publisher	57387	0.0014841221
http://rdf.data-vocabulary.org/reviewer	57164	0.0014783549
http://rdf.data-vocabulary.org/dtreviewed	52325	0.0013532105
http://rdf.data-vocabulary.org/title	52251	0.0013512967
http://dbpedia.org/ontology/MusicalWork/label	52160	0.0013489433
http://rdf.data-vocabulary.org/itemreviewed	51835	0.0013405382
http://dbpedia.org/property/producer	51742	0.0013381331
http://www.w3.org/2004/02/skos/coreprefLabel	51610	0.0013347194
http:/purl.orgdcelements1.1title	50601	0.001308625
http://search.yahoo.com/searchmonkey/commerce/acceptsCredit	50009	0.0012933149
http://www.w3.org/2006/vcard/ns/nickname	49750	0.0012866167
http://rdf.data-vocabulary.org/value	49014	0.0012675826
http://purl.org/dc/elements/1.1/rights	48591	0.0012566431
http://purl.org/dc/elements/1.1/relation	48110	0.0012442036
http://dbpedia.org/property/subdivisionName	47943	0.0012398847
http://dbpedia.org/ontology/producer	47034	0.0012163765
http://dbpedia.org/ontology/birthDate	44616	0.0011538431
http://dbpedia.org/ontology/location	44461	0.0011498345
http://dbpedia.org/ontology/Person/birthDate	43949	0.0011365933
http://search.yahoo.com/searchmonkey/commerce/cuisine	43754	0.0011315503
http://purl.org/stuff/revrating	42689	0.0011040077
http://purl.org/stuff/revhasReview	41819	0.001081508
http://opengraphprotocol.org/schema/country-name	40594	0.0010498275
http://opengraphprotocol.org/schema/locality	38632	0.000999087
http://dbpedia.org/property/deathPlace	38462	0.0009946905
http://dbpedia.org/property/after	38401	0.0009931129
http://dbpedia.org/property/before	38397	0.0009930095
http://opengraphprotocol.org/schema/latitude	38350	0.000991794
http://opengraphprotocol.org/schema/longitude	38281	0.0009900095
http://opengraphprotocol.org/schema/email	37680	0.0009744667
http://search.yahoo.com/searchmonkey/commerce/takesReservations	36325	0.0009394242
http://www.w3.org/2002/12/cal/icaltzdsummary	36049	0.0009322864
http://dbpedia.org/property/starring	35555	0.0009195107
http://xmlns.com/foaf/0.1/based-near	35530	0.0009188642
http://purl.org/goodrelations/v1includesObject	35530	0.0009188642
http://purl.org/mediacontains	35130	0.0009085195
http://dbpedia.org/ontology/starring	34583	0.0008943732
http://dbpedia.org/property/occupation	34537	0.0008931836
http://dbpedia.org/ontology/Person/deathPlace	34384	0.0008892267
http://dbpedia.org/ontology/Artist/genre	34260	0.0008860199
http://dbpedia.org/property/writer	33633	0.0008698046
http://rdf.data-vocabulary.org/locality	33457	0.000865253
http://rdf.data-vocabulary.org/street-address	33435	0.000864684
http://rdf.data-vocabulary.org/region	33403	0.0008638565
http://dbpedia.org/ontology/deathPlace	33159	0.0008575462
http://dbpedia.org/property/clubs	32763	0.000847305
http://dbpedia.org/property/type	32756	0.000847124
http://dbpedia.org/ontology/type	32653	0.0008444602
http://dbpedia.org/property/released	32444	0.0008390551
http://rdf.data-vocabulary.org/address	32328	0.0008360552
http://rdf.data-vocabulary.org/postal-code	31826	0.0008230726
http://opengraphprotocol.org/schema/region	31429	0.0008128056
http://purl.org/stuff/revtotalRatings	30934	0.0008000041
http://dbpedia.org/property/origin	30604	0.0007914697
http://dbpedia.org/property/years	29658	0.0007670046
http://dbpedia.org/property/city	29536	0.0007638495
http://dbpedia.org/ontology/Person/homeTown	29386	0.0007599702
http://dbpedia.org/property/caption	28763	0.0007438584
http://dbpedia.org/ontology/Film/starring	28681	0.0007417378
http://dbpedia.org/ontology/homeTown	28332	0.0007327121
http://dbpedia.org/ontology/occupation	28231	0.0007301
http://dbpedia.org/ontology/Person/occupation	28220	0.0007298156
http://opengraphprotocol.org/schema/street-address	28075	0.0007260656
http://dbpedia.org/property/cityofbirth	28031	0.0007249277
http://purl.org/dc/terms/created	27843	0.0007200657
http://dbpedia.org/property/country	27687	0.0007160313
http://dbpedia.org/ontology/writer	27638	0.0007147641
http://opengraphprotocol.org/schema/postal-code	27307	0.0007062039
http://yuilibrary.com/rdf/1.0/yui.rdfname	27001	0.0006982902
http://dbpedia.org/ontology/activeYearsStartDate	26911	0.0006959627
http://yuilibrary.com/rdf/1.0/yui.rdfdescription	26880	0.000695161
http://developers.facebook.com/schema/admins	26807	0.0006932731
http://dbpedia.org/property/format	26313	0.0006804974
http://dbpedia.org/ontology/Place/location	26240	0.0006786095
http://dbpedia.org/property/countryofbirth	25809	0.0006674631
http://opengraphprotocol.org/schema/phone-number	25594	0.0006619029
http://search.yahoo.com/searchmonkey/commerce/features	25420	0.000657403
http://dbpedia.org/ontology/Person/activeYearsStartDate	25403	0.0006569633
http://dbpedia.org/ontology/activeYearsEndDate	25288	0.0006539892
http://search.yahoo.com/searchmonkey/product/salePrice	24992	0.0006463342
http://purl.org/dc/terms/language	24976	0.0006459204
http://dbpedia.org/ontology/Person/activeYearsEndDate	24728	0.0006395067
http://creativecommons.org/nspermits	24584	0.0006357826
http://creativecommons.org/nsrequires	24447	0.0006322396
http://dbpedia.org/ontology/musicalBand	24242	0.0006269379
http://dbpedia.org/ontology/musicalArtist	24242	0.0006269379
http://dbpedia.org/ontology/Single/musicalArtist	24216	0.0006262655
http://dbpedia.org/ontology/Single/musicalBand	24216	0.0006262655
http://developers.facebook.com/schema/app-id	24204	0.0006259552
http://purl.org/dc/terms/issued	23524	0.0006083693
http://dbpedia.org/ontology/releaseDate	23192	0.0005997832
http://dbpedia.org/ontology/Album/producer	23147	0.0005986194
http://dbpedia.org/property/position	23059	0.0005963436
http://dbpedia.org/ontology/city	22935	0.0005931368
http://dbpedia.org/property/language	22832	0.000590473
http://dbpedia.org/property/dateOfBirth	22757	0.0005885334
http://dbpedia.org/ontology/Work/releaseDate	22701	0.0005870852
http://dbpedia.org/property/subdivisionType	22530	0.0005826628
http://dbpedia.org/property/publisher	22275	0.0005760681
http://dbpedia.org/property/director	22073	0.000570844
http://dbpedia.org/property/disambiguates	21538	0.0005570081
http://dbpedia.org/property/id	21526	0.0005566977
http://dbpedia.org/ontology/country	21522	0.0005565943
http://dbpedia.org/property/relatedInstance	21378	0.0005528702
http://purl.org/dc/terms/identifier	21287	0.0005505168
http://rdf.data-vocabulary.org/rdf.xmlname	21228	0.000548991
http://rdf.data-vocabulary.org/rdf.xmlitemreviewed	21208	0.0005484737
http://dbpedia.org/property/region	20592	0.0005325429
http://rdfs.org/sioc/nshas-owner	20459	0.0005291033
http://purl.org/dc/terms/publisher	20448	0.0005288189
http://purl.org/stuff/revmaxRating	20180	0.0005218879
http://purl.org/stuff/revminRating	20092	0.0005196121
http://dbpedia.org/ontology/Organisation/location	19741	0.0005105347
http://dbpedia.org/ontology/Artist/label	19682	0.0005090089
http://yuilibrary.com/rdf/1.0/yui.rdftype	19407	0.0005018969
http://dbpedia.org/property/background	19066	0.0004930781
http://search.yahoo.com/searchmonkey/product/listPrice	18942	0.0004898712
http://dbpedia.org/ontology/director	18926	0.0004894574
http://search.yahoo.com/searchmonkey-relation/Neighborhood	18806	0.0004863541
http://dbpedia.org/ontology/background	18585	0.0004806386
http://dbpedia.org/ontology/MusicalArtist/background	18579	0.0004804835
http://dbpedia.org/ontology/MusicalWork/recordPlace	18559	0.0004799662
http://purl.org/goodrelations/v1amountOfThisGood	18495	0.0004783111
http://www.w3.org/2003/01/geo/wgs84-poslat	18365	0.0004749491
http://www.w3.org/2003/01/geo/wgs84-poslong	18311	0.0004735525
http://search.yahoo.com/searchmonkey/product/currency	18106	0.0004682509
http://dbpedia.org/ontology/language	17847	0.0004615527
http://dbpedia.org/property/yearsActive	17533	0.0004534322
http://dbpedia.org/ontology/format	17390	0.000449734
http://www.w3.org/2006/vcard/nsorganization-name	17286	0.0004470444
http://www.georss.org/georss/point	17255	0.0004462426
http://dbpedia.org/property/website	17082	0.0004417686
http://dbpedia.org/ontology/recordPlace	17053	0.0004410186
http://search.yahoo.com/searchmonkey/commerce/attire	17043	0.00044076
http://dbpedia.org/property/nationality	16866	0.0004361825
http://rdf.data-vocabulary.org/rating	16785	0.0004340877
http://dbpedia.org/ontology/Film/director	16706	0.0004320446
http://search.yahoo.com/searchmonkey/commerce/serviceOptions	16697	0.0004318118
http://dbpedia.org/property/stadium	16682	0.0004314239
http://dbpedia.org/ontology/Work/language	16678	0.0004313205
http://dbpedia.org/property/areaCode	16574	0.0004286309
http://dbpedia.org/ontology/runtime	16569	0.0004285016
http://dbpedia.org/property/shortDescription	16548	0.0004279585
http://dbpedia.org/ontology/Organisation/type	16491	0.0004264843
http://dbpedia.org/ontology/subsequentWork	16430	0.0004249068
http://dbpedia.org/ontology/Work/subsequentWork	16412	0.0004244413
http://opengraph.org/schema/site-name	16266	0.0004206655
http://dbpedia.org/ontology/Work/publisher	16260	0.0004205103
http://dbpedia.org/ontology/publisher	16208	0.0004191655
http://www.w3.org/2002/12/cal/icaltzddtend	16171	0.0004182086
http://dbpedia.org/ontology/Work/runtime	16028	0.0004145104
http://search.yahoo.co.jp/searchmonkey/shopping/point	16025	0.0004144328
http://dbpedia.org/ontology/previousWork	15978	0.0004132173
http://dbpedia.org/ontology/Work/previousWork	15964	0.0004128553
http://dbpedia.org/ontology/SoccerPlayer/club	15765	0.0004077088
http://dbpedia.org/ontology/club	15758	0.0004075278
http://dbpedia.org/property/associatedActs	15643	0.0004045537
http://search.yahoo.com/searchmonkey/product/manufacturer	15528	0.0004015796
http://dbpedia.org/ontology/associatedMusicalArtist	15415	0.0003986572
http://dbpedia.org/ontology/associatedBand	15415	0.0003986572
http://dbpedia.org/ontology/MusicalArtist/associatedBand	15367	0.0003974159
http://dbpedia.org/ontology/MusicalArtist/associatedMusicalArtist	15367	0.0003974159
http://search.yahoo.com/searchmonkey/commerce/parkingOptions	15343	0.0003967952
http://opengraph.org/schema/title	14987	0.0003875884
http://xmlns.com/foaf/0.1/gender	14930	0.0003861143
http://xmlns.com/foaf/0.1/topic-interest	14925	0.000385985
http://rdf.data-vocabulary.org/title	14800	0.0003827523
http://dbpedia.org/property/distributor	14661	0.0003791575
http://dbpedia.org/ontology/Species/order	14447	0.0003736232
http://dbpedia.org/ontology/order	14447	0.0003736232
http://dbpedia.org/property/club	14435	0.0003733128
http://dbpedia.org/ontology/deathDate	14332	0.0003706491
http://dbpedia.org/ontology/Person/deathDate	14199	0.0003672095
http://commontag.org/nstagged	14042	0.0003631492
http://dbpedia.org/property/date	13831	0.0003576924
http://dbpedia.org/ontology/Person/nationality	13766	0.0003560114
http://dbpedia.org/property/industry	13707	0.0003544855
http://dbpedia.org/property/url	13699	0.0003542786
http://dbpedia.org/property/music	13695	0.0003541752
http://www.w3.org/2002/12/cal/icaltzdwebsite	13684	0.0003538907
http://dbpedia.org/property/party	13435	0.0003474512
http://dbpedia.org/property/born	13222	0.0003419426
http://dbpedia.org/ontology/Film/writer	13199	0.0003413478
http://dbpedia.org/property/teams	13189	0.0003410892
http://dbpedia.org/property/state	13163	0.0003404168
http://dbpedia.org/ontology/distributor	13116	0.0003392013
http://dbpedia.org/ontology/Athlete/currentTeam	13034	0.0003370807
http://dbpedia.org/ontology/currentTeam	13034	0.0003370807
http://dbpedia.org/ontology/industry	13009	0.0003364341
http://dbpedia.org/ontology/Company/industry	12993	0.0003360203
http://dbpedia.org/property/college	12962	0.0003352186
http://dbpedia.org/ontology/Film/distributor	12899	0.0003335893
http://dbpedia.org/property/birthdate	12800	0.000331029
http://opengraph.org/schema/image	12737	0.0003293997
http://dbpedia.org/ontology/EducationalInstitution/city	12650	0.0003271498
http://rdf.data-vocabulary.org/geo	12638	0.0003268394
http://dbpedia.org/property/ordo	12598	0.000325805
http://dbpedia.org/property/recorded	12491	0.0003230378
http://xmlns.com/foaf/0.1/Person	12474	0.0003225981
http://creativecommons.org/nsprohibits	12380	0.0003201671
http://rdfs.org/sioc/nsUser	12311	0.0003183827
http://dbpedia.org/property/almaMater	12137	0.0003138828
http://www.w3.org/2006/vcard/nsVCard	12085	0.000312538
http://dbpedia.org/ontology/music	11940	0.000308788
http://dbpedia.org/ontology/nationality	11901	0.0003077794
http://dbpedia.org/ontology/Film/music	11887	0.0003074173
http://purl.org/dc/terms/subject	11820	0.0003056846
http://dbpedia.org/property/author	11820	0.0003056846
http://dbpedia.org/property/birthDate	11741	0.0003036415
http://dbpedia.org/ontology/party	11701	0.0003026071
http://dbpedia.org/ontology/Person/party	11679	0.0003020381
http://dbpedia.org/property/spouse	11666	0.0003017019
http://rdf.data-vocabulary.org/latitude	11613	0.0003003313
http://rdf.data-vocabulary.org/longitude	11613	0.0003003313
http://dbpedia.org/property/dateOfDeath	11612	0.0003003054
http://dbpedia.org/ontology/college	11545	0.0002985727
http://dbpedia.org/ontology/Person/almaMater	11503	0.0002974865
http://dbpedia.org/ontology/Film/producer	11498	0.0002973572
http://dbpedia.org/ontology/almaMater	11495	0.0002972796
http://dbpedia.org/property/team	11494	0.0002972537
http://dbpedia.org/ontology/EducationalInstitution/state	11493	0.0002972279
http://dbpedia.org/ontology/Person/individualisedPnd	11463	0.000296452
http://search.yahoo.com/searchmonkey/commerce/smoking	11327	0.0002929348
http://dbpedia.org/property/reviews	11289	0.0002919521
http://dbpedia.org/ontology/family	11133	0.0002879177
http://dbpedia.org/ontology/Species/family	11133	0.0002879177
http://dbpedia.org/property/currentclub	10654	0.0002755299
http://dbpedia.org/ontology/Single/writer	10575	0.0002734869
http://dbpedia.org/ontology/currentPosition	10567	0.00027328
http://dbpedia.org/ontology/Athlete/currentPosition	10567	0.00027328
http://dbpedia.org/ontology/state	10546	0.0002727369
http://dbpedia.org/property/length	10487	0.000271211
http://dbpedia.org/ontology/class	10372	0.000268237
http://dbpedia.org/ontology/instrument	10365	0.0002680559
http://search.yahoo.com/searchmonkey/product/specification	10362	0.0002679783
http://dbpedia.org/ontology/author	10347	0.0002675904
http://dbpedia.org/ontology/Work/author	10334	0.0002672542
http://rdf.data-vocabulary.org/starring	10263	0.000265418
http://rdfs.org/sioc/nshas-creator	10180	0.0002632715
http://dbpedia.org/property/developer	10137	0.0002621595
http://dbpedia.org/property/instrument	10097	0.000261125
http://dbpedia.org/property/predecessor	10078	0.0002606336
http://dbpedia.org/property/religion	9990	0.0002583578
http://dbpedia.org/ontology/Artist/instrument	9979	0.0002580733
http://dbpedia.org/ontology/binomialAuthority	9971	0.0002578664
http://dbpedia.org/ontology/Species/binomialAuthority	9971	0.0002578664
http://dbpedia.org/ontology/Single/producer	9957	0.0002575044
http://rdfs.org/sioc/nscontainer-of	9904	0.0002561337
http://dbpedia.org/property/nationalteam	9867	0.0002551768
http://dbpedia.org/property/successor	9794	0.0002532889
http://dbpedia.org/ontology/platform	9787	0.0002531079
http://dbpedia.org/property/owner	9779	0.000252901
http://dbpedia.org/property/familia	9726	0.0002515303
http://dbpedia.org/ontology/formerTeam	9684	0.0002504441
http://dbpedia.org/ontology/Athlete/formerTeam	9682	0.0002503924
http://www.w3.org/2002/12/cal/icaltzdlocation	9644	0.0002494097
http://dbpedia.org/ontology/RadioStation/city	9625	0.0002489183
http://dbpedia.org/property/network	9618	0.0002487373
http://opengraph.org/schema/url	9604	0.0002483752
http://dbpedia.org/property/img	9596	0.0002481683
http://dbpedia.org/property/cover	9589	0.0002479873
http://opengraph.org/schema/description	9422	0.0002436684
http://rdf.data-vocabulary.org/itemReviewed	9419	0.0002435908
http://dbpedia.org/ontology/FootballPlayer/college	9418	0.000243565
http://dbpedia.org/property/timezone	9396	0.000242996
http://opengraphprotocol.org/schema/country-name	9367	0.000242246
http://www.w3.org/2002/12/cal/icaltzddescription	9249	0.0002391943
http://dbpedia.org/property/display	9236	0.0002388581
http://dbpedia.org/property/youthclubs	9220	0.0002384443
http://opengraph.org/schema/type	9212	0.0002382375
http://dbpedia.org/property/platforms	9189	0.0002376426
http://yuilibrary.com/rdf/1.0/yui.rdfparameter	9172	0.000237203
http://dbpedia.org/ontology/Single/format	9065	0.0002344358
http://dbpedia.org/ontology/Place/type	8816	0.0002279962
http://dbpedia.org/ontology/religion	8712	0.0002253066
http://dbpedia.org/ontology/birthName	8690	0.0002247377
http://dbpedia.org/ontology/Person/birthName	8689	0.0002247118
http://purl.org/dc/terms/rights	8618	0.0002228756
http://dbpedia.org/property/residence	8608	0.000222617
http://rdf.data-vocabulary.org/votes	8582	0.0002219446
http://dbpedia.org/property/battles	8550	0.000221117
http://dbpedia.org/property/runtime	8513	0.0002201602
http://dbpedia.org/ontology/Species/class	8501	0.0002198498
http://dbpedia.org/ontology/VideoGame/platform	8473	0.0002191257
http://purl.org/dc/terms/license	8453	0.0002186085
http://dbpedia.org/ontology/Person/residence	8369	0.0002164361
http://purl.org/dc/terms/conformsTo	8326	0.000215324
http://dbpedia.org/ontology/EducationalInstitution/country	8325	0.0002152982
http://dbpedia.org/property/cinematography	8298	0.0002145999
http://dbpedia.org/ontology/Person/religion	8267	0.0002137982
http://search.yahoo.com/searchmonkey/media/game	8222	0.0002126344
http://dbpedia.org/ontology/developer	8076	0.0002088586
http://dbpedia.org/property/awards	8025	0.0002075397
http://dbpedia.org/property/currentMembers	7929	0.000205057
http://dbpedia.org/property/foundation	7925	0.0002049535
http://rdf.data-vocabulary.org/affiliation	7911	0.0002045915
http://dbpedia.org/property/forProperty	7903	0.0002043846
http://dbpedia.org/property/settlementType	7863	0.0002033501
http://dbpedia.org/ontology/network	7852	0.0002030656
http://dbpedia.org/ontology/Film/country	7840	0.0002027553
http://search.yahoo.com/searchmonkey/product/identifier	7725	0.0001997812
http://dbpedia.org/ontology/TelevisionShow/network	7723	0.0001997295
http://dbpedia.org/property/debutteam	7699	0.0001991088
http://rdf.data-vocabulary.org/category	7697	0.0001990571
http://dbpedia.org/ontology/height	7689	0.0001988502
http://rdf.data-vocabulary.org/summary	7664	0.0001982036
http://xmlns.com/foaf/0.1/surname	7635	0.0001974536
http://dbpedia.org/ontology/recordDate	7610	0.0001968071
http://www.abmeta.org/nsyear	7559	0.0001954882
http://xmlns.com/foaf/0.1/givenname	7556	0.0001954106
http://dbpedia.org/property/products	7551	0.0001952813
http://dbpedia.org/property/birthName	7545	0.0001951261
http://dbpedia.org/property/imgCapt	7488	0.000193652
http://rdfs.org/sioc/nscontent	7473	0.0001932641
http://www.abmeta.org/nsisbn	7471	0.0001932123
http://dbpedia.org/property/headquarters	7422	0.0001919451
http://rdf.data-vocabulary.org/amount	7403	0.0001914537
http://dbpedia.org/ontology/award	7390	0.0001911175
http://rdf.data-vocabulary.org/rdf.xmlcount	7364	0.0001904451
http://dbpedia.org/property/imagesize	7345	0.0001899538
http://dbpedia.org/property/area	7340	0.0001898245
http://dbpedia.org/ontology/residence	7340	0.0001898245
http://purl.org/goodrelations/v1hasBusinessFunction	7340	0.0001898245
http://dbpedia.org/property/goals	7325	0.0001894365
http://dbpedia.org/ontology/RadioStation/format	7311	0.0001890745
http://dbpedia.org/ontology/Person/award	7303	0.0001888676
http://search.yahoo.com/searchmonkey/media/duration	7277	0.0001881952
http://dbpedia.org/property/companyType	7270	0.0001880141
http://dbpedia.org/property/dateofbirth	7243	0.0001873159
urn:schemas-microsoft-com:vmlitemreviewed	7210	0.0001864624
http://dbpedia.org/ontology/region	7162	0.0001852211
http://dbpedia.org/property/place	7115	0.0001840056
http://dbpedia.org/ontology/foundationDate	6988	0.0001807212
http://dbpedia.org/property/nextAlbum	6984	0.0001806177
http://dbpedia.org/property/lastAlbum	6952	0.0001797901
http://dbpedia.org/ontology/Work/type	6933	0.0001792988
http://dbpedia.org/property/fullname	6924	0.000179066
http://rdfs.org/sioc/nshas-container	6921	0.0001789884
http://dbpedia.org/ontology/Person/height	6915	0.0001788333
http://dbpedia.org/ontology/Organisation/foundationPlace	6914	0.0001788074
urn:schemas-microsoft-com:vmlrating	6908	0.0001786522
http://dbpedia.org/property/playername	6870	0.0001776695
http://dbpedia.org/ontology/Organisation/foundationDate	6869	0.0001776436
http://dbpedia.org/property/shireCounty	6868	0.0001776178
http://dbpedia.org/property/finalteam	6844	0.0001769971
http://dbpedia.org/ontology/team	6825	0.0001765057
http://dbpedia.org/property/editing	6814	0.0001762212
http://dbpedia.org/ontology/cinematography	6755	0.0001746954
http://dbpedia.org/ontology/Film/cinematography	6730	0.0001740489
http://dbpedia.org/property/office	6700	0.000173273
http://dbpedia.org/property/series	6672	0.0001725489
http://dbpedia.org/property/termStart	6658	0.0001721868
http://dbpedia.org/ontology/product	6606	0.000170842
http://dbpedia.org/property/keyPeople	6603	0.0001707644
http://dbpedia.org/ontology/Company/product	6591	0.0001704541
http://dbpedia.org/ontology/FootballPlayer/team	6556	0.0001695489
http://dbpedia.org/property/rank	6529	0.0001688507
http://dbpedia.org/property/branch	6460	0.0001670662
http://dbpedia.org/ontology/foundationPlace	6457	0.0001669886
http://dbpedia.org/property/classis	6449	0.0001667817
http://dbpedia.org/ontology/MusicalWork/recordDate	6435	0.0001664197
http://dbpedia.org/ontology/affiliation	6408	0.0001657214
http://dbpedia.org/ontology/Organisation/affiliation	6406	0.0001656697
http://rdfs.org/sioc/nsmember-of	6342	0.0001640145
http://dbpedia.org/property/yearsactive	6213	0.0001606784
http://dbpedia.org/property/birthname	6145	0.0001589198
http://dbpedia.org/property/binomialAuthority	6141	0.0001588163
http://dbpedia.org/property/combatant	6136	0.000158687
http://dbpedia.org/property/homepage	6079	0.0001572129
http://dbpedia.org/ontology/owner	6067	0.0001569026
http://dbpedia.org/ontology/phylum	6003	0.0001552474
http://dbpedia.org/ontology/Species/phylum	6003	0.0001552474
http://www.w3.org/2004/02/skos/coreinScheme	5972	0.0001544457
http://rdf.data-vocabulary.org/startDate	5961	0.0001541613
http://dbpedia.org/property/field	5920	0.0001531009
http://dbpedia.org/property/imageCaption	5892	0.0001523768
http://dbpedia.org/ontology/MilitaryConflict/place	5871	0.0001518337
http://dbpedia.org/ontology/TelevisionShow/starring	5860	0.0001515492
http://purl.org/dc/elements/1.1/identifier	5815	0.0001503855
http://dbpedia.org/ontology/VideoGame/developer	5814	0.0001503596
http://dbpedia.org/ontology/MilitaryPerson/battles	5785	0.0001496096
http://dbpedia.org/ontology/battles	5784	0.0001495837
http://purl.org/dc/terms/isPartOf	5769	0.0001491958
http://dbpedia.org/ontology/SoccerClub/ground	5748	0.0001486527
http://rdf.data-vocabulary.org/age	5739	0.00014842
http://rdf.data-vocabulary.org/gender	5693	0.0001472303
http://dbpedia.org/property/fromAlbum	5615	0.0001452131
http://dbpedia.org/ontology/otherName	5591	0.0001445924
http://dbpedia.org/property/mapCaption	5553	0.0001436097
http://dbpedia.org/ontology/branch	5538	0.0001432218
http://dbpedia.org/ontology/populationTotal	5528	0.0001429632
http://dbpedia.org/ontology/Book/country	5513	0.0001425752
http://dbpedia.org/ontology/ground	5511	0.0001425235
http://opengraphprotocol.org/schema/fax-number	5484	0.0001418252
http://dbpedia.org/ontology/PopulatedPlace/populationTotal	5478	0.0001416701
http://www.abmeta.org/nsdescription	5425	0.0001402994
http://dbpedia.org/property/pastMembers	5422	0.0001402218
http://dbpedia.org/ontology/place	5354	0.0001384632
http://dbpedia.org/ontology/Person/otherName	5351	0.0001383857
http://www.abmeta.org/nstags	5340	0.0001381012
http://dbpedia.org/property/timezoneDst	5338	0.0001380494
http://purl.org/dc/terms/name	5318	0.0001375322
http://dbpedia.org/ontology/MilitaryPerson/militaryRank	5313	0.0001374029
http://dbpedia.org/ontology/militaryRank	5313	0.0001374029
http://dbpedia.org/property/stat3label	5289	0.0001367822
http://www.w3.org/2001/vcard-rdf/3.0locality	5283	0.0001366271
http://rdf.data-vocabulary.org/Rating	5264	0.0001361357
http://rdf.data-vocabulary.org/location	5234	0.0001353598
http://rdf.data-vocabulary.org/addr	5220	0.0001349978
http://dbpedia.org/property/pcupdate	5211	0.000134765
http://dbpedia.org/property/affiliations	5205	0.0001346099
http://dbpedia.org/ontology/SoccerPlayer/nationalTeam	5200	0.0001344805
http://dbpedia.org/ontology/nationalTeam	5196	0.0001343771
http://dbpedia.org/ontology/RadioStation/area	5134	0.0001327737
http://dbpedia.org/ontology/area	5133	0.0001327478
http://www.abmeta.org/nslink	5110	0.000132153
http://dbpedia.org/property/district	5109	0.0001321271
http://dbpedia.org/property/deathDate	5094	0.0001317392
http://dbpedia.org/ontology/editing	5079	0.0001313513
http://dbpedia.org/ontology/Film/editing	5066	0.0001310151
http://dbpedia.org/property/populationAsOf	5040	0.0001303427
http://dbpedia.org/property/height	5028	0.0001300323
http://dbpedia.org/property/allegiance	5020	0.0001298254
http://dbpedia.org/property/termEnd	5009	0.000129541
http://dbpedia.org/property/locale	4976	0.0001286875
http://purl.org/goodrelations/v1hasCurrencyValueMin	4972	0.0001285841
http://purl.org/goodrelations/v1hasCurrencyValueMax	4972	0.0001285841
http://dbpedia.org/property/province	4953	0.0001280927
http://dbpedia.org/property/ground	4933	0.0001275755
http://developers.facebook.com/schema/page-id	4898	0.0001266703
http://dbpedia.org/ontology/Organisation/locationCity	4869	0.0001259203
http://dbpedia.org/ontology/Album/review	4849	0.0001254031
http://dbpedia.org/ontology/review	4849	0.0001254031
http://dbpedia.org/ontology/keyPerson	4828	0.00012486
http://dbpedia.org/ontology/Organisation/keyPerson	4826	0.0001248083
http://dbpedia.org/property/creator	4797	0.0001240583
http://dbpedia.org/property/stat1label	4797	0.0001240583
http://dbpedia.org/property/imageSize	4759	0.0001230756
http://www.openlinksw.com/schema/attributionisDescribedUsing	4759	0.0001230756
http://rdf.data-vocabulary.org/endDate	4737	0.0001225066
http://dbpedia.org/property/alternativeNames	4733	0.0001224032
http://dbpedia.org/property/media	4733	0.0001224032
http://dbpedia.org/ontology/Organisation/locationCountry	4721	0.0001220928
http://yuilibrary.com/rdf/1.0/yui.rdfreturn	4705	0.000121679
http://yuilibrary.com/rdf/1.0/yui.rdfreturnInfo	4705	0.000121679
http://yuilibrary.com/rdf/1.0/yui.rdfparameters	4704	0.0001216532
http://dbpedia.org/ontology/spouse	4700	0.0001215497
http://dbpedia.org/ontology/Person/spouse	4692	0.0001213428
http://dbpedia.org/ontology/MilitaryPerson/allegiance	4672	0.0001208256
http://dbpedia.org/property/caps-percent-28goals-percent-29	4641	0.0001200239
http://dbpedia.org/property/debutdate	4615	0.0001193515
http://rdf.data-vocabulary.org/eventType	4602	0.0001190153
http://www.w3.org/2002/12/cal/icaldescription	4550	0.0001176705
http://dbpedia.org/property/age	4543	0.0001174894
http://dbpedia.org/property/order	4537	0.0001173343
http://dbpedia.org/ontology/areaTotal	4532	0.000117205
http://dbpedia.org/property/leaderTitle	4528	0.0001171015
http://dbpedia.org/ontology/Place/areaTotal	4516	0.0001167912
http://dbpedia.org/ontology/locationCity	4514	0.0001167395
http://purl.org/goodrelations/v1hasUnitOfMeasurement	4513	0.0001167136
http://dbpedia.org/property/stat2label	4504	0.0001164808
http://dbpedia.org/property/lastSingle	4476	0.0001157567
http://semantictagging.org/nslabel	4466	0.0001154981
http://semantictagging.org/nsmeans	4466	0.0001154981
http://dbpedia.org/property/nextSingle	4454	0.0001151878
http://dbpedia.org/property/companyName	4428	0.0001145154
http://dbpedia.org/ontology/postalCode	4422	0.0001143602
http://purl.org/dc/terms/format	4421	0.0001143343
http://semsl.org/ontologyplaintag	4408	0.0001139981
http://dbpedia.org/property/license	4398	0.0001137395
http://dbpedia.org/property/officialName	4374	0.0001131188
http://www.facebook.com/2008/fbmlappid	4371	0.0001130412
http://dbpedia.org/property/finaldate	4313	0.0001115413
http://dbpedia.org/ontology/FootballPlayer/pastTeam	4311	0.0001114895
http://dbpedia.org/ontology/pastTeam	4311	0.0001114895
http://dbpedia.org/property/longd	4307	0.0001113861
http://dbpedia.org/property/phylum	4306	0.0001113602
http://dbpedia.org/property/latd	4301	0.0001112309
http://dbpedia.org/property/county	4284	0.0001107913
http://dbpedia.org/property/locationCity	4254	0.0001100154
http://dbpedia.org/ontology/City/region	4245	0.0001097827
http://purl.org/goodrelations/v1validThrough	4238	0.0001096016
http://purl.org/goodrelations/v1validFrom	4238	0.0001096016
http://dbpedia.org/property/profession	4230	0.0001093947
urn:schemas-microsoft-com:vmlcount	4216	0.0001090327
http://rdf.data-vocabulary.org/worst	4211	0.0001089034
http://rdf.data-vocabulary.org/best	4211	0.0001089034
http://dbpedia.org/property/otheruses4Property	4206	0.0001087741
http://rs.tdwg.org/ontology/voc/CommonpublishedIn	4205	0.0001087482
http://dbpedia.org/ontology/populationAsOf	4190	0.0001083603
http://dbpedia.org/property/department	4174	0.0001079465
http://dbpedia.org/ontology/PopulatedPlace/populationAsOf	4163	0.000107662
http://dbpedia.org/ontology/weight	4148	0.0001072741
http://dbpedia.org/property/nickname	4147	0.0001072482
http://xmlns.com/foaf/0.1/img	4109	0.0001062655
http://dbpedia.org/property/partof	4107	0.0001062138
http://dbpedia.org/ontology/partOf	4083	0.0001055931
http://dbpedia.org/ontology/MilitaryConflict/partOf	4082	0.0001055672
http://dbpedia.org/ontology/allegiance	4023	0.0001040414
http://dbpedia.org/property/populationTotal	4007	0.0001036276
http://dbpedia.org/ontology/MilitaryPerson/branch	3992	0.0001032397
http://dbpedia.org/property/class	3957	0.0001023345
urn:schemas-microsoft-com:vmlaverage	3949	0.0001021276
http://dbpedia.org/property/knownFor	3944	0.0001019983
http://www.w3.org/2002/12/cal/icalurl	3939	0.000101869
http://dbpedia.org/ontology/keyPersonPosition	3935	0.0001017656
http://dbpedia.org/ontology/Organisation/keyPersonPosition	3934	0.0001017397
http://dbpedia.org/property/genus	3929	0.0001016104
http://opengraphprotocol.org/schema/postal-code	3926	0.0001015328
http://dbpedia.org/property/longm	3925	0.0001015069
http://dbpedia.org/property/latm	3924	0.0001014811
http://dbpedia.org/property/nihongoProperty	3922	0.0001014294
http://dbpedia.org/property/league	3908	0.0001010673
http://dbpedia.org/property/latns	3894	0.0001007052
http://dbpedia.org/property/longew	3892	0.0001006535
http://dbpedia.org/ontology/currentNumber	3878	0.0001002915
http://dbpedia.org/property/manufacturer	3867	0.000100007
