http://www.w3.org/1999/02/22-rdf-syntax-nstype	4849638	0.43837339
http://purl.org/dc/elements/1.1/title	1846499	0.16691061
http://opengraphprotocol.org/schema/site-name	1692383	0.15297960
http://rdf.data-vocabulary.org/itemreviewed	1376399	0.12441685
http://rdf.data-vocabulary.org/name	1370402	0.12387477
http://rdf.data-vocabulary.org/locality	1364269	0.12332038
http://rdf.data-vocabulary.org/address	1363396	0.12324147
http://creativecommons.org/nsattributionURL	1316671	0.11901786
http://rdf.data-vocabulary.org/rating	1271628	0.11494629
http://purl.org/dc/elements/1.1/type	1237951	0.11190212
http://creativecommons.org/nsattributionName	1217559	0.11005883
http://rdf.data-vocabulary.org/count	1208446	0.10923507
http://www.facebook.com/2008/fbmlapp-id	1189949	0.10756307
http://rdf.data-vocabulary.org/street-address	1170003	0.10576010
http://rdf.data-vocabulary.org/average	1164828	0.10529231
http://opengraphprotocol.org/schema/title	1061835	0.09598246
http://opengraphprotocol.org/schema/url	1011747	0.09145486
http://opengraphprotocol.org/schema/type	989623	0.08945500
http://rdf.data-vocabulary.org/postal-code	947549	0.08565181
http://x.myspacecdn.com/modules/sitesearch/static/rdf/profileschema.rdfprofileType	914568	0.08267056
http://x.myspacecdn.com/modules/sitesearch/static/rdf/profileschema.rdfphoto	911680	0.08240950
http://x.myspacecdn.com/modules/sitesearch/static/rdf/profileschema.rdfaddToFriends	911659	0.08240760
http://x.myspacecdn.com/modules/sitesearch/static/rdf/profileschema.rdfsendMessage	911656	0.08240733
http://xmlns.com/foaf/0.1/name	877198	0.07929257
http://www.facebook.com/2008/fbmladmins	849956	0.07683008
http://search.yahoo.com/searchmonkey/media/thumbnail	849051	0.07674828
http://search.yahoo.com/searchmonkey/media/title	832405	0.07524360
http://x.myspacecdn.com/modules/sitesearch/static/rdf/profileschema.rdffriendCount	814171	0.07359537
http://x.myspacecdn.com/modules/sitesearch/static/rdf/profileschema.rdfviewPictures	813952	0.07357557
http://purl.org/dc/terms/title	799929	0.07230799
http://rdf.data-vocabulary.org/region	796890	0.07203329
http://rdf.data-vocabulary.org/country-name	753670	0.06812650
http://purl.org/dc/terms/creator	752290	0.06800176
http://purl.org/dc/terms/date	746617	0.06748896
http://purl.org/dc/terms/type	686803	0.06208219
http://www.w3.org/2006/vcard/nsadr	683148	0.06175181
http://www.w3.org/2006/vcard/nslocality	682673	0.06170887
http://www.w3.org/2006/vcard/nsregion	668606	0.06043731
http://opengraphprotocol.org/schema/image	661504	0.05979534
http://www.w3.org/2006/vcard/nsstreet-address	654966	0.05920435
http://purl.org/dc/terms/description	639981	0.05784981
http://www.w3.org/2000/01/rdf-schemalabel	563003	0.05089154
http://search.yahoo.com/searchmonkey/media/height	508371	0.04595319
http://search.yahoo.com/searchmonkey/media/width	508370	0.04595310
http://www.w3.org/2006/vcard/nspostal-code	490963	0.04437962
http://x.myspacecdn.com/modules/sitesearch/static/rdf/profileschema.rdfheadline	488001	0.04411188
http://www.w3.org/2006/vcard/nsfn	478499	0.04325297
http://purl.org/dc/elements/1.1/source	476821	0.04310129
http://www.purl.org/stuff/revrating	443895	0.04012501
http://www.w3.org/2006/vcard/nstel	436178	0.03942744
http://opengraphprotocol.org/schema/description	433247	0.03916250
http://search.yahoo.com/searchmonkey/media/presentation	426511	0.03855361
http://x.myspacecdn.com/modules/sitesearch/static/rdf/profileschema.rdfmood	422249	0.03816836
http://x.myspacecdn.com/modules/sitesearch/static/rdf/profileschema.rdflastLogin	421645	0.03811376
http://x.myspacecdn.com/modules/sitesearch/static/rdf/profileschema.rdfstatus	411336	0.03718190
http://search.yahoo.com/searchmonkey/commerce/businessCategory	361814	0.03270546
http://rdf.data-vocabulary.org/photo	354009	0.03199994
http://purl.org/mediadepiction	331545	0.02996935
http://purl.org/dc/terms/duration	331542	0.02996908
http://purl.org/mediacontains	331542	0.02996908
http://purl.org/dc/terms/contributor	331160	0.02993455
http://purl.org/commerceamount	330938	0.02991448
http://purl.org/commercecosts	330938	0.02991448
http://purl.org/commercecurrency	330938	0.02991448
http://purl.org/mediasample	327889	0.02963887
http://purl.org/commercepayment	327217	0.02957813
http://www.w3.org/2006/vcard/nslongitude	315812	0.02854720
http://www.w3.org/2006/vcard/nslatitude	315812	0.02854720
http://www.w3.org/2006/vcard/nsName	314883	0.02846322
http://search.yahoo.com/searchmonkey/media/document	310324	0.02805112
http://purl.org/dc/elements/1.1/creator	306522	0.02770745
http://www.w3.org/2000/01/rdf-schemacomment	297517	0.02689346
http://purl.org/dc/elements/1.1/description	286240	0.02587410
http://www.w3.org/2004/02/skos/coresubject	260619	0.02355814
http://www.purl.org/stuff/revmaxRating	247843	0.02240328
http://www.purl.org/stuff/revnumRatings	247843	0.02240328
http://xmlns.com/foaf/0.1/page	234199	0.02116995
http://dbpedia.org/property/abstract	227414	0.02055664
http://purl.org/dc/elements/1.1/date	224500	0.02029323
http://creativecommons.org/nsmorePermissions	219215	0.01981550
http://rdfs.org/sioc/nsnum-replies	212636	0.01922081
http://www.w3.org/2002/07/owlsameAs	210146	0.01899573
http://purl.org/dc/elements/1.1/subject	209121	0.01890308
http://rdf.data-vocabulary.org/nickname	208234	0.01882290
http://rdf.data-vocabulary.org/role	207148	0.01872473
http://purl.org/dc/terms/abstract	206232	0.01864193
http://www.purl.org/stuff/revtotalVotes	203860	0.01842752
http://search.yahoo.com/searchmonkey/action/notify	203206	0.01836840
http://search.yahoo.com/searchmonkey-relation/Review	196196	0.01773475
http://www.purl.org/stuff/revnumReviews	196052	0.01772173
http://www.purl.org/stuff/revsummary	196052	0.01772173
http://dbpedia.org/property/hasPhotoCollection	191909	0.01734723
http://search.yahoo.com/searchmonkey/action/addFriend	190065	0.01718055
http://xmlns.com/foaf/0.1/homepage	188772	0.01706367
http://dbpedia.org/property/wikiPageUsesTemplate	186780	0.01688361
http://dbpedia.org/property/redirect	176964	0.01599631
http://www.w3.org/2002/12/cal/icaltzddtstart	168418	0.01522381
http://www.w3.org/2006/vcard/nsurl	168309	0.01521396
http://www.w3.org/2002/12/cal/icaltzdcategories	167449	0.01513622
http://www.w3.org/2006/vcard/nsurlofvenue	167419	0.01513351
http://search.yahoo.com/searchmonkey/product/priceFrom	159456	0.01441371
http://dbpedia.org/property/reference	158308	0.01430994
http://www.purl.org/stuff/revhasReview	154885	0.01400052
http://search.yahoo.com/searchmonkey-relation/Product	154251	0.01394321
http://www.w3.org/2002/12/cal/icaltzdurlToMap	153468	0.01387243
http://creativecommons.org/nslicense	150102	0.01356817
http://rdf.data-vocabulary.org/tel	145852	0.01318400
http://www.facebook.com/2008/fbmlpage-id	132172	0.01194743
http://search.yahoo.com/searchmonkey-relation/Compare	132032	0.01193477
http://search.yahoo.com/searchmonkey/product/numMerch	131957	0.01192799
http://search.aol.com/rdf/findsurl	126189	0.01140660
http://search.aol.com/rdf/findsdurl	126189	0.01140660
http://search.aol.com/rdf/findsdesc	125873	0.01137804
http://search.aol.com/rdf/findstitle	124733	0.01127499
http://search.yahoo.com/searchmonkey/commerce/Business	124425	0.01124715
http://search.yahoo.com/searchmonkey/action/perform	124425	0.01124715
http://search.yahoo.com/searchmonkey-relation/Link	124425	0.01124715
http://search.yahoo.com/searchmonkey/page/comments	124425	0.01124715
http://search.yahoo.com/searchmonkey/reference/summary	124301	0.01123594
http://search.yahoo.com/searchmonkey-relation/Location	123344	0.01114944
http://rdf.data-vocabulary.org/category	122769	0.01109746
http://search.yahoo.com/searchmonkey-relation/Cluster	121907	0.01101954
http://search.yahoo.com/searchmonkey/media/video	120634	0.01090447
http://dbpedia.org/property/name	116017	0.01048713
http://www.w3.org/2002/12/cal/icaltzdattendee	114379	0.01033906
http://www.w3.org/2002/12/cal/icaltzdwatching	114379	0.01033906
http://www.w3.org/2002/12/cal/icaltzdattending	114379	0.01033906
http://search.yahoo.com/searchmonkey/product/priceTo	111522	0.01008081
http://search.yahoo.com/searchmonkey-relation/Thumbnail	108823	0.00983684
http://rdf.data-vocabulary.org/url	97531	0.00881612
http://www.purl.org/stuff/revReview	92960	0.00840293
http://www.w3.org/2002/12/cal/icaltzdurlToPhotos	92143	0.00832908
http://www.purl.org/stuff/revtext	90367	0.00816855
http://xmlns.com/foaf/0.1/depiction	90105	0.00814486
http://www.w3.org/2006/vcard/nsphoto	89283	0.00807056
http://search.yahoo.com/searchmonkey-relation/Overview	87347	0.00789556
http://rdf.data-vocabulary.org/reviewer	85818	0.00775735
http://search.yahoo.com/searchmonkey/media/type	85817	0.00775726
http://www.w3.org/2006/vcard/nsnickname	83761	0.00757141
http://dbpedia.org/ontology/thumbnail	83540	0.00755143
http://xmlns.com/foaf/0.1/thumbnail	83440	0.00754239
http://search.yahoo.com/searchmonkey/commerce/priceRange	82287	0.00743817
http://purl.org/goodrelations/v1hasCurrencyValue	82186	0.00742904
http://purl.org/goodrelations/v1hasPriceSpecification	82185	0.00742895
http://rdf.data-vocabulary.org/best	82031	0.00741503
http://rdf.data-vocabulary.org/description	79904	0.00722276
http://rdf.data-vocabulary.org/dtreviewed	78759	0.00711926
http://search.yahoo.com/searchmonkey/media/image	76384	0.00690458
http://search.yahoo.com/searchmonkey-relation/Specification	76254	0.00689283
http://rdf.data-vocabulary.org/price	73741	0.00666567
http://dbpedia.org/property/wordnet-type	71715	0.00648253
http:/purl.orgdcelements1.1type	67087	0.00606420
http://rdf.data-vocabulary.org/summary	66958	0.00605254
http://rdf.data-vocabulary.org/pricerange	66391	0.00600128
http://search.yahoo.com/searchmonkey/commerce/hoursOfOperation	66361	0.00599857
http://search.yahoo.com/searchmonkey/commerce/ambience	66241	0.00598772
http:/purl.orgdcelements1.1title	57479	0.00519570
http://rdf.data-vocabulary.org/reviewer	55248	0.00499403
http://purl.org/dc/elements/1.1/publisher	54575	0.00493320
http://rdf.data-vocabulary.org/value	54221	0.00490120
http://rdf.data-vocabulary.org/worst	52885	0.00478043
http://www.w3.org/2000/01/rdf-schemaseeAlso	52823	0.00477483
http://www.w3.org/2006/vcard/nscountry-name	51777	0.00468028
http://rdf.data-vocabulary.org/itemreviewed	51772	0.00467983
http://rdf.data-vocabulary.org/dtreviewed	51644	0.00466826
http://rdf.data-vocabulary.org/name	49031	0.00443206
http://purl.org/dc/elements/1.1/rights	48845	0.00441525
http://purl.org/dc/elements/1.1/relation	48107	0.00434854
http://rdf.data-vocabulary.org/Organization	47611	0.00430370
http://rdf.data-vocabulary.org/organization-name	47523	0.00429575
http://opengraphprotocol.org/schema/country-name	47178	0.00426456
http://dbpedia.org/property/disambiguates	46997	0.00424820
http://search.yahoo.com/searchmonkey/commerce/acceptsCredit	46555	0.00420825
http://opengraphprotocol.org/schema/locality	44838	0.00405304
http://dbpedia.org/ontology/birthDate	44749	0.00404500
http://dbpedia.org/ontology/Person/birthDate	44078	0.00398434
http://rdf.data-vocabulary.org/brand	44026	0.00397964
http://opengraphprotocol.org/schema/email	43644	0.00394511
http://dbpedia.org/property/genre	43491	0.00393128
http://opengraphprotocol.org/schema/latitude	43282	0.00391239
http://opengraphprotocol.org/schema/longitude	43213	0.00390615
http://rdf.data-vocabulary.org/tel	42408	0.00383339
http://dbpedia.org/ontology/genre	41802	0.00377861
http://www.w3.org/2004/02/skos/coreprefLabel	40125	0.00362702
http://search.yahoo.com/searchmonkey/commerce/cuisine	40029	0.00361834
http://dbpedia.org/property/birthPlace	39446	0.00356564
http://purl.org/dc/terms/publisher	39270	0.00354973
http://dbpedia.org/ontology/birthPlace	38755	0.00350318
http://dbpedia.org/ontology/Person/birthPlace	38693	0.00349758
http://opengraphprotocol.org/schema/region	36805	0.00332691
http://purl.org/dc/terms/issued	36667	0.00331444
http://www.w3.org/2004/02/skos/corebroader	36456	0.00329537
http://purl.org/mediaposition	35088	0.00317171
http://purl.org/dc/terms/identifier	34659	0.00313293
http://dbpedia.org/property/title	34638	0.00313103
http://purl.org/goodrelations/v1typeOfGood	33812	0.00305637
http://purl.org/goodrelations/v1includesObject	33777	0.00305320
http://opengraphprotocol.org/schema/street-address	33640	0.00304082
http://search.yahoo.com/searchmonkey/commerce/takesReservations	33413	0.00302030
http://purl.org/stuff/revrating	33065	0.00298884
http://purl.org/stuff/revhasReview	33037	0.00298631
http://opengraphprotocol.org/schema/postal-code	32052	0.00289728
http://rdf.data-vocabulary.org/title	31329	0.00283192
http://opengraphprotocol.org/schema/phone-number	30012	0.00271288
http://dbpedia.org/property/label	28796	0.00260296
http://dbpedia.org/property/relatedInstance	28608	0.00258596
http://dbpedia.org/property/caption	27895	0.00252151
http://developers.facebook.com/schema/admins	27513	0.00248698
http://www.w3.org/2002/12/cal/icaltzdsummary	27412	0.00247785
http://dbpedia.org/ontology/activeYearsStartDate	27005	0.00244106
http://dbpedia.org/ontology/Person/activeYearsStartDate	25495	0.00230457
http://dbpedia.org/ontology/activeYearsEndDate	25377	0.00229390
http://developers.facebook.com/schema/app-id	25345	0.00229101
http://dbpedia.org/ontology/label	25284	0.00228550
http://purl.org/dc/terms/language	25236	0.00228116
http://dbpedia.org/ontology/Person/activeYearsEndDate	24816	0.00224319
http://creativecommons.org/nspermits	24645	0.00222774
http://creativecommons.org/nsrequires	24456	0.00221065
http://purl.org/goodrelations/v1hasCurrency	24338	0.00219999
http://dbpedia.org/property/producer	24077	0.00217639
http://search.yahoo.com/searchmonkey/commerce/features	23763	0.00214801
http://dbpedia.org/property/artist	23226	0.00209947
http://dbpedia.org/ontology/releaseDate	23208	0.00209784
http://purl.org/stuff/revtotalRatings	22924	0.00207217
http://dbpedia.org/ontology/Work/releaseDate	22716	0.00205337
http://dbpedia.org/property/occupation	22444	0.00202878
http://dbpedia.org/property/after	21670	0.00195882
http://dbpedia.org/property/before	21659	0.00195782
http://vocab.org/frbr/coreembodiment	21644	0.00195647
http://dbpedia.org/property/id	21583	0.00195095
http://dbpedia.org/ontology/Work/genre	21529	0.00194607
http://search.yahoo.com/searchmonkey/product/salePrice	21496	0.00194309
http://rdf.data-vocabulary.org/locality	21404	0.00193477
http://rdf.data-vocabulary.org/street-address	21385	0.00193305
http://rdf.data-vocabulary.org/region	21362	0.00193098
http://rdf.data-vocabulary.org/address	21319	0.00192709
http://rdf.data-vocabulary.org/postal-code	21215	0.00191769
http://dbpedia.org/property/years	20856	0.00188524
http://dbpedia.org/ontology/Artist/genre	20785	0.00187882
http://rdfs.org/sioc/nshas-owner	20487	0.00185188
http://dbpedia.org/property/starring	20165	0.00182278
http://dbpedia.org/ontology/producer	19983	0.00180632
http://rdf.data-vocabulary.org/rdf.xmlname	19747	0.00178499
http://rdf.data-vocabulary.org/rdf.xmlitemreviewed	19727	0.00178318
http://dbpedia.org/ontology/starring	19662	0.00177731
http://dbpedia.org/property/background	19134	0.00172958
http://search.yahoo.com/searchmonkey-relation/Neighborhood	18806	0.00169993
http://dbpedia.org/property/writer	18767	0.00169641
http://dbpedia.org/ontology/background	18648	0.00168565
http://dbpedia.org/ontology/MusicalArtist/background	18642	0.00168511
http://dbpedia.org/property/type	18592	0.00168059
http://dbpedia.org/property/origin	18420	0.00166504
http://www.w3.org/2003/01/geo/wgs84-poslat	18037	0.00163042
http://www.w3.org/2003/01/geo/wgs84-poslong	18036	0.00163033
http://purl.org/goodrelations/v1ammountOfThisGood	17905	0.00161849
http://opengraph.org/schema/site-name	17452	0.00157754
http://dbpedia.org/property/yearsActive	17421	0.00157474
http://www.georss.org/georss/point	17285	0.00156244
http://dbpedia.org/property/location	17283	0.00156226
http://dbpedia.org/ontology/Person/homeTown	17212	0.00155584
http://dbpedia.org/ontology/homeTown	17201	0.00155485
http://dbpedia.org/property/website	17139	0.00154925
http://dbpedia.org/property/released	17085	0.00154436
http://dbpedia.org/property/dateOfBirth	17035	0.00153984
http://dbpedia.org/ontology/artist	17006	0.00153722
http://dbpedia.org/property/deathPlace	16951	0.00153225
http://dbpedia.org/ontology/MusicalWork/artist	16938	0.00153108
http://dbpedia.org/ontology/runtime	16582	0.00149890
http://opengraph.org/schema/title	16382	0.00148082
http://dbpedia.org/ontology/occupation	16363	0.00147910
http://dbpedia.org/ontology/Person/occupation	16353	0.00147820
http://purl.org/stuff/revmaxRating	16078	0.00145334
http://dbpedia.org/ontology/Work/runtime	16040	0.00144990
http://dbpedia.org/ontology/Film/starring	16023	0.00144837
http://purl.org/dc/terms/created	15999	0.00144620
http://purl.org/stuff/revminRating	15990	0.00144538
http://search.yahoo.com/searchmonkey/commerce/serviceOptions	15926	0.00143960
http://www.w3.org/2002/12/cal/icaltzddtend	15916	0.00143870
http://search.yahoo.com/searchmonkey/commerce/attire	15701	0.00141926
http://search.yahoo.com/searchmonkey/product/listPrice	15133	0.00136792
http://dbpedia.org/property/country	15124	0.00136710
http://dbpedia.org/ontology/writer	15075	0.00136267
http://dbpedia.org/ontology/Artist/label	14840	0.00134143
http://search.yahoo.com/searchmonkey/product/currency	14594	0.00131920
http://xmlns.com/foaf/0.1/based-near	14498	0.00131052
http://dbpedia.org/ontology/deathDate	14377	0.00129958
http://search.yahoo.co.jp/searchmonkey/shopping/point	14342	0.00129642
http://dbpedia.org/property/associatedActs	14262	0.00128919
http://dbpedia.org/ontology/Person/deathDate	14242	0.00128738
http://xmlns.com/foaf/0.1/gender	14180	0.00128177
http://xmlns.com/foaf/0.1/topic-interest	14169	0.00128078
http://search.yahoo.com/searchmonkey/commerce/parkingOptions	14125	0.00127680
http://www.w3.org/2006/vcard/nsorganization-name	14103	0.00127481
http://dbpedia.org/ontology/associatedMusicalArtist	13923	0.00125854
http://dbpedia.org/ontology/associatedBand	13923	0.00125854
http://dbpedia.org/ontology/MusicalArtist/associatedBand	13920	0.00125827
http://dbpedia.org/ontology/MusicalArtist/associatedMusicalArtist	13920	0.00125827
http://dbpedia.org/ontology/Person/deathPlace	13887	0.00125529
http://dbpedia.org/ontology/deathPlace	13886	0.00125520
http://dbpedia.org/property/date	13836	0.00125068
http://dbpedia.org/property/url	13739	0.00124191
http://www.w3.org/2002/12/cal/icaltzdwebsite	13686	0.00123712
http://opengraph.org/schema/image	13652	0.00123405
http://dbpedia.org/property/language	13623	0.00123142
http://dbpedia.org/property/birthdate	13256	0.00119825
http://dbpedia.org/ontology/type	13246	0.00119735
http://dbpedia.org/ontology/subsequentWork	13050	0.00117963
http://dbpedia.org/ontology/Work/subsequentWork	13036	0.00117836
http://dbpedia.org/ontology/previousWork	12845	0.00116110
http://dbpedia.org/ontology/Work/previousWork	12832	0.00115992
http://search.yahoo.com/searchmonkey/product/manufacturer	12786	0.00115577
http://dbpedia.org/property/position	12697	0.00114772
http://purl.org/dc/terms/extent	12445	0.00112494
http://creativecommons.org/nsprohibits	12386	0.00111961
http://dbpedia.org/property/born	12381	0.00111916
http://rdf.data-vocabulary.org/rating	12338	0.00111527
http://dbpedia.org/property/birthDate	12317	0.00111337
http://purl.org/dc/terms/subject	12090	0.00109285
http://dbpedia.org/property/shortDescription	12090	0.00109285
http://dbpedia.org/ontology/MusicalWork/label	11997	0.00108444
http://dbpedia.org/property/director	11750	0.00106212
http://www.w3.org/2000/01/rdf-schemasubClassOf	11701	0.00105769
http://dbpedia.org/ontology/Person/individualisedPnd	11490	0.00103862
http://dbpedia.org/property/spouse	11326	0.00102379
http://dbpedia.org/property/nationality	11146	0.00100752
http://rdf.data-vocabulary.org/title	11070	0.00100065
http://opengraph.org/schema/type	10976	0.00099215
http://opengraph.org/schema/url	10749	0.00097163
http://dbpedia.org/ontology/currentPosition	10585	0.00095681
http://dbpedia.org/ontology/Athlete/currentPosition	10585	0.00095681
http://rdfs.org/sioc/nscontainer-of	10583	0.00095663
http://dbpedia.org/property/currentMembers	10453	0.00094488
http://search.yahoo.com/searchmonkey/commerce/smoking	10419	0.00094180
http://dbpedia.org/property/length	10307	0.00093168
http://opengraph.org/schema/description	10268	0.00092816
http://dbpedia.org/ontology/location	10186	0.00092074
http://xmlns.com/foaf/0.1/Person	10181	0.00092029
http://dbpedia.org/ontology/director	10056	0.00090899
http://rdfs.org/sioc/nsUser	9963	0.00090059
http://dbpedia.org/ontology/language	9859	0.00089118
http://www.w3.org/2006/vcard/nsVCard	9795	0.00088540
http://dbpedia.org/property/img	9646	0.00087193
http://dbpedia.org/property/cover	9595	0.00086732
http://dbpedia.org/ontology/country	9506	0.00085928
http://opengraphprotocol.org/schema/country-name	9463	0.00085539
http://dbpedia.org/ontology/Album/producer	9405	0.00085015
http://dbpedia.org/property/display	9211	0.00083261
http://www.w3.org/2006/vcard/ns/tel	9189	0.00083062
http://www.w3.org/2006/vcard/ns/street-address	9189	0.00083062
http://www.w3.org/2006/vcard/ns/locality	9189	0.00083062
http://www.w3.org/2006/vcard/ns/adr	9189	0.00083062
http://www.w3.org/2006/vcard/ns/region	9189	0.00083062
http://dbpedia.org/ontology/Work/language	9033	0.00081652
http://dbpedia.org/ontology/Film/director	9023	0.00081562
http://opengraphprotocol.org/schema/fax-number	8995	0.00081309
http://dbpedia.org/property/dateOfDeath	8977	0.00081146
http://dbpedia.org/property/recorded	8954	0.00080938
http://dbpedia.org/ontology/Film/writer	8909	0.00080531
http://rdf.data-vocabulary.org/street	8770	0.00079275
http://dbpedia.org/ontology/birthName	8729	0.00078904
http://dbpedia.org/ontology/Person/birthName	8726	0.00078877
http://dbpedia.org/ontology/musicalBand	8718	0.00078805
http://dbpedia.org/ontology/musicalArtist	8718	0.00078805
http://dbpedia.org/ontology/Single/musicalArtist	8716	0.00078787
http://dbpedia.org/ontology/Single/musicalBand	8716	0.00078787
http://purl.org/dc/terms/rights	8628	0.00077991
http://dbpedia.org/property/format	8604	0.00077774
http://search.yahoo.com/searchmonkey/product/specification	8596	0.00077702
http://xmlns.com/foaf/0.1/surname	8578	0.00077539
http://purl.org/goodrelations/v1amountOfThisGood	8573	0.00077494
http://purl.org/dc/terms/license	8554	0.00077322
http://dbpedia.org/property/cityofbirth	8519	0.00077006
http://purl.org/dc/terms/conformsTo	8455	0.00076427
http://www.w3.org/2006/vcard/ns/nickname	8365	0.00075614
http://dbpedia.org/property/runtime	8317	0.00075180
http://dbpedia.org/property/predecessor	8287	0.00074909
http://rdf.data-vocabulary.org/votes	8247	0.00074547
http://search.yahoo.com/searchmonkey/media/game	8222	0.00074321
http://search.yahoo.com/searchmonkey/media/duration	8194	0.00074068
http://dbpedia.org/property/music	8047	0.00072739
http://dbpedia.org/property/successor	7960	0.00071953
http://dbpedia.org/property/publisher	7919	0.00071582
http://dbpedia.org/property/forProperty	7836	0.00070832
http://dbpedia.org/property/imgCapt	7824	0.00070723
http://dbpedia.org/ontology/height	7708	0.00069675
http://rdf.data-vocabulary.org/affiliation	7693	0.00069539
http://dbpedia.org/ontology/recordDate	7615	0.00068834
http://xmlns.com/foaf/0.1/givenname	7608	0.00068771
http://dbpedia.org/property/birthName	7588	0.00068590
http://dbpedia.org/property/imagesize	7366	0.00066583
http://dbpedia.org/property/dateofbirth	7363	0.00066556
http://dbpedia.org/ontology/TelevisionShow/starring	7323	0.00066195
http://dbpedia.org/ontology/Film/producer	7312	0.00066095
http://dbpedia.org/ontology/instrument	7200	0.00065083
http://dbpedia.org/property/city	7180	0.00064902
http://dbpedia.org/property/pastMembers	7170	0.00064812
http://rdf.data-vocabulary.org/geo	7081	0.00064007
http://dbpedia.org/property/countryofbirth	7062	0.00063836
http://dbpedia.org/ontology/Organisation/type	7023	0.00063483
http://dbpedia.org/property/clubs	7015	0.00063411
http://dbpedia.org/ontology/foundationDate	7008	0.00063347
http://dbpedia.org/property/distributor	6986	0.00063149
http://dbpedia.org/property/foundation	6975	0.00063049
http://dbpedia.org/property/fullname	6941	0.00062742
http://rdf.data-vocabulary.org/itemReviewed	6941	0.00062742
http://dbpedia.org/ontology/Person/height	6930	0.00062642
http://dbpedia.org/ontology/Organisation/location	6908	0.00062443
http://rdf.data-vocabulary.org/rdf.xmlrating	6907	0.00062434
http://dbpedia.org/ontology/Organisation/foundationDate	6888	0.00062263
http://rdf.data-vocabulary.org/latitude	6886	0.00062245
http://rdf.data-vocabulary.org/longitude	6886	0.00062245
http://dbpedia.org/property/party	6885	0.00062236
http://dbpedia.org/property/playername	6883	0.00062218
http://dbpedia.org/property/instrument	6857	0.00061982
http://www.abmeta.org/nsyear	6788	0.00061359
http://rdfs.org/sioc/nsmember-of	6783	0.00061314
http://dbpedia.org/ontology/Artist/instrument	6754	0.00061051
http://www.abmeta.org/nsisbn	6715	0.00060699
http://dbpedia.org/property/developer	6700	0.00060563
http://dbpedia.org/property/region	6668	0.00060274
http://dbpedia.org/ontology/music	6624	0.00059876
http://rdf.data-vocabulary.org/rdf.xmlcount	6603	0.00059687
http://dbpedia.org/ontology/Film/music	6584	0.00059515
http://dbpedia.org/property/reviews	6510	0.00058846
http://dbpedia.org/ontology/MusicalWork/recordDate	6439	0.00058204
http://vocab.org/frbr/corerealization	6355	0.00057445
http://xmlns.com/foaf/0.1/primarySubjectOf	6355	0.00057445
http://dbpedia.org/ontology/Person/nationality	6349	0.00057391
http://dbpedia.org/ontology/nationality	6345	0.00057354
http://dbpedia.org/ontology/city	6238	0.00056387
http://search.yahoo.com/searchmonkey/product/identifier	6222	0.00056243
http://dbpedia.org/property/birthname	6171	0.00055782
http://dbpedia.org/property/author	6110	0.00055230
http://dbpedia.org/property/homepage	6094	0.00055086
http://dbpedia.org/ontology/Athlete/currentTeam	6093	0.00055076
http://dbpedia.org/ontology/currentTeam	6092	0.00055067
http://dbpedia.org/ontology/party	5985	0.00054100
http://commontag.org/nsmeans	5971	0.00053974
http://dbpedia.org/property/industry	5961	0.00053883
http://dbpedia.org/ontology/Person/party	5961	0.00053883
http://dbpedia.org/property/nextAlbum	5940	0.00053693
http://dbpedia.org/property/lastAlbum	5901	0.00053341
http://dbpedia.org/ontology/distributor	5819	0.00052600
http://dbpedia.org/property/imageCaption	5742	0.00051904
http://dbpedia.org/ontology/Film/distributor	5716	0.00051669
http://dbpedia.org/property/keyPeople	5641	0.00050991
http://dbpedia.org/ontology/otherName	5612	0.00050729
http://purl.org/dc/elements/1.1/identifier	5569	0.00050340
http://dbpedia.org/property/products	5560	0.00050259
http://dbpedia.org/ontology/populationTotal	5540	0.00050078
http://dbpedia.org/ontology/PopulatedPlace/populationTotal	5490	0.00049626
http://dbpedia.org/property/cinematography	5488	0.00049608
http://dbpedia.org/ontology/Work/publisher	5476	0.00049499
http://dbpedia.org/ontology/publisher	5475	0.00049490
http://xmlns.com/foaf/0.1/img	5469	0.00049436
http://dbpedia.org/property/termStart	5442	0.00049192
http://dbpedia.org/ontology/author	5421	0.00049002
http://developers.facebook.com/schema/page-id	5421	0.00049002
http://dbpedia.org/ontology/Work/author	5409	0.00048894
http://dbpedia.org/property/almaMater	5405	0.00048857
http://dbpedia.org/property/deathDate	5404	0.00048848
http://dbpedia.org/ontology/Person/otherName	5370	0.00048541
http://www.openlinksw.com/schema/attributionisDescribedUsing	5314	0.00048035
http://dbpedia.org/ontology/industry	5304	0.00047944
http://dbpedia.org/ontology/Company/industry	5294	0.00047854
http://rdf.data-vocabulary.org/Rating	5264	0.00047583
http://dbpedia.org/ontology/Single/writer	5227	0.00047248
http://dbpedia.org/property/owner	5225	0.00047230
http://dbpedia.org/property/editing	5187	0.00046887
http://rdf.data-vocabulary.org/summary	5176	0.00046787
http://dbpedia.org/ontology/Person/almaMater	5169	0.00046724
http://dbpedia.org/ontology/almaMater	5168	0.00046715
http://dbpedia.org/property/height	5114	0.00046227
http://rdf.data-vocabulary.org/addr	5112	0.00046209
http://dbpedia.org/ontology/EducationalInstitution/city	5095	0.00046055
http://commontag.org/nstagged	4985	0.00045061
http://www.abmeta.org/nsdescription	4952	0.00044763
http://dbpedia.org/ontology/MusicalWork/recordPlace	4903	0.00044320
http://dbpedia.org/property/yearsactive	4903	0.00044320
http://dbpedia.org/property/state	4889	0.00044193
http://dbpedia.org/ontology/recordPlace	4881	0.00044121
http://dbpedia.org/property/fromAlbum	4871	0.00044030
http://www.abmeta.org/nstags	4867	0.00043994
http://dbpedia.org/ontology/format	4851	0.00043850
http://dbpedia.org/ontology/Album/review	4851	0.00043850
http://dbpedia.org/ontology/review	4851	0.00043850
http://dbpedia.org/property/religion	4837	0.00043723
http://dbpedia.org/property/currentclub	4818	0.00043551
http://dbpedia.org/property/subdivisionName	4810	0.00043479
http://dbpedia.org/property/alternativeNames	4774	0.00043154
http://dbpedia.org/property/residence	4771	0.00043127
http://dbpedia.org/property/imageSize	4766	0.00043081
http://dbpedia.org/ontology/developer	4713	0.00042602
http://dbpedia.org/property/knownFor	4678	0.00042286
http://dbpedia.org/ontology/Person/knownFor	4655	0.00042078
http://dbpedia.org/ontology/product	4654	0.00042069
http://dbpedia.org/ontology/knownFor	4648	0.00042015
http://dbpedia.org/property/caps-percent-28goals-percent-29	4647	0.00042006
http://www.abmeta.org/nslink	4639	0.00041933
http://dbpedia.org/ontology/Company/product	4635	0.00041897
http://dbpedia.org/ontology/Place/location	4584	0.00041436
http://dbpedia.org/ontology/areaTotal	4543	0.00041066
http://dbpedia.org/ontology/Place/areaTotal	4526	0.00040912
http://rdf.data-vocabulary.org/category	4476	0.00040460
http://dbpedia.org/property/companyName	4441	0.00040144
http://dbpedia.org/ontology/postalCode	4430	0.00040044
http://dbpedia.org/property/office	4420	0.00039954
http://dbpedia.org/ontology/spouse	4396	0.00039737
http://dbpedia.org/ontology/Person/spouse	4385	0.00039637
http://www.facebook.com/2008/fbmlappid	4377	0.00039565
http://dbpedia.org/property/termEnd	4371	0.00039511
http://dbpedia.org/property/companyType	4343	0.00039258
http://dbpedia.org/property/populationAsOf	4342	0.00039249
urn:schemas-microsoft-com:vmlitemreviewed	4330	0.00039140
http://dbpedia.org/property/longd	4320	0.00039050
http://dbpedia.org/property/latd	4314	0.00038996
http://purl.org/goodrelations/v1hasBusinessFunction	4310	0.00038959
http://dbpedia.org/property/officialName	4305	0.00038914
http://dbpedia.org/property/otheruses4Property	4269	0.00038589
http://purl.org/goodrelations/v1hasCurrencyValueMin	4207	0.00038028
http://purl.org/goodrelations/v1hasCurrencyValueMax	4207	0.00038028
http://dbpedia.org/ontology/populationAsOf	4199	0.00037956
urn:schemas-microsoft-com:vmlcount	4199	0.00037956
http://dbpedia.org/ontology/PopulatedPlace/populationAsOf	4172	0.00037712
http://dbpedia.org/ontology/Single/producer	4165	0.00037649
http://dbpedia.org/ontology/weight	4160	0.00037603
http://rdf.data-vocabulary.org/brand	4154	0.00037549
http://dbpedia.org/property/nickname	4095	0.00037016
urn:schemas-microsoft-com:vmlrating	4058	0.00036681
http://purl.org/goodrelations/v1offers	4047	0.00036582
http://dbpedia.org/property/youthclubs	4030	0.00036428
http://dbpedia.org/property/populationTotal	4015	0.00036293
http://dbpedia.org/ontology/religion	3993	0.00036094
http://dbpedia.org/ontology/keyPerson	3993	0.00036094
http://dbpedia.org/ontology/Organisation/keyPerson	3986	0.00036031
http://dbpedia.org/ontology/Person/residence	3975	0.00035931
http://dbpedia.org/ontology/residence	3961	0.00035805
http://dbpedia.org/property/awards	3958	0.00035778
http://dbpedia.org/ontology/keyPersonPosition	3946	0.00035669
http://opengraphprotocol.org/schema/postal-code	3943	0.00035642
http://dbpedia.org/ontology/Organisation/keyPersonPosition	3941	0.00035624
urn:schemas-microsoft-com:vmlaverage	3938	0.00035597
http://dbpedia.org/property/longm	3938	0.00035597
http://dbpedia.org/property/latm	3937	0.00035588
http://dbpedia.org/ontology/cinematography	3915	0.00035389
http://dbpedia.org/property/latns	3907	0.00035317
http://dbpedia.org/property/pcupdate	3907	0.00035317
http://dbpedia.org/property/longew	3905	0.00035298
http://dbpedia.org/ontology/Film/cinematography	3899	0.00035244
http://dbpedia.org/property/subdivisionType	3896	0.00035217
http://dbpedia.org/ontology/currentNumber	3886	0.00035127
http://dbpedia.org/ontology/Work/type	3885	0.00035118
http://opengraphprotocol.org/schema/upc	3873	0.00035009
http://dbpedia.org/property/nextSingle	3870	0.00034982
http://dbpedia.org/property/deathdate	3862	0.00034910
http://dbpedia.org/property/place	3834	0.00034657
http://dbpedia.org/property/lastSingle	3810	0.00034440
http://dbpedia.org/property/timezone	3788	0.00034241
http://dbpedia.org/ontology/PopulatedPlace/postalCode	3755	0.00033943
http://www.geonames.org/ontologyfeatureClass	3723	0.00033653
http://dbpedia.org/property/order	3722	0.00033644
http://dbpedia.org/property/nationalteam	3703	0.00033473
http://dbpedia.org/property/area	3699	0.00033436
http://dbpedia.org/property/commander	3697	0.00033418
http://dbpedia.org/ontology/Person/religion	3691	0.00033364
http://dbpedia.org/property/logo	3682	0.00033283
http://dbpedia.org/ontology/populationDensity	3678	0.00033247
http://dbpedia.org/ontology/Person/weight	3645	0.00032948
http://dbpedia.org/property/team	3636	0.00032867
http://dbpedia.org/ontology/platform	3622	0.00032740
http://dbpedia.org/ontology/commander	3594	0.00032487
http://www.geonames.org/ontologyfeatureCode	3575	0.00032316
http://dbpedia.org/property/leaderName	3556	0.00032144
http://dbpedia.org/ontology/MilitaryConflict/commander	3542	0.00032017
http://dbpedia.org/property/utcOffset	3527	0.00031882
http://dbpedia.org/ontology/Athlete/currentNumber	3515	0.00031773
http://purl.org/goodrelations/v1validThrough	3505	0.00031683
http://purl.org/goodrelations/v1validFrom	3505	0.00031683
http://dbpedia.org/property/nationalyears	3503	0.00031665
http://dbpedia.org/ontology/elevation	3486	0.00031511
http://dbpedia.org/ontology/SoccerPlayer/club	3479	0.00031448
http://dbpedia.org/ontology/club	3477	0.00031430
http://dbpedia.org/ontology/areaCode	3436	0.00031059
http://dbpedia.org/ontology/PopulatedPlace/areaCode	3433	0.00031032
http://dbpedia.org/property/established	3425	0.00030960
http://dbpedia.org/ontology/editing	3417	0.00030887
http://dbpedia.org/ontology/award	3409	0.00030815
http://dbpedia.org/ontology/Place/elevation	3401	0.00030743
http://dbpedia.org/ontology/Film/editing	3401	0.00030743
http://dbpedia.org/ontology/Person/award	3395	0.00030688
http://dbpedia.org/property/children	3391	0.00030652
http://dbpedia.org/ontology/Single/format	3389	0.00030634
http://dbpedia.org/property/areaTotalKm	3370	0.00030462
http://dbpedia.org/ontology/MilitaryConflict/place	3345	0.00030236
http://dbpedia.org/ontology/formerTeam	3342	0.00030209
http://dbpedia.org/ontology/Athlete/formerTeam	3338	0.00030173
http://dbpedia.org/ontology/place	3326	0.00030065
http://dbpedia.org/property/alias	3315	0.00029965
http://dbpedia.org/property/headquarters	3310	0.00029920
http://dbpedia.org/property/imageMap	3306	0.00029884
http://dbpedia.org/ontology/Organisation/foundationPlace	3304	0.00029866
http://dbpedia.org/property/companyLogo	3298	0.00029812
http://dbpedia.org/ontology/foundationPlace	3289	0.00029730
http://www.facebook.com/2008/fbmldapp-id	3287	0.00029712
http://dbpedia.org/property/teams	3253	0.00029405
http://rdf.data-vocabulary.org/count	3245	0.00029333
http://dbpedia.org/property/platforms	3240	0.00029287
http://dbpedia.org/property/portalProperty	3240	0.00029287
http://dbpedia.org/ontology/owner	3223	0.00029134
http://search.yahoo.com/searchmonkey/media/spreadsheet	3202	0.00028944
http://dbpedia.org/property/populationDensityKm	3193	0.00028862
http://dbpedia.org/property/battles	3192	0.00028853
http://dbpedia.org/property/width	3179	0.00028736
http://dbpedia.org/property/combatant	3154	0.00028510
http://dbpedia.org/property/goals	3154	0.00028510
http://dbpedia.org/ontology/PopulatedPlace/populationDensity	3135	0.00028338
http://dbpedia.org/property/creator	3121	0.00028212
http://dbpedia.org/property/field	3107	0.00028085
http://purl.org/goodrelations/v1availableAtOrFrom	3090	0.00027931
http://rdfs.org/sioc/nshas-creator	3081	0.00027850
http://dbpedia.org/property/imdbId	3079	0.00027832
http://dbpedia.org/property/license	3073	0.00027778
http://dbpedia.org/property/status	3065	0.00027705
http://dbpedia.org/property/nihongoProperty	3063	0.00027687
http://dbpedia.org/property/clubnumber	3056	0.00027624
http://dbpedia.org/property/died	3054	0.00027606
http://purl.org/goodrelations/v1legalName	3035	0.00027434
http://dbpedia.org/property/year	3030	0.00027389
http://rdf.data-vocabulary.org/average	3008	0.00027190
http://dbpedia.org/property/influences	2989	0.00027018
http://dbpedia.org/property/founder	2958	0.00026738
http://purl.org/goodrelations/v1hasUnitOfMeasurement	2957	0.00026729
http://dbpedia.org/property/weight	2932	0.00026503
http://dbpedia.org/property/class	2904	0.00026250
http://dbpedia.org/property/imgSize	2897	0.00026187
http://dbpedia.org/property/leaderTitle	2882	0.00026051
http://purl.org/rss/1.0/modules/content/encoded	2869	0.00025934
http://dbpedia.org/ontology/region	2858	0.00025834
http://dbpedia.org/property/nationalcaps-percent-28goals-percent-29	2850	0.00025762
http://dbpedia.org/property/postalCode	2849	0.00025753
http://dbpedia.org/property/misc	2843	0.00025699
http://dbpedia.org/property/operatingSystem	2838	0.00025654
http://dbpedia.org/ontology/VideoGame/developer	2797	0.00025283
http://dbpedia.org/ontology/Film/imdbid	2793	0.00025247
http://dbpedia.org/ontology/imdbid	2793	0.00025247
http://dbpedia.org/property/guests	2790	0.00025220
http://dbpedia.org/property/followedBy	2787	0.00025193
http://www.abmeta.org/nstitle	2784	0.00025165
http://dbpedia.org/property/mapCaption	2782	0.00025147
http://dbpedia.org/property/fam	2774	0.00025075
http://dbpedia.org/property/college	2773	0.00025066
http://dbpedia.org/ontology/Film/country	2760	0.00024948
http://dbpedia.org/ontology/VideoGame/platform	2748	0.00024840
http://xmlns.com/foaf/0.1/primaryTopic	2741	0.00024777
http://dbpedia.org/property/columnsListProperty	2738	0.00024750
http://dbpedia.org/property/col	2728	0.00024659
http://dbpedia.org/property/amgMovieProperty	2724	0.00024623
http://dbpedia.org/property/precededBy	2719	0.00024578
http://dbpedia.org/ontology/years	2681	0.00024234
http://dbpedia.org/ontology/class	2679	0.00024216
http://dbpedia.org/ontology/leaderName	2661	0.00024054
http://dbpedia.org/ontology/PopulatedPlace/leaderName	2659	0.00024036
http://dbpedia.org/ontology/SoccerPlayer/years	2658	0.00024026
http://dbpedia.org/property/rank	2658	0.00024026
http://www.w3.org/2002/07/owlimports	2653	0.00023981
http://search.yahoo.com/searchmonkey/media/views	2643	0.00023891
http://xmlns.com/foaf/0.1/mbox	2630	0.00023773
http://www.abmeta.org/nsauthor	2626	0.00023737
http://purl.org/dc/terms/format	2624	0.00023719
http://opengraphprotocol.org/schema/country	2619	0.00023674
http://dbpedia.org/property/locationCity	2618	0.00023665
http://commontag.org/nslabel	2593	0.00023439
http://dbpedia.org/property/utcOffsetDst	2591	0.00023421
tag:govshare.info,2005:rdf/usbill/sponsor	2578	0.00023303
http://dbpedia.org/property/founded	2577	0.00023294
http://dbpedia.org/ontology/established	2570	0.00023231
http://dbpedia.org/ontology/EducationalInstitution/established	2553	0.00023077
http://dbpedia.org/property/latestReleaseVersion	2539	0.00022951
http://dbpedia.org/ontology/guest	2537	0.00022933
http://dbpedia.org/ontology/TelevisionEpisode/guest	2529	0.00022860
http://dbpedia.org/property/convertProperty	2529	0.00022860
http://dbpedia.org/ontology/influencedBy	2528	0.00022851
http://dbpedia.org/ontology/Person/influencedBy	2527	0.00022842
http://dbpedia.org/property/network	2523	0.00022806
http://dbpedia.org/property/elevationM	2515	0.00022734
http://rdf.data-vocabulary.org/starring	2513	0.00022716
http://dbpedia.org/property/timezoneDst	2505	0.00022643
http://dbpedia.org/property/capital	2501	0.00022607
http://opengraphprotocol.org/schema/street-address	2493	0.00022535
http://dbpedia.org/property/series	2493	0.00022535
http://dbpedia.org/property/familycolor	2489	0.00022499
http://dbpedia.org/ontology/SoccerClub/ground	2482	0.00022436
http://dbpedia.org/ontology/Organisation/locationCity	2481	0.00022427
http://dbpedia.org/property/influenced	2478	0.00022399
http://dbpedia.org/property/candidate	2475	0.00022372
http://dbpedia.org/ontology/ground	2471	0.00022336
http://dbpedia.org/property/isbn	2471	0.00022336
http://dbpedia.org/property/settlementType	2467	0.00022300
http://dbpedia.org/ontology/locationCity	2465	0.00022282
http://dbpedia.org/ontology/numberOfEmployees	2460	0.00022237
http://www.w3.org/2001/vcard-rdf/3.0Country	2460	0.00022237
http://dbpedia.org/property/related	2451	0.00022155
http://dbpedia.org/property/ground	2443	0.00022083
http://dbpedia.org/property/stat1label	2437	0.00022029
http://dbpedia.org/property/debutteam	2432	0.00021984
http://dbpedia.org/ontology/EducationalInstitution/country	2430	0.00021966
http://dbpedia.org/property/stat2label	2426	0.00021929
http://dbpedia.org/property/heightFt	2417	0.00021848
http://rdf.data-vocabulary.org/runtime	2416	0.00021839
http://dbpedia.org/property/league	2412	0.00021803
http://dbpedia.org/property/heightIn	2411	0.00021794
http://dbpedia.org/property/stat1value	2411	0.00021794
http://dbpedia.org/ontology/MilitaryPerson/battles	2409	0.00021776
http://dbpedia.org/ontology/leaderTitle	2409	0.00021776
http://opengraphprotocol.org/schema/isbn	2409	0.00021776
http://dbpedia.org/ontology/battles	2408	0.00021767
http://dbpedia.org/ontology/PopulatedPlace/leaderTitle	2406	0.00021749
http://dbpedia.org/property/areaCode	2406	0.00021749
http://dbpedia.org/property/stat3label	2404	0.00021730
http://dbpedia.org/property/image	2396	0.00021658
http://dbpedia.org/property/stat2value	2392	0.00021622
http://dbpedia.org/ontology/college	2391	0.00021613
http://dbpedia.org/property/stat3value	2386	0.00021568
http://dbpedia.org/ontology/Organisation/numberOfEmployees	2386	0.00021568
http://dbpedia.org/property/nativeName	2385	0.00021559
http://rdf.data-vocabulary.org/worst	2384	0.00021550
http://rdf.data-vocabulary.org/best	2384	0.00021550
http://dbpedia.org/ontology/license	2383	0.00021541
http://dbpedia.org/property/longs	2382	0.00021532
http://dbpedia.org/property/numEmployees	2380	0.00021514
http://dbpedia.org/property/modes	2379	0.00021504
http://dbpedia.org/property/lats	2377	0.00021486
http://dbpedia.org/property/locale	2376	0.00021477
http://dbpedia.org/ontology/Software/license	2368	0.00021405
http://dbpedia.org/property/ntupdate	2356	0.00021297
http://dbpedia.org/property/branch	2344	0.00021188
http://dbpedia.org/property/district	2340	0.00021152
http://dbpedia.org/property/youthyears	2321	0.00020980
http://dbpedia.org/property/issue	2319	0.00020962
http://dbpedia.org/property/releaseDate	2317	0.00020944
http://search.yahoo.com/searchmonkey/product/brand	2317	0.00020944
http://dbpedia.org/ontology/Book/country	2300	0.00020790
http://dbpedia.org/property/motto	2294	0.00020736
http://dbpedia.org/property/budget	2290	0.00020700
http://dbpedia.org/property/showName	2279	0.00020601
http://dbpedia.org/property/population	2278	0.00020592
http://dbpedia.org/property/profession	2258	0.00020411
http://dbpedia.org/ontology/Place/type	2250	0.00020338
http://dbpedia.org/property/mediaType	2242	0.00020266
http://dbpedia.org/ontology/network	2239	0.00020239
http://dbpedia.org/property/president	2234	0.00020194
http://dbpedia.org/property/latestReleaseDate	2233	0.00020185
http://dbpedia.org/property/careerStart	2222	0.00020085
http://dbpedia.org/ontology/motto	2222	0.00020085
http://rdf.data-vocabulary.org/genre	2221	0.00020076
http://dbpedia.org/property/allegiance	2215	0.00020022
http://purl.org/dc/terms/modified	2210	0.00019977
http://dbpedia.org/property/imdbTitleProperty	2204	0.00019923
http://dbpedia.org/property/p	2195	0.00019841
http://dbpedia.org/ontology/creator	2195	0.00019841
http://dbpedia.org/property/landscape	2193	0.00019823
http://dbpedia.org/ontology/TelevisionShow/network	2185	0.00019751
http://dbpedia.org/ontology/TelevisionShow/creator	2184	0.00019742
http://dbpedia.org/ontology/isbn	2179	0.00019697
http://dbpedia.org/ontology/Book/isbn	2175	0.00019660
http://rdf.data-vocabulary.org/initialReleaseDate	2166	0.00019579
http://dbpedia.org/ontology/episodeNumber	2151	0.00019444
http://rdf.data-vocabulary.org/description	2144	0.00019380
http://dbpedia.org/ontology/date	2141	0.00019353
http://dbpedia.org/ontology/budget	2136	0.00019308
http://dbpedia.org/property/result	2133	0.00019281
http://dbpedia.org/property/iso	2125	0.00019209
http://dbpedia.org/property/firstAired	2118	0.00019145
http://dbpedia.org/property/extra	2114	0.00019109
http://dbpedia.org/property/portrayer	2113	0.00019100
http://dbpedia.org/property/birthplace	2107	0.00019046
http://dbpedia.org/property/source	2105	0.00019028
http://dbpedia.org/ontology/draftYear	2101	0.00018992
http://dbpedia.org/property/leader	2097	0.00018955
http://dbpedia.org/ontology/influenced	2095	0.00018937
http://dbpedia.org/ontology/Person/influenced	2094	0.00018928
http://dbpedia.org/property/states	2075	0.00018757
http://dbpedia.org/property/aboutProperty	2075	0.00018757
http://dbpedia.org/property/imageName	2057	0.00018594
http://dbpedia.org/ontology/Language/region	2047	0.00018503
http://opengraphprotocol.org/schema/app-id	2034	0.00018386
http://dbpedia.org/ontology/FootballPlayer/college	2031	0.00018359
http://dbpedia.org/property/coordinates	2030	0.00018350
http://dbpedia.org/ontology/Film/budget	2029	0.00018341
http://purl.org/dc/terms/available	2020	0.00018259
http://dbpedia.org/ontology/Organisation/foundationPerson	2019	0.00018250
http://dbpedia.org/ontology/foundationPerson	2016	0.00018223
http://dbpedia.org/property/album	2016	0.00018223
http://dbpedia.org/ontology/EducationalInstitution/state	2014	0.00018205
http://www.w3.org/2004/02/skos/coreinScheme	2013	0.00018196
http://dbpedia.org/ontology/state	2013	0.00018196
http://dbpedia.org/property/debutdate	2011	0.00018178
http://i.yimg.jp/images/auct/dev/rdf/auctionschema.rdfStartTime	1996	0.00018042
http://i.yimg.jp/images/auct/dev/rdf/auctionschema.rdfStartPrice	1996	0.00018042
http://i.yimg.jp/images/auct/dev/rdf/auctionschema.rdfPaymentLink	1996	0.00018042
http://i.yimg.jp/images/auct/dev/rdf/auctionschema.rdfQuantity	1996	0.00018042
http://i.yimg.jp/images/auct/dev/rdf/auctionschema.rdfSellerRating	1996	0.00018042
http://i.yimg.jp/images/auct/dev/rdf/auctionschema.rdfEndTimeUT	1996	0.00018042
http://i.yimg.jp/images/auct/dev/rdf/auctionschema.rdfSellingListLink	1996	0.00018042
http://i.yimg.jp/images/auct/dev/rdf/auctionschema.rdfLocation	1996	0.00018042
http://i.yimg.jp/images/auct/dev/rdf/auctionschema.rdfQandALinkText	1996	0.00018042
http://i.yimg.jp/images/auct/dev/rdf/auctionschema.rdfDescriptionLinkText	1996	0.00018042
http://i.yimg.jp/images/auct/dev/rdf/auctionschema.rdfDescriptionLink	1996	0.00018042
http://i.yimg.jp/images/auct/dev/rdf/auctionschema.rdfSellerID	1996	0.00018042
http://i.yimg.jp/images/auct/dev/rdf/auctionschema.rdfSellingListLinkText	1996	0.00018042
http://i.yimg.jp/images/auct/dev/rdf/auctionschema.rdfPaymentLinkText	1996	0.00018042
http://i.yimg.jp/images/auct/dev/rdf/auctionschema.rdfBids	1996	0.00018042
http://i.yimg.jp/images/auct/dev/rdf/auctionschema.rdfAuctionID	1996	0.00018042
http://i.yimg.jp/images/auct/dev/rdf/auctionschema.rdfStartTimeUT	1996	0.00018042
http://i.yimg.jp/images/auct/dev/rdf/auctionschema.rdfCategoryPath	1996	0.00018042
http://i.yimg.jp/images/auct/dev/rdf/auctionschema.rdfQandALink	1996	0.00018042
http://i.yimg.jp/images/auct/dev/rdf/auctionschema.rdfTitle	1996	0.00018042
http://i.yimg.jp/images/auct/dev/rdf/auctionschema.rdfEndTime	1996	0.00018042
http://i.yimg.jp/images/auct/dev/rdf/auctionschema.rdfPaymentMethod	1993	0.00018015
http://dbpedia.org/property/postalCodeType	1993	0.00018015
http://i.yimg.jp/images/auct/dev/rdf/auctionschema.rdfAboutMeLinkText	1990	0.00017988
http://i.yimg.jp/images/auct/dev/rdf/auctionschema.rdfAboutMeLink	1990	0.00017988
http://i.yimg.jp/images/auct/dev/rdf/auctionschema.rdfRatingLink	1987	0.00017961
http://i.yimg.jp/images/auct/dev/rdf/auctionschema.rdfRatingLinkText	1987	0.00017961
http://dbpedia.org/property/pages	1987	0.00017961
http://dbpedia.org/property/debutyear	1983	0.00017925
http://dbpedia.org/property/weightLb	1983	0.00017925
http://dbpedia.org/property/single	1979	0.00017889
http://dbpedia.org/property/imageSkyline	1972	0.00017826
http://i.yimg.jp/images/auct/dev/rdf/auctionschema.rdfShipping	1959	0.00017708
http://i.yimg.jp/images/auct/dev/rdf/auctionschema.rdfShippingLinkText	1959	0.00017708
http://i.yimg.jp/images/auct/dev/rdf/auctionschema.rdfShiptime	1959	0.00017708
http://dbpedia.org/ontology/Event/date	1959	0.00017708
http://i.yimg.jp/images/auct/dev/rdf/auctionschema.rdfSendOversea	1959	0.00017708
http://i.yimg.jp/images/auct/dev/rdf/auctionschema.rdfShippingLink	1959	0.00017708
http://i.yimg.jp/images/auct/dev/rdf/auctionschema.rdfSEReceive	1959	0.00017708
http://i.yimg.jp/images/auct/dev/rdf/auctionschema.rdfAnonymousDelivery	1959	0.00017708
http://dbpedia.org/ontology/Language/states	1945	0.00017581
http://purl.org/dc/terms/spatial	1935	0.00017491
http://i.yimg.jp/images/auct/dev/rdf/auctionschema.rdfReturnPolicy	1932	0.00017464
http://dbpedia.org/property/manufacturer	1922	0.00017374
http://dbpedia.org/ontology/states	1920	0.00017355
http://i.yimg.jp/images/auct/dev/rdf/auctionschema.rdfItemStatus	1904	0.00017211
http://dbpedia.org/property/lastAired	1904	0.00017211
http://dbpedia.org/property/next	1883	0.00017021
http://dbpedia.org/property/designer	1882	0.00017012
http://purl.org/dc/terms/SizeOrDuration	1878	0.00016976
http://dbpedia.org/ontology/mediaType	1873	0.00016931
http://dbpedia.org/property/bats	1869	0.00016894
http://dbpedia.org/property/throws	1869	0.00016894
http://dbpedia.org/ontology/Book/mediaType	1868	0.00016885
http://dbpedia.org/ontology/MilitaryPerson/militaryRank	1864	0.00016849
http://dbpedia.org/ontology/militaryRank	1863	0.00016840
http://dbpedia.org/property/blankInfo	1863	0.00016840
http://rdfs.org/sioc/nscontent	1859	0.00016804
http://dbpedia.org/ontology/revenue	1850	0.00016723
http://dbpedia.org/property/revenue	1848	0.00016705
http://dbpedia.org/ontology/bats	1845	0.00016678
http://dbpedia.org/ontology/throws	1845	0.00016678
http://dbpedia.org/ontology/students	1842	0.00016650
http://dbpedia.org/property/highlights	1839	0.00016623
http://dbpedia.org/ontology/result	1838	0.00016614
http://dbpedia.org/ontology/MilitaryConflict/result	1837	0.00016605
http://dbpedia.org/ontology/affiliation	1836	0.00016596
http://dbpedia.org/ontology/BaseballPlayer/statisticValue	1833	0.00016569
http://dbpedia.org/ontology/statisticValue	1833	0.00016569
http://dbpedia.org/ontology/Organisation/affiliation	1833	0.00016569
http://dbpedia.org/ontology/EducationalInstitution/students	1831	0.00016551
http://dbpedia.org/property/latitude	1831	0.00016551
http://dbpedia.org/property/longitude	1830	0.00016542
http://dbpedia.org/property/media	1829	0.00016533
http://dbpedia.org/property/parent	1829	0.00016533
http://dbpedia.org/ontology/branch	1828	0.00016524
http://dbpedia.org/property/blankName	1818	0.00016433
http://dbpedia.org/ontology/MilitaryPerson/allegiance	1811	0.00016370
http://www.w3.org/2000/01/rdf-schemadomain	1809	0.00016352
http://dbpedia.org/property/conflict	1809	0.00016352
http://dbpedia.org/ontology/pages	1808	0.00016343
http://dbpedia.org/ontology/combatant	1804	0.00016307
http://dbpedia.org/ontology/allegiance	1804	0.00016307
http://dbpedia.org/ontology/MilitaryConflict/combatant	1803	0.00016298
http://dbpedia.org/ontology/statisticLabel	1793	0.00016207
http://dbpedia.org/ontology/BaseballPlayer/statisticLabel	1793	0.00016207
http://dbpedia.org/ontology/Book/pages	1792	0.00016198
http://dbpedia.org/ontology/areaLand	1789	0.00016171
http://dbpedia.org/property/partof	1787	0.00016153
http://dbpedia.org/ontology/completionDate	1785	0.00016135
http://search.yahoo.com/searchmonkey/media/region	1784	0.00016126
http://dbpedia.org/ontology/Place/areaLand	1783	0.00016117
http://dbpedia.org/property/start	1773	0.00016027
http://dbpedia.org/property/mapsize	1770	0.00016000
http://dbpedia.org/property/number	1761	0.00015918
http://dbpedia.org/property/establishedDate	1756	0.00015873
http://dbpedia.org/property/color	1753	0.00015846
http://dbpedia.org/ontology/RadioStation/city	1748	0.00015801
http://www.w3.org/2000/01/rdf-schemaisDefinedBy	1744	0.00015765
http://dbpedia.org/property/numEpisodes	1741	0.00015737
http://www.facebook.com/2008/fbml+ACU-20	1738	0.00015710
http://dbpedia.org/ontology/foundingDate	1722	0.00015566
http://www.w3.org/2000/01/rdf-schemarange	1720	0.00015548
http://dbpedia.org/property/serviceyears	1717	0.00015520
http://dbpedia.org/property/engine	1717	0.00015520
http://dbpedia.org/ontology/SoccerPlayer/nationalTeam	1716	0.00015511
http://dbpedia.org/ontology/nationalTeam	1713	0.00015484
http://dbpedia.org/property/club	1712	0.00015475
http://dbpedia.org/ontology/MilitaryConflict/partOf	1708	0.00015439
http://dbpedia.org/property/first	1707	0.00015430
http://dbpedia.org/ontology/partOf	1707	0.00015430
http://rdf.data-vocabulary.org/directedBy	1705	0.00015412
http://dbpedia.org/ontology/RadioStation/area	1701	0.00015376
http://dbpedia.org/ontology/youthClub	1700	0.00015367
http://dbpedia.org/ontology/SoccerPlayer/youthClub	1699	0.00015358
http://dbpedia.org/ontology/area	1699	0.00015358
http://mostplays.com/termsrights	1696	0.00015331
http://dbpedia.org/property/education	1694	0.00015313
http://rdf.data-vocabulary.org/image	1693	0.00015304
http://purl.org/goodrelations/v1acceptedPaymentMethods	1693	0.00015304
http://dbpedia.org/property/list	1691	0.00015285
http://dbpedia.org/property/stadium	1688	0.00015258
http://dbpedia.org/property/regnum	1687	0.00015249
http://xmlns.data-vocabulary.orgitemReviewed	1686	0.00015240
http://dbpedia.org/ontology/nickname	1684	0.00015222
http://dbpedia.org/ontology/kingdom	1683	0.00015213
http://dbpedia.org/ontology/Species/kingdom	1683	0.00015213
http://dbpedia.org/ontology/album	1676	0.00015150
http://dbpedia.org/property/map	1674	0.00015132
http://rdf.data-vocabulary.org/date	1670	0.00015096
http://dbpedia.org/ontology/areaWater	1668	0.00015078
http://purl.org/dc/elements/1.1/language	1667	0.00015069
http://dbpedia.org/ontology/Place/areaWater	1666	0.00015059
http://dbpedia.org/ontology/capital	1661	0.00015014
http://dbpedia.org/ontology/PopulatedPlace/capital	1660	0.00015005
http://dbpedia.org/ontology/Species/class	1648	0.00014897
http://dbpedia.org/ontology/TelevisionShow/episodeNumber	1648	0.00014897
http://dbpedia.org/ontology/Organisation/owningCompany	1642	0.00014843
http://dbpedia.org/ontology/PopulatedPlace/foundingDate	1641	0.00014833
http://dbpedia.org/ontology/owningCompany	1638	0.00014806
http://dbpedia.org/property/draft	1629	0.00014725
http://dbpedia.org/property/managerclubs	1629	0.00014725
http://dbpedia.org/property/manager	1628	0.00014716
http://ogp.me/nstype	1624	0.00014680
http://dbpedia.org/ontology/PopulatedPlace/establishedTitle	1624	0.00014680
http://dbpedia.org/property/speakers	1624	0.00014680
http://dbpedia.org/ontology/establishedTitle	1624	0.00014680
http://dbpedia.org/ontology/Software/developer	1623	0.00014671
http://opengraphprotocol.org/schematitle	1623	0.00014671
http://dbpedia.org/property/screenshot	1620	0.00014644
http://dbpedia.org/property/affiliations	1614	0.00014589
http://dbpedia.org/property/areaTotalSqMi	1609	0.00014544
http://opengraphprotocol.org/schematype	1606	0.00014517
http://dbpedia.org/ontology/Species/order	1605	0.00014508
http://dbpedia.org/property/notableInstruments	1605	0.00014508
http://dbpedia.org/ontology/order	1605	0.00014508
http://ogp.me/nsurl	1603	0.00014490
http://opengraphprotocol.org/schemaimage	1595	0.00014418
http://ogp.me/nstitle	1593	0.00014400
http://dbpedia.org/ontology/Organisation/revenue	1587	0.00014345
http://dbpedia.org/property/ordo	1577	0.00014255
http://dbpedia.org/property/production	1573	0.00014219
http://dbpedia.org/property/finaldate	1567	0.00014165
http://dbpedia.org/property/campus	1565	0.00014147
http://dbpedia.org/property/areaLandKm	1563	0.00014128
http://dbpedia.org/property/input	1556	0.00014065
http://dbpedia.org/property/imageFlag	1554	0.00014047
http://dbpedia.org/property/locationCountry	1554	0.00014047
http://dbpedia.org/ontology/Organisation/motto	1539	0.00013911
http://dbpedia.org/property/father	1535	0.00013875
http://dbpedia.org/property/subject	1534	0.00013866
http://dbpedia.org/property/areaServed	1531	0.00013839
http://dbpedia.org/ontology/MilitaryPerson/branch	1530	0.00013830
http://dbpedia.org/ontology/shoots	1530	0.00013830
http://dbpedia.org/ontology/IceHockeyPlayer/shoots	1528	0.00013812
http://dbpedia.org/property/draftTeam	1528	0.00013812
http://dbpedia.org/property/colors	1528	0.00013812
http://dbpedia.org/ontology/nationalYears	1524	0.00013776
http://dbpedia.org/property/style	1522	0.00013758
http://dbpedia.org/property/gross	1521	0.00013749
http://dbpedia.org/property/governmentType	1518	0.00013722
http://www.w3.org/2000/01/rdf-schemasubPropertyOf	1515	0.00013695
http://dbpedia.org/property/season	1515	0.00013695
http://dbpedia.org/ontology/gross	1511	0.00013658
http://dbpedia.org/ontology/SoccerPlayer/nationalYears	1509	0.00013640
http://dbpedia.org/property/draftYear	1507	0.00013622
http://dbpedia.org/property/langProperty	1507	0.00013622
http://dbpedia.org/property/strength	1500	0.00013559
http://dbpedia.org/ontology/draft	1499	0.00013550
http://dbpedia.org/ontology/Organisation/locationCountry	1495	0.00013514
http://dbpedia.org/ontology/colours	1493	0.00013496
http://dbpedia.org/property/-1	1493	0.00013496
http://dbpedia.org/property/imageWidth	1492	0.00013487
http://dbpedia.org/ontology/EducationalInstitution/colours	1492	0.00013487
http://xmlns.com/foaf/0.1/isPrimaryTopicOf	1489	0.00013460
http://dbpedia.org/ontology/slogan	1486	0.00013432
http://i.yimg.jp/images/auct/dev/rdf/auctionschema.rdfImagePath	1485	0.00013423
http://i.yimg.jp/images/auct/dev/rdf/auctionschema.rdfEnlargeImageLink	1485	0.00013423
http://i.yimg.jp/images/auct/dev/rdf/auctionschema.rdfEnlargeImageLinkText	1485	0.00013423
http://dbpedia.org/ontology/family	1483	0.00013405
http://dbpedia.org/ontology/Organisation/slogan	1483	0.00013405
http://dbpedia.org/ontology/Species/family	1483	0.00013405
http://dbpedia.org/property/note	1480	0.00013378
http://dbpedia.org/ontology/Film/gross	1479	0.00013369
http://dbpedia.org/property/familia	1478	0.00013360
http://dbpedia.org/ontology/locationCountry	1478	0.00013360
http://dbpedia.org/property/blank1Info	1476	0.00013342
http://i.yimg.jp/images/auct/dev/rdf/auctionschema.rdfPrice	1474	0.00013324
http://rdf.data-vocabulary.org/ingredient	1471	0.00013297
http://dbpedia.org/ontology/serviceYears	1470	0.00013288
http://dbpedia.org/property/pushpinMap	1470	0.00013288
http://dbpedia.org/ontology/parentCompany	1468	0.00013270
http://dbpedia.org/property/finalteam	1464	0.00013234
http://dbpedia.org/ontology/MilitaryPerson/serviceYears	1455	0.00013152
http://dbpedia.org/property/areaWaterSqMi	1449	0.00013098
http://dbpedia.org/property/description	1447	0.00013080
http://dbpedia.org/ontology/strength	1443	0.00013044
http://dbpedia.org/ontology/MilitaryConflict/strength	1442	0.00013035
http://dbpedia.org/property/areaLandSqMi	1438	0.00012999
http://dbpedia.org/ontology/predecessor	1438	0.00012999
http://dbpedia.org/property/areaWaterKm	1434	0.00012962
http://dbpedia.org/property/-2	1434	0.00012962
http://dbpedia.org/property/populationDensitySqMi	1430	0.00012926
http://dbpedia.org/property/elevationFt	1429	0.00012917
http://dbpedia.org/property/honorificSuffix	1428	0.00012908
http://dbpedia.org/property/blank1Name	1426	0.00012890
http://dbpedia.org/property/establishedTitle	1420	0.00012836
http://ogp.me/nssite-name	1417	0.00012809
http://dbpedia.org/property/bSide	1412	0.00012763
http://dbpedia.org/ontology/Newspaper/headquarters	1410	0.00012745
http://dbpedia.org/property/mother	1405	0.00012700
http://purl.org/dc/termslicense	1402	0.00012673
http://purl.org/dc/termsdate	1401	0.00012664
http://search.yahoo.com/searchmonkey/media/creator	1401	0.00012664
http://dbpedia.org/property/preceded	1400	0.00012655
http://dbpedia.org/property/accessdate	1399	0.00012646
http://opengraphprotocol.org/schema/admins	1395	0.00012610
http://dbpedia.org/property/casualties	1395	0.00012610
http://dbpedia.org/ontology/headquarters	1393	0.00012592
http://rdf.data-vocabulary.org/yield	1392	0.00012583
http://dbpedia.org/ontology/causalties	1389	0.00012556
http://dbpedia.org/ontology/Work/completionDate	1388	0.00012547
http://dbpedia.org/ontology/MilitaryConflict/causalties	1388	0.00012547
http://dbpedia.org/property/coordProperty	1388	0.00012547
http://dbpedia.org/property/province	1383	0.00012501
http://dbpedia.org/property/ratings	1380	0.00012474
http://dbpedia.org/property/chronology	1378	0.00012456
http://dbpedia.org/property/succeeded	1378	0.00012456
http://opengraphprotocol.org/schemasite-name	1375	0.00012429
http://creativecommons.org/licenses/license	1372	0.00012402
http://dbpedia.org/ontology/successor	1370	0.00012384
http://dbpedia.org/property/frequency	1368	0.00012366
http://purl.org/goodrelations/v1valueAddedTaxIncluded	1368	0.00012366
http://dbpedia.org/ontology/draftTeam	1367	0.00012357
http://dbpedia.org/ontology/Person/education	1352	0.00012221
http://dbpedia.org/ontology/education	1348	0.00012185
http://i.yimg.jp/images/auct/dev/rdf/auctionschema.rdfPaymentBankName	1339	0.00012104
http://dbpedia.org/property/parents	1338	0.00012095
http://dbpedia.org/property/county	1333	0.00012049
http://dbpedia.org/property/genus	1331	0.00012031
http://ogp.me/nsimage	1325	0.00011977
http://dbpedia.org/ontology/IceHockeyPlayer/draft	1324	0.00011968
http://dbpedia.org/property/executiveProducer	1322	0.00011950
http://dbpedia.org/ontology/manufacturer	1320	0.00011932
http://dbpedia.org/property/period	1320	0.00011932
http://dbpedia.org/ontology/seasonNumber	1311	0.00011851
http://rdf.data-vocabulary.org/instructions	1311	0.00011851
http://dbpedia.org/property/studio	1309	0.00011832
http://dbpedia.org/property/popplace	1306	0.00011805
http://dbpedia.org/property/slogan	1303	0.00011778
http://xmlns.com/foaf/0.1/maker	1299	0.00011742
http://dbpedia.org/property/last	1297	0.00011724
http://dbpedia.org/property/presenter	1296	0.00011715
http://dbpedia.org/property/langs	1294	0.00011697
http://www.facebook.com/2008/fbmldadmins	1291	0.00011670
http://dbpedia.org/ontology/coordinates	1290	0.00011661
http://dbpedia.org/ontology/bSide	1288	0.00011643
http://dbpedia.org/ontology/Single/bSide	1288	0.00011643
http://dbpedia.org/property/ratingProperty	1279	0.00011561
http://rs.tdwg.org/ontology/voc/CommonpublishedIn	1277	0.00011543
http://dbpedia.org/ontology/league	1272	0.00011498
http://dbpedia.org/property/airdate	1271	0.00011489
http://dbpedia.org/property/shoots	1268	0.00011462
http://www.facebook.com/2008/fbml/app-id	1266	0.00011444
http://dbpedia.org/property/commands	1262	0.00011408
http://dbpedia.org/property/composer	1256	0.00011353
http://dbpedia.org/property/nfl	1255	0.00011344
http://dbpedia.org/property/languages	1249	0.00011290
http://dbpedia.org/property/-3	1245	0.00011254
http://www.w3.org/2004/02/skos/corerelated	1240	0.00011209
http://dbpedia.org/ontology/presenter	1235	0.00011164
http://dbpedia.org/ontology/TelevisionShow/presenter	1235	0.00011164
http://dbpedia.org/ontology/child	1234	0.00011154
http://dbpedia.org/ontology/Person/child	1233	0.00011145
http://dbpedia.org/property/platform	1232	0.00011136
http://dbpedia.org/property/myspaceProperty	1228	0.00011100
http://dbpedia.org/property/classis	1224	0.00011064
http://dbpedia.org/ontology/Species/binomialAuthority	1224	0.00011064
http://dbpedia.org/ontology/IceHockeyPlayer/draftYear	1223	0.00011055
http://dbpedia.org/ontology/binomialAuthority	1222	0.00011046
http://www.w3.org/2006/vcard/nsemail	1221	0.00011037
http://dbpedia.org/ontology/MeanOfTransportation/manufacturer	1220	0.00011028
http://dbpedia.org/ontology/Single/album	1217	0.00011001
http://dbpedia.org/ontology/Company/parentCompany	1215	0.00010983
http://dbpedia.org/ontology/IceHockeyPlayer/draftTeam	1211	0.00010947
http://www.facebook.com/2008/fbml	1210	0.00010938
http://dbpedia.org/property/filename	1203	0.00010874
http://dbpedia.org/property/bot	1202	0.00010865
http://dbpedia.org/ontology/Building/tenant	1202	0.00010865
http://dbpedia.org/ontology/tenant	1202	0.00010865
http://dbpedia.org/property/species	1201	0.00010856
http://dbpedia.org/property/s	1200	0.00010847
http://dbpedia.org/property/programmingLanguage	1194	0.00010793
http://xmlns.data-vocabulary.orgcount	1192	0.00010775
http://opengraphprotocol.org/schemaurl	1189	0.00010748
http://dbpedia.org/property/-4	1187	0.00010730
http://dbpedia.org/property/honorificPrefix	1175	0.00010621
http://rdf.data-vocabulary.org/uniformNumber	1170	0.00010576
http://xmlns.com/foaf/0.1/firstName	1170	0.00010576
http://rdf.data-vocabulary.org/personStats	1170	0.00010576
http://rdf.data-vocabulary.org/position	1170	0.00010576
http://dbpedia.org/property/abbr	1163	0.00010513
http://dbpedia.org/property/subdivision	1162	0.00010504
http://rdf.data-vocabulary.org/Review	1160	0.00010486
http://dbpedia.org/ontology/Building/owner	1159	0.00010477
http://xmlns.com/foaf/0.1/mbox-sha1sum	1158	0.00010468
http://opengraph.org/schema/email	1156	0.00010449
http://xmlns.com/foaf/0.1/topic	1155	0.00010440
http://dbpedia.org/property/mascot	1154	0.00010431
http://dbpedia.org/ontology/genus	1153	0.00010422
http://dbpedia.org/ontology/Species/genus	1153	0.00010422
http://dbpedia.org/property/students	1147	0.00010368
http://dbpedia.org/ontology/IceHockeyPlayer/league	1140	0.00010305
http://dbpedia.org/property/border	1135	0.00010260
http://dbpedia.org/property/age	1129	0.00010205
http://dbpedia.org/property/-6	1128	0.00010196
http://purl.org/goodrelations/v1eligibleCustomerTypes	1127	0.00010187
http://dbpedia.org/property/editor	1125	0.00010169
http://xmlns.data-vocabulary.orgaverage	1117	0.00010097
http://xmlns.data-vocabulary.orgrating	1117	0.00010097
http://dbpedia.org/property/-8	1115	0.00010079
http://opengraphprotocol.org/schemadescription	1115	0.00010079
http://dbpedia.org/property/-5	1114	0.00010070
http://purl.org/dc/elements/1.1/format	1111	0.00010043
http://dbpedia.org/ontology/Place/coordinates	1110	0.00010034
http://dbpedia.org/property/nota	1109	0.00010025
http://purl.org/goodrelations/v1eligibleRegions	1107	0.00010007
http://dbpedia.org/property/workInstitution	1107	0.00010007
http://rdf.data-vocabulary.org/totalTime	1106	0.00009997
http://dbpedia.org/property/category	1104	0.00009979
http://dbpedia.org/ontology/MilitaryPerson/commands	1102	0.00009961
http://rdf.data-vocabulary.org/amount	1100	0.00009943
http://dbpedia.org/ontology/commands	1096	0.00009907
http://dbpedia.org/ontology/Event/location	1092	0.00009871
?http://www.facebook.com/2008/fbml?app-id	1090	0.00009853
http://rdfs.org/sioc/nshas-container	1090	0.00009853
http://dbpedia.org/ontology/executiveProducer	1089	0.00009844
http://dbpedia.org/property/mayor	1084	0.00009799
http://dbpedia.org/ontology/Person/restingPlace	1083	0.00009790
http://dbpedia.org/ontology/productionStartDate	1083	0.00009790
http://dbpedia.org/property/medalgoldProperty	1082	0.00009781
http://dbpedia.org/ontology/team	1079	0.00009753
http://dbpedia.org/ontology/productionEndDate	1077	0.00009735
http://dbpedia.org/property/-10	1073	0.00009699
http://dbpedia.org/property/footnotes	1072	0.00009690
http://dbpedia.org/property/reign	1072	0.00009690
http://dbpedia.org/ontology/restingPlace	1068	0.00009654
http://dbpedia.org/ontology/series	1068	0.00009654
http://dbpedia.org/ontology/FootballPlayer/team	1067	0.00009645
http://rdf.data-vocabulary.org/prepTime	1062	0.00009600
http://dbpedia.org/property/nativename	1062	0.00009600
http://dbpedia.org/property/-7	1061	0.00009591
http://dbpedia.org/property/phylum	1060	0.00009582
http://dbpedia.org/property/group	1060	0.00009582
http://dbpedia.org/property/architect	1060	0.00009582
http://dbpedia.org/property/assembly	1059	0.00009573
http://dbpedia.org/ontology/phylum	1058	0.00009564
http://dbpedia.org/ontology/Species/phylum	1058	0.00009564
http://dbpedia.org/property/-12	1058	0.00009564
http://dbpedia.org/property/-9	1056	0.00009546
http://dbpedia.org/ontology/TelevisionShow/executiveProducer	1056	0.00009546
http://dbpedia.org/ontology/MeanOfTransportation/productionStartDate	1052	0.00009509
http://purl.org/goodrelations/v1hasPOS	1051	0.00009500
http://dbpedia.org/property/unitPref	1047	0.00009464
http://dbpedia.org/property/dates	1047	0.00009464
http://dbpedia.org/ontology/MeanOfTransportation/productionEndDate	1045	0.00009446
http://dbpedia.org/property/br	1045	0.00009446
http://dbpedia.org/property/bgcolour	1045	0.00009446
http://dbpedia.org/ontology/Organisation/genre	1042	0.00009419
http://dbpedia.org/property/quoteProperty	1041	0.00009410
http://dbpedia.org/property/constituencyMp	1041	0.00009410
http://dbpedia.org/property/ethnicity	1039	0.00009392
http://dbpedia.org/property/elevation	1039	0.00009392
urn:schemas-microsoft-com:vmldtreviewed	1039	0.00009392
http://dbpedia.org/property/bodyStyle	1031	0.00009320
http://dbpedia.org/property/-14	1029	0.00009301
http:/creativecommons.orgnsattributionName	1029	0.00009301
http://dbpedia.org/property/sHouProperty	1029	0.00009301
http://dbpedia.org/property/primeminister	1029	0.00009301
http://rdf.data-vocabulary.org/alias	1027	0.00009283
http://dbpedia.org/property/debut	1026	0.00009274
http://dbpedia.org/ontology/Automobile/class	1026	0.00009274
http://xmlns.com/foaf/0.1/weblog	1024	0.00009256
http://dbpedia.org/property/finalyear	1023	0.00009247
http://rdfs.org/sioc/nstopic	1020	0.00009220
http://dbpedia.org/ontology/debutYear	1019	0.00009211
http://dbpedia.org/ontology/title	1018	0.00009202
http://dbpedia.org/ontology/RadioStation/format	1018	0.00009202
http://dbpedia.org/ontology/Person/title	1017	0.00009193
http://dbpedia.org/ontology/University/campus	1013	0.00009157
http://dbpedia.org/property/-11	1012	0.00009148
http://dbpedia.org/ontology/campus	1012	0.00009148
http://dbpedia.org/property/-13	1008	0.00009112
http://www.w3.org/2002/12/cal/icaltzdlocation	1008	0.00009112
http://dbpedia.org/property/formerTeams	1004	0.00009075
