http://www.w3.org/1999/02/22-rdf-syntax-nstype	68480659	0.715314824
http://www.w3.org/1999/xhtml/microdataitem	26671755	0.278599856
http://purl.org/dc/terms/title	26577301	0.277613237
http://data-vocabulary.org/Breadcrumb/title	18071402	0.188764856
http://data-vocabulary.org/Breadcrumb/url	16700177	0.174441723
http://schema.org/VideoObject/url	10731806	0.112099095
http://schema.org/VideoObject/name	10729367	0.112073619
http://schema.org/VideoObject/description	10702476	0.111792729
http://schema.org/VideoObject/thumbnailUrl	10675037	0.111506115
http://schema.org/VideoObject/height	10496904	0.109645426
http://schema.org/VideoObject/width	10496903	0.109645416
http://schema.org/VideoObject/playerType	10496865	0.109645019
http://schema.org/VideoObject/embedURL	10494708	0.109622488
http://schema.org/Offer/price	3474759	0.036295600
http://schema.org/Product/name	3323631	0.034716993
http://schema.org/Product/offers	3124665	0.032638693
http://schema.org/PostalAddress/addressLocality	2733400	0.028551734
http://schema.org/Product/image	2533439	0.026463041
http://schema.org/PostalAddress/streetAddress	2473694	0.025838974
http://schema.org/PostalAddress/postalCode	2376504	0.024823776
http://schema.org/LocalBusiness/name	2185267	0.022826210
http://schema.org/LocalBusiness/address	2085416	0.021783216
http://schema.org/MusicRecording/name	1873565	0.019570326
http://schema.org/Person/name	1693445	0.017688882
http://schema.org/MusicRecording/url	1619125	0.016912573
http://schema.org/MusicRecording/duration	1616396	0.016884067
http://schema.org/Product/description	1591494	0.016623953
http://schema.org/PostalAddress/addressRegion	1561982	0.016315685
http://schema.org/MusicRecording/inAlbum	1487322	0.015535824
http://schema.org/Person/url	1484836	0.015509857
http://data-vocabulary.org/Breadcrumb/child	1324642	0.013836550
http://schema.org/LocalBusiness/url	1192360	0.012454798
http://data-vocabulary.org/Product/name	1138162	0.011888673
http://schema.org/LocalBusiness/telephone	1102930	0.011520657
http://schema.org/Product/url	1100960	0.011500079
http://schema.org/Offer/priceCurrency	1079463	0.011275532
http://data-vocabulary.org/Product/offerDetails	1042998	0.010894637
http://data-vocabulary.org/Product/description	937573	0.009793420
http://data-vocabulary.org/Product/image	937043	0.009787884
http://schema.org/Article/name	931299	0.009727885
http://schema.org/AggregateRating/ratingValue	915436	0.009562188
http://schema.org/PostalAddress/addressCountry	908149	0.009486072
http://schema.org/Offer/url	878921	0.009180771
http://schema.org/Offer/availability	859908	0.008982170
http://schema.org/WebPage/breadcrumb	856288	0.008944358
http://data-vocabulary.org/Offer/price	829181	0.008661211
http://data-vocabulary.org/Offer/currency	808614	0.008446379
http://data-vocabulary.org/Review-aggregate/rating	746009	0.007792438
http://schema.org/MusicRecording/playCount	729183	0.007616682
http://schema.org/Review/publishDate	718525	0.007505354
http://schema.org/Article/description	692431	0.007232789
http://schema.org/Organization/name	674614	0.007046682
http://schema.org/MusicRecording/audio	633693	0.006619241
http://data-vocabulary.org/Review-aggregate/itemreviewed	607714	0.006347877
http://data-vocabulary.org/Product/brand	580032	0.006058725
http://schema.org/Review/url	576024	0.006016860
http://data-vocabulary.org/Person/name	553076	0.005777156
http://schema.org/Review/author	536593	0.005604983
http://schema.org/Review/reviewRating	536487	0.005603876
http://schema.org/Product/brand	533245	0.005570011
http://data-vocabulary.org/Organization/locality	528516	0.005520615
http://schema.org/Review/reviewBody	516145	0.005391393
http://schema.org/Article/image	514688	0.005376174
http://data-vocabulary.org/Product/identifier	501235	0.005235651
http://data-vocabulary.org/Organization/url	500538	0.005228370
http://schema.org/Review/name	498604	0.005208169
http://schema.org/AggregateRating/reviewCount	485574	0.005072064
http://data-vocabulary.org/Rating/best	483760	0.005053116
http://schema.org/Book/name	480654	0.005020672
http://schema.org/AggregateRating/ratingCount	469176	0.004900779
http://data-vocabulary.org/Product/category	464448	0.004851392
http://schema.org/Person/image	458346	0.004787654
http://data-vocabulary.org/Rating/average	457104	0.004774681
http://schema.org/Book/author	440150	0.004597587
http://schema.org/Rating/ratingValue	436820	0.004562804
http://data-vocabulary.org/Offer/name	433562	0.004528773
http://data-vocabulary.org/Event/summary	420801	0.004395477
http://data-vocabulary.org/Event/url	416072	0.004346081
http://data-vocabulary.org/Offer/description	415271	0.004337714
http://data-vocabulary.org/Organization/name	403574	0.004215533
http://schema.org/Product/model	396178	0.004138278
http://data-vocabulary.org/Person/title	387638	0.004049073
http://schema.org/Book/image	382082	0.003991038
http://rdf.data-vocabulary.org/regionsAllowed	380537	0.003974900
http://schema.org/CreativeWork/author	379192	0.003960851
http://data-vocabulary.org/Organization/org	379032	0.003959179
http://data-vocabulary.org/Event/startDate	377404	0.003942174
http://schema.org/Book/isbn	367182	0.003835400
http://rdf.data-vocabulary.org/acquireURL	359573	0.003755920
http://data-vocabulary.org/Product/currency	355912	0.003717679
http://schema.org/MusicRecording/byArtist	355885	0.003717397
http://data-vocabulary.org/Review-aggregate/votes	344568	0.003599186
http://schema.org/Book/offers	339923	0.003550666
http://data-vocabulary.org/Review/itemreviewed	327042	0.003416118
http://data-vocabulary.org/Review-aggregate/count	316291	0.003303818
http://data-vocabulary.org/Review/rating	305012	0.003186003
http://schema.org/AggregateRating/bestRating	301883	0.003153319
http://data-vocabulary.org/Review/reviewer	296014	0.003092015
http://schema.org/Rating/bestRating	294780	0.003079125
http://www.schema.org/MusicGroup/name	293355	0.003064240
http://schema.org/CreativeWork/datePublished	289347	0.003022375
http://schema.org/JobPosting/title	283658	0.002962950
http://schema.org/Organization/url	278344	0.002907443
http://schema.org/Product/aggregateRating	277813	0.002901896
http://schema.org/CreativeWork/headline	274674	0.002869108
http://schema.org/JobPosting/description	274405	0.002866298
http://schema.org/CreativeWork/about	271355	0.002834439
http://schema.org/JobPosting/jobLocation	269697	0.002817120
http://schema.org/Review/description	268866	0.002808440
http://schema.org/Product/manufacturer	267841	0.002797734
http://www.schema.org/MusicGroup/url	266897	0.002787873
http://schema.org/Rating/worstRating	266358	0.002782243
http://schema.org/Article/datePublished	266326	0.002781909
http://schema.org/Article/author	262558	0.002742550
http://data-vocabulary.org/Review/description	261769	0.002734308
http://schema.org/Offer/bookFormat	259644	0.002712112
http://schema.org/Review/datePublished	258670	0.002701938
http://schema.org/Blog/name	258218	0.002697216
http://data-vocabulary.org/Review/dtreviewed	251219	0.002624108
http://schema.org/Hotel/name	250721	0.002618907
http://schema.org/Blog/description	246685	0.002576749
http://schema.org/CreativeWork/name	244438	0.002553277
http://data-vocabulary.org/Event/location	243822	0.002546843
http://schema.org/Offer/itemOffered	240102	0.002507986
http://data-vocabulary.org/Product/lowPrice	238839	0.002494793
http://data-vocabulary.org/Product/highPrice	238402	0.002490228
http://data-vocabulary.org/Address/locality	237000	0.002475584
http://data-vocabulary.org/Organization/address	233993	0.002444174
http://schema.org/Place/address	232238	0.002425842
http://www.data-vocabulary.org/Product/photo	231068	0.002413621
http://schema.org/LocalBusiness/description	230097	0.002403479
http://schema.org/Event/name	229484	0.002397075
http://schema.org/Product/price	229427	0.002396480
http://schema.org/MusicGroup/name	223030	0.002329660
http://schema.org/SoftwareApplication/name	222748	0.002326715
http://schema.org/Recipe/name	221192	0.002310461
http://data-vocabulary.org/Product/offerURL	221015	0.002308613
http://data-vocabulary.org/RecipeIngredient/name	217078	0.002267489
http://schema.org/Event/startDate	211162	0.002205693
http://schema.org/Blog/image	210961	0.002203593
http://data-vocabulary.org/Address/street-address	209204	0.002185241
http://data-vocabulary.org/RecipeIngredient/amount	207099	0.002163253
http://schema.org/Offer/itemCondition	196688	0.002054505
http://schema.org/Place/name	196428	0.002051789
http://schema.org/MusicAlbum/name	194786	0.002034637
http://schema.org/ItemList/name	190562	0.001990516
http://data-vocabulary.org/Product/review	190234	0.001987090
http://data-vocabulary.org/Review/summary	187300	0.001956442
http://schema.org/Event/url	186678	0.001949945
http://schema.org/JobPosting/hiringOrganization	185267	0.001935207
http://schema.org/Organization/image	184803	0.001930360
http://data-vocabulary.org/Event/eventType	179194	0.001871771
http://schema.org/MusicAlbum/url	175038	0.001828360
http://schema.org/Product/productID	174658	0.001824390
http://schema.org/SoftwareApplication/image	171682	0.001793305
http://schema.org/GeoCoordinates/latitude	170369	0.001779590
http://schema.org/GeoCoordinates/longitude	169883	0.001774513
http://schema.org/JobPosting/datePosted	166765	0.001741944
http://schema.org/MusicRecording/offers	166197	0.001736011
http://data-vocabulary.org/Organization/region	164351	0.001716729
http://schema.org/SoftwareApplication/softwareVersion	161457	0.001686499
http://schema.org/NewsArticle/headline	161345	0.001685329
http://schema.org/Event/location	159438	0.001665410
http://schema.org/JobPosting/url	158716	0.001657868
http://data-vocabulary.org/Review-aggregate/photo	158033	0.001650734
http://schema.org/Recipe/recipeInstructions	156463	0.001634334
http://schema.org/SoftwareApplication/operatingSystems	155734	0.001626720
http://schema.org/CreativeWork/url	154622	0.001615104
http://schema.org/Hotel/image	153226	0.001600522
http://schema.org/NewsArticle/articleBody	151337	0.001580791
http://schema.org/Recipe/ingredients	151215	0.001579517
http://schema.org/CreativeWork/image	150588	0.001572967
http://schema.org/AggregateRating/worstRating	148386	0.001549966
http://schema.org/Hotel/address	147661	0.001542393
http://data-vocabulary.org/Product/price	146869	0.001534120
http://schema.org/Movie/name	145563	0.001520479
http://schema.org/MusicGroup/tracks	145181	0.001516488
http://schema.org/Article/url	144615	0.001510576
http://schema.org/name	143607	0.001500047
http://data-vocabulary.org/Address/postal-code	142620	0.001489737
http://data-vocabulary.org/Offer/availability	140910	0.001471876
http://schema.org/Organization/address	140389	0.001466434
http://schema.org/Hotel/aggregateRating	139934	0.001461681
http://schema.org/AggregateOffer/lowPrice	135764	0.001418123
http://schema.org/SoftwareApplication/description	133567	0.001395174
http://schema.org/SoftwareApplication/url	133123	0.001390536
http://schema.org/Book/url	132855	0.001387737
http://schema.org/ItemList/itemListElement	132810	0.001387267
http://schema.org/CreativeWork/description	132569	0.001384750
http://schema.org/MusicAlbum/genre	131015	0.001368517
http://schema.org/Recipe/description	128146	0.001338549
http://data-vocabulary.org/Event/photo	127227	0.001328950
http://schema.org/SoftwareApplication/offers	126242	0.001318661
http://schema.org/MusicRecording/interactionCount	126015	0.001316290
http://schema.org/Article/articleBody	125833	0.001314389
http://data-vocabulary.org/Address/region	124242	0.001297770
http://data-vocabulary.org/Person/affiliation	122721	0.001281882
http://schema.org/AggregatedOffer/lowPrice	122515	0.001279731
http://schema.org/AggregatedOffer/url	122515	0.001279731
http://schema.org/Offer/aggregateRating	121367	0.001267739
http://schema.org/SoftwareApplication/fileSize	120758	0.001261378
http://schema.org/SoftwareApplication/aggregateRating	120698	0.001260751
http://data-vocabulary.org/Offer/condition	120698	0.001260751
http://data-vocabulary.org/Person/role	119327	0.001246430
http://schema.org/SoftwareApplication/author	118837	0.001241312
http://schema.org/SoftwareApplication/datePublished	116989	0.001222009
http://schema.org/MusicGroup/url	115375	0.001205150
http://schema.org/Recipe/image	114987	0.001201097
http://schema.org/MusicAlbum/image	113053	0.001180895
http://data-vocabulary.org/Offer/seller	112742	0.001177647
http://schema.org/CreativeWork/interactionCount	111506	0.001164736
http://data-vocabulary.org/Product/availability	111377	0.001163389
http://schema.org/Person/address	110849	0.001157873
http://schema.org/Article/headline	110662	0.001155920
http://schema.org/PostalAddress/telephone	109737	0.001146258
http://schema.org/NewsArticle/url	109593	0.001144754
http://data-vocabulary.org/Recipe/name	108368	0.001131958
http://schema.org/Hotel/url	107455	0.001122421
http://schema.org/description	105983	0.001107046
http://schema.org/JobPosting/specialCommitments	105846	0.001105615
http://schema.org/CreativeWork/aggregateRating	105123	0.001098062
http://schema.org/NewsArticle/datePublished	104345	0.001089936
http://data-vocabulary.org/Organization/tel	101840	0.001063770
http://data-vocabulary.org/Event/endDate	101536	0.001060594
http://schema.org/Review/dateCreated	99720	0.001041625
http://schema.org/Book/inLanguage	99511	0.001039442
http://schema.org/Person/jobTitle	98632	0.001030261
http://schema.org/WebPage/mainContentOfPage	97739	0.001020933
http://schema.org/SoftwareApplication/interactionCount	97701	0.001020536
http://schema.org/website/description	96709	0.001010174
http://schema.org/website/name	96709	0.001010174
http://schema.org/Event/description	96065	0.001003447
http://schema.org/Movie/image	94730	0.000989502
http://schema.org/MusicGroup/image	93990	0.000981773
http://schema.org/website/image	90788	0.000948326
http://data-vocabulary.org/Event/description	90278	0.000942999
http://schema.org/AggregateOffer/offerCount	90096	0.000941098
http://schema.org/Product/leechers	88907	0.000928678
http://schema.org/Product/seeders	88907	0.000928678
http://schema.org/Book/publisher	88676	0.000926265
http://schema.org/Movie/description	88338	0.000922735
http://schema.org/JobPosting/employmentType	86609	0.000904674
http://schema.org/Organization/description	84762	0.000885382
http://data-vocabulary.org/Recipe/author	84761	0.000885371
http://schema.org/Offer/seller	84735	0.000885100
http://schema.org/AggregateOffer/priceCurrency	82333	0.000860009
http://schema.org/MusicAlbum/description	81549	0.000851820
http://schema.org/LocalBusiness/faxNumber	79991	0.000835546
http://schema.org/Organization/foundingDate	79947	0.000835087
http://www.data-vocabulary.org/Product/name	79708	0.000832590
http://www.data-vocabulary.org/Product/description	79572	0.000831169
http://schema.org/VideoObject/duration	79543	0.000830867
http://www.data-vocabulary.org/Product/identifier	78655	0.000821591
http://schema.org/MusicAlbum/releaseDate	78059	0.000815365
http://www.data-vocabulary.org/Product/currency	77230	0.000806706
http://schema.org/Hotel/telephone	76927	0.000803541
http://www.data-vocabulary.org/Product/category	76846	0.000802695
http://www.data-vocabulary.org/Product/url	76316	0.000797159
http://schema.org/AggregateOffer/highPrice	76248	0.000796449
http://schema.org/MusicGroup/playCount	75519	0.000788834
http://schema.org/SoftwareApplication/SoftwareApplicationSubCategory	75180	0.000785293
http://schema.org/Book/reviews	73473	0.000767462
http://schema.org/WebPage/name	72987	0.000762386
http://schema.org/MusicGroup/keywords	69721	0.000728271
http://schema.org/Book/aggregateRating	68024	0.000710545
http://data-vocabulary.org/Event/locality	67150	0.000701415
http://schema.org/MusicGroup/interactionCount	66930	0.000699117
http://schema.org/LocalBusiness/image	65788	0.000687189
http://schema.org/NewsArticle/description	65438	0.000683533
http://schema.org/Hotel/description	65379	0.000682916
http://data-vocabulary.org/Offer-aggregate/lowPrice	63826	0.000666695
http://schema.org/People/name	63090	0.000659007
http://data-vocabulary.org/Offer-aggregate/currency	62942	0.000657461
http://schema.org/Person/awards	62708	0.000655017
http://historical-data.org/HistoricalPerson.html/url	62430	0.000652113
http://historical-data.org/HistoricalPerson.html/name	62429	0.000652102
http://schema.org/MusicGroup/description	61579	0.000643224
http://schema.org/Article/pubdate	61472	0.000642106
http://schema.org/NewsArticle/publisher	60975	0.000636914
http://schema.org/Article/interactionCount	60884	0.000635964
http://schema.org/Breadcrumb/title	60682	0.000633854
http://schema.org/Breadcrumb/url	60682	0.000633854
http://schema.org/Event/image	59908	0.000625769
http://schema.org/Place/url	59611	0.000622667
http://data-vocabulary.org/aggregateRating/ratingValue	59442	0.000620901
http://data-vocabulary.org/Book/aggregateRating	59442	0.000620901
http://data-vocabulary.org/Book/isbn	59442	0.000620901
http://data-vocabulary.org/aggregateRating/ratingCount	59442	0.000620901
http://data-vocabulary.org/Book/reviewRating	59442	0.000620901
http://data-vocabulary.org/Book/name	59441	0.000620891
http://data-vocabulary.org/Book/bookFormat	59440	0.000620881
http://data-vocabulary.org/Book/genre	59424	0.000620713
http://data-vocabulary.org/Rating/worst	59024	0.000616535
http://schema.org/Movie/director	58961	0.000615877
http://data-vocabulary.org/Book/publisher	58342	0.000609411
http://schema.org/Book/numPages	57944	0.000605254
http://schema.org/Book/bookFormat	57789	0.000603635
http://schema.org/WebPage/image	57520	0.000600825
http://schema.org/SoftwareApplication/softwareApplicationCategory	57510	0.000600721
http://schema.org/aggregaterating/bestRating	57298	0.000598506
http://schema.org/Residence/description	57163	0.000597096
http://data-vocabulary.org/Rating/value	56588	0.000591090
http://schema.org/Residence/address	56525	0.000590432
http://data-vocabulary.org/Review-aggregate/best	56314	0.000588228
http://data-vocabulary.org/Rating/rating	56253	0.000587591
http://schema.org/aggregaterating/ratingValue	56191	0.000586943
http://schema.org/Movie/actors	56173	0.000586755
http://schema.org/aggregaterating/ratingCount	56153	0.000586546
http://schema.org/ItemList/url	55890	0.000583799
http://schema.org/NewsArticle/name	55571	0.000580467
http://schema.org/aggregaterating/worstRating	55110	0.000575652
http://schema.org/Book/ratingValue	54940	0.000573876
http://schema.org/NewsArticle/author	54920	0.000573667
http://schema.org/Book/reviewCount	54833	0.000572758
http://schema.org/Residence/image	54506	0.000569343
http://schema.org/WebPage/description	54499	0.000569269
http://www.data-vocabulary.org/Product/brand	54096	0.000565060
http://schema.org/Residence/url	53879	0.000562793
http://data-vocabulary.org/Offer-aggregate/highPrice	53840	0.000562386
http://schema.org/Place/geo	53527	0.000559116
http://schema.org/Person/description	53406	0.000557852
http://data-vocabulary.org/Recipe/photo	53153	0.000555210
http://schema.org/ItemList/offers	53038	0.000554009
http://schema.org/Product/reviews	52963	0.000553225
http://schema.org/Recipe/recipeYield	52882	0.000552379
http://data-vocabulary.org/Book/image	52597	0.000549402
http://schema.org/NewsArticle/dateModified	51621	0.000539207
http://schema.org/Offer/description	51577	0.000538748
http://data-vocabulary.org/Recipe/instructions	50391	0.000526359
http://data-vocabulary.org/Book/description	50120	0.000523529
http://schema.org/Book/publishDate	50012	0.000522400
http://schema.org/Product/URL	50008	0.000522359
http://schema.org/Person/telephone	49149	0.000513386
http://schema.org/NewsArticle/copyrightHolder	48191	0.000503379
http://schema.org/NewsArticle/provider	48187	0.000503337
http://data-vocabulary.org/Book/numPages	47550	0.000496684
http://schema.org/Offer/name	46823	0.000489090
http://schema.org/Recipe/author	46638	0.000487157
http://data-vocabulary.org/Rating/count	46540	0.000486134
http://rdf.data-vocabulary.org/step	46525	0.000485977
http://schema.org/SoftwareApplication/reviews	46272	0.000483334
http://schema.org/SiteNavigationElement/url	45950	0.000479971
http://schema.org/MediaObject/name	45382	0.000474038
http://schema.org/Person/memberOf	45289	0.000473066
http://schema.org/LocalBusiness/aggregateRating	45080	0.000470883
http://schema.org/MusicAlbum/numTracks	44482	0.000464637
http://schema.org/ApartmentComplex/name	44207	0.000461764
http://www.schema.org/NewsArticle/headline	43561	0.000455016
http://www.data-vocabulary.org/Review/itemreviewed	43559	0.000454996
http://www.schema.org/NewsArticle/articleBody	43507	0.000454452
http://schema.org/Movie/genre	43478	0.000454150
http://www.schema.org/NewsArticle/description	43259	0.000451862
http://schema.org/TVEpisode/name	43097	0.000450170
http://data-vocabulary.org/Person/address	42962	0.000448760
http://schema.org/Recipe/aggregateRating	42356	0.000442430
http://schema.org/Recipe/interactionCount	42012	0.000438836
http://schema.org/SoftwareApplication/SoftwareApplicationCategory	41454	0.000433008
http://schema.org/Recipe/datePublished	41191	0.000430261
http://data-vocabulary.org/Recipe/yield	40470	0.000422729
http://schema.org/City/name	40249	0.000420421
http://rdf.data-vocabulary.org/name	40015	0.000417977
http://schema.org/Article/keywords	39942	0.000417214
http://schema.org/NewsArticle/sourceOrganization	39805	0.000415783
http://schema.org/Review/image	39601	0.000413652
http://schema.org/Book/numberOfPages	39574	0.000413370
http://schema.org/NewsArticle/image	39557	0.000413193
http://schema.org/Recipe/recipeCategory	39528	0.000412890
http://schema.org/Organization/telephone	39301	0.000410519
http://www.schema.org/Movie/name	39186	0.000409317
http://schema.org/MusicRecording/copyrightYear	39047	0.000407865
http://mnobeta.no/News/teaserTitle	38696	0.000404199
http://data-vocabulary.org/Product/rating	38593	0.000403123
http://schema.org/NewsArticle/genre	38294	0.000400000
http://schema.org/MediaObject/contentSize	38142	0.000398412
http://schema.org/image	38136	0.000398350
http://data-vocabulary.org/Rating/votes	38119	0.000398172
http://schema.org/count	37969	0.000396605
http://schema.org/Place/image	37384	0.000390495
http://rdf.data-vocabulary.org/itemreviewed	37322	0.000389847
http://schema.org/MusicAlbum/tracks	37209	0.000388667
http://schema.org/Event/endDate	36761	0.000383987
http://schema.org/LodgingBusiness/name	36346	0.000379652
http://schema.org/Article/articleSection	36214	0.000378273
http://data-vocabulary.org/Offer-aggregate/offerCount	35773	0.000373667
http://data-vocabulary.org/Product/offerdetails	35632	0.000372194
http://www.data-vocabulary.org/Review/rating	35098	0.000366616
http://schema.org/BlogPosting/name	35097	0.000366606
http://schema.org/VideoObject/thumbnail	35036	0.000365969
http://schema.org/MusicAlbum/byArtist	35022	0.000365822
http://schema.org/Recipe/recipeCuisine	34728	0.000362751
http://schema.org/MediaObject/url	34675	0.000362198
http://www.schema.org/Movie/director	34624	0.000361665
http://rdf.data-vocabulary.org/publish-date	34485	0.000360213
http://www.schema.org/Movie/actors	34310	0.000358385
http://data-vocabulary.org/Review-aggregate/description	34302	0.000358302
http://schema.org/Offer/image	34249	0.000357748
http://schema.org/Person/birthDate	34085	0.000356035
http://data-vocabulary.org/Review-aggregate/name	33825	0.000353319
http://www.schema.org/Movie/genre	33767	0.000352713
http://schema.org/MusicEvent/url	33533	0.000350269
http://www.schema.org/Movie/image	33226	0.000347062
http://www.schema.org/Movie/description	33189	0.000346676
http://schema.org/MusicEvent/performers	33089	0.000345631
http://schema.org/Book/bookFormatType	32966	0.000344346
http://schema.org/MusicEvent/startDate	32816	0.000342780
http://www.schema.org/Movie/aggregateRating	32790	0.000342508
http://schema.org/MusicEvent/location	32749	0.000342080
http://data-vocabulary.org/Recipe/review	32482	0.000339291
http://data-vocabulary.org/Address/country-name	32426	0.000338706
http://data-vocabulary.org/Recipe/ingredient	32335	0.000337755
http://schema.org/Movie/aggregateRating	32319	0.000337588
http://schema.org/Review/bestRating	32260	0.000336972
http://data-vocabulary.org/Recipe/published	31720	0.000331331
http://schema.org/ImageObject/contentURL	31626	0.000330349
http://data-vocabulary.org/Recipe/summary	31427	0.000328271
http://schema.org/Event/performers	31367	0.000327644
http://www.leftlanenews.com/Breadcrumb/title	31324	0.000327195
http://www.schema.org/Person/name	30764	0.000321345
http://schema.org/PostalAddress/description	30735	0.000321042
http://data-vocabulary.org/Review-aggregate/worst	30612	0.000319758
http://data-vocabulary.org/Book/reviews	30485	0.000318431
http://schema.org/Event/offers	30400	0.000317543
http://schema.org/NewsArticle/video	30336	0.000316875
http://data-vocabulary.org/Recipe/recipeType	30244	0.000315914
http://www.schema.org/Person/description	30200	0.000315454
http://schema.org/JobPosting/baseSalary	29878	0.000312091
http://schema.org/postalAddress/addressRegion	29623	0.000309427
http://schema.org/postalAddress/addressLocality	29623	0.000309427
http://schema.org/postalAddress/description	29620	0.000309396
http://schema.org/postalAddress/name	29620	0.000309396
http://schema.org/MusicGroup/genre	29476	0.000307892
http://schema.org/LocalBusiness/geo	29373	0.000306816
http://schema.org/Review/ratingValue	29339	0.000306461
http://schema.org/OfferItemCondition/description	29338	0.000306450
http://schema.org/postalAddress/postalCode	29304	0.000306095
http://schema.org/Restaurant/address	29301	0.000306064
http://schema.org/TVSeries/url	29149	0.000304476
http://schema.org/MusicGroup/album	28950	0.000302397
http://schema.org/TVEpisode/image	28914	0.000302021
http://schema.org/Corporation/name	28762	0.000300434
http://schema.org/Hotel/geo	28418	0.000296840
http://schema.org/TVEpisode/description	28313	0.000295743
http://schema.org/WebPage/url	28252	0.000295106
http://schema.org/TVEpisode/aggregateRating	28199	0.000294553
http://schema.org/TVEpisode/partOfTVSeries	28064	0.000293143
http://schema.org/TVEpisode/partOfSeason	27846	0.000290865
http://schema.org/PostalAddress/postalcode	27789	0.000290270
http://schema.org/CreativeWork/thumbnailUrl	27641	0.000288724
http://schema.org/AggregateOffer/itemCondition	27519	0.000287450
http://schema.org/Restaurant/servesCuisine	27450	0.000286729
http://schema.org/Recipe/cookingMethod	27259	0.000284734
http://www.data-vocabulary.org/Product/price	26947	0.000281475
http://schema.org/SelfStorage/address	26874	0.000280712
http://schema.org/Photograph/image	26764	0.000279563
http://data-vocabulary.org/Product/count	26634	0.000278205
http://schema.org/ImageObject/contentLocation	26511	0.000276921
http://schema.org/Review/worstRating	26389	0.000275646
http://data-vocabulary.org/Product/url	25819	0.000269692
http://data-vocabulary.org/Organization/street-address	25687	0.000268314
http://schema.org/Product/availability	25573	0.000267123
http://schema.org/Restaurant/priceRange	25544	0.000266820
http://schema.org/TVEpisode/datePublished	25207	0.000263300
http://schema.org/Restaurant/openingHours	24987	0.000261002
http://schema.org/Article/publisher	24849	0.000259560
http://schema.org/ImageObject/name	24784	0.000258881
http://schema.org/Movie/reviews	24458	0.000255476
http://schema.org/Photograph/name	24452	0.000255413
http://data-vocabulary.org/Product/mpn	24393	0.000254797
http://www.schema.org/MusicAlbum/name	24296	0.000253784
http://www.schema.org/MusicAlbum/url	24218	0.000252969
http://data-vocabulary.org/Organization/eventType	24158	0.000252342
http://schema.org/WPAdBlock/url	24045	0.000251162
http://www.schema.org/Movie/datePublished	23748	0.000248060
http://data-vocabulary.org/Address/tel	23714	0.000247705
http://schema.org/MusicAlbum/artist	23407	0.000244498
http://data-vocabulary.org/Offer/priceValidUntil	23194	0.000242273
http://data-vocabulary.org/Offer/identifier	23097	0.000241260
http://schema.org/MediaObject/description	23032	0.000240581
http://data-vocabulary.org/Offer/itemOffered	22934	0.000239557
http://schema.org/Corporation/url	22866	0.000238847
http://schema.org/Movie/url	22784	0.000237990
http://data-vocabulary.org/Product/photo	22600	0.000236068
http://schema.org/SearchResultsPage/breadcrumb	21953	0.000229310
http://rdf.data-vocabulary.org/amount	21862	0.000228360
http://schema.org/Organization/email	21795	0.000227660
http://schema.org/City/containedIn	21792	0.000227628
http://schema.org/Corporation/telephone	21598	0.000225602
http://schema.org/SearchResultsPage/name	21452	0.000224077
http://www.schema.org/Movie/contentRating	21341	0.000222917
http://schema.org/SearchResultsPage/url	21172	0.000221152
http://schema.org/SearchResultsPage/description	21129	0.000220703
http://data-vocabulary.org/Geo/latitude	21059	0.000219972
http://data-vocabulary.org/Geo/longitude	21059	0.000219972
http://schema.org/Corporation/email	20866	0.000217956
http://data-vocabulary.org/Person/photo	20632	0.000215512
http://schema.org/AggregateRating	20492	0.000214049
http://schema.org/WebPage/SignificantLinks	20428	0.000213381
http://schema.org/WebPage/thumbnailURL	20420	0.000213297
http://schema.org/TVSeries/name	20408	0.000213172
http://www.schema.org/Person/image	20353	0.000212597
http://schema.org/ImageObject/width	20312	0.000212169
http://schema.org/ImageObject/height	20312	0.000212169
http://data-vocabulary.org/Person/url	20268	0.000211709
http://schema.org/SoftwareApplication/filesize	20086	0.000209808
http://schema.org/Offer/offers	20086	0.000209808
http://data-vocabulary.org/breadcrumb/title	19960	0.000208492
http://schema.org/MusicRecording/keywords	19914	0.000208012
http://schema.org/Book/datePublished	19904	0.000207907
http://rdf.data-vocabulary.org/ratingValue	19703	0.000205808
http://data-vocabulary.org/Breadcrumb/name	19648	0.000205233
http://schema.org/Book/keywords	19509	0.000203781
http://schema.org/ImageObject/encodingFormat	19489	0.000203572
http://schema.org/SearchResultsPage/mainContentOfPage	19357	0.000202194
http://schema.org/SearchResultsPage/inLanguage	19356	0.000202183
http://schema.org/SearchResultsPage/author	19356	0.000202183
http://schema.org/SearchResultsPage/datePublished	19356	0.000202183
http://schema.org/SearchResultsPage/about	19342	0.000202037
http://schema.org/WebPage/aggregateRating	19302	0.000201619
http://schema.org/ImageObject/contentSize	18919	0.000197618
http://schema.org/Recipe/prepTime	18901	0.000197430
http://webmaster.yandex.ru/vocabularies/enc-article.xml/content	18898	0.000197399
http://webmaster.yandex.ru/vocabularies/enc-article.xml/title	18888	0.000197295
http://schema.org/TVSeries/description	18864	0.000197044
http://schema.org/TVSeries/image	18811	0.000196490
http://data-vocabulary.org/Review/address	18802	0.000196396
http://schema.org/ApartmentComplex/address	18517	0.000193419
http://schema.org/Movie/trailer	18412	0.000192323
http://schema.org/Review/itemreviewed	18351	0.000191685
http://schema.org/MediaObject/image	18289	0.000191038
http://webmaster.yandex.ru/vocabularies/term-def.xml/term	18275	0.000190892
http://schema.org/NewsArticle/articleSection	17742	0.000185324
http://schema.org/PostalAddress/faxNumber	17613	0.000183977
http://data-vocabulary.org/breadcrumb/url	17472	0.000182504
http://schema.org/BlogPosting/articleBody	17365	0.000181386
http://schema.org/MusicEvent/offers	17321	0.000180927
http://webmaster.yandex.ru/vocabularies/term-def.xml/definition	17271	0.000180404
http://webmaster.yandex.ru/vocabularies/enc-article.xml/source-date	17261	0.000180300
http://webmaster.yandex.ru/vocabularies/enc-article.xml/source	17254	0.000180227
http://www.schema.org/MusicAlbum/image	17016	0.000177741
http://schema.org/AggregateRating/description	16981	0.000177375
http://www.schema.org/Movie/productionCompany	16928	0.000176821
http://schema.org/BlogPosting/headline	16465	0.000171985
http://schema.org/Organization/faxNumber	16334	0.000170617
http://schema.org/postalAddress/streetAddress	16275	0.000170001
http://schema.org/Review/aggregateRating	16273	0.000169980
http://schema.org/Organization/geo	16263	0.000169875
http://schema.org/MusicAlbum/datePublished	16248	0.000169719
http://schema.org/MusicEvent/name	16229	0.000169520
http://schema.org/SoftwareApplication/downloadURL	16015	0.000167285
http://data-vocabulary.org/Offer/image	15954	0.000166648
http://schema.org/TouristAttraction/name	15953	0.000166637
http://schema.org/ItemPage/name	15935	0.000166449
http://data-vocabulary.org/Offer/offerURL	15844	0.000165499
http://schema.org/SoftwareApplication/softwareversion	15778	0.000164809
http://schema.org/EducationEvent/description	15660	0.000163577
http://data-vocabulary.org/Review/best	15609	0.000163044
http://schema.org/VideoObject/datePublished	15572	0.000162657
http://schema.org/MusicEvent/image	15567	0.000162605
http://schema.org/People/url	15388	0.000160735
http://data-vocabulary.org/?Organization/name	15214	0.000158918
http://www.data-vocabulary.org/Review/reviewer	15214	0.000158918
http://www.data-vocabulary.org/Review/description	15210	0.000158876
http://schema.org/Thing/name	15197	0.000158740
http://schema.org/PostalAddress/name	15127	0.000158009
http://schema.org/VideoObject/headline	15065	0.000157361
http://schema.org/Movie/contentRating	15020	0.000156891
http://schema.org/WebPage/significantLinks	14856	0.000155178
http://data-vocabulary.org/Offer/offerUrl	14807	0.000154667
http://data-vocabulary.org/Review/name	14752	0.000154092
http://schema.org/WPFooter/url	14584	0.000152337
http://schema.org/BlogPosting/author	14497	0.000151428
http://schema.org/EducationEvent/name	14376	0.000150165
http://schema.org/EducationEvent/url	14293	0.000149298
http://schema.org/Product/identifier	14259	0.000148942
http://schema.org/Geo/longitude	14227	0.000148608
http://schema.org/Geo/latitude	14227	0.000148608
http://data-vocabulary.org/Review-aggregate/duration	13979	0.000146018
http://data-vocabulary.org/Review-aggregate/startDate	13979	0.000146018
http://rdf.data-vocabulary.org/reviewCount	13949	0.000145704
http://www.schema.org/MusicAlbum/byArtist	13908	0.000145276
http://www.schema.org/MusicAlbum/offers	13803	0.000144179
http://schema.org/Book/description	13727	0.000143385
http://schema.org/ApartmentComplex/url	13501	0.000141025
http://schema.org/BlogPosting/datePublished	13494	0.000140952
http://data-vocabulary.org/Event/address	13402	0.000139991
http://data-vocabulary.org/Address/url	13346	0.000139406
http://schema.org/UserComments/commentText	13234	0.000138236
http://data-vocabulary.org/Organization/photo	13191	0.000137787
http://schema.org/Book/genre	13055	0.000136366
http://data-vocabulary.org/Organization/geo	12836	0.000134078
http://schema.org/City/reviews	12732	0.000132992
http://www.data-vocabulary.org/Review-aggregate/rating	12687	0.000132522
http://www.data-vocabulary.org/Review-aggregate/count	12630	0.000131927
http://data-vocabulary.org/Event/name	12628	0.000131906
http://schema.org/PostalAddress/email	12580	0.000131404
http://schema.org/Person/gender	12572	0.000131321
http://schema.org/Movie/duration	12412	0.000129650
http://www.data-vocabulary.org/Product/review	12400	0.000129524
http://www.data-vocabulary.org/Product/itemreviewed	12381	0.000129326
http://schema.org/NewsArticle/keywords	12316	0.000128647
http://schema.org/Address/locality	12251	0.000127968
http://schema.org/ImageObject/headline	12197	0.000127404
http://schema.org/Event/summary	12191	0.000127341
http://historical-data.org/HistoricalEvent.html/location	12047	0.000125837
http://schema.org/TVEpisode/url	11878	0.000124072
http://data-vocabulary.org/Review-aggregate/average	11797	0.000123226
http://schema.org/UserComment/commentTime	11627	0.000121450
http://schema.org/UserComment/creator	11627	0.000121450
http://schema.org/UserComment/commentText	11627	0.000121450
http://schema.org/MusicRecording/creator	11610	0.000121272
http://schema.org/MusicRecording/provider	11610	0.000121272
http://schema.org/AggregateRating/name	11587	0.000121032
http://historical-data.org/HistoricalPerson.html/gender	11577	0.000120928
http://www.leftlanenews.com/Breadcrumb/url	11555	0.000120698
http://schema.org/Movie/datePublished	11514	0.000120270
http://schema.org/WebPage/datePublished	11450	0.000119601
http://schema.org/Article/inLanguage	11335	0.000118400
http://schema.org/Thing/image	11334	0.000118389
http://schema.org/LocalBusiness/rating	11235	0.000117355
http://schema.org/ApartmentComplex/description	11186	0.000116843
http://schema.org/Organization/aggregateRating	11183	0.000116812
http://schema.org/Address/country-name	11164	0.000116614
http://schema.org/SoftwareApplication/inLanguage	11123	0.000116185
http://data-vocabulary.org/Review-aggregate/pricerange	11097	0.000115914
http://schema.org/Review/headline	11091	0.000115851
http://schema.org/Itempage/url	11083	0.000115767
http://schema.org/Itempage/breadcrumb	11083	0.000115767
http://schema.org/MusicRecording/dateCreated	11029	0.000115203
http://www.schema.org/Movie/duration	10992	0.000114817
http://rdf.data-vocabulary.org/streetAddress	10945	0.000114326
http://rdf.data-vocabulary.org/addressLocality	10945	0.000114326
http://rdf.data-vocabulary.org/postalCode	10944	0.000114316
http://growbutton.com/nsbutton/title	10934	0.000114211
http://growbutton.com/nsbutton/url	10934	0.000114211
http://schema.org/MusicPlaylist/name	10865	0.000113490
http://rdf.data-vocabulary.org/addressRegion	10841	0.000113240
http://historical-data.org/HistoricalEvent.html/startDate	10840	0.000113229
http://data-vocabulary.org/Review/url	10836	0.000113187
http://data-vocabulary.org/Offer/priceCurrency	10696	0.000111725
http://schema.org/NewsArticle/inLanguage	10654	0.000111286
http://rdf.data-vocabulary.org/geo	10648	0.000111224
http://data-vocabulary.org/Recipe/cookTime	10644	0.000111182
http://data-vocabulary.org/Review-aggregate/value	10639	0.000111130
http://schema.org/EventVenue/name	10610	0.000110827
http://schema.org/Product/ratingValue	10556	0.000110263
http://schema.org/ItemPage/mainContentOfPage	10554	0.000110242
http://data-vocabulary.org/Recipe/nutrition	10502	0.000109699
http://historical-data.org/HistoricalPerson.html/birth	10480	0.000109469
http://schema.org/Book/OCLC	10418	0.000108821
http://schema.org/MusicPlaylist/numTracks	10353	0.000108142
http://schema.org/Thing/description	10337	0.000107975
http://schema.org/AudioObject/contentURL	10295	0.000107536
http://schema.org/ImageObject/url	10243	0.000106993
http://schema.org/VideoObject/uploadDate	10236	0.000106920
http://schema.org/AudioObject/encodingFormat	10186	0.000106398
http://data-vocabulary.org/Address/geo	10142	0.000105938
http://schema.org/Event/duration	10020	0.000104664
http://data-vocabulary.org/Rating/summary	9956	0.000103995
http://schema.org/AggregateOffer/offers	9776	0.000102115
http://schema.org/Movie/productionCompany	9657	0.000100872
http://schema.org/UserComments/creator	9594	0.000100214
http://schema.org/Place/description	9540	0.000099650
http://schema.org/Book/birthDate	9528	0.000099525
http://schema.org/AudioObject/name	9501	0.000099243
http://schema.org/Article/dateModified	9440	0.000098606
http://schema.org/CreativeWork/keywords	9336	0.000097519
http://schema.org/LocalBusiness/addressLocality	9318	0.000097331
http://schema.org/LocalBusiness/email	9288	0.000097018
http://schema.org/UserComments/commentTime	9282	0.000096955
http://schema.org/CreativeWork/editor	9210	0.000096203
http://schema.org/Review/publisher	9192	0.000096015
http://schema.org/Hotel/location	9176	0.000095848
http://schema.org/WebPage/dateModified	9172	0.000095806
http://schema.org/LocalBusiness/title	9116	0.000095221
http://rdf.data-vocabulary.org/image	9096	0.000095012
http://schema.org/TouristAttraction/image	9023	0.000094250
http://historical-data.org/HistoricalPerson.html/death	8949	0.000093477
http://schema.org/Hotel/reviews	8925	0.000093226
http://schema.org/ItemPage/isFamilyFriendly	8919	0.000093163
http://data-vocabulary.org/Product/best	8835	0.000092286
http://historical-data.org/HistoricalPerson.html/parents	8721	0.000091095
http://www.schema.org/ItemAvailability/description	8634	0.000090186
http://data-vocabulary.org/Recipe/prepTime	8633	0.000090176
http://schema.org/Recipe/cookTime	8593	0.000089758
http://schema.org/Review/reviews	8560	0.000089413
http://schema.org/Restaurant/name	8548	0.000089288
http://schema.org/NewsArticle/interactionCount	8533	0.000089131
http://schema.org/SoftwareApplication/versionChanges	8525	0.000089048
http://schema.org/LodgingBusiness/address	8524	0.000089037
http://schema.org/AudioObject/description	8523	0.000089027
http://schema.org/AudioObject/contentSize	8499	0.000088776
http://schema.org/Article/copyrightHolder	8491	0.000088693
http://schema.org/LocalBusiness/reviews	8457	0.000088338
http://schema.org/Offer/currency	8446	0.000088223
http://schema.org/ImageObject/thumbnailUrl	8415	0.000087899
http://schema.org/City/url	8349	0.000087209
http://schema.org/Recipe/totalTime	8305	0.000086750
http://schema.org/MusicRecording/image	8301	0.000086708
http://schema.org/MediaObject/contentURL	8205	0.000085705
http://schema.org/LodgingBusiness/description	8200	0.000085653
http://schema.org/BlogPosting/url	8068	0.000084274
http://schema.org/ItemPage/significantLinks	7924	0.000082770
http://rdf.data-vocabulary.org/description	7820	0.000081684
http://schema.org/TVEpisode/episodeNumber	7780	0.000081266
http://schema.org/Hotel/faxNumber	7774	0.000081203
http://data-vocabulary.org/Product/condition	7760	0.000081057
http://schema.org/url	7704	0.000080472
http://schema.org/EventVenue/address	7689	0.000080315
http://schema.org/CollectionPage/name	7651	0.000079919
http://schema.org/LocalBusiness/addressRegion	7649	0.000079898
http://schema.org/City/geo	7624	0.000079637
http://data-vocabulary.org/Organization/description	7617	0.000079563
http://schema.org/ImageObject/image	7599	0.000079375
http://schema.org/VideoObject/image	7581	0.000079187
http://historical-data.org/HistoricalPerson.html/image	7514	0.000078487
http://data-vocabulary.org/Event/category	7473	0.000078059
http://schema.org/Restaurant/telephone	7467	0.000077997
http://schema.org/NGO/name	7450	0.000077819
http://schema.org/RadioStation/name	7440	0.000077715
http://schema.org/RadioStation/url	7439	0.000077704
http://schema.org/NGO/url	7435	0.000077662
http://schema.org/WebPage/discussionUrl	7395	0.000077244
http://schema.org/MobileSoftwareApplication/name	7387	0.000077161
http://data-vocabulary.org/Review-aggregate/reviewer	7385	0.000077140
http://schema.org/RadioStation/image	7379	0.000077077
http://schema.org/Review/datepublished	7376	0.000077046
http://purl.org/dc/terms/source	7328	0.000076545
http://schema.org/Product/category	7314	0.000076398
http://schema.org/Organization/streetAddress	7290	0.000076148
http://schema.org/Article/about	7267	0.000075907
http://rdf.data-vocabulary.org/url	7175	0.000074946
http://schema.org/BlogPosting/description	7142	0.000074602
http://schema.org/ImageObject/copyrightHolder	7126	0.000074435
http://schema.org/ApartmentComplex/telephone	7088	0.000074038
http://schema.org/Book/brand	7085	0.000074006
http://schema.org/Organization/addressLocality	7062	0.000073766
http://schema.org/MediaObject/author	7043	0.000073568
http://schema.org/Recipe/nutrition	7041	0.000073547
http://schema.org/NutritionInformation/calories	6964	0.000072742
http://schema.org/MediaObject/datePublished	6955	0.000072648
http://schema.org/LodgingBusiness/url	6923	0.000072314
http://schema.org/City/maps	6892	0.000071990
http://schema.org/EventVenue/description	6843	0.000071479
http://schema.org/Offer/OfferItemCondition	6823	0.000071270
http://schema.org/Book/thumbnailUrl	6804	0.000071071
http://schema.org/MobileSoftwareApplication/author	6798	0.000071009
http://schema.org/TVSeries/aggregateRating	6770	0.000070716
http://schema.org/ApartmentComplex/image	6754	0.000070549
http://schema.org/ItemList/mainContentOfPage	6686	0.000069839
http://data-vocabulary.org/???Organization/name	6677	0.000069745
http://schema.org/MediaObject/width	6663	0.000069598
http://schema.org/MediaObject/height	6663	0.000069598
http://schema.org/MusicGroup/byArtist	6565	0.000068575
http://schema.org/AggregateOffer/url	6487	0.000067760
http://schema.org/ItemList/description	6435	0.000067217
http://schema.org/Photograph/url	6428	0.000067144
http://www.schema.org/AutomotiveBusiness/addressLocality	6370	0.000066538
http://www.schema.org/AutomotiveBusiness/addressRegion	6370	0.000066538
http://www.schema.org/AutomotiveBusiness/name	6370	0.000066538
http://www.schema.org/AutomotiveBusiness/url	6370	0.000066538
http://www.schema.org/AutomotiveBusiness/streetAddress	6370	0.000066538
http://schema.org/Review/contentLocation	6368	0.000066517
http://www.schema.org/Organization/name	6357	0.000066402
http://rdf.data-vocabulary.org/locality	6353	0.000066360
http://schema.org/CollectionPage/url	6337	0.000066193
http://schema.org/ArtGallery/name	6333	0.000066151
http://schema.org/EducationEvent/offers	6327	0.000066089
http://schema.org/ImageObject/provider	6305	0.000065859
http://schema.org/ArtGallery/address	6305	0.000065859
http://schema.org/ImageObject/publisher	6305	0.000065859
http://schema.org/ImageObject/dateModified	6305	0.000065859
http://schema.org/NewsArticle/associatedMedia	6293	0.000065734
http://schema.org/MusicGroup/foundingDate	6288	0.000065681
http://schema.org/Person/nationality	6277	0.000065566
http://schema.org/ImageObject/encodings	6276	0.000065556
http://schema.org/NewsArticle/about	6238	0.000065159
http://data-vocabulary.org/Review-aggregate/address	6203	0.000064793
http://schema.org/NewsArticle/copyrightNotice	6203	0.000064793
http://schema.org/BlogPosting/keywords	6197	0.000064731
http://schema.org/Book/about	6186	0.000064616
http://schema.org/Movie/inLanguage	6112	0.000063843
http://schema.org/MobileSoftwareApplication/offers	6111	0.000063832
http://schema.org/Residence/name	6091	0.000063624
http://schema.org/Corporation/image	6048	0.000063174
http://schema.org/CreativeWork/offers	6048	0.000063174
http://schema.org/WPSideBar/price	6018	0.000062861
http://data-vocabulary.org/Offer-aggregate/priceCurrency	5993	0.000062600
http://schema.org/BlogPosting/image	5979	0.000062454
http://schema.org/EducationEvent/startDate	5967	0.000062328
http://schema.org/Place/events	5959	0.000062245
http://schema.org/CreativeWork/publisher	5940	0.000062046
http://rdf.data-vocabulary.org/street-address	5912	0.000061754
http://schema.org/ItemList/image	5910	0.000061733
http://data-vocabulary.org/Event/ticketAggregate	5889	0.000061514
http://data-vocabulary.org/Offer-aggregate/offerurl	5889	0.000061514
http://data-vocabulary.org/Offer-aggregate/summary	5889	0.000061514
http://data-vocabulary.org/Review-aggregate/tel	5860	0.000061211
http://schema.org/Review/itemReviewed	5845	0.000061054
http://data-vocabulary.org/Recipe/ingredients	5841	0.000061012
http://schema.org/Blog/url	5831	0.000060908
http://schema.org/MusicRecording/description	5822	0.000060814
http://schema.org/PostalAddress/url	5816	0.000060751
http://schema.org/Photograph/description	5811	0.000060699
http://schema.org/ImageObject/associatedMedia	5803	0.000060615
http://schema.org/TVSeries/datePublished	5782	0.000060396
http://data-vocabulary.org/???Geo/latitude	5765	0.000060218
http://data-vocabulary.org/???Geo/longitude	5765	0.000060218
http://schema.org/Person/role	5733	0.000059884
http://data-vocabulary.org/Organization/country-name	5676	0.000059289
http://www.schema.org/MusicAlbum/thumbnailUrl	5627	0.000058777
http://schema.org/Movie/awards	5624	0.000058746
http://data-vocabulary.org/Product/votes	5582	0.000058307
http://schema.org/ImageObject/description	5553	0.000058004
http://schema.org/WebPage/interactionCount	5542	0.000057889
http://historical-data.org/HistoricalPerson.html/spouses	5473	0.000057168
http://data-vocabulary.org/Rating/reviewer	5472	0.000057158
http://schema.org/BedAndBreakfast/name	5465	0.000057085
http://data-vocabulary.org/Offer-aggregate/lowprice	5439	0.000056813
http://data-vocabulary.org/Offer-aggregate/highprice	5439	0.000056813
http://schema.org/Place/addressLocality	5423	0.000056646
http://schema.org/Address/streetAddress	5404	0.000056447
http://schema.org/MusicGroup/musicGroupMember	5380	0.000056197
http://schema.org/ApartmentComplex/photos	5373	0.000056124
http://www.data-vocabulary.org/RecipeIngredient/name	5354	0.000055925
http://schema.org/MobileSoftwareApplication/operatingSystems	5346	0.000055842
http://schema.org/MobileSoftwareApplication/datePublished	5343	0.000055810
http://schema.org/Organization/addressRegion	5320	0.000055570
http://schema.org/Address/addressLocality	5316	0.000055528
http://schema.org/Place/telephone	5314	0.000055507
http://schema.org/TouristAttraction/url	5298	0.000055340
http://schema.org/TVSeries/episodes	5290	0.000055257
http://schema.org/Hotel/author	5260	0.000054943
http://data-vocabulary.org/Product/worst	5235	0.000054682
http://schema.org/TVSeries/numberofEpisodes	5195	0.000054264
http://schema.org/Book/LCCN	5182	0.000054129
http://schema.org/Hotel/email	5181	0.000054118
http://schema.org/SoftwareApplication/providedFeatures	5176	0.000054066
http://schema.org/Product/rating	5162	0.000053920
http://schema.org/MobileSoftwareApplication/fileSize	5155	0.000053847
http://www.data-vocabulary.org/RecipeIngredient/amount	5143	0.000053721
http://schema.org/title	5135	0.000053638
http://schema.org/MobileSoftwareApplication/softwareApplicationCategory	5122	0.000053502
http://schema.org/MobileSoftwareApplication/softwareVersion	5101	0.000053283
http://schema.org/MobileSoftwareApplication/SoftwareApplicationSubCategory	5079	0.000053053
http://schema.org/MobileSoftwareApplication/interactionCount	5077	0.000053032
http://schema.org/lodgingbusiness/image	5005	0.000052280
http://schema.org/lodgingbusiness/description	5005	0.000052280
http://schema.org/lodgingbusiness/name	5005	0.000052280
http://historical-data.org/HistoricalPerson.html/children	4958	0.000051789
http://schema.org/ScholarlyArticle/name	4937	0.000051569
http://schema.org/Address/addressCountry	4915	0.000051340
http://schema.org/LocalBusiness/streetAddress	4906	0.000051246
http://schema.org/Hotel/reviewRating	4885	0.000051026
http://schema.org/Article/aggregateRating	4881	0.000050984
http://schema.org/LocalBusiness/postalCode	4879	0.000050964
http://schema.org/Product/productId	4865	0.000050817
http://schema.org/Person/aggregateRating	4862	0.000050786
http://schema.org/Person/givenName	4858	0.000050744
http://schema.org/MediaObject/reviews	4854	0.000050702
http://data-vocabulary.org/Organization/postal-code	4848	0.000050640
http://rdf.data-vocabulary.org/breadcrumb	4835	0.000050504
http://schema.org/CollectionPage/breadcrumb	4824	0.000050389
http://webmaster.yandex.ru/vocabularies/term-def.xml/author	4712	0.000049219
http://schema.org/ScholarlyArticle/description	4710	0.000049198
http://schema.org/Organization/PostalCode	4669	0.000048770
http://schema.org/NewsArticle/alternativeHeadline	4669	0.000048770
http://schema.org/ScholarlyArticle/url	4664	0.000048718
http://schema.org/PostalAddress/addressLocality???	4663	0.000048707
http://schema.org/breadcrumb	4658	0.000048655
http://schema.org/Country/name	4643	0.000048498
http://data-vocabulary.org/Address/city	4640	0.000048467
http://data-vocabulary.org/Review/photo	4638	0.000048446
http://schema.org/SoftwareApplication/requiredFeatures	4534	0.000047360
http://rdf.data-vocabulary.org/region	4530	0.000047318
http://schema.org/LodgingBusiness/image	4523	0.000047245
http://data-vocabulary.org/Review-aggregate/dtreviewed	4509	0.000047099
http://schema.org/Product/datePublished	4483	0.000046827
http://data-vocabulary.org/Nutrition/calories	4477	0.000046765
http://schema.org/LodgingBusiness/geo	4457	0.000046556
http://schema.org/Product/author	4448	0.000046462
http://schema.org/ScholarlyArticle/keywords	4428	0.000046253
http://schema.org/Event/geo	4411	0.000046075
http://schema.org/WPFooter/copyrightYear	4405	0.000046012
http://mnobeta.no/News/teaserText	4367	0.000045616
http://schema.org/BedAndBreakfast/url	4348	0.000045417
http://schema.org/BarOrPub/name	4334	0.000045271
http://schema.org/WPHeader/image	4330	0.000045229
http://schema.org/ScholarlyArticle/aggregateRating	4319	0.000045114
http://schema.org/CreativeWork/bestRating	4312	0.000045041
http://schema.org/Corporation/aggregateRating	4306	0.000044978
http://schema.org/WebPage/copyrightHolder	4282	0.000044728
http://schema.org/Restaurant/paymentAccepted	4258	0.000044477
http://schema.org/CreativeWork/worstRating	4258	0.000044477
http://schema.org/CreativeWork/UserComments	4258	0.000044477
http://schema.org/CreativeWork/ratingValue	4258	0.000044477
http://data-vocabulary.org/Product/title	4255	0.000044446
http://schema.org/LocalBusiness/photo	4251	0.000044404
http://schema.org/BarOrPub/reviews	4248	0.000044372
http://schema.org/Product/reviewCount	4244	0.000044331
http://schema.org/WebPage/nationality	4230	0.000044184
http://historical-data.org/HistoricalPerson.html/modifiedDate	4221	0.000044090
http://schema.org/LocalBusiness/interactionCount	4199	0.000043861
http://schema.org/Product/description/briefDescription	4134	0.000043182
http://schema.org/NGO/foundingDate	4116	0.000042994
http://schema.org/NGO/members	4116	0.000042994
http://schema.org/WebPage/copyrightYear	4080	0.000042618
http://schema.com/Offer/priceCurrency	4065	0.000042461
http://schema.org/AutoDealer/name	4065	0.000042461
http://schema.com/Offer/price	4065	0.000042461
http://rdf.data-vocabulary.org/postal-code	4044	0.000042242
http://schema.org/Person/photo	4043	0.000042231
http://schema.org/Person/homeLocation	4019	0.000041980
http://schema.org/Blog/blogPosts	4006	0.000041845
http://schema.org/AutoDealer/telephone	4004	0.000041824
http://schema.org/CreativeWork/reviews	3976	0.000041531
http://data-vocabulary.org/Nutrition/Calories	3950	0.000041260
http://data-vocabulary.org/Nutrition/Sodium	3944	0.000041197
http://schema.org/BarOrPub/photo	3938	0.000041134
http://data-vocabulary.org/Nutrition/Fat	3938	0.000041134
http://data-vocabulary.org/Nutrition/Carbohydrate	3938	0.000041134
http://data-vocabulary.org/Nutrition/Total	3928	0.000041030
http://data-vocabulary.org/Nutrition/protein	3928	0.000041030
http://data-vocabulary.org/Review-aggregate/v:itemreviewed	3926	0.000041009
http://data-vocabulary.org/Nutrition/Protein	3925	0.000040999
http://schema.org/Hotel/priceRange	3924	0.000040988
http://schema.org/City/image	3923	0.000040978
http://data-vocabulary.org/Nutrition/carbohydrates	3911	0.000040852
http://schema.org/AdministrativeArea/name	3877	0.000040497
http://schema.org/School/name	3876	0.000040487
http://data-vocabulary.org/Nutrition/servingSize	3853	0.000040247
http://schema.org/WebPage/author	3846	0.000040173
http://data-vocabulary.org/Product/average	3837	0.000040079
http://data-vocabulary.org/Event/geo	3809	0.000039787
http://schema.org/WPHeader/url	3799	0.000039682
http://schema.org/CreativeWork/dateCreated	3798	0.000039672
http://data-vocabulary.org/Review/worst	3790	0.000039588
http://schema.org/WebPage/reviews	3790	0.000039588
http://data-vocabulary.org/Nutrition/Fiber	3773	0.000039411
http://schema.org/SoftwareApplication/inlanguage	3773	0.000039411
http://schema.org/ItemList/itemListOrder	3764	0.000039317
http://schema.org/MedicalOrganization/name	3753	0.000039202
http://schema.org/Restaurant/description	3748	0.000039150
http://schema.org/Book/bookEdition	3745	0.000039118
http://schema.org/Residence/geo	3737	0.000039035
http://schema.org/Person/performerIn	3728	0.000038941
http://schema.org/CollectionPage/description	3727	0.000038930
http://schema.org/TouristAttraction/address	3725	0.000038909
http://schema.org/PostalAddress/latitude	3713	0.000038784
http://schema.org/PostalAddress/longitude	3713	0.000038784
http://schema.org/City/address	3707	0.000038721
http://schema.org/NewsArticle/wordCount	3699	0.000038638
http://schema.org/LocalBusiness/photos	3662	0.000038251
http://schema.org/PostalAddress/AddressLocality	3643	0.000038053
http://schema.org/TouristAttraction/geo	3641	0.000038032
http://schema.org/Photograph/thumbnailUrl	3638	0.000038001
http://schema.org/City/telephone	3622	0.000037834
http://schema.org/Restaurant/email	3615	0.000037760
http://schema.org/Review/breadcrumb	3615	0.000037760
http://schema.org/Book/rating	3607	0.000037677
http://schema.org/TVSeries/discussionUrl	3602	0.000037625
http://schema.org/Campground/name	3590	0.000037499
http://schema.org/Corporation/reviews	3560	0.000037186
http://data-vocabulary.org/Product/v:itemreviewed	3560	0.000037186
http://data-vocabulary.org/Recipe/recipeCuisine	3555	0.000037134
http://schema.org/School/description	3548	0.000037061
http://schema.org/CreativeWork/breadcrumb	3541	0.000036988
http://schema.org/movies/name	3539	0.000036967
http://schema.org/movies/description	3539	0.000036967
http://schema.org/WebPage/photo	3533	0.000036904
http://schema.org/LodgingBusiness/telephone	3514	0.000036705
http://schema.org/Recipe/video	3513	0.000036695
http://schema.org/AutoDealer/url	3510	0.000036664
http://data-vocabulary.org/Nutrition/from	3504	0.000036601
http://schema.org/Person/email	3499	0.000036549
http://schema.org/ItemPage/description	3465	0.000036194
http://data-vocabulary.org/Nutrition/fat	3459	0.000036131
http://schema.org/NewsArticle/aggregateRating	3457	0.000036110
http://data-vocabulary.org/Event/region	3447	0.000036006
http://schema.org/NutritionInformation/fatContent	3442	0.000035953
http://schema.org/Product/bestRating	3428	0.000035807
http://schema.org/Movie/author	3424	0.000035765
http://schema.org/NutritionInformation/carbohydrateContent	3409	0.000035609
http://schema.org/HardwareStore/name	3405	0.000035567
http://schema.org/SoftwareApplication/numDownloads	3403	0.000035546
http://schema.org/BedAndBreakfast/image	3390	0.000035410
http://schema.org/WPFooter/description	3388	0.000035389
http://data-vocabulary.org/Nutrition/Saturated	3385	0.000035358
http://schema.org/NutritionInformation/saturatedFatContent	3382	0.000035327
http://schema.org/WebPage/comment	3378	0.000035285
http://schema.org/BlogPosting/articleSection	3376	0.000035264
http://schema.org/ItemPage/image	3370	0.000035201
http://schema.org/BlogPosting/dateCreated	3363	0.000035128
http://schema.org/Person/title	3361	0.000035107
http://schema.org/WPSideBar/aggregateRating	3330	0.000034784
http://schema.org/MusicGroup/albums	3326	0.000034742
http://schema.org/Movie/reviewRating	3293	0.000034397
http://schema.org/SoftwareApplication/softwareApplicationSubCategory	3270	0.000034157
http://data-vocabulary.org/Nutrition/Cholesterol	3254	0.000033990
http://schema.org/Article/dateCreated	3250	0.000033948
http://schema.org/JobPosting/industry	3242	0.000033864
http://schema.org/Restaurant/aggregateRating	3228	0.000033718
http://schema.org/ScholarlyArticle/author	3225	0.000033687
http://schema.org/MedicalOrganization/url	3219	0.000033624
http://data-vocabulary.org/Organization/desc	3194	0.000033363
http://schema.org/HardwareStore/geo	3193	0.000033352
http://schema.org/HardwareStore/address	3187	0.000033290
http://schema.org/UserComments/discusses	3182	0.000033238
http://schema.org/BedAndBreakfast/address	3179	0.000033206
http://schema.org/Product/priceCurrency	3177	0.000033185
http://schema.org/address	3175	0.000033164
http://data-vocabulary.org/Person/nickname	3174	0.000033154
http://schema.org/telephone	3161	0.000033018
http://schema.org/email	3158	0.000032987
http://schema.org/faxNumber	3158	0.000032987
http://schema.org/TouristAttraction/aggregateRating	3154	0.000032945
http://growbutton.com/nsbutton/site-name	3139	0.000032788
http://growbutton.com/nsbutton/image	3138	0.000032778
http://data-vocabulary.org/AggregateOffer/lowPrice	3114	0.000032527
http://data-vocabulary.org/Book/offers	3114	0.000032527
http://data-vocabulary.org/AggregateOffer/currency	3114	0.000032527
http://data-vocabulary.org/AggregateOffer/highPrice	3114	0.000032527
http://rdf.data-vocabulary.org/offers	3098	0.000032360
http://data-vocabulary.org/Event/street-address	3096	0.000032339
http://schema.org/ContactPoint/telephone	3096	0.000032339
http://schema.org/Hotel/paymentAccepted	3086	0.000032235
http://data-vocabulary.org/Recipe/rating	3078	0.000032151
http://schema.org/Restaurant/photos	3072	0.000032089
http://data-vocabulary.org/Recipe/amount	3070	0.000032068
http://data-vocabulary.org/Event/country-name	3070	0.000032068
http://schema.org/Article/reviews	3056	0.000031921
http://schema.org/latitude	3018	0.000031525
http://schema.org/longitude	3018	0.000031525
http://data-vocabulary.org/?Geo/latitude	3016	0.000031504
http://data-vocabulary.org/?Geo/longitude	3016	0.000031504
http://schema.org/BedAndBreakfast/telephone	3013	0.000031472
http://schema.org/Review/offers	3011	0.000031451
http://schema.org/ImageGallery/name	2974	0.000031065
http://schema.org/Place/aggregateRating	2970	0.000031023
http://schema.org/CollegeOrUniversity/name	2949	0.000030804
http://schema.org/Restaurant/employees	2935	0.000030658
http://www.data-vocabulary.org/Product/offerdetails	2935	0.000030658
http://historical-data.org/HistoricalPerson.html/contributor	2928	0.000030584
http://schema.org/CreativeWork/genre	2917	0.000030470
http://schema.org/TouristAttraction/description	2896	0.000030250
http://schema.org/LocalBusiness/openingHours	2892	0.000030208
http://data-vocabulary.org/Organization/fax	2887	0.000030156
http://schema.org/Product/manufacture	2884	0.000030125
http://www.data-vocabulary.org/Offer/identifier	2877	0.000030052
http://www.data-vocabulary.org/Offer/currency	2872	0.000029999
http://www.data-vocabulary.org/Offer/price	2872	0.000029999
http://schema.org/Person/associatedMedia	2854	0.000029811
http://schema.org/Place/streetAddress	2830	0.000029561
http://schema.org/BedAndBreakfast/description	2829	0.000029550
http://data-vocabulary.org/Offer/lowPrice	2812	0.000029373
http://www.data-vocabulary.org/Organization/name	2802	0.000029268
http://schema.org/LodgingBusiness/aggregateRating	2798	0.000029227
http://schema.org/Restaurant/url	2796	0.000029206
http://schema.org/AutoDealer/address	2790	0.000029143
http://schema.org/Campground/description	2774	0.000028976
http://data-vocabulary.org/Recipe/count	2729	0.000028506
http://www.schema.org/TouristAttraction/description	2724	0.000028454
http://data-vocabulary.org/Review/votes	2718	0.000028391
http://www.schema.org/TouristAttraction/name	2709	0.000028297
http://www.schema.org/TouristAttraction/url	2709	0.000028297
http://schema.org/WPSideBar/model	2700	0.000028203
http://schema.org/Offer/priceValidUntil	2699	0.000028192
http://historical-data.org/HistoricalPerson.html/siblings	2691	0.000028109
http://schema.org/SoftwareApplication/dateUpdated	2664	0.000027827
http://schema.org/WebPage/foundingDate	2653	0.000027712
http://schema.org/EBook/offers	2649	0.000027670
http://data-vocabulary.org/Recipe/instruction	2645	0.000027628
http://schema.org/BarOrPub/address	2642	0.000027597
http://data-vocabulary.org/Organization/email	2638	0.000027555
http://schema.org/School/foundingDate	2616	0.000027325
http://www.schema.org/LocalBusiness/address	2610	0.000027263
http://schema.org/Person/worksFor	2594	0.000027096
http://schema.org/Product/aggregaterating	2590	0.000027054
http://schema.org/Movie/headline	2588	0.000027033
http://schema.org/BarOrPub/telephone	2570	0.000026845
http://webmaster.yandex.ru/vocabularies/term-def.xml/source	2532	0.000026448
http://webmaster.yandex.ru/vocabularies/term-def.xml/source-date	2519	0.000026312
http://www.data-vocabulary.org/Organization/address	2514	0.000026260
http://schema.org/Organization/reviews	2508	0.000026197
http://schema.org/Offer/pricecurrency	2507	0.000026187
http://www.schema.org/TouristAttraction/address	2498	0.000026093
http://schema.org/Recipe/url	2497	0.000026082
http://schema.org/game/name	2496	0.000026072
http://schema.org/game/description	2496	0.000026072
http://schema.org/Campground/image	2475	0.000025853
http://data-vocabulary.org/Event/StartDate	2473	0.000025832
http://schema.org/School/image	2462	0.000025717
http://data-vocabulary.org/Product/seller	2460	0.000025696
http://data-vocabulary.org/Nutrition/cholesterol	2443	0.000025518
http://schema.org/CollegeOrUniversity/url	2431	0.000025393
http://www.schema.org/PostalAddress/addressCountry	2427	0.000025351
http://www.schema.org/PostalAddress/addressLocality	2421	0.000025289
http://www.schema.org/LodgingBusiness/address	2414	0.000025215
http://rdf.data-vocabulary.org/link	2412	0.000025195
http://www.data-vocabulary.org/Organization/tel	2407	0.000025142
http://schema.org/MusicRecording/tracks	2404	0.000025111
http://schema.org/MusicRecording/year	2404	0.000025111
http://rdf.data-vocabulary.org/lng	2399	0.000025059
http://rdf.data-vocabulary.org/lat	2399	0.000025059
http://schema.org/Hotel/maps	2398	0.000025048
http://data-vocabulary.org/Nutrition/fiber	2397	0.000025038
http://schema.org/AggregateRating/rating	2360	0.000024651
http://data-vocabulary.org/???Organization/address	2356	0.000024610
http://schema.org/Corporation/description	2355	0.000024599
http://schema.org/NutritionInformation/proteinContent	2341	0.000024453
http://schema.org/NutritionInformation/fiberContent	2340	0.000024442
http://schema.org/WebPage/inLanguage	2338	0.000024422
http://data-vocabulary.org/Event/postal-code	2332	0.000024359
http://schema.org/Organization/manufacturer	2325	0.000024286
http://schema.org/Place/startDate	2291	0.000023931
http://schema.org/Article/copyrightYear	2286	0.000023878
http://rdf.data-vocabulary.org/value	2274	0.000023753
http://www.data-vocabulary.org/Organization/url	2267	0.000023680
http://rdf.data-vocabulary.org/creator	2266	0.000023670
http://schema.org/NutritionInformation/sodiumContent	2257	0.000023575
http://schema.org/NutritionInformation/cholesterolContent	2256	0.000023565
http://schema.org/Address/region	2247	0.000023471
http://schema.org/SearchResultsPage/image	2230	0.000023293
http://data-vocabulary.org/Person/gender	2229	0.000023283
http://data-vocabulary.org/Offer/highPrice	2225	0.000023241
http://data-vocabulary.org/Review-aggregate/summary	2224	0.000023231
http://www.schema.org/PostalAddress/streetAddress	2221	0.000023199
http://schema.org/Florist/name	2202	0.000023001
http://rdf.data-vocabulary.org/audio	2202	0.000023001
http://rdf.data-vocabulary.org/provider	2202	0.000023001
http://rdf.data-vocabulary.org/playCount	2202	0.000023001
http://rdf.data-vocabulary.org/dateCreated	2202	0.000023001
http://schema.org/Florist/aggregateRating	2200	0.000022980
http://data-vocabulary.org/Review-aggregate/price	2199	0.000022970
http://schema.org/LocalBusiness/maps	2190	0.000022876
http://data-vocabulary.org/Event/duration	2188	0.000022855
http://schema.org/CreativeWork/accessionNumber	2170	0.000022667
http://schema.org/Restaurant/contactPoints	2170	0.000022667
http://schema.org/HardwareStore/maps	2163	0.000022594
http://data-vocabulary.org/Nutrition/saturatedFat	2161	0.000022573
http://schema.org/CreativeWork/creditLine	2160	0.000022562
http://rdf.data-vocabulary.org/primaryImageOfPage	2155	0.000022510
http://schema.org/Organization/postalCode	2154	0.000022500
http://schema.org/City/description	2151	0.000022468
http://data-vocabulary.org/Organization/country	2145	0.000022406
http://schema.org/City/aggregateRating	2142	0.000022374
http://schema.org/Person/addressLocality	2136	0.000022312
http://schema.org/Reviews/reviewRating	2126	0.000022207
http://schema.org/Reviews/publishDate	2126	0.000022207
http://www.schema.org/TouristAttraction/image	2126	0.000022207
http://schema.org/Place/addressCountry	2124	0.000022186
http://schema.org/JobPosting/occupationalCategory	2122	0.000022165
http://schema.org/HardwareStore/openingHours	2120	0.000022144
http://schema.org/CreativeWork/materials	2116	0.000022103
http://schema.org/NewsArticle/dateCreated	2115	0.000022092
http://schema.org/InsuranceAgency/name	2112	0.000022061
http://schema.org/Reviews/author	2111	0.000022050
http://data-vocabulary.org/Recipe/totalTime	2107	0.000022009
http://data-vocabulary.org/Review-aggregate/region	2099	0.000021925
http://data-vocabulary.org/Review-aggregate/locality	2099	0.000021925
http://data-vocabulary.org/Review-aggregate/street-address	2099	0.000021925
http://schema.org/SportsEvent/startDate	2096	0.000021894
http://microformats.org/profile/hcard/adr	2095	0.000021883
http://www.schema.org/SocialEvent/offers	2092	0.000021852
http://schema.org/WPFooter/copyrightHolder	2092	0.000021852
http://www.schema.org/SocialEvent/location	2092	0.000021852
http://www.schema.org/SocialEvent/name	2092	0.000021852
http://schema.org/Person/addressCountry	2090	0.000021831
http://www.schema.org/PostalAddress/addressRegion	2083	0.000021758
http://schema.org/LocalBusiness/branchOf	2081	0.000021737
http://schema.org/lodgingbusiness/priceRange	2071	0.000021633
http://schema.org/School/aggregateRating	2070	0.000021622
http://schema.org/Organization/brand	2067	0.000021591
http://www.schema.org/SocialEvent/url	2066	0.000021580
http://schema.org/InsuranceAgency/telephone	2065	0.000021570
http://schema.org/Organization/model	2061	0.000021528
http://microformats.org/profile/hcard/fn	2060	0.000021518
http://schema.org/AggregateOffer/availability	2058	0.000021497
http://schema.org/Product/worstRating	2055	0.000021466
http://schema.org/NutritionInformation/sugarContent	2048	0.000021392
http://schema.org/AdministrativeArea/geo	2045	0.000021361
http://schema.org/CollegeOrUniversity/address	2040	0.000021309
http://www.data-vocabulary.org/Offer/offerURL	2038	0.000021288
http://schema.org/WebPage/employees	2034	0.000021246
http://schema.org/WebPage/telephone	2031	0.000021215
http://schema.org/CreativeWork/collection	2028	0.000021183
http://www.data-vocabulary.org/Offer/name	2022	0.000021121
http://www.data-vocabulary.org/Product/offerURL	2022	0.000021121
http://www.schema.org/PostalAddress/postalCode	2017	0.000021069
http://data-vocabulary.org/Address/name	2015	0.000021048
http://www.schema.org/SocialEvent/description	2006	0.000020954
http://schema.org/ItemAvailability/name	1998	0.000020870
http://schema.org/ImageObject/thumbnail	1992	0.000020807
http://schema.org/ImageGallery/primaryImageOfPage	1968	0.000020557
http://schema.org/MobileSoftwareApplication/description	1968	0.000020557
http://schema.org/WebPageElement/url	1960	0.000020473
http://rdf.data-vocabulary.org/company	1959	0.000020463
http://data-vocabulary.org/Nutrition/sugar	1957	0.000020442
http://schema.org/WebPage/about	1956	0.000020431
http://data-vocabulary.org/Review-aggregate/image	1956	0.000020431
http://schema.org/Article/publishDate	1949	0.000020358
http://data-vocabulary.org/Offer/brand	1939	0.000020254
http://schema.org/NutritionInformation/unsaturatedFatContent	1924	0.000020097
http://schema.org/WebPage/articleBody	1917	0.000020024
http://schema.org/Dentist/name	1902	0.000019867
http://schema.org/Country/url	1896	0.000019805
http://schema.org/SingleFamilyResidence/name	1891	0.000019752
http://schema.org/TVSeries/actors	1891	0.000019752
http://www.schema.org/LocalBusiness/url	1887	0.000019711
http://www.schema.org/LocalBusiness/name	1884	0.000019679
http://schema.org/WPFooter/name	1882	0.000019658
http://www.schema.org/PostalAddress/telephone	1879	0.000019627
http://schema.org/Place/reviews	1869	0.000019523
http://www.schema.org/LocalBusiness/aggregateRating	1866	0.000019491
http://schema.org/Forum/image	1864	0.000019470
http://schema.org/Forum/name	1864	0.000019470
http://schema.org/Forum/description	1864	0.000019470
http://schema.org/Organization/location	1862	0.000019450
http://schema.org/CreativeWork/accountablePerson	1852	0.000019345
http://schema.org/Person/faxNumber	1841	0.000019230
http://schema.org/Book/awards	1837	0.000019188
http://schema.org/Hostel/name	1829	0.000019105
http://data-vocabulary.org/Recipe/url	1828	0.000019094
http://schema.org/Person/affiliation	1828	0.000019094
http://schema.org/CreativeWork/dimensions	1826	0.000019073
http://data-vocabulary/Offer/price	1825	0.000019063
http://data-vocabulary.org/Review/average	1823	0.000019042
http://schema.org/Organization/addressCountry	1820	0.000019011
http://schema.org/Hostel/address	1806	0.000018865
http://schema.org/Place/endDate	1805	0.000018854
http://data-vocabulary.org/Rating/itemreviewed	1799	0.000018791
http://schema.org/WebPageElement/discussionUrl	1785	0.000018645
http://schema.org/LocalBusiness/phone	1776	0.000018551
http://schema.org/AdministrativeArea/url	1774	0.000018530
http://schema.org/EducationEvent/title	1774	0.000018530
http://schema.org/Product/thumbnailUrl	1772	0.000018509
http://schema.org/JobPosting/experienceRequirements	1764	0.000018426
http://rdf.data-vocabulary.org/type	1762	0.000018405
http://data-vocabulary.org/Product/dtreviewed	1759	0.000018374
http://schema.org/TheaterGroup/description	1759	0.000018374
http://schema.org/TheaterGroup/name	1759	0.000018374
http://schema.org/SportsEvent/location	1755	0.000018332
http://schema.org/Hostel/url	1755	0.000018332
http://schema.org/WebPage/keywords	1753	0.000018311
http://www.schema.org/ImageObject/thumbnailUrl	1753	0.000018311
http://www.schema.org/ImageObject/image	1753	0.000018311
http://schema.org/HardwareStore/telephone	1741	0.000018186
http://www.data-vocabulary.org/Organization/role	1738	0.000018154
http://schema.org/SingleFamilyResidence/description	1733	0.000018102
http://data-vocabulary.org/Product/model	1728	0.000018050
http://schema.org/SportsTeam/name	1727	0.000018039
http://rdf.data-vocabulary.org/title	1711	0.000017872
http://schema.org/MobileSoftwareApplication/image	1706	0.000017820
http://schema.org/TouristAttraction/maps	1701	0.000017768
http://schema.org/SingleFamilyResidence/address	1700	0.000017757
http://www.schema.org/RealEstateAgent/url	1696	0.000017716
http://data-vocabulary.org/?Organization/address	1674	0.000017486
http://schema.org/BedAndBreakfast/geo	1672	0.000017465
http://schema.org/CollectionPage/headline	1665	0.000017392
http://data-vocabulary.org/Offer/offerurl	1655	0.000017287
http://schema.org/EducationalOrganization/name	1648	0.000017214
http://schema.org/Product/Offers	1641	0.000017141
http://schema.org/ApartmentComplex/geo	1640	0.000017131
http://data-vocabulary.org/Review-aggregate/fn	1639	0.000017120
http://schema.org/LocalBusiness/reviewRating	1636	0.000017089
http://schema.org/HardwareStore/url	1634	0.000017068
http://schema.org/Thing/url	1632	0.000017047
http://data-vocabulary.org/Rating/description	1632	0.000017047
http://schema.org/WebPage/address	1630	0.000017026
http://schema.org/ContactPoint/contactType	1630	0.000017026
http://schema.org/SiteNavigationElement/name	1627	0.000016995
http://data-vocabulary.org/Offer/itemCondition	1623	0.000016953
http://data-vocabulary.org/Address/postalCode	1619	0.000016911
http://rdf.data-vocabulary.org/bestRating	1614	0.000016859
http://schema.org/Offer/Price	1609	0.000016807
http://schema.org/Movie/alternativeHeadline	1604	0.000016755
http://schema.org/Store/name	1595	0.000016661
http://schema.org/SportsEvent/name	1594	0.000016650
http://schema.org/PostalAddress/geo	1582	0.000016525
http://schema.org/School/address	1573	0.000016431
http://schema.org/School/addressLocality	1573	0.000016431
http://schema.org/School/addressCountry	1573	0.000016431
http://schema.org/School/streetAddress	1573	0.000016431
http://schema.org/School/postalCode	1573	0.000016431
http://schema.org/Dentist/telephone	1569	0.000016389
http://schema.org/EducationEvent/photo	1566	0.000016358
http://data-vocabulary.org/Offer/category	1562	0.000016316
http://schema.org/Article/summary	1557	0.000016264
http://schema.org/Rating/reviewValue	1556	0.000016253
http://schema.org/Restaurant/reviews	1551	0.000016201
http://schema.org/ItemPage/isPartOf	1545	0.000016138
http://schema.org/BusStop/name	1544	0.000016128
http://schema.org/BusStop/url	1544	0.000016128
http://schema.org/LocalBusiness/PostalAddress	1544	0.000016128
http://schema.org/LocalBusiness/genre	1543	0.000016117
http://schema.org/Hotel/reviewCount	1539	0.000016076
http://schema.org/Dentist/address	1537	0.000016055
http://schema.org/TouristAttraction/telephone	1534	0.000016023
http://schema.org/Event/eventType	1528	0.000015961
http://data-vocabulary.org/Offer-aggregate/offercount	1510	0.000015773
http://schema.org/WebPage/Employees	1507	0.000015741
http://schema.org/LocalBusiness/RealEstateAgent/name	1504	0.000015710
http://schema.org/WebPage/isFamilyFriendly	1503	0.000015700
http://schema.org/SportsTeam/description	1503	0.000015700
http://schema.org/LocalBusiness/RealEstateAgent/description	1503	0.000015700
http://schema.org/SingleFamilyResidence/url	1502	0.000015689
http://schema.org/ArtGallery/url	1501	0.000015679
http://schema.org/Movie/musicBy	1501	0.000015679
http://schema.org/SoftwareApplication/fileName	1492	0.000015585
http://schema.org/JobPosting/educationRequirements	1488	0.000015543
http://rdf.data-vocabulary.org/tel	1486	0.000015522
http://schema.org/Product/reviewRating	1486	0.000015522
http://data-vocabulary.org/Product/geo	1483	0.000015491
http://schema.org/Map/name	1481	0.000015470
http://schema.org/Map/description	1480	0.000015459
http://schema.org/painting/image	1476	0.000015418
http://schema.org/painting/description	1476	0.000015418
http://schema.org/painting/name	1476	0.000015418
http://schema.org/BlogPosting/aggregateRating	1472	0.000015376
http://data-vocabulary.org/Review/title	1471	0.000015365
http://data-vocabulary.org/Offer/mnp	1459	0.000015240
http://schema.org/Residence/interactionCount	1455	0.000015198
http://schema.org/SingleFamilyResidence/contenturl	1454	0.000015188
http://schema.org/SingleFamilyResidence/telephone	1454	0.000015188
http://rdf.data-vocabulary.org/country	1450	0.000015146
http://schema.org/WebPage/logo	1445	0.000015094
http://data-vocabulary.org/Person/image	1438	0.000015021
http://www.schema.org/Movie/awards	1433	0.000014968
http://schema.org/LodgingBusiness/priceRange	1423	0.000014864
http://rdf.data-vocabulary.org/worstRating	1422	0.000014854
http://schema.org/ImageObject/representativeOfPage	1416	0.000014791
http://schema.org/Product/quantity	1413	0.000014759
http://schema.org/ItemPage/breadcrumb	1413	0.000014759
http://schema.org/NewsArticle/thumbnailUrl	1411	0.000014739
http://schema.org/Hotel/currenciesAccepted	1408	0.000014707
http://schema.org/Place/maps	1400	0.000014624
http://www.schema.org/SocialEvent/startDate	1396	0.000014582
http://data-vocabulary.org/Product/offerurl	1391	0.000014530
http://schema.org/LodgingBusiness/containedIn	1384	0.000014457
http://schema.org/Organization/breadcrumb	1377	0.000014383
http://schema.org/JobPosting/qualifications	1375	0.000014363
http://schema.org/Article/contentLocation	1373	0.000014342
http://data-vocabulary.org/Person/jobTitle	1371	0.000014321
http://schema.org/Store/aggregateRating	1369	0.000014300
http://schema.org/AggregateRating/url	1365	0.000014258
http://data-vocabulary.org/Person/worksFor	1364	0.000014248
http://data-vocabulary.org/Person/memberOf	1362	0.000014227
http://schema.org/Product/mainContentOfPage	1360	0.000014206
http://schema.org/AggregateRating/itemReviewed	1357	0.000014175
http://schema.org/Florist/geo	1356	0.000014164
http://schema.org/TVSeries/genre	1356	0.000014164
http://schema.org/Florist/address	1354	0.000014143
http://schema.org/Movie/dateCreated	1350	0.000014101
http://schema.org/AutoDealer/description	1339	0.000013987
http://schema.org/Campground/url	1335	0.000013945
http://www.schema.org/RealEstateAgent/description	1334	0.000013934
http://data-vocabulary.org/Product/offers	1334	0.000013934
http://www.schema.org/RealEstateAgent/address	1334	0.000013934
http://www.schema.org/RealEstateAgent/image	1334	0.000013934
http://schema.org/Place/price	1329	0.000013882
http://schema.org/JobPosting/responsibilities	1322	0.000013809
http://schema.org/WebPage/offers	1317	0.000013757
http://schema.org/Blog/author	1316	0.000013746
http://schema.org/ItemPage/url	1307	0.000013652
http://schema.org/Attorney/name	1303	0.000013610
http://schema.org/Person/interactionCount	1302	0.000013600
http://schema.org/CollegeOrUniversity/telephone	1302	0.000013600
http://schema.org/MusicAlbum/reviews	1301	0.000013590
http://schema.org/PostalAddress/maps	1300	0.000013579
http://schema.org/ItemPage/author	1299	0.000013569
http://schema.org/Attorney/address	1292	0.000013496
http://rdf.data-vocabulary.org/reviews	1290	0.000013475
http://schema.org/Movie/video	1289	0.000013464
http://schema.org/SoftwareApplication/operatingsystems	1286	0.000013433
http://schema.org/SoftwareApplication/softwareapplicationcategory	1285	0.000013422
http://schema.org/LocalBusiness/paymentAccepted	1285	0.000013422
http://schema.org/Campground/aggregateRating	1279	0.000013360
http://schema.org/Residence/photos	1278	0.000013349
http://schema.org/Movie/producer	1274	0.000013308
http://schema.org/VideoObject/keywords	1272	0.000013287
http://schema.org/MusicRecording/genre	1270	0.000013266
http://schema.org/AggregateRating/ratingcount	1255	0.000013109
http://schema.org/Restaurant/image	1253	0.000013088
http://data-vocabulary.org/Review/image	1233	0.000012879
http://schema.org/CollegeOrUniversity/faxNumber	1230	0.000012848
http://www.schema.org/Corporation/name	1229	0.000012838
http://schema.org/AutoDealer/postalCode	1227	0.000012817
http://schema.org/AutoDealer/streetAddress	1227	0.000012817
http://schema.org/AutoDealer/addressLocality	1227	0.000012817
http://schema.org/AutoDealer/addressRegion	1227	0.000012817
http://schema.org/Movie/Actors	1226	0.000012806
http://schema.org/Hospital/name	1225	0.000012796
http://schema.org/Rating/datePublished	1221	0.000012754
http://www.schema.org/Corporation/url	1219	0.000012733
http://schema.org/Recipe/inLanguage	1216	0.000012702
http://schema.org/AutoDealer/telephone/service	1216	0.000012702
http://schema.org/AutoDealer/openingHours	1216	0.000012702
http://schema.org/CreativeWork/InstantMessengerStatus/GaduGaduStatus/description	1212	0.000012660
http://schema.org/CreativeWork/InstantMessengerStatus/GaduGaduStatus/image	1212	0.000012660
http://schema.org/CreativeWork/InstantMessengerStatus/GaduGaduStatus/url	1212	0.000012660
http://schema.org/Person/datePublished	1201	0.000012545
http://schema.org/WebPage/headline	1198	0.000012514
http://schema.org/NewsArticle/contentLocation	1194	0.000012472
http://schema.org/Paperback/offers	1193	0.000012461
http://schema.org/Hostel/description	1189	0.000012420
http://historical-data.org/HistoricalPerson.html/christening	1189	0.000012420
http://data-vocabulary.org/Offer/offerCount	1186	0.000012388
http://schema.org/Person/Name	1184	0.000012367
http://schema.org/BedAndBreakfast/aggregateRating	1183	0.000012357
http://schema.org/EventVenue/url	1183	0.000012357
http://schema.org/NewsArticle/dateline	1182	0.000012347
http://schema.org/Attorney/telephone	1179	0.000012315
http://schema.org/MediaObject/publisher	1176	0.000012284
http://schema.org/WebPage/primaryImageOfPage	1175	0.000012273
http://schema.org/WebPage/isPartOf	1165	0.000012169
http://www.schema.org/Corporation/description	1164	0.000012159
http://schema.org/MediaObject/keywords	1161	0.000012127
http://data-vocabulary.org/Person/startDate	1161	0.000012127
http://schema.org/NewsArticle/isFamilyFriendly	1156	0.000012075
http://schema.org/Campground/reviews	1155	0.000012065
http://schema.org/WPHeader/name	1150	0.000012012
http://data-vocabulary.org/Event/dtreviewed	1145	0.000011960
http://schema.org/Address/addressregion	1141	0.000011918
http://schema.org/Address/postalcode	1141	0.000011918
http://schema.org/Address/addresslocality	1141	0.000011918
http://www.schema.org/Corporation/image	1141	0.000011918
http://schema.org/Address/streetaddress	1141	0.000011918
http://data-vocabulary.org/Product/offerCount	1137	0.000011877
http://schema.org/Blog/copyrightYear	1136	0.000011866
http://schema.org/Blog/copyrightHolder	1136	0.000011866
http://schema.org/aggregaterating/bestrating	1134	0.000011845
http://schema.org/aggregaterating/ratingcount	1134	0.000011845
http://schema.org/aggregaterating/ratingvalue	1134	0.000011845
http://schema.org/aggregaterating/rating	1134	0.000011845
http://schema.org/Restaurant/geo	1120	0.000011699
http://schema.org/NewsArticle/discussionUrl	1110	0.000011595
http://schema.org/AutoDealer/geo	1107	0.000011563
http://schema.org/AutoDealer/map	1105	0.000011542
http://schema.org/HVACBusiness/address	1105	0.000011542
http://schema.org/Review/address	1103	0.000011521
http://schema.org/AggregateRating/interactionCount	1096	0.000011448
http://schema.org/Article/jobTitle	1091	0.000011396
http://schema.org/MotorcycleDealer/address	1088	0.000011365
http://schema.org/MotorcycleDealer/description	1088	0.000011365
http://schema.org/MotorcycleDealer/aggregateRating	1088	0.000011365
http://schema.org/MotorcycleDealer/maps	1088	0.000011365
http://schema.org/MotorcycleDealer/name	1088	0.000011365
http://schema.org/MotorcycleDealer/telephone	1088	0.000011365
http://data-vocabulary.org/Breadcrumb/URL	1082	0.000011302
http://schema.org/JobPosting/salaryCurrency	1077	0.000011250
http://schema.org/Rating/bestrating	1072	0.000011198
http://schema.org/Rating/worstrating	1072	0.000011198
http://data-vocabulary.org/Event/tel	1072	0.000011198
http://schema.org/CollegeOrUniversity/image	1069	0.000011166
http://schema.org/Article/genre	1069	0.000011166
http://schema.org/MusicRecording/datePublished	1067	0.000011145
http://schema.org/Person/nickname	1060	0.000011072
http://schema.org/AggregateRating/count	1058	0.000011051
http://schema.org/JobPosting/incentives	1055	0.000011020
http://data-vocabulary.org/Review-aggregate/offerDetails	1055	0.000011020
http://data-vocabulary.org/Offer-aggregate/name	1055	0.000011020
http://schema.org/CreativeWork/InstantMessengerStatus/GaduGaduStatus/author	1052	0.000010989
http://schema.org/Organization/offers	1046	0.000010926
http://www.schema.org/ImageObject/contentURL	1043	0.000010895
http://schema.org/Article/og:url	1043	0.000010895
http://www.schema.org/ImageObject/name	1043	0.000010895
http://schema.org/Product/ProductID	1043	0.000010895
http://schema.org/CollegeOrUniversity/email	1040	0.000010863
http://schema.org/BedAndBreakfast/email	1040	0.000010863
http://schema.org/TVSeries/director	1037	0.000010832
http://schema.org/VideoObject/contentURL	1033	0.000010790
http://data-vocabulary.org/Offer/url	1032	0.000010780
http://schema.org/Person/deathDate	1032	0.000010780
http://schema.org/ImageGallery/image	1028	0.000010738
http://schema.org/MusicRecording/thumbnail	1028	0.000010738
http://schema.org/EducationEvent/aggregateRating	1025	0.000010707
http://rdf.data-vocabulary.org/reviewsCount	1023	0.000010686
http://schema.org/Corporation/address	1022	0.000010675
http://schema.org/BlogPosting/comment	1022	0.000010675
http://schema.org/TouristAttraction/reviews	1019	0.000010644
http://schema.org/Place/AdministrativeArea/City/name	1015	0.000010602
http://schema.org/Place/AdministrativeArea/City/description	1015	0.000010602
http://www.data-vocabulary.org/Product/image	1013	0.000010581
http://schema.org/JewelryStore/address	1011	0.000010560
http://schema.org/Product/SignificantLinks	1011	0.000010560
http://data-vocabulary.org/Address/country	1009	0.000010540
http://schema.org/Rating/description	1007	0.000010519
http://schema.org/VideoObject/encodingFormat	1006	0.000010508
http://data-vocabulary.org/Review-aggregate/url	1005	0.000010498
http://schema.org/JewelryStore/telephone	1005	0.000010498
http://schema.org/Article/editor	1002	0.000010466
http://schema.org/Person/reviews	1002	0.000010466
http://www.schema.org/WholesaleStore/aggregateRating	1000	0.000010446
http://schema.org/JewelryStore/email	1000	0.000010446
http://www.schema.org/WholesaleStore/name	1000	0.000010446
