http://schema.org/VideoObject/name	10631586	0.3985587297208
http://schema.org/VideoObject/url	10628339	0.3984370056247
http://schema.org/VideoObject/description	10621826	0.3981928451574
http://schema.org/VideoObject/thumbnailUrl	10616181	0.3979812244237
http://schema.org/VideoObject/height	10439383	0.3913533905053
http://schema.org/VideoObject/width	10439382	0.3913533530171
http://schema.org/VideoObject/playerType	10439344	0.3913519284666
http://schema.org/VideoObject/embedURL	10437190	0.3912711789430
http://data-vocabulary.org/Breadcrumb/url	5419842	0.2031799717189
http://data-vocabulary.org/Breadcrumb/title	5370050	0.2013133606347
http://schema.org/Product/name	1339603	0.0502192683208
http://schema.org/Product/image	1035907	0.0388342602909
http://schema.org/Offer/price	849570	0.0318488266952
http://schema.org/Article/name	848405	0.0318051529742
http://schema.org/WebPage/breadcrumb	845825	0.0317084334892
http://schema.org/Product/description	834610	0.0312880036349
http://data-vocabulary.org/Product/name	834301	0.0312764197896
http://schema.org/Product/offers	726281	0.0272269473981
http://data-vocabulary.org/Review-aggregate/rating	717575	0.0269005753685
http://data-vocabulary.org/Product/description	685455	0.0256964552684
http://schema.org/Article/description	667319	0.0250165697722
http://schema.org/PostalAddress/addressLocality	645917	0.0242142479048
http://data-vocabulary.org/Product/image	644333	0.0241548666396
http://schema.org/AggregateRating/ratingValue	643808	0.0241351853490
http://data-vocabulary.org/Review-aggregate/itemreviewed	594585	0.0222899050350
http://data-vocabulary.org/Product/offerDetails	575428	0.0215717441147
http://schema.org/PostalAddress/streetAddress	574240	0.0215272081658
http://schema.org/PostalAddress/postalCode	573066	0.0214831970513
http://schema.org/Organization/name	565734	0.0212083337707
http://data-vocabulary.org/Product/brand	535092	0.0200596211895
http://schema.org/Article/image	491977	0.0184433186330
http://data-vocabulary.org/Rating/best	458836	0.0172009231088
http://data-vocabulary.org/Product/identifier	457174	0.0171386177661
http://data-vocabulary.org/Rating/average	444263	0.0166546079712
http://data-vocabulary.org/Product/category	435442	0.0163239248017
http://schema.org/Offer/priceCurrency	432773	0.0162238688694
http://schema.org/AggregateRating/reviewCount	408275	0.0153054836199
http://schema.org/Person/name	389136	0.0145879974868
http://schema.org/LocalBusiness/name	376733	0.0141230316835
http://data-vocabulary.org/Breadcrumb/child	350675	0.0131461648850
http://schema.org/PostalAddress/addressRegion	341619	0.0128066719950
http://data-vocabulary.org/Review-aggregate/votes	338579	0.0126927079506
http://schema.org/Offer/availability	337743	0.0126613678384
http://schema.org/Product/brand	337726	0.0126607305395
http://schema.org/LocalBusiness/address	323911	0.0121428314367
http://data-vocabulary.org/Review-aggregate/count	298334	0.0111839964491
http://data-vocabulary.org/Organization/name	289376	0.0108481774000
http://data-vocabulary.org/Offer/price	286567	0.0107428731235
http://data-vocabulary.org/Offer/currency	275020	0.0103099971959
http://data-vocabulary.org/Product/currency	267155	0.0100151527193
http://schema.org/Organization/url	255006	0.0095597089118
http://schema.org/Blog/name	254540	0.0095422394235
http://schema.org/AggregateRating/ratingCount	252203	0.0094546295644
http://schema.org/Blog/description	243294	0.0091206474357
http://schema.org/Person/url	240810	0.0090275268153
http://data-vocabulary.org/Product/lowPrice	238124	0.0089268335840
http://data-vocabulary.org/Product/highPrice	237746	0.0089126630548
http://schema.org/AggregateRating/bestRating	230206	0.0086300022343
http://schema.org/LocalBusiness/telephone	229618	0.0086079591889
http://schema.org/Product/aggregateRating	226782	0.0085016427317
http://schema.org/MusicRecording/name	222134	0.0083273977060
http://schema.org/SoftwareApplication/name	219478	0.0082278291199
http://schema.org/MusicRecording/url	209003	0.0078351405132
http://schema.org/Blog/image	208373	0.0078115229645
http://schema.org/Article/author	207616	0.0077831444179
http://schema.org/MusicRecording/duration	207151	0.0077657124177
http://schema.org/Product/model	206008	0.0077228634366
http://schema.org/Person/image	205080	0.0076880744125
http://schema.org/MusicGroup/name	202902	0.0076064251729
http://schema.org/Article/datePublished	185651	0.0069597167094
http://data-vocabulary.org/Organization/address	183800	0.0068903261021
http://data-vocabulary.org/Product/review	183226	0.0068688078911
http://schema.org/CreativeWork/name	181651	0.0068097640195
http://schema.org/Hotel/name	176110	0.0066020420557
http://data-vocabulary.org/Address/street-address	174635	0.0065467470013
http://schema.org/Review/author	172795	0.0064777687640
http://schema.org/Recipe/name	171039	0.0064119395331
http://schema.org/LocalBusiness/description	169723	0.0063626050981
http://schema.org/SoftwareApplication/image	169113	0.0063397373129
http://data-vocabulary.org/Address/locality	166723	0.0062501405806
http://schema.org/MusicRecording/inAlbum	163571	0.0061319778610
http://schema.org/SoftwareApplication/softwareVersion	160264	0.0060080044746
http://schema.org/Recipe/recipeInstructions	155746	0.0058386329113
http://data-vocabulary.org/Review-aggregate/photo	153233	0.0057444251339
http://schema.org/SoftwareApplication/operatingSystems	153224	0.0057440877403
http://schema.org/Product/url	153074	0.0057384645144
http://data-vocabulary.org/Review/itemreviewed	153040	0.0057371899166
http://schema.org/NewsArticle/articleBody	152925	0.0057328787767
http://schema.org/Recipe/ingredients	149509	0.0056048191795
http://schema.org/Review/reviewBody	147872	0.0055434510412
http://schema.org/Book/name	145887	0.0054690370188
http://data-vocabulary.org/Organization/url	145034	0.0054370596077
http://schema.org/MusicGroup/tracks	143986	0.0053977720029
http://schema.org/name	141308	0.0052973786770
http://data-vocabulary.org/Person/name	136281	0.0051089256340
http://schema.org/Book/author	132517	0.0049678201527
http://schema.org/Review/name	131421	0.0049267331157
http://schema.org/SoftwareApplication/url	131158	0.0049168737263
http://schema.org/SoftwareApplication/description	131085	0.0049141370897
http://schema.org/CreativeWork/description	130957	0.0049093386037
http://data-vocabulary.org/Review/rating	129695	0.0048620285300
http://schema.org/Review/reviewRating	127450	0.0047778675828
http://schema.org/Recipe/description	127248	0.0047702949719
http://schema.org/NewsArticle/headline	125353	0.0046992548851
http://schema.org/Movie/name	124829	0.0046796110827
http://schema.org/SoftwareApplication/offers	124585	0.0046704639686
http://data-vocabulary.org/Offer/availability	121707	0.0045625730082
http://schema.org/Book/image	119980	0.0044978309343
http://schema.org/PostalAddress/addressCountry	119368	0.0044748881728
http://schema.org/SoftwareApplication/fileSize	119074	0.0044638666501
http://schema.org/SoftwareApplication/aggregateRating	118672	0.0044487964047
http://schema.org/Organization/address	118130	0.0044284778152
http://schema.org/GeoCoordinates/latitude	117443	0.0044027234408
http://schema.org/Organization/image	117085	0.0043893026750
http://schema.org/GeoCoordinates/longitude	116770	0.0043774939007
http://schema.org/Place/name	116683	0.0043742324297
http://schema.org/SoftwareApplication/author	116302	0.0043599494360
http://schema.org/AggregateRating/worstRating	115443	0.0043277470958
http://schema.org/SoftwareApplication/datePublished	115101	0.0043149261408
http://schema.org/Article/articleBody	114891	0.0043070536246
http://data-vocabulary.org/Address/postal-code	111669	0.0041862667328
http://data-vocabulary.org/Review/reviewer	109449	0.0041030429899
http://schema.org/Book/isbn	107109	0.0040153206663
http://data-vocabulary.org/Address/region	106707	0.0040002504210
http://data-vocabulary.org/Product/availability	105197	0.0039436432805
http://schema.org/description	104520	0.0039182637878
http://data-vocabulary.org/Recipe/name	104476	0.0039166143082
http://schema.org/Review/description	102916	0.0038581327591
http://schema.org/Product/productID	100642	0.0037728846549
http://schema.org/PostalAddress/telephone	99775	0.0037403824093
http://schema.org/Book/inLanguage	99330	0.0037237001726
http://schema.org/MusicGroup/url	98378	0.0036880114324
http://schema.org/WebPage/mainContentOfPage	97318	0.0036482739696
http://schema.org/website/description	96395	0.0036136723864
http://schema.org/website/name	96395	0.0036136723864
http://schema.org/SoftwareApplication/interactionCount	95962	0.0035974400077
http://data-vocabulary.org/Offer/seller	95897	0.0035950032765
http://schema.org/Hotel/image	95742	0.0035891926097
http://schema.org/Hotel/aggregateRating	95511	0.0035805328419
http://schema.org/Hotel/address	94309	0.0035354720586
http://data-vocabulary.org/Organization/tel	92924	0.0034835509397
http://schema.org/Person/address	92493	0.0034673935373
http://data-vocabulary.org/Offer/condition	91148	0.0034169719454
http://schema.org/website/image	90458	0.0033911051063
http://schema.org/MusicAlbum/name	89919	0.0033708989814
http://schema.org/Product/leechers	88898	0.0033326235573
http://schema.org/Product/seeders	88898	0.0033326235573
http://schema.org/CreativeWork/image	88587	0.0033209647356
http://schema.org/MusicGroup/image	88356	0.0033123049678
http://www.data-vocabulary.org/Product/photo	88204	0.0033066067656
http://data-vocabulary.org/Review/dtreviewed	87914	0.0032957351955
http://schema.org/Book/publisher	87862	0.0032937858106
http://schema.org/MusicAlbum/image	86886	0.0032571973542
http://schema.org/Rating/ratingValue	85954	0.0032222583775
http://data-vocabulary.org/Review/description	84658	0.0031736737059
http://data-vocabulary.org/Recipe/author	83301	0.0031228022559
http://schema.org/AggregateOffer/lowPrice	82445	0.0030907123802
http://schema.org/Event/name	82282	0.0030846018081
http://schema.org/Organization/description	81764	0.0030651829348
http://schema.org/LocalBusiness/url	80329	0.0030113874073
http://schema.org/CreativeWork/author	79835	0.0029928682501
http://data-vocabulary.org/Event/summary	79652	0.0029860079145
http://schema.org/MusicRecording/playCount	79337	0.0029741991402
http://schema.org/LocalBusiness/faxNumber	78158	0.0029300005848
http://schema.org/Movie/description	77953	0.0029223155095
http://data-vocabulary.org/Organization/locality	77839	0.0029180418578
http://www.data-vocabulary.org/Product/name	77679	0.0029120437502
http://www.data-vocabulary.org/Product/description	77531	0.0029064955007
http://schema.org/Movie/image	77279	0.0028970484812
http://www.data-vocabulary.org/Product/currency	77146	0.0028920625543
http://schema.org/Review/publishDate	76970	0.0028854646359
http://www.data-vocabulary.org/Product/identifier	76648	0.0028733934444
http://www.data-vocabulary.org/Product/category	76339	0.0028618095991
http://www.data-vocabulary.org/Product/url	76244	0.0028582482227
http://schema.org/Organization/foundingDate	75236	0.0028204601448
http://schema.org/MusicGroup/playCount	74676	0.0027994667682
http://schema.org/SoftwareApplication/SoftwareApplicationSubCategory	74268	0.0027841715939
http://schema.org/MusicAlbum/url	73802	0.0027667021055
http://schema.org/Hotel/telephone	73634	0.0027604040925
http://schema.org/Book/reviews	73367	0.0027503947505
http://schema.org/Place/address	72949	0.0027347246944
http://schema.org/WebPage/name	72181	0.0027059337779
http://schema.org/Person/jobTitle	71595	0.0026839657088
http://schema.org/CreativeWork/url	69181	0.0025934692604
http://schema.org/MusicGroup/keywords	68886	0.0025824102496
http://schema.org/Book/aggregateRating	67933	0.0025466840212
http://schema.org/Event/location	67513	0.0025309389887
http://data-vocabulary.org/Person/title	66932	0.0025091583605
http://schema.org/Book/offers	66251	0.0024836289151
http://schema.org/ItemList/name	66021	0.0024750066354
http://schema.org/NewsArticle/url	65706	0.0024631978611
http://schema.org/MusicGroup/interactionCount	65651	0.0024611360116
http://schema.org/Recipe/image	65641	0.0024607611299
http://schema.org/LocalBusiness/image	63590	0.0023838728881
http://data-vocabulary.org/Offer-aggregate/lowPrice	62679	0.0023497211630
http://schema.org/NewsArticle/publisher	62398	0.0023391869865
http://schema.org/VideoObject/duration	62157	0.0023301523369
http://schema.org/NewsArticle/datePublished	62099	0.0023279780229
http://data-vocabulary.org/Offer-aggregate/currency	61766	0.0023154944615
http://schema.org/ItemList/itemListElement	61049	0.0022886154418
http://schema.org/MusicGroup/description	60883	0.0022823924052
http://schema.org/Product/manufacturer	60661	0.0022740700309
http://schema.org/Offer/itemOffered	59381	0.0022260851701
http://data-vocabulary.org/aggregateRating/ratingValue	59368	0.0022255978239
http://data-vocabulary.org/Book/aggregateRating	59368	0.0022255978239
http://data-vocabulary.org/Book/isbn	59368	0.0022255978239
http://data-vocabulary.org/aggregateRating/ratingCount	59368	0.0022255978239
http://data-vocabulary.org/Book/reviewRating	59368	0.0022255978239
http://data-vocabulary.org/Book/name	59367	0.0022255603357
http://data-vocabulary.org/Book/bookFormat	59366	0.0022255228475
http://data-vocabulary.org/Book/genre	59350	0.0022249230368
http://schema.org/Event/startDate	58626	0.0021977815999
http://schema.org/Book/url	58296	0.0021854105030
http://data-vocabulary.org/Book/publisher	58269	0.0021843983223
http://data-vocabulary.org/Review/summary	57893	0.0021703027695
http://schema.org/Book/numPages	57839	0.0021682784082
http://data-vocabulary.org/Event/startDate	57376	0.0021509213843
http://schema.org/Article/interactionCount	57069	0.0021394125154
http://schema.org/MusicRecording/audio	56892	0.0021327771088
http://schema.org/Book/bookFormat	56835	0.0021306402830
http://schema.org/SoftwareApplication/softwareApplicationCategory	56773	0.0021283160163
http://schema.org/aggregaterating/bestRating	56590	0.0021214556807
http://schema.org/MusicAlbum/genre	55713	0.0020885785535
http://schema.org/NewsArticle/dateModified	55638	0.0020857669405
http://schema.org/aggregaterating/ratingValue	55493	0.0020803311555
http://schema.org/Rating/bestRating	55477	0.0020797313448
http://schema.org/aggregaterating/ratingCount	55455	0.0020789066050
http://schema.org/aggregaterating/worstRating	55026	0.0020628241790
http://schema.org/Book/ratingValue	54906	0.0020583255983
http://schema.org/Offer/url	54868	0.0020569010477
http://schema.org/Book/reviewCount	54808	0.0020546517574
http://schema.org/NewsArticle/author	54387	0.0020388692368
http://data-vocabulary.org/Rating/rating	54073	0.0020270979506
http://www.data-vocabulary.org/Product/brand	54052	0.0020263106990
http://data-vocabulary.org/Organization/region	53830	0.0020179883247
http://schema.org/WebPage/description	53767	0.0020156265698
http://data-vocabulary.org/Event/url	53729	0.0020142020193
http://www.schema.org/MusicGroup/name	53284	0.0019975197825
http://data-vocabulary.org/Offer-aggregate/highPrice	52897	0.0019830118598
http://schema.org/Article/url	52779	0.0019785882554
http://schema.org/Recipe/recipeYield	52654	0.0019739022338
http://data-vocabulary.org/Book/image	52525	0.0019690662596
http://schema.org/MusicAlbum/releaseDate	52280	0.0019598816573
http://schema.org/NewsArticle/copyrightHolder	52194	0.0019566576745
http://schema.org/NewsArticle/provider	52192	0.0019565826982
http://schema.org/CreativeWork/interactionCount	51900	0.0019456361518
http://schema.org/Product/reviews	51894	0.0019454112228
http://schema.org/ItemList/url	51827	0.0019428995152
http://rdf.data-vocabulary.org/regionsAllowed	51817	0.0019425246335
http://data-vocabulary.org/Recipe/photo	51664	0.0019367889431
http://data-vocabulary.org/Person/affiliation	51147	0.0019174075579
http://schema.org/Movie/director	50875	0.0019072107750
http://data-vocabulary.org/Review-aggregate/best	50714	0.0019011751792
http://schema.org/CreativeWork/datePublished	50639	0.0018983635663
http://data-vocabulary.org/Rating/worst	50225	0.0018828434629
http://data-vocabulary.org/Book/description	50052	0.0018763580090
http://schema.org/Event/url	50018	0.0018750834112
http://schema.org/Book/publishDate	49959	0.0018728716090
http://data-vocabulary.org/Event/location	49920	0.0018714095703
http://rdf.data-vocabulary.org/acquireURL	49875	0.0018697226025
http://schema.org/AggregateOffer/offerCount	49867	0.0018694226971
http://schema.org/ItemList/offers	49818	0.0018675857767
http://schema.org/NewsArticle/name	49704	0.0018633121250
http://schema.org/AggregateOffer/priceCurrency	49629	0.0018605005121
http://schema.org/Review/datePublished	49624	0.0018603130712
http://schema.org/Movie/actors	48550	0.0018200507740
http://schema.org/Product/URL	47593	0.0017841745929
http://data-vocabulary.org/Book/numPages	47485	0.0017801258703
http://data-vocabulary.org/Recipe/instructions	47383	0.0017763020767
http://schema.org/Person/telephone	47340	0.0017746900853
http://schema.org/Rating/worstRating	47076	0.0017647932077
http://data-vocabulary.org/Rating/value	47041	0.0017634811217
http://schema.org/Offer/bookFormat	46260	0.0017342028590
http://schema.org/Recipe/author	46179	0.0017311663170
http://schema.org/Person/description	46020	0.0017252056976
http://schema.org/SoftwareApplication/reviews	45784	0.0017163584889
http://schema.org/Offer/itemCondition	45621	0.0017102479168
http://rdf.data-vocabulary.org/step	45586	0.0017089358307
http://schema.org/CreativeWork/aggregateRating	45222	0.0016952901360
http://data-vocabulary.org/Event/description	45084	0.0016901167682
http://schema.org/MusicAlbum/numTracks	44291	0.0016603886474
http://schema.org/Article/headline	44071	0.0016521412494
http://data-vocabulary.org/Person/role	44037	0.0016508666516
http://schema.org/AggregateOffer/highPrice	43799	0.0016419444665
http://www.data-vocabulary.org/Review/itemreviewed	43511	0.0016311478728
http://schema.org/WebPage/image	43408	0.0016272865911
http://www.schema.org/NewsArticle/headline	43228	0.0016205387200
http://www.schema.org/NewsArticle/articleBody	43224	0.0016203887673
http://www.schema.org/NewsArticle/description	43149	0.0016175771544
http://schema.org/Recipe/aggregateRating	42167	0.0015807637690
http://schema.org/Recipe/interactionCount	41985	0.0015739409216
http://schema.org/Person/memberOf	41648	0.0015613074075
http://schema.org/NewsArticle/sourceOrganization	41634	0.0015607825731
http://data-vocabulary.org/Organization/org	41350	0.0015501359321
http://data-vocabulary.org/Rating/count	40765	0.0015282053512
http://schema.org/SoftwareApplication/SoftwareApplicationCategory	40515	0.0015188333081
http://schema.org/Recipe/datePublished	40491	0.0015179335920
http://schema.org/LocalBusiness/aggregateRating	40031	0.0015006890326
http://data-vocabulary.org/Product/price	39555	0.0014828446625
http://schema.org/Book/numberOfPages	39316	0.0014738849893
http://schema.org/Product/price	39131	0.0014669496774
http://data-vocabulary.org/Recipe/yield	38997	0.0014619262623
http://www.schema.org/Movie/name	38874	0.0014573152170
http://schema.org/Recipe/recipeCategory	38725	0.0014517294793
http://schema.org/City/name	38608	0.0014473433632
http://data-vocabulary.org/Event/eventType	38144	0.0014299488511
http://data-vocabulary.org/Rating/votes	37667	0.0014120669929
http://schema.org/count	37646	0.0014112797412
http://schema.org/Hotel/url	37576	0.0014086555692
http://schema.org/Article/keywords	37493	0.0014055440509
http://data-vocabulary.org/Product/rating	37442	0.0014036321541
http://rdf.data-vocabulary.org/itemreviewed	37257	0.0013966968421
http://schema.org/MusicAlbum/tracks	37170	0.0013934353711
http://schema.org/image	36763	0.0013781776849
http://schema.org/CreativeWork/headline	36618	0.0013727418999
http://schema.org/Event/description	36463	0.0013669312332
http://schema.org/Movie/genre	36269	0.0013596585277
http://data-vocabulary.org/Offer-aggregate/offerCount	35744	0.0013399772372
http://data-vocabulary.org/Product/offerdetails	35563	0.0013331918780
http://schema.org/Review/url	35309	0.0013236698822
http://schema.org/Organization/telephone	35305	0.0013235199295
http://schema.org/LodgingBusiness/name	35085	0.0013152725315
http://www.data-vocabulary.org/Review/rating	35053	0.0013140729100
http://schema.org/MusicAlbum/byArtist	34741	0.0013023766002
http://schema.org/Recipe/recipeCuisine	34626	0.0012980654603
http://www.schema.org/Movie/director	34313	0.0012863316624
http://www.schema.org/Movie/actors	34007	0.0012748602816
http://rdf.data-vocabulary.org/publish-date	33881	0.0012701367718
http://schema.org/JobPosting/title	33730	0.0012644760578
http://schema.org/TVEpisode/name	33688	0.0012629015546
http://data-vocabulary.org/Review-aggregate/description	33459	0.0012543167631
http://www.schema.org/Movie/genre	33456	0.0012542042985
http://www.schema.org/Movie/image	32929	0.0012344480316
http://schema.org/Book/bookFormatType	32890	0.0012329859929
http://www.schema.org/Movie/description	32879	0.0012325736230
http://data-vocabulary.org/Review-aggregate/name	32876	0.0012324611585
http://schema.org/CreativeWork/about	32756	0.0012279625778
http://schema.org/JobPosting/jobLocation	32487	0.0012178782594
http://www.schema.org/Movie/aggregateRating	32480	0.0012176158422
http://data-vocabulary.org/Recipe/review	32342	0.0012124424744
http://schema.org/JobPosting/description	31541	0.0011824144482
http://schema.org/ApartmentComplex/name	31466	0.0011796028353
http://data-vocabulary.org/Recipe/published	31323	0.0011742420266
http://schema.org/MusicRecording/byArtist	31058	0.0011643076609
http://data-vocabulary.org/Recipe/summary	30872	0.0011573348609
http://data-vocabulary.org/Offer/description	30759	0.0011530986974
http://data-vocabulary.org/Recipe/ingredient	30720	0.0011516366586
http://www.schema.org/Person/name	30499	0.0011433517725
http://data-vocabulary.org/Book/reviews	30421	0.0011404276951
http://schema.org/Review/image	30122	0.0011292187315
http://www.schema.org/Person/description	30098	0.0011283190154
http://schema.org/postalAddress/addressRegion	29619	0.0011103621807
http://schema.org/postalAddress/addressLocality	29619	0.0011103621807
http://schema.org/postalAddress/description	29616	0.0011102497162
http://schema.org/postalAddress/name	29616	0.0011102497162
http://schema.org/MusicGroup/genre	29418	0.0011028270581
http://schema.org/postalAddress/postalCode	29300	0.0010984034537
http://schema.org/SiteNavigationElement/url	29265	0.0010970913677
http://schema.org/Movie/aggregateRating	29127	0.0010919179999
http://schema.org/MusicGroup/album	28896	0.0010832582320
http://schema.org/Restaurant/address	28776	0.0010787596513
http://schema.org/NewsArticle/video	28752	0.0010778599352
http://data-vocabulary.org/Recipe/recipeType	28666	0.0010746359524
http://data-vocabulary.org/Event/photo	28539	0.0010698749545
http://schema.org/TVSeries/url	28461	0.0010669508770
http://schema.org/TVEpisode/image	28316	0.0010615150920
http://schema.org/TVEpisode/description	28256	0.0010592658016
http://schema.org/Corporation/name	28229	0.0010582536210
http://schema.org/TVEpisode/aggregateRating	28138	0.0010548421973
http://schema.org/TVEpisode/partOfTVSeries	28056	0.0010517681671
http://schema.org/TVEpisode/partOfSeason	27838	0.0010435957455
http://schema.org/WebPage/url	27631	0.0010358356938
http://schema.org/Restaurant/servesCuisine	27390	0.0010268010443
http://schema.org/LocalBusiness/geo	27375	0.0010262387217
http://www.schema.org/MusicGroup/url	27358	0.0010256014228
http://schema.org/Recipe/cookingMethod	27249	0.0010215152120
http://data-vocabulary.org/Address/country-name	27187	0.0010191909453
http://schema.org/Offer/description	27152	0.0010178788592
http://www.data-vocabulary.org/Product/price	26862	0.0010070072892
http://schema.org/Event/offers	26129	0.0009795284588
http://data-vocabulary.org/RecipeIngredient/name	25829	0.0009682820070
http://data-vocabulary.org/Product/count	25786	0.0009666700156
http://data-vocabulary.org/RecipeIngredient/amount	25553	0.0009579352714
http://schema.org/Restaurant/priceRange	25533	0.0009571855080
http://schema.org/Article/articleSection	25226	0.0009456766390
http://data-vocabulary.org/Review-aggregate/worst	25129	0.0009420402863
http://data-vocabulary.org/Offer/name	25090	0.0009405782476
http://schema.org/Restaurant/openingHours	24919	0.0009341677701
http://schema.org/JobPosting/hiringOrganization	24494	0.0009182352968
http://data-vocabulary.org/Product/mpn	24393	0.0009144489913
http://schema.org/NewsArticle/description	24103	0.0009035774213
http://schema.org/MusicRecording/interactionCount	24096	0.0009033150041
http://schema.org/Article/publisher	23683	0.0008878323889
http://www.schema.org/Movie/datePublished	23491	0.0008806346598
http://schema.org/MusicAlbum/artist	23385	0.0008766609135
http://schema.org/TVEpisode/datePublished	23054	0.0008642523284
http://schema.org/Hotel/description	22601	0.0008472701863
http://schema.org/Movie/reviews	22517	0.0008441211798
http://data-vocabulary.org/Organization/street-address	22456	0.0008418344012
http://schema.org/Corporation/url	22425	0.0008406722679
http://schema.org/NewsArticle/image	22134	0.0008297632097
http://schema.org/Place/geo	21838	0.0008186667107
http://schema.org/City/containedIn	21754	0.0008155177042
http://schema.org/SearchResultsPage/breadcrumb	21721	0.0008142805945
http://schema.org/Corporation/telephone	21555	0.0008080575578
http://schema.org/JobPosting/datePosted	21552	0.0008079450933
http://schema.org/SearchResultsPage/name	21363	0.0008008598287
http://www.schema.org/Movie/contentRating	21341	0.0008000350889
http://schema.org/Organization/email	21126	0.0007919751318
http://schema.org/SearchResultsPage/url	21084	0.0007904006286
http://schema.org/Hotel/geo	21074	0.0007900257469
http://schema.org/SearchResultsPage/description	21041	0.0007887886372
http://schema.org/Corporation/email	20833	0.0007809910973
http://schema.org/Offer/aggregateRating	20681	0.0007752928951
http://schema.org/BlogPosting/name	20547	0.0007702694800
http://data-vocabulary.org/Offer/identifier	20431	0.0007659208520
http://schema.org/WebPage/SignificantLinks	20416	0.0007653585294
http://schema.org/WebPage/thumbnailURL	20410	0.0007651336003
http://data-vocabulary.org/Address/tel	20304	0.0007611598541
http://www.schema.org/Person/image	20292	0.0007607099960
http://schema.org/SoftwareApplication/filesize	19944	0.0007476641120
http://schema.org/Book/datePublished	19787	0.0007417784689
http://schema.org/MusicRecording/keywords	19555	0.0007330812129
http://schema.org/Book/keywords	19431	0.0007284326795
http://schema.org/Person/awards	19406	0.0007274954752
http://schema.org/SearchResultsPage/mainContentOfPage	19281	0.0007228094536
http://schema.org/SearchResultsPage/inLanguage	19280	0.0007227719654
http://schema.org/SearchResultsPage/author	19280	0.0007227719654
http://schema.org/SearchResultsPage/datePublished	19280	0.0007227719654
http://schema.org/SearchResultsPage/about	19266	0.0007222471310
http://schema.org/WebPage/aggregateRating	19189	0.0007193605417
http://data-vocabulary.org/Geo/latitude	19068	0.0007148244729
http://data-vocabulary.org/Geo/longitude	19068	0.0007148244729
http://schema.org/TVSeries/name	18998	0.0007122003008
http://webmaster.yandex.ru/vocabularies/enc-article.xml/content	18896	0.0007083765072
http://webmaster.yandex.ru/vocabularies/enc-article.xml/title	18886	0.0007080016255
http://schema.org/Recipe/prepTime	18681	0.0007003165501
http://schema.org/TVSeries/description	18329	0.0006871207134
http://schema.org/Event/image	18306	0.0006862584854
http://schema.org/TVSeries/image	18269	0.0006848714231
http://data-vocabulary.org/Person/address	18129	0.0006796230789
http://schema.org/Review/itemreviewed	17977	0.0006739248767
http://schema.org/AggregateRating	17946	0.0006727627434
http://schema.org/WPAdBlock/url	17913	0.0006715256337
http://data-vocabulary.org/Product/offerURL	17844	0.0006689389498
http://rdf.data-vocabulary.org/ratingValue	17633	0.0006610289454
http://schema.org/Offer/seller	17568	0.0006585922142
http://schema.org/NewsArticle/articleSection	17287	0.0006480580377
http://webmaster.yandex.ru/vocabularies/enc-article.xml/source-date	17259	0.0006470083689
http://webmaster.yandex.ru/vocabularies/enc-article.xml/source	17252	0.0006467459517
http://data-vocabulary.org/Person/url	17098	0.0006409727731
http://schema.org/PostalAddress/faxNumber	17069	0.0006398856161
http://data-vocabulary.org/Person/photo	17027	0.0006383111128
http://rdf.data-vocabulary.org/name	16773	0.0006287891170
http://www.schema.org/Movie/productionCompany	16736	0.0006274020547
http://schema.org/Movie/trailer	16482	0.0006178800588
http://schema.org/postalAddress/streetAddress	16274	0.0006100825190
http://schema.org/Review/aggregateRating	16204	0.0006074583469
http://schema.org/MusicAlbum/datePublished	16204	0.0006074583469
http://schema.org/JobPosting/url	16198	0.0006072334179
http://schema.org/ImageObject/contentURL	16048	0.0006016101920
http://schema.org/Organization/faxNumber	15946	0.0005977863984
http://schema.org/SoftwareApplication/downloadURL	15943	0.0005976739339
http://schema.org/ItemPage/name	15905	0.0005962493833
http://schema.org/Place/image	15888	0.0005956120844
http://schema.org/BlogPosting/articleBody	15717	0.0005892016069
http://schema.org/Person/birthDate	15628	0.0005858651595
http://www.schema.org/MusicAlbum/name	15198	0.0005697452454
http://www.data-vocabulary.org/Review/reviewer	15173	0.0005688080411
http://www.data-vocabulary.org/Review/description	15169	0.0005686580884
http://www.schema.org/MusicAlbum/url	15156	0.0005681707421
http://schema.org/AggregateRating/description	14787	0.0005543376065
http://schema.org/Thing/name	14610	0.0005477022000
http://schema.org/ImageObject/url	14466	0.0005423039031
http://schema.org/SoftwareApplication/softwareversion	14429	0.0005409168407
http://schema.org/Event/endDate	14225	0.0005332692536
http://data-vocabulary.org/Offer/priceValidUntil	14174	0.0005313573568
http://schema.org/MediaObject/name	14025	0.0005257716191
http://schema.org/PostalAddress/name	14006	0.0005250593438
http://data-vocabulary.org/Review-aggregate/duration	13967	0.0005235973051
http://data-vocabulary.org/Review-aggregate/startDate	13967	0.0005235973051
http://schema.org/WPFooter/url	13737	0.0005149750254
http://rdf.data-vocabulary.org/reviewCount	13690	0.0005132130813
http://schema.org/ImageObject/headline	13652	0.0005117885307
http://schema.org/BlogPosting/headline	13639	0.0005113011845
http://www.schema.org/MusicAlbum/byArtist	13390	0.0005019666295
http://schema.org/Article/pubdate	13308	0.0004988925994
http://schema.org/ImageObject/thumbnailUrl	13287	0.0004981053478
http://www.schema.org/MusicAlbum/offers	13285	0.0004980303714
http://schema.org/WebPage/significantLinks	13263	0.0004972056316
http://data-vocabulary.org/Organization/photo	13115	0.0004916573821
http://schema.org/ImageObject/name	13076	0.0004901953434
http://schema.org/Book/genre	12991	0.0004870088487
http://www.schema.org/MusicAlbum/image	12904	0.0004837473777
http://schema.org/City/reviews	12718	0.0004767745776
http://schema.org/MediaObject/contentSize	12717	0.0004767370894
http://www.data-vocabulary.org/Review-aggregate/rating	12670	0.0004749751453
http://www.data-vocabulary.org/Review-aggregate/count	12613	0.0004728383195
http://schema.org/CreativeWork/thumbnailUrl	12577	0.0004714887453
http://schema.org/Book/description	12548	0.0004704015883
http://schema.org/ApartmentComplex/address	12546	0.0004703266120
http://data-vocabulary.org/Review/best	12531	0.0004697642894
http://schema.org/Person/gender	12522	0.0004694268958
http://www.data-vocabulary.org/Product/review	12383	0.0004642160398
http://www.data-vocabulary.org/Product/itemreviewed	12364	0.0004635037646
http://schema.org/Product/availability	12297	0.0004609920570
http://schema.org/PostalAddress/email	12291	0.0004607671280
http://schema.org/JobPosting/employmentType	12241	0.0004588927193
http://schema.org/Place/url	11967	0.0004486209601
http://data-vocabulary.org/Product/photo	11965	0.0004485459837
http://schema.org/Movie/duration	11913	0.0004465965988
http://data-vocabulary.org/Offer/itemOffered	11895	0.0004459218117
http://schema.org/TouristAttraction/name	11623	0.0004357250288
http://data-vocabulary.org/Product/url	11554	0.0004331383449
http://historical-data.org/HistoricalPerson.html/name	11552	0.0004330633685
http://historical-data.org/HistoricalPerson.html/url	11552	0.0004330633685
http://schema.org/NewsArticle/keywords	11545	0.0004328009513
http://historical-data.org/HistoricalPerson.html/gender	11529	0.0004322011405
http://schema.org/Movie/contentRating	11364	0.0004260155921
http://schema.org/People/name	11318	0.0004242911361
http://schema.org/WebPage/datePublished	11311	0.0004240287189
http://schema.org/Itempage/url	10968	0.0004111702758
http://schema.org/Itempage/breadcrumb	10968	0.0004111702758
http://schema.org/Article/inLanguage	10967	0.0004111327876
http://schema.org/Thing/image	10964	0.0004110203231
http://data-vocabulary.org/Organization/geo	10951	0.0004105329768
http://rdf.data-vocabulary.org/streetAddress	10914	0.0004091459145
http://rdf.data-vocabulary.org/addressLocality	10914	0.0004091459145
http://rdf.data-vocabulary.org/postalCode	10913	0.0004091084263
http://data-vocabulary.org/Review-aggregate/average	10885	0.0004080587575
http://schema.org/AggregateRating/name	10829	0.0004059594198
http://rdf.data-vocabulary.org/addressRegion	10820	0.0004056220263
http://www.schema.org/Movie/duration	10685	0.0004005611230
http://schema.org/Review/bestRating	10680	0.0004003736821
http://schema.org/NewsArticle/inLanguage	10648	0.0003991740606
http://schema.org/Residence/description	10639	0.0003988366670
http://rdf.data-vocabulary.org/geo	10629	0.0003984617853
http://schema.org/Movie/url	10616	0.0003979744391
http://schema.org/JobPosting/specialCommitments	10591	0.0003970372348
http://data-vocabulary.org/Review-aggregate/value	10583	0.0003967373294
http://schema.org/ItemPage/mainContentOfPage	10529	0.0003947129681
http://data-vocabulary.org/Recipe/cookTime	10526	0.0003946005035
http://mnobeta.no/News/teaserTitle	10480	0.0003928760476
http://data-vocabulary.org/Review-aggregate/pricerange	10455	0.0003919388433
http://historical-data.org/HistoricalPerson.html/birth	10436	0.0003912265680
http://schema.org/Book/OCLC	10376	0.0003889772777
http://www.leftlanenews.com/Breadcrumb/title	10293	0.0003858657594
http://www.leftlanenews.com/Breadcrumb/url	10293	0.0003858657594
http://data-vocabulary.org/Event/endDate	10287	0.0003856408303
http://schema.org/Product/ratingValue	10264	0.0003847786024
http://schema.org/BlogPosting/datePublished	10141	0.0003801675571
http://schema.org/Thing/description	9978	0.0003740569850
http://schema.org/AggregatedOffer/lowPrice	9847	0.0003691460344
http://schema.org/AggregatedOffer/url	9847	0.0003691460344
http://data-vocabulary.org/Address/geo	9844	0.0003690335699
http://data-vocabulary.org/Recipe/nutrition	9690	0.0003632603913
http://schema.org/SoftwareApplication/inLanguage	9678	0.0003628105333
http://schema.org/Book/birthDate	9496	0.0003559876859
http://schema.org/Residence/address	9446	0.0003541132773
http://schema.org/Review/worstRating	9282	0.0003479652170
http://schema.org/CreativeWork/editor	9183	0.0003442538879
http://schema.org/Movie/datePublished	9164	0.0003435416126
http://schema.org/Article/dateModified	9147	0.0003429043137
http://schema.org/ImageObject/height	9143	0.0003427543610
http://schema.org/ImageObject/width	9142	0.0003427168728
http://schema.org/WebPage/dateModified	9132	0.0003423419911
http://schema.org/ItemPage/isFamilyFriendly	8916	0.0003342445458
http://historical-data.org/HistoricalPerson.html/death	8903	0.0003337571996
http://webmaster.yandex.ru/vocabularies/term-def.xml/term	8890	0.0003332698534
http://schema.org/LocalBusiness/title	8887	0.0003331573888
http://data-vocabulary.org/Breadcrumb/name	8872	0.0003325950663
http://webmaster.yandex.ru/vocabularies/term-def.xml/definition	8862	0.0003322201845
http://schema.org/LocalBusiness/email	8807	0.0003301583350
http://data-vocabulary.org/Product/best	8789	0.0003294835479
http://schema.org/AudioObject/contentURL	8743	0.0003277590920
http://schema.org/AudioObject/name	8711	0.0003265594705
http://schema.org/Organization/geo	8701	0.0003261845888
http://historical-data.org/HistoricalPerson.html/parents	8686	0.0003256222662
http://schema.org/AudioObject/encodingFormat	8680	0.0003253973371
http://data-vocabulary.org/Recipe/prepTime	8605	0.0003225857242
http://schema.org/ImageObject/encodingFormat	8543	0.0003202614575
http://schema.org/NewsArticle/interactionCount	8508	0.0003189493715
http://schema.org/Offer/name	8449	0.0003167375693
http://schema.org/VideoObject/thumbnail	8412	0.0003153505069
http://schema.org/Recipe/cookTime	8407	0.0003151630661
http://schema.org/EventVenue/name	8346	0.0003128762875
http://schema.org/ImageObject/copyrightHolder	8272	0.0003101021628
http://schema.org/Residence/image	8232	0.0003086026359
http://schema.org/JobPosting/baseSalary	8196	0.0003072530617
http://schema.org/Place/description	8195	0.0003072155735
http://schema.org/Breadcrumb/title	8189	0.0003069906445
http://schema.org/Breadcrumb/url	8189	0.0003069906445
http://schema.org/Product/identifier	8188	0.0003069531563
http://schema.org/LocalBusiness/addressLocality	8186	0.0003068781799
http://schema.org/Recipe/totalTime	8144	0.0003053036767
http://schema.org/BlogPosting/author	8095	0.0003034667562
http://schema.org/AudioObject/description	8046	0.0003016298358
http://schema.org/Restaurant/name	8039	0.0003013674186
http://schema.org/AudioObject/contentSize	8023	0.0003007676078
http://schema.org/Review/ratingValue	7973	0.0002988931992
http://schema.org/ImageObject/contentSize	7973	0.0002988931992
http://data-vocabulary.org/Rating/summary	7969	0.0002987432465
http://schema.org/LodgingBusiness/description	7924	0.0002970562787
http://schema.org/ItemPage/significantLinks	7921	0.0002969438142
http://schema.org/SoftwareApplication/versionChanges	7876	0.0002952568465
http://schema.org/Hotel/reviews	7776	0.0002915080292
http://schema.org/Hotel/faxNumber	7737	0.0002900459905
http://schema.org/ImageObject/provider	7675	0.0002877217238
http://schema.org/ImageObject/publisher	7675	0.0002877217238
http://schema.org/ImageObject/dateModified	7675	0.0002877217238
http://schema.org/ImageObject/encodings	7641	0.0002864471259
http://schema.org/Residence/url	7607	0.0002851725281
http://schema.org/url	7584	0.0002843103001
http://schema.org/LocalBusiness/reviews	7552	0.0002831106786
http://data-vocabulary.org/Organization/description	7527	0.0002821734743
http://schema.org/Offer/currency	7480	0.0002804115302
http://schema.org/Article/copyrightHolder	7476	0.0002802615775
http://data-vocabulary.org/Event/category	7473	0.0002801491130
http://rdf.data-vocabulary.org/image	7458	0.0002795867904
http://schema.org/City/url	7357	0.0002758004849
http://schema.org/TouristAttraction/image	7356	0.0002757629968
http://schema.org/LodgingBusiness/address	7355	0.0002757255086
http://data-vocabulary.org/Review-aggregate/reviewer	7350	0.0002755380677
http://purl.org/dc/terms/source	7328	0.0002747133279
http://schema.org/WebPage/discussionUrl	7264	0.0002723140849
http://schema.org/MediaObject/contentURL	7200	0.0002699148419
http://schema.org/ImageObject/image	7181	0.0002692025666
http://schema.org/MobileSoftwareApplication/name	7180	0.0002691650784
http://schema.org/Organization/streetAddress	7169	0.0002687527085
http://schema.org/Photograph/image	7145	0.0002678529924
http://schema.org/MusicRecording/image	7128	0.0002672156934
http://schema.org/LocalBusiness/addressRegion	7106	0.0002663909537
http://schema.org/City/geo	7102	0.0002662410010
http://schema.org/ApartmentComplex/telephone	7082	0.0002654912375
http://schema.org/ImageObject/associatedMedia	7079	0.0002653787730
http://schema.org/Recipe/nutrition	7018	0.0002630919945
http://schema.org/MediaObject/author	7005	0.0002626046482
http://schema.org/Restaurant/telephone	7004	0.0002625671601
http://schema.org/Geo/longitude	6967	0.0002611800977
http://schema.org/Organization/addressLocality	6967	0.0002611800977
http://schema.org/Geo/latitude	6967	0.0002611800977
http://schema.org/NutritionInformation/calories	6946	0.0002603928461
http://schema.org/MediaObject/datePublished	6940	0.0002601679170
http://schema.org/NewsArticle/associatedMedia	6906	0.0002588933192
http://schema.org/City/maps	6850	0.0002567939815
http://schema.org/Offer/OfferItemCondition	6823	0.0002557818008
http://schema.org/Review/reviews	6822	0.0002557443127
http://historical-data.org/HistoricalEvent.html/location	6779	0.0002541323213
http://schema.org/EventVenue/description	6772	0.0002538699040
http://data-vocabulary.org/Offer/image	6746	0.0002528952116
http://schema.org/MediaObject/width	6662	0.0002497462051
http://schema.org/MediaObject/height	6662	0.0002497462051
http://schema.org/ItemList/mainContentOfPage	6629	0.0002485090954
http://schema.org/Event/performers	6625	0.0002483591427
http://schema.org/MobileSoftwareApplication/author	6624	0.0002483216545
http://schema.org/EventVenue/address	6619	0.0002481342137
http://schema.org/Movie/productionCompany	6537	0.0002450601835
http://schema.org/MusicGroup/byArtist	6527	0.0002446853018
http://schema.org/Offer/image	6486	0.0002431482867
http://data-vocabulary.org/Event/locality	6474	0.0002426984286
http://schema.org/MusicAlbum/description	6441	0.0002414613190
http://schema.org/ItemList/description	6431	0.0002410864372
http://schema.org/MediaObject/description	6418	0.0002405990910
http://historical-data.org/HistoricalEvent.html/startDate	6404	0.0002400742566
http://schema.org/TVSeries/aggregateRating	6249	0.0002342635898
http://schema.org/Person/nationality	6211	0.0002328390393
http://data-vocabulary.org/Review-aggregate/address	6191	0.0002320892758
http://data-vocabulary.org/Offer/offerUrl	6161	0.0002309646307
http://schema.org/Book/about	6139	0.0002301398909
http://schema.org/NewsArticle/copyrightNotice	6114	0.0002292026866
http://rdf.data-vocabulary.org/description	6064	0.0002273282779
http://schema.org/MobileSoftwareApplication/offers	6031	0.0002260911682
http://schema.org/Review/publisher	6028	0.0002259787037
http://schema.org/WPSideBar/price	6003	0.0002250414994
http://schema.org/CreativeWork/offers	5984	0.0002243292241
http://data-vocabulary.org/Offer-aggregate/priceCurrency	5958	0.0002233545316
http://schema.org/Place/events	5957	0.0002233170435
http://schema.org/Corporation/image	5935	0.0002224923037
http://schema.org/ItemList/image	5905	0.0002213676585
http://schema.org/LodgingBusiness/url	5875	0.0002202430133
http://data-vocabulary.org/Review-aggregate/tel	5855	0.0002194932499
http://schema.org/Review/headline	5852	0.0002193807854
http://schema.org/VideoObject/datePublished	5852	0.0002193807854
http://schema.org/MusicGroup/foundingDate	5849	0.0002192683208
http://schema.org/CreativeWork/publisher	5848	0.0002192308327
http://data-vocabulary.org/Recipe/ingredients	5832	0.0002186310219
http://schema.org/MusicRecording/offers	5818	0.0002181061875
http://schema.org/MusicRecording/description	5810	0.0002178062821
http://schema.org/Person/role	5725	0.0002146197875
http://schema.org/PostalAddress/url	5665	0.0002123704971
http://data-vocabulary.org/???Organization/name	5594	0.0002097088369
http://schema.org/NewsArticle/about	5587	0.0002094464197
http://data-vocabulary.org/???Geo/latitude	5574	0.0002089590734
http://data-vocabulary.org/???Geo/longitude	5574	0.0002089590734
http://schema.org/Blog/url	5565	0.0002086216799
http://schema.org/ImageObject/description	5557	0.0002083217745
http://data-vocabulary.org/Product/votes	5514	0.0002067097831
http://schema.org/WebPage/interactionCount	5502	0.0002062599250
http://data-vocabulary.org/Rating/reviewer	5465	0.0002048728626
http://schema.org/TVSeries/datePublished	5454	0.0002044604927
http://historical-data.org/HistoricalPerson.html/spouses	5446	0.0002041605873
http://schema.org/VideoObject/uploadDate	5440	0.0002039356583
http://schema.org/EducationEvent/description	5436	0.0002037857056
http://schema.org/Address/streetAddress	5391	0.0002020987378
http://data-vocabulary.org/Offer-aggregate/lowprice	5390	0.0002020612497
http://data-vocabulary.org/Offer-aggregate/highprice	5390	0.0002020612497
http://schema.org/VideoObject/headline	5388	0.0002019862733
http://data-vocabulary.org/Review/name	5371	0.0002013489744
http://schema.org/ApartmentComplex/photos	5356	0.0002007866518
http://schema.org/Organization/addressRegion	5318	0.0001993621013
http://schema.org/Address/addressLocality	5313	0.0001991746604
http://schema.org/Product/category	5296	0.0001985373615
http://schema.org/MobileSoftwareApplication/operatingSystems	5283	0.0001980500152
http://schema.org/MobileSoftwareApplication/datePublished	5280	0.0001979375507
http://schema.org/TVEpisode/episodeNumber	5276	0.0001977875980
http://schema.org/ApartmentComplex/description	5274	0.0001977126217
http://schema.org/TVSeries/episodes	5266	0.0001974127163
http://rdf.data-vocabulary.org/locality	5261	0.0001972252754
http://data-vocabulary.org/Product/worst	5231	0.0001961006303
http://schema.org/Review/itemReviewed	5216	0.0001955383077
http://schema.org/Hotel/author	5187	0.0001944511507
http://schema.org/TVSeries/numberofEpisodes	5170	0.0001938138517
http://schema.org/SoftwareApplication/providedFeatures	5164	0.0001935889227
http://schema.org/BedAndBreakfast/name	5158	0.0001933639937
http://schema.org/Book/LCCN	5156	0.0001932890173
http://schema.org/Hotel/email	5150	0.0001930640883
http://schema.org/LocalBusiness/rating	5134	0.0001924642775
http://schema.org/MobileSoftwareApplication/fileSize	5084	0.0001905898689
http://schema.org/MobileSoftwareApplication/softwareApplicationCategory	5060	0.0001896901528
http://schema.org/CollectionPage/name	5046	0.0001891653183
http://schema.org/MobileSoftwareApplication/softwareVersion	5041	0.0001889778775
http://data-vocabulary.org/Product/condition	5040	0.0001889403893
http://schema.org/TVEpisode/url	5024	0.0001883405785
http://schema.org/title	5018	0.0001881156495
http://schema.org/MobileSoftwareApplication/SoftwareApplicationSubCategory	5017	0.0001880781613
http://schema.org/MobileSoftwareApplication/interactionCount	4991	0.0001871034689
http://schema.org/lodgingbusiness/image	4986	0.0001869160280
http://schema.org/lodgingbusiness/description	4986	0.0001869160280
http://schema.org/lodgingbusiness/name	4986	0.0001869160280
http://schema.org/PostalAddress/postalcode	4940	0.0001851915721
http://historical-data.org/HistoricalPerson.html/children	4935	0.0001850041312
http://schema.org/Address/addressCountry	4912	0.0001841419032
http://rdf.data-vocabulary.org/street-address	4885	0.0001831297226
http://schema.org/MediaObject/reviews	4854	0.0001819675892
http://schema.org/Hotel/reviewRating	4817	0.0001805805268
http://schema.org/ScholarlyArticle/name	4772	0.0001788935591
http://schema.org/Person/givenName	4771	0.0001788560709
http://rdf.data-vocabulary.org/breadcrumb	4757	0.0001783312365
http://schema.org/MusicGroup/musicGroupMember	4755	0.0001782562601
http://growbutton.com/nsbutton/title	4754	0.0001782187720
http://growbutton.com/nsbutton/url	4754	0.0001782187720
http://schema.org/BlogPosting/keywords	4723	0.0001770566386
http://schema.org/ScholarlyArticle/description	4707	0.0001764568279
http://schema.org/Movie/awards	4701	0.0001762318988
http://schema.org/Review/datepublished	4691	0.0001758570171
http://schema.org/Organization/PostalCode	4667	0.0001749573010
http://schema.org/PostalAddress/addressLocality???	4663	0.0001748073483
http://schema.org/CollectionPage/breadcrumb	4653	0.0001744324666
http://schema.org/NGO/name	4626	0.0001734202859
http://data-vocabulary.org/Address/city	4615	0.0001730079160
http://schema.org/NGO/url	4613	0.0001729329397
http://data-vocabulary.org/Address/url	4612	0.0001728954515
http://data-vocabulary.org/Review/photo	4593	0.0001721831762
http://schema.org/Offer/offers	4550	0.0001705711848
http://schema.org/Place/telephone	4544	0.0001703462558
http://schema.org/Product/rating	4542	0.0001702712794
http://schema.org/AggregateOffer/offers	4540	0.0001701963031
http://schema.org/breadcrumb	4537	0.0001700838385
http://schema.org/NewsArticle/alternativeHeadline	4533	0.0001699338859
http://schema.org/SoftwareApplication/requiredFeatures	4522	0.0001695215160
http://schema.org/LodgingBusiness/image	4498	0.0001686217998
http://schema.org/MediaObject/url	4493	0.0001684343590
http://data-vocabulary.org/Review-aggregate/dtreviewed	4491	0.0001683593826
http://rdf.data-vocabulary.org/region	4482	0.0001680219891
http://schema.org/Product/datePublished	4477	0.0001678345482
http://data-vocabulary.org/Nutrition/calories	4472	0.0001676471073
http://schema.org/ScholarlyArticle/url	4447	0.0001667099030
http://data-vocabulary.org/breadcrumb/title	4441	0.0001664849740
http://data-vocabulary.org/breadcrumb/url	4437	0.0001663350213
http://schema.org/LodgingBusiness/geo	4435	0.0001662600450
http://schema.org/ScholarlyArticle/keywords	4421	0.0001657352105
http://schema.org/Product/author	4411	0.0001653603288
http://schema.org/WPFooter/copyrightYear	4397	0.0001648354944
http://schema.org/BlogPosting/url	4393	0.0001646855417
http://schema.org/CreativeWork/keywords	4357	0.0001633359675
http://schema.org/WPHeader/image	4328	0.0001622488105
http://data-vocabulary.org/Event/address	4327	0.0001622113223
http://schema.org/BarOrPub/name	4327	0.0001622113223
http://schema.org/ScholarlyArticle/aggregateRating	4317	0.0001618364406
http://schema.org/CreativeWork/bestRating	4258	0.0001596246384
http://schema.org/Restaurant/paymentAccepted	4253	0.0001594371976
http://data-vocabulary.org/Product/title	4251	0.0001593622212
http://schema.org/Corporation/aggregateRating	4247	0.0001592122685
http://schema.org/BarOrPub/reviews	4241	0.0001589873395
http://schema.org/Organization/aggregateRating	4238	0.0001588748750
http://schema.org/WebPage/nationality	4230	0.0001585749696
http://schema.org/Address/locality	4228	0.0001584999933
http://schema.org/WebPage/copyrightHolder	4227	0.0001584625051
http://schema.org/CreativeWork/worstRating	4205	0.0001576377653
http://schema.org/CreativeWork/UserComments	4205	0.0001576377653
http://schema.org/CreativeWork/ratingValue	4205	0.0001576377653
http://schema.org/LocalBusiness/photo	4200	0.0001574503244
http://schema.org/LocalBusiness/streetAddress	4192	0.0001571504190
http://historical-data.org/HistoricalPerson.html/modifiedDate	4192	0.0001571504190
http://schema.org/Article/aggregateRating	4186	0.0001569254900
http://schema.org/LocalBusiness/interactionCount	4185	0.0001568880018
http://schema.org/Product/reviewCount	4165	0.0001561382384
http://schema.org/MediaObject/image	4146	0.0001554259631
http://schema.org/LocalBusiness/postalCode	4131	0.0001548636405
http://schema.org/NGO/foundingDate	4114	0.0001542263416
http://schema.org/NGO/members	4114	0.0001542263416
http://schema.org/EducationEvent/name	4091	0.0001533641136
http://schema.com/Offer/priceCurrency	4048	0.0001517521222
http://schema.com/Offer/price	4048	0.0001517521222
http://schema.org/BedAndBreakfast/url	4045	0.0001516396577
http://schema.org/Person/photo	4036	0.0001513022641
http://schema.org/WebPage/copyrightYear	4029	0.0001510398469
http://schema.org/Product/description/briefDescription	4005	0.0001501401308
http://schema.org/CreativeWork/reviews	3965	0.0001486406039
http://schema.org/EducationEvent/url	3947	0.0001479658168
http://schema.org/BarOrPub/photo	3931	0.0001473660060
http://data-vocabulary.org/Organization/eventType	3929	0.0001472910297
http://data-vocabulary.org/Nutrition/protein	3923	0.0001470661006
http://data-vocabulary.org/Nutrition/carbohydrates	3906	0.0001464288017
http://schema.org/School/name	3875	0.0001452666684
http://schema.org/CollectionPage/url	3839	0.0001439170942
http://schema.org/City/image	3819	0.0001431673307
http://schema.org/PostalAddress/???streetAddress???	3810	0.0001428299372
http://schema.org/WPHeader/url	3796	0.0001423051027
http://schema.org/SoftwareApplication/inlanguage	3759	0.0001409180404
http://schema.org/Residence/name	3722	0.0001395309780
http://schema.org/Restaurant/description	3720	0.0001394560016
http://data-vocabulary.org/Event/geo	3702	0.0001387812145
http://schema.org/City/address	3699	0.0001386687500
http://schema.org/WebPage/author	3695	0.0001385187973
http://schema.org/WebPage/reviews	3687	0.0001382188919
http://schema.org/ItemList/itemListOrder	3671	0.0001376190812
http://schema.org/Review/breadcrumb	3615	0.0001355197435
http://schema.org/City/telephone	3614	0.0001354822553
http://schema.org/Restaurant/email	3600	0.0001349574209
http://schema.org/LocalBusiness/photos	3599	0.0001349199328
http://schema.org/Book/rating	3592	0.0001346575156
http://schema.org/TVSeries/discussionUrl	3591	0.0001346200274
http://schema.org/CollectionPage/description	3578	0.0001341326811
http://data-vocabulary.org/Product/average	3573	0.0001339452403
http://schema.org/PostalAddress/latitude	3558	0.0001333829177
http://schema.org/Corporation/reviews	3558	0.0001333829177
http://schema.org/PostalAddress/longitude	3558	0.0001333829177
http://schema.org/Country/name	3557	0.0001333454295
http://data-vocabulary.org/Recipe/recipeCuisine	3553	0.0001331954768
http://schema.org/School/description	3547	0.0001329705478
http://schema.org/CreativeWork/breadcrumb	3540	0.0001327081306
http://schema.org/movies/name	3537	0.0001325956661
http://schema.org/movies/description	3537	0.0001325956661
http://schema.org/Photograph/name	3521	0.0001319958553
http://data-vocabulary.org/Product/v:itemreviewed	3518	0.0001318833908
http://schema.org/Recipe/video	3507	0.0001314710209
http://schema.org/PostalAddress/AddressLocality	3502	0.0001312835800
http://schema.org/TouristAttraction/address	3497	0.0001310961392
http://schema.org/WebPage/photo	3489	0.0001307962338
http://schema.org/LodgingBusiness/telephone	3471	0.0001301214467
http://data-vocabulary.org/Nutrition/fat	3454	0.0001294841478
http://schema.org/ItemPage/description	3445	0.0001291467542
http://schema.org/NutritionInformation/fatContent	3433	0.0001286968961
http://schema.org/Movie/author	3420	0.0001282095499
http://schema.org/Campground/name	3413	0.0001279471327
http://schema.org/TouristAttraction/geo	3408	0.0001277596918
http://schema.org/Address/country-name	3402	0.0001275347628
http://schema.org/NutritionInformation/carbohydrateContent	3400	0.0001274597864
http://schema.org/ImageObject/contentLocation	3393	0.0001271973692
http://schema.org/WPFooter/description	3387	0.0001269724402
http://data-vocabulary.org/Review-aggregate/v:itemreviewed	3386	0.0001269349520
http://schema.org/NutritionInformation/saturatedFatContent	3373	0.0001264476058
http://schema.org/WebPage/comment	3355	0.0001257728187
http://schema.org/ItemPage/image	3347	0.0001254729133
http://schema.org/BlogPosting/description	3346	0.0001254354251
http://schema.org/Movie/inLanguage	3341	0.0001252479843
http://schema.org/MusicGroup/albums	3326	0.0001246856617
http://schema.org/BedAndBreakfast/image	3326	0.0001246856617
http://schema.org/Product/bestRating	3325	0.0001246481735
http://schema.org/Blog/blogPosts	3325	0.0001246481735
http://schema.org/WPSideBar/aggregateRating	3324	0.0001246106853
http://schema.org/OfferItemCondition/description	3316	0.0001243107799
http://schema.org/Book/bookEdition	3303	0.0001238234337
http://schema.org/Movie/reviewRating	3292	0.0001234110638
http://schema.org/SoftwareApplication/softwareApplicationSubCategory	3241	0.0001214991670
http://schema.org/EducationEvent/offers	3230	0.0001210867971
http://schema.org/AggregateOffer/itemCondition	3225	0.0001208993563
http://schema.org/Review/dateCreated	3205	0.0001201495928
http://schema.org/NewsArticle/wordCount	3187	0.0001194748057
http://data-vocabulary.org/Nutrition/servingSize	3184	0.0001193623412
http://schema.org/Restaurant/aggregateRating	3179	0.0001191749003
http://schema.org/address	3173	0.0001189499713
http://schema.org/telephone	3158	0.0001183876487
http://schema.org/email	3157	0.0001183501605
http://schema.org/faxNumber	3157	0.0001183501605
http://data-vocabulary.org/Event/region	3154	0.0001182376960
http://data-vocabulary.org/Nutrition/Calories	3152	0.0001181627197
http://data-vocabulary.org/Nutrition/Sodium	3146	0.0001179377906
http://data-vocabulary.org/Nutrition/Carbohydrate	3141	0.0001177503498
http://data-vocabulary.org/Nutrition/Fat	3140	0.0001177128616
http://schema.org/BedAndBreakfast/address	3133	0.0001174504444
http://data-vocabulary.org/Nutrition/Total	3130	0.0001173379799
http://data-vocabulary.org/Nutrition/Protein	3128	0.0001172630035
http://schema.org/Person/title	3111	0.0001166257046
http://schema.org/Place/addressLocality	3110	0.0001165882164
http://schema.org/AutoDealer/name	3108	0.0001165132401
http://data-vocabulary.org/AggregateOffer/lowPrice	3100	0.0001162133347
http://data-vocabulary.org/Book/offers	3100	0.0001162133347
http://data-vocabulary.org/AggregateOffer/currency	3100	0.0001162133347
http://data-vocabulary.org/AggregateOffer/highPrice	3100	0.0001162133347
http://rdf.data-vocabulary.org/offers	3093	0.0001159509175
http://schema.org/Review/contentLocation	3092	0.0001159134293
http://schema.org/Hotel/paymentAccepted	3080	0.0001154635712
http://data-vocabulary.org/Recipe/rating	3074	0.0001152386422
http://data-vocabulary.org/Event/country-name	3069	0.0001150512013
http://schema.org/Restaurant/photos	3069	0.0001150512013
http://schema.org/ScholarlyArticle/author	3060	0.0001147138078
http://schema.org/AutoDealer/telephone	3055	0.0001145263669
http://data-vocabulary.org/Recipe/amount	3043	0.0001140765089
http://rdf.data-vocabulary.org/postal-code	3024	0.0001133642336
http://schema.org/latitude	3018	0.0001131393045
http://schema.org/longitude	3018	0.0001131393045
http://data-vocabulary.org/Nutrition/Fiber	3005	0.0001126519583
http://schema.org/Review/offers	3001	0.0001125020056
http://data-vocabulary.org/?Geo/latitude	3001	0.0001125020056
http://data-vocabulary.org/?Geo/longitude	3001	0.0001125020056
http://schema.org/Article/reviews	2982	0.0001117897303
http://schema.org/Person/homeLocation	2974	0.0001114898250
http://schema.org/AdministrativeArea/name	2961	0.0001110024787
http://schema.org/BedAndBreakfast/telephone	2959	0.0001109275024
http://schema.org/Place/aggregateRating	2954	0.0001107400615
http://schema.org/ImageGallery/name	2946	0.0001104401561
http://schema.org/Restaurant/employees	2931	0.0001098778335
http://schema.org/MusicEvent/startDate	2918	0.0001093904873
http://historical-data.org/HistoricalPerson.html/contributor	2901	0.0001087531884
http://schema.org/MusicEvent/url	2896	0.0001085657475
http://schema.org/MusicRecording/creator	2883	0.0001080784013
http://schema.org/MusicRecording/provider	2883	0.0001080784013
http://schema.org/MusicEvent/performers	2876	0.0001078159841
http://schema.org/Person/associatedMedia	2854	0.0001069912443
http://schema.org/LocalBusiness/openingHours	2852	0.0001069162679
http://schema.org/MusicEvent/location	2845	0.0001066538507
http://data-vocabulary.org/Event/street-address	2801	0.0001050043711
http://schema.org/LodgingBusiness/aggregateRating	2794	0.0001047419539
http://data-vocabulary.org/Nutrition/from	2756	0.0001033174034
http://schema.org/Event/summary	2755	0.0001032799152
http://data-vocabulary.org/Recipe/count	2729	0.0001023052227
http://data-vocabulary.org/Organization/fax	2719	0.0001019303410
http://data-vocabulary.org/Review/votes	2717	0.0001018553646
http://www.schema.org/TouristAttraction/description	2712	0.0001016679238
http://schema.org/Person/email	2710	0.0001015929474
http://schema.org/SoftwareApplication/numDownloads	2708	0.0001015179711
http://www.schema.org/TouristAttraction/name	2697	0.0001011056012
http://www.schema.org/TouristAttraction/url	2697	0.0001011056012
http://schema.org/WPSideBar/model	2691	0.0001008806721
http://historical-data.org/HistoricalPerson.html/siblings	2677	0.0001003558377
http://schema.org/MusicRecording/dateCreated	2654	0.0000994936098
http://schema.org/UserComments/commentText	2650	0.0000993436571
http://data-vocabulary.org/Nutrition/Saturated	2641	0.0000990062635
http://data-vocabulary.org/Recipe/instruction	2632	0.0000986688700
http://schema.org/School/foundingDate	2615	0.0000980315710
http://schema.org/WebPage/foundingDate	2613	0.0000979565947
http://schema.org/AutoDealer/url	2613	0.0000979565947
http://schema.org/BarOrPub/address	2611	0.0000978816183
http://schema.org/Campground/description	2597	0.0000973567839
http://schema.org/Product/aggregaterating	2586	0.0000969444140
http://schema.org/EducationEvent/startDate	2584	0.0000968694377
http://data-vocabulary.org/Nutrition/Cholesterol	2577	0.0000966070205
http://schema.org/BedAndBreakfast/description	2575	0.0000965320441
http://schema.org/BlogPosting/image	2564	0.0000961196742
http://schema.org/Article/about	2556	0.0000958197689
http://schema.org/BarOrPub/telephone	2539	0.0000951824699
http://webmaster.yandex.ru/vocabularies/term-def.xml/source	2523	0.0000945826592
http://webmaster.yandex.ru/vocabularies/term-def.xml/source-date	2519	0.0000944327065
http://schema.org/Movie/headline	2500	0.0000937204312
http://www.schema.org/TouristAttraction/address	2496	0.0000935704785
http://schema.org/game/name	2494	0.0000934955022
http://schema.org/game/description	2494	0.0000934955022
http://www.schema.org/LocalBusiness/address	2491	0.0000933830377
http://schema.org/ContactPoint/telephone	2491	0.0000933830377
http://data-vocabulary.org/Organization/postal-code	2464	0.0000923708570
http://schema.org/School/image	2461	0.0000922583925
http://data-vocabulary.org/Nutrition/cholesterol	2442	0.0000915461172
http://schema.org/Photograph/description	2435	0.0000912837000
http://schema.org/Restaurant/url	2431	0.0000911337473
http://schema.org/BlogPosting/articleSection	2417	0.0000906089129
http://schema.org/PostalAddress/description	2409	0.0000903090075
http://schema.org/Organization/reviews	2405	0.0000901590548
http://schema.org/MusicRecording/tracks	2404	0.0000901215666
http://schema.org/MusicRecording/year	2404	0.0000901215666
http://data-vocabulary.org/Nutrition/fiber	2396	0.0000898216613
http://growbutton.com/nsbutton/site-name	2386	0.0000894467795
http://www.schema.org/LodgingBusiness/address	2386	0.0000894467795
http://growbutton.com/nsbutton/image	2385	0.0000894092914
http://data-vocabulary.org/Organization/email	2379	0.0000891843623
http://www.schema.org/PostalAddress/addressLocality	2341	0.0000877598118
http://schema.org/AggregateRating/rating	2333	0.0000874599064
http://data-vocabulary.org/Event/postal-code	2332	0.0000874224182
http://schema.org/NutritionInformation/proteinContent	2332	0.0000874224182
http://schema.org/NutritionInformation/fiberContent	2331	0.0000873849301
http://www.schema.org/PostalAddress/addressCountry	2330	0.0000873474419
http://schema.org/CollegeOrUniversity/name	2328	0.0000872724655
http://schema.org/CreativeWork/dateCreated	2306	0.0000864477257
http://schema.org/Campground/image	2298	0.0000861478204
http://data-vocabulary.org/Review/address	2298	0.0000861478204
http://schema.org/Article/copyrightYear	2267	0.0000849856870
http://rdf.data-vocabulary.org/creator	2259	0.0000846857816
http://schema.org/Product/manufacture	2254	0.0000844983408
http://schema.org/MusicPlaylist/name	2249	0.0000843108999
http://schema.org/NutritionInformation/sodiumContent	2248	0.0000842734117
http://schema.org/NutritionInformation/cholesterolContent	2247	0.0000842359236
http://schema.org/Hotel/maps	2237	0.0000838610418
http://schema.org/Hotel/location	2235	0.0000837860655
http://schema.org/SearchResultsPage/image	2215	0.0000830363020
http://data-vocabulary.org/Offer/priceCurrency	2206	0.0000826989085
http://schema.org/WebPage/inLanguage	2200	0.0000824739795
http://rdf.data-vocabulary.org/audio	2198	0.0000823990031
http://rdf.data-vocabulary.org/provider	2198	0.0000823990031
http://rdf.data-vocabulary.org/playCount	2198	0.0000823990031
http://rdf.data-vocabulary.org/dateCreated	2198	0.0000823990031
http://schema.org/UserComment/commentTime	2193	0.0000822115623
http://schema.org/UserComment/creator	2193	0.0000822115623
http://schema.org/UserComment/commentText	2193	0.0000822115623
http://schema.org/MusicPlaylist/numTracks	2179	0.0000816867278
http://schema.org/Residence/geo	2170	0.0000813493343
http://schema.org/Restaurant/contactPoints	2167	0.0000812368698
http://data-vocabulary.org/Nutrition/saturatedFat	2160	0.0000809744526
http://rdf.data-vocabulary.org/primaryImageOfPage	2152	0.0000806745472
http://www.schema.org/PostalAddress/streetAddress	2141	0.0000802621773
http://data-vocabulary.org/Review/url	2138	0.0000801497128
http://data-vocabulary.org/Review-aggregate/summary	2135	0.0000800372482
http://schema.org/Organization/manufacturer	2134	0.0000799997601
http://schema.org/Recipe/url	2128	0.0000797748310
http://schema.org/VideoObject/image	2125	0.0000796623665
http://data-vocabulary.org/Review/worst	2120	0.0000794749257
http://schema.org/Organization/postalCode	2118	0.0000793999493
http://schema.org/Florist/name	2114	0.0000792499966
http://www.schema.org/TouristAttraction/image	2114	0.0000792499966
http://schema.org/Florist/aggregateRating	2112	0.0000791750203
http://data-vocabulary.org/Review-aggregate/region	2099	0.0000786876740
http://data-vocabulary.org/Review-aggregate/locality	2099	0.0000786876740
http://data-vocabulary.org/Review-aggregate/street-address	2099	0.0000786876740
http://schema.org/City/aggregateRating	2097	0.0000786126977
http://data-vocabulary.org/Recipe/totalTime	2089	0.0000783127923
http://schema.org/WPFooter/copyrightHolder	2087	0.0000782378160
http://schema.org/BlogPosting/dateCreated	2084	0.0000781253515
http://schema.org/Corporation/description	2082	0.0000780503751
http://schema.org/School/aggregateRating	2069	0.0000775630289
http://schema.org/LocalBusiness/maps	2067	0.0000774880525
http://schema.org/Organization/brand	2067	0.0000774880525
http://schema.org/Organization/model	2061	0.0000772631235
http://schema.org/City/description	2060	0.0000772256353
http://schema.org/lodgingbusiness/priceRange	2056	0.0000770756826
http://schema.org/Offer/pricecurrency	2053	0.0000769632181
http://data-vocabulary.org/Event/duration	2053	0.0000769632181
http://schema.org/Product/worstRating	2042	0.0000765508482
http://schema.org/NutritionInformation/sugarContent	2042	0.0000765508482
http://schema.org/Person/performerIn	2033	0.0000762134547
http://schema.org/SoftwareApplication/dateUpdated	2032	0.0000761759665
http://mnobeta.no/News/teaserText	2028	0.0000760260138
http://schema.org/CreativeWork/accessionNumber	2026	0.0000759510374
http://schema.org/Address/region	2025	0.0000759135493
http://schema.org/AdministrativeArea/geo	2025	0.0000759135493
http://schema.org/WebPage/employees	2024	0.0000758760611
http://schema.org/CollegeOrUniversity/address	2023	0.0000758385729
http://schema.org/CreativeWork/creditLine	2016	0.0000755761557
http://schema.org/NewsArticle/genre	2011	0.0000753887149
http://schema.org/Place/streetAddress	1999	0.0000749388568
http://data-vocabulary.org/Address/name	1996	0.0000748263923
http://data-vocabulary.org/Review-aggregate/price	1995	0.0000747889041
http://www.schema.org/PostalAddress/addressRegion	1989	0.0000745639751
http://data-vocabulary.org/Person/nickname	1982	0.0000743015579
http://schema.org/CollegeOrUniversity/url	1974	0.0000740016525
http://schema.org/CreativeWork/materials	1973	0.0000739641643
http://schema.org/Event/duration	1967	0.0000737392353
http://schema.org/ImageGallery/primaryImageOfPage	1967	0.0000737392353
http://schema.org/WebPage/telephone	1966	0.0000737017471
http://data-vocabulary.org/?Organization/name	1966	0.0000737017471
http://data-vocabulary.org/Nutrition/sugar	1956	0.0000733268654
http://schema.org/Article/publishDate	1949	0.0000730644482
http://www.schema.org/PostalAddress/postalCode	1942	0.0000728020310
http://rdf.data-vocabulary.org/url	1941	0.0000727645428
http://data-vocabulary.org/Review-aggregate/image	1940	0.0000727270546
http://schema.org/CreativeWork/genre	1927	0.0000722397084
http://schema.org/AggregateOffer/availability	1924	0.0000721272439
http://schema.org/ImageObject/thumbnail	1919	0.0000719398030
http://schema.org/NutritionInformation/unsaturatedFatContent	1918	0.0000719023148
http://schema.org/Person/worksFor	1914	0.0000717523621
http://data-vocabulary.org/Offer/brand	1905	0.0000714149686
http://schema.org/Country/url	1896	0.0000710775750
http://schema.org/CreativeWork/collection	1894	0.0000710025987
http://schema.org/WebPage/articleBody	1889	0.0000708151578
http://schema.org/WPFooter/name	1877	0.0000703652997
http://www.schema.org/PostalAddress/telephone	1873	0.0000702153471
http://schema.org/Forum/image	1863	0.0000698404653
http://schema.org/Forum/name	1863	0.0000698404653
http://schema.org/Forum/description	1863	0.0000698404653
http://schema.org/MobileSoftwareApplication/description	1848	0.0000692781427
http://schema.org/WebPage/about	1844	0.0000691281901
http://schema.org/AutoDealer/address	1840	0.0000689782374
http://rdf.data-vocabulary.org/amount	1840	0.0000689782374
http://data-vocabulary.org/Offer/lowPrice	1837	0.0000688657728
http://schema.org/NewsArticle/dateCreated	1835	0.0000687907965
http://www.schema.org/LocalBusiness/url	1823	0.0000683409384
http://data-vocabulary/Offer/price	1820	0.0000682284739
http://schema.org/Organization/addressCountry	1816	0.0000680785212
http://www.schema.org/LocalBusiness/name	1816	0.0000680785212
http://schema.org/Place/reviews	1815	0.0000680410331
http://schema.org/SelfStorage/address	1809	0.0000678161040
http://schema.org/MusicEvent/offers	1803	0.0000675911750
http://www.schema.org/LocalBusiness/aggregateRating	1802	0.0000675536868
http://schema.org/Book/awards	1800	0.0000674787105
http://data-vocabulary.org/Rating/itemreviewed	1796	0.0000673287578
http://schema.org/JobPosting/occupationalCategory	1796	0.0000673287578
http://schema.org/Article/dateCreated	1790	0.0000671038287
http://schema.org/LocalBusiness/branchOf	1782	0.0000668039234
http://schema.org/LocalBusiness/phone	1770	0.0000663540653
http://schema.org/Product/thumbnailUrl	1759	0.0000659416954
http://schema.org/TheaterGroup/description	1759	0.0000659416954
http://schema.org/TheaterGroup/name	1759	0.0000659416954
http://schema.org/WebPageElement/url	1751	0.0000656417900
http://schema.org/WebPageElement/discussionUrl	1739	0.0000651919319
http://schema.org/WebPage/keywords	1736	0.0000650794674
http://schema.org/ApartmentComplex/image	1726	0.0000647045857
http://schema.org/Hotel/priceRange	1698	0.0000636549169
http://schema.org/SportsTeam/name	1696	0.0000635799405
http://schema.org/Person/affiliation	1690	0.0000633550115
http://schema.org/CreativeWork/dimensions	1683	0.0000630925943
http://schema.org/TouristAttraction/aggregateRating	1675	0.0000627926889
http://schema.org/Dentist/name	1657	0.0000621179018
http://schema.org/InsuranceAgency/name	1656	0.0000620804136
http://schema.org/BedAndBreakfast/geo	1644	0.0000616305556
http://data-vocabulary.org/Offer/highPrice	1644	0.0000616305556
http://data-vocabulary.org/Review-aggregate/fn	1638	0.0000614056265
http://schema.org/ApartmentComplex/geo	1635	0.0000612931620
http://schema.org/InsuranceAgency/telephone	1631	0.0000611432093
http://data-vocabulary.org/Rating/description	1629	0.0000610682330
http://schema.org/People/url	1619	0.0000606933512
http://data-vocabulary.org/Offer/itemCondition	1614	0.0000605059104
http://schema.org/Movie/alternativeHeadline	1604	0.0000601310287
http://schema.org/HardwareStore/name	1596	0.0000598311233
http://schema.org/HardwareStore/geo	1596	0.0000598311233
http://data-vocabulary.org/Product/dtreviewed	1595	0.0000597936351
http://schema.org/LocalBusiness/reviewRating	1594	0.0000597561469
http://schema.org/Store/name	1593	0.0000597186588
http://schema.org/HardwareStore/url	1590	0.0000596061942
http://schema.org/HardwareStore/openingHours	1590	0.0000596061942
http://schema.org/HardwareStore/address	1590	0.0000596061942
http://schema.org/School/address	1572	0.0000589314071
http://schema.org/School/addressLocality	1572	0.0000589314071
http://schema.org/School/addressCountry	1572	0.0000589314071
http://schema.org/School/streetAddress	1572	0.0000589314071
http://schema.org/School/postalCode	1572	0.0000589314071
http://schema.org/MobileSoftwareApplication/image	1570	0.0000588564308
http://rdf.data-vocabulary.org/bestRating	1570	0.0000588564308
http://schema.org/UserComments/creator	1567	0.0000587439663
http://schema.org/WebPage/address	1565	0.0000586689899
http://schema.org/Offer/priceValidUntil	1564	0.0000586315018
http://schema.org/Hostel/name	1562	0.0000585565254
http://schema.org/HardwareStore/maps	1561	0.0000585190372
http://schema.org/CollectionPage/headline	1560	0.0000584815491
http://schema.org/EducationEvent/title	1553	0.0000582191319
http://schema.org/Article/summary	1552	0.0000581816437
http://schema.org/Rating/reviewValue	1551	0.0000581441555
http://schema.org/Restaurant/reviews	1547	0.0000579942028
http://schema.org/LocalBusiness/PostalAddress	1542	0.0000578067620
http://schema.org/LocalBusiness/genre	1541	0.0000577692738
http://schema.org/BusStop/name	1541	0.0000577692738
http://schema.org/BusStop/url	1541	0.0000577692738
http://schema.org/Hostel/address	1539	0.0000576942974
http://schema.org/Organization/location	1538	0.0000576568093
http://schema.org/ItemPage/isPartOf	1524	0.0000571319749
http://data-vocabulary.org/Offer/category	1518	0.0000569070458
http://schema.org/Person/aggregateRating	1513	0.0000567196050
http://data-vocabulary.org/Address/postalCode	1506	0.0000564571878
http://schema.org/SportsTeam/description	1501	0.0000562697469
http://schema.org/WebPage/isFamilyFriendly	1495	0.0000560448179
http://schema.org/SoftwareApplication/fileName	1491	0.0000558948652
http://schema.org/LocalBusiness/RealEstateAgent/name	1490	0.0000558573770
http://schema.org/LocalBusiness/RealEstateAgent/description	1489	0.0000558198888
http://schema.org/Hostel/url	1488	0.0000557824007
http://schema.org/JobPosting/educationRequirements	1482	0.0000555574716
http://schema.org/Movie/musicBy	1482	0.0000555574716
http://schema.org/Map/name	1481	0.0000555199834
http://data-vocabulary.org/Product/geo	1480	0.0000554824953
http://schema.org/Map/description	1480	0.0000554824953
http://schema.org/Product/reviewRating	1478	0.0000554075189
http://schema.org/painting/image	1476	0.0000553325426
http://schema.org/painting/description	1476	0.0000553325426
http://schema.org/painting/name	1476	0.0000553325426
http://historical-data.org/HistoricalPerson.html/image	1471	0.0000551451017
http://data-vocabulary.org/Offer-aggregate/offercount	1469	0.0000550701254
http://schema.org/NewsArticle/thumbnailUrl	1465	0.0000549201727
http://schema.org/Dentist/address	1459	0.0000546952437
http://data-vocabulary.org/Offer/mnp	1458	0.0000546577555
http://schema.org/EducationEvent/photo	1454	0.0000545078028
http://schema.org/Residence/interactionCount	1451	0.0000543953383
http://schema.org/Offer/Price	1444	0.0000541329211
http://schema.org/WebPage/Employees	1441	0.0000540204565
http://data-vocabulary.org/Review/title	1439	0.0000539454802
http://www.schema.org/Movie/awards	1433	0.0000537205512
http://schema.org/LodgingBusiness/priceRange	1422	0.0000533081813
http://schema.org/UserComments/commentTime	1421	0.0000532706931
http://www.schema.org/MusicAlbum/thumbnailUrl	1408	0.0000527833469
http://schema.org/Hotel/currenciesAccepted	1406	0.0000527083705
http://schema.org/Dentist/telephone	1405	0.0000526708823
http://schema.org/TVSeries/actors	1395	0.0000522960006
http://schema.org/ImageObject/representativeOfPage	1392	0.0000521835361
http://schema.org/ItemPage/breadcrumb	1388	0.0000520335834
http://schema.org/LodgingBusiness/containedIn	1384	0.0000518836307
http://rdf.data-vocabulary.org/worstRating	1382	0.0000518086544
http://schema.org/WebPage/logo	1380	0.0000517336780
http://schema.org/TouristAttraction/telephone	1372	0.0000514337726
http://schema.org/Article/contentLocation	1370	0.0000513587963
http://schema.org/Store/aggregateRating	1369	0.0000513213081
http://schema.org/EducationalOrganization/name	1367	0.0000512463318
http://schema.org/JobPosting/qualifications	1366	0.0000512088436
http://schema.org/Product/mainContentOfPage	1360	0.0000509839146
http://schema.org/BlogPosting/aggregateRating	1357	0.0000508714501
http://schema.org/Movie/dateCreated	1347	0.0000504965683
http://schema.org/AutoDealer/description	1335	0.0000500467103
http://schema.org/Organization/breadcrumb	1327	0.0000497468049
http://schema.org/JobPosting/responsibilities	1316	0.0000493344350
http://schema.org/ItemPage/url	1307	0.0000489970414
http://schema.org/Person/interactionCount	1302	0.0000488096006
http://schema.org/ItemPage/author	1299	0.0000486971361
http://schema.org/WebPage/offers	1294	0.0000485096952
http://data-vocabulary.org/Event/name	1293	0.0000484722070
http://schema.org/CollegeOrUniversity/telephone	1293	0.0000484722070
http://schema.org/JobPosting/experienceRequirements	1289	0.0000483222543
http://schema.org/MusicAlbum/reviews	1288	0.0000482847662
http://schema.org/Florist/geo	1280	0.0000479848608
http://schema.org/Florist/address	1278	0.0000479098844
http://schema.org/Campground/aggregateRating	1277	0.0000478723963
http://schema.org/SoftwareApplication/operatingsystems	1276	0.0000478349081
http://schema.org/SoftwareApplication/softwareapplicationcategory	1275	0.0000477974199
http://schema.org/MusicRecording/genre	1268	0.0000475350027
http://schema.org/LocalBusiness/paymentAccepted	1267	0.0000474975145
http://schema.org/Residence/photos	1261	0.0000472725855
http://schema.org/Product/priceCurrency	1259	0.0000471976092
http://rdf.data-vocabulary.org/reviews	1257	0.0000471226328
http://schema.org/ContactPoint/contactType	1256	0.0000470851446
http://schema.org/HardwareStore/telephone	1254	0.0000470101683
http://schema.org/Movie/producer	1253	0.0000469726801
http://schema.org/Blog/author	1249	0.0000468227274
http://schema.org/AggregateRating/ratingcount	1249	0.0000468227274
http://schema.org/Place/maps	1240	0.0000464853339
http://schema.org/PostalAddress/maps	1237	0.0000463728694
http://schema.org/Thing/url	1235	0.0000462978930
http://www.schema.org/Corporation/name	1228	0.0000460354758
http://schema.org/AutoDealer/postalCode	1227	0.0000459979876
http://schema.org/AutoDealer/streetAddress	1227	0.0000459979876
http://schema.org/AutoDealer/addressLocality	1227	0.0000459979876
http://schema.org/AutoDealer/addressRegion	1227	0.0000459979876
http://schema.org/CollegeOrUniversity/faxNumber	1225	0.0000459230113
http://schema.org/Movie/Actors	1224	0.0000458855231
http://schema.org/VideoObject/keywords	1223	0.0000458480349
http://schema.org/Movie/video	1222	0.0000458105468
http://www.schema.org/Corporation/url	1218	0.0000456605941
http://schema.org/Recipe/inLanguage	1216	0.0000455856177
http://schema.org/AutoDealer/telephone/service	1216	0.0000455856177
http://schema.org/AutoDealer/openingHours	1216	0.0000455856177
http://schema.org/Restaurant/image	1206	0.0000452107360
http://rdf.data-vocabulary.org/link	1202	0.0000450607833
http://rdf.data-vocabulary.org/lng	1200	0.0000449858070
http://rdf.data-vocabulary.org/lat	1200	0.0000449858070
http://schema.org/Person/datePublished	1199	0.0000449483188
http://schema.org/NewsArticle/contentLocation	1194	0.0000447608779
http://schema.org/Person/faxNumber	1187	0.0000444984607
http://schema.org/TouristAttraction/description	1186	0.0000444609726
http://data-vocabulary.org/Offer/offerCount	1185	0.0000444234844
http://historical-data.org/HistoricalPerson.html/christening	1183	0.0000443485080
http://schema.org/NewsArticle/dateline	1176	0.0000440860908
http://schema.org/Hostel/description	1175	0.0000440486027
http://schema.org/AggregateRating/itemReviewed	1174	0.0000440111145
http://www.schema.org/Corporation/description	1163	0.0000435987446
http://schema.org/Campground/url	1158	0.0000434113037
http://schema.org/NewsArticle/isFamilyFriendly	1156	0.0000433363274
http://schema.org/WebPage/isPartOf	1154	0.0000432613510
http://schema.org/Campground/reviews	1153	0.0000432238629
http://schema.org/Product/Offers	1153	0.0000432238629
http://schema.org/WebPage/headline	1151	0.0000431488865
http://schema.org/WebPage/primaryImageOfPage	1150	0.0000431113984
http://schema.org/BedAndBreakfast/aggregateRating	1145	0.0000429239575
http://data-vocabulary.org/Event/dtreviewed	1144	0.0000428864693
http://schema.org/WPHeader/name	1143	0.0000428489811
http://schema.org/MusicEvent/name	1140	0.0000427365166
http://www.schema.org/Corporation/image	1140	0.0000427365166
http://data-vocabulary.org/Product/offerCount	1136	0.0000425865639
http://www.data-vocabulary.org/Organization/name	1128	0.0000422866586
http://schema.org/aggregaterating/bestrating	1124	0.0000421367059
http://schema.org/aggregaterating/ratingcount	1124	0.0000421367059
http://schema.org/aggregaterating/ratingvalue	1124	0.0000421367059
http://schema.org/aggregaterating/rating	1124	0.0000421367059
http://microformats.org/profile/hcard/adr	1100	0.0000412369897
http://schema.org/AggregateRating/interactionCount	1096	0.0000410870370
http://schema.org/ApartmentComplex/url	1092	0.0000409370843
http://schema.org/MotorcycleDealer/address	1088	0.0000407871317
http://schema.org/MotorcycleDealer/description	1088	0.0000407871317
http://schema.org/MotorcycleDealer/aggregateRating	1088	0.0000407871317
http://schema.org/MotorcycleDealer/maps	1088	0.0000407871317
http://schema.org/MotorcycleDealer/name	1088	0.0000407871317
http://schema.org/AggregateRating/url	1088	0.0000407871317
http://schema.org/MotorcycleDealer/telephone	1088	0.0000407871317
http://schema.org/Article/jobTitle	1087	0.0000407496435
http://schema.org/Blog/copyrightYear	1087	0.0000407496435
http://schema.org/Blog/copyrightHolder	1087	0.0000407496435
http://schema.org/PostalAddress/geo	1085	0.0000406746671
http://schema.org/Restaurant/geo	1085	0.0000406746671
http://schema.org/Rating/bestrating	1071	0.0000401498327
http://schema.org/Rating/worstrating	1071	0.0000401498327
http://data-vocabulary.org/Event/tel	1071	0.0000401498327
http://schema.org/Photograph/url	1066	0.0000399623919
http://schema.org/MusicRecording/datePublished	1066	0.0000399623919
http://schema.org/MusicEvent/image	1062	0.0000398124392
http://schema.org/Person/nickname	1059	0.0000396999747
http://schema.org/NewsArticle/discussionUrl	1057	0.0000396249983
http://data-vocabulary.org/Offer/offerURL	1057	0.0000396249983
http://schema.org/JobPosting/incentives	1054	0.0000395125338
http://schema.org/TouristAttraction/url	1053	0.0000394750456
http://data-vocabulary.org/Review-aggregate/offerDetails	1053	0.0000394750456
http://data-vocabulary.org/Offer-aggregate/name	1053	0.0000394750456
http://data-vocabulary.org/Person/startDate	1048	0.0000392876048
http://webmaster.yandex.ru/vocabularies/term-def.xml/author	1046	0.0000392126284
http://schema.org/Organization/offers	1046	0.0000392126284
http://data-vocabulary.org/Person/gender	1043	0.0000391001639
http://schema.org/Article/genre	1042	0.0000390626757
http://schema.org/CollegeOrUniversity/email	1036	0.0000388377467
http://schema.org/MusicRecording/thumbnail	1026	0.0000384628650
http://schema.org/EducationEvent/aggregateRating	1025	0.0000384253768
http://schema.org/BlogPosting/comment	1021	0.0000382754241
http://www.data-vocabulary.org/Organization/address	1020	0.0000382379359
http://schema.org/TouristAttraction/reviews	1016	0.0000380879832
http://schema.org/Place/AdministrativeArea/City/name	1015	0.0000380504951
http://schema.org/Place/AdministrativeArea/City/description	1015	0.0000380504951
http://schema.org/AggregateRating/count	1013	0.0000379755187
http://www.data-vocabulary.org/Product/offerdetails	1006	0.0000377131015
http://schema.org/Person/reviews	1002	0.0000375631488
http://schema.org/ImageGallery/image	1001	0.0000375256607
http://data-vocabulary.org/Review-aggregate/url	1001	0.0000375256607
http://www.data-vocabulary.org/Organization/tel	1001	0.0000375256607
http://schema.org/JewelryStore/address	1000	0.0000374881725
http://www.schema.org/WholesaleStore/aggregateRating	1000	0.0000374881725
http://www.schema.org/WholesaleStore/name	1000	0.0000374881725
