http://rdf.data-vocabulary.org/Breadcrumb	2792914	0.0416283000
http://rdf.data-vocabulary.org/Review-aggregate	2339133	0.0348647077
http://rdf.data-vocabulary.org/Organization	2013852	0.0300164041
http://xmlns.com/foaf/0.1/Image	650253	0.0096920016
http://xmlns.com/foaf/0.1/Document	631233	0.0094085091
http://rdfs.org/sioc/nsItem	475774	0.0070913973
http://rdf.data-vocabulary.org/Rating	387064	0.0057691774
http://rdf.data-vocabulary.org/Review	364315	0.0054301042
http://www.w3.org/2004/02/skos/coreConcept	317318	0.0047296153
http://rdf.data-vocabulary.org/Product	312562	0.0046587273
http://rdfs.org/sioc/nsUserAccount	232250	0.0034616793
http://rdf.data-vocabulary.org/Address	188385	0.0028078728
http://rdf.data-vocabulary.org/review-aggregate	187648	0.0027968879
http://rdf.data-vocabulary.org/Geo	162562	0.0024229818
http://rdf.data-vocabulary.org/Person	151055	0.0022514703
http://rdfs.org/sioc/nsPost	109236	0.0016281593
http://schema.org/NewsArticle	90909	0.0013549959
http://rdf.data-vocabulary.org/Movie	82921	0.0012359350
http://purl.org/goodrelations/v1UnitPriceSpecification	73123	0.0010898961
http://www.w3.org/2006/vcard/nsVCard	70570	0.0010518437
http://rdf.data-vocabulary.org/rdf.xmlorganisation	69965	0.0010428262
http://rdfs.org/sioc/typesComment	69255	0.0010322437
http://search.yahoo.com/searchmonkey/product/Product	66700	0.0009941615
http://search.yahoo.com/searchmonkey/commerce/Business	65843	0.0009813880
http://purl.org/goodrelations/v1Offering	64366	0.0009593733
http://purl.org/goodrelations/v1BusinessEntity	60125	0.0008961613
http://www.w3.org/2006/vcard/nsAddress	59277	0.0008835219
http://xmlns.com/foaf/0.1/Agent	55254	0.0008235592
http://xmlns.com/foaf/0.1/Person	47058	0.0007013981
http:/rdf.data-vocabulary.orgReview-aggregate	45457	0.0006775352
http://xmlns.com/foaf/0.1/Group	40068	0.0005972123
http://rdfs.org/sioc/typesBlogPost	39675	0.0005913547
http://purl.org/ontology/mo/Track	39627	0.0005906393
http://purl.org/ontology/mo/Release	39029	0.0005817261
http://purl.org/ontology/mo/ReleaseEvent	39029	0.0005817261
http://purl.org/goodrelations/v1QuantitativeValue	37786	0.0005631992
http://rdf.data-vocabulary.org/Recipe	33105	0.0004934290
http://purl.org/goodrelations/v1LocationOfSalesOrServiceProvisioning	31487	0.0004693128
http://purl.org/dc/terms/DCMIType/Text	29044	0.0004329000
http://xmlns.com/foaf/0.1/Organization	27961	0.0004167579
http://www.w3.org/2002/07/owlThing	26234	0.0003910170
http://rdf.data-vocabulary.org/Offer	24956	0.0003719684
http://xmlns.com/foaf/0.1/person	23190	0.0003456463
http://www.w3.org/1999/xhtml	22013	0.0003281031
http://creativecommons.org/nsLicense	20452	0.0003048365
http://purl.org/ontology/mo/Record	19739	0.0002942092
http://purl.org/goodrelations/v1SomeItems	19689	0.0002934640
http://rdf.data-vocabulary.org/Event	19600	0.0002921374
http://purl.org/ontology/mo/Signal	19549	0.0002913773
http://purl.org/goodrelations/v1TypeAndQuantityNode	17732	0.0002642949
http://www.abmeta.org/nsBook	15748	0.0002347235
http://purl.org/ontology/mo/SignalGroup	15457	0.0002303861
http://rdf.data-vocabulary.org/Ingredient	13983	0.0002084162
http://vocab.org/bio/0.1/Birth	13005	0.0001938391
http://rdf.data-vocabulary.org/Nutrition	12612	0.0001879815
http://schema.org/Organization	12280	0.0001830330
http://purl.org/stuff/revReview	11825	0.0001762513
http://purl.org/goodrelations/v1OpeningHoursSpecification	11326	0.0001688137
http://purl.org/ontology/mo/MusicArtist	10863	0.0001619127
http://purl.org/ontology/mfo/CD	10167	0.0001515388
http://purl.org/goodrelations/v1ProductOrServicesSomeInstancesPlaceholder	9883	0.0001473058
http://dbpedia.org/class/yago/Person100007846	8639	0.0001287640
http://schema.org/Person	8593	0.0001280784
http://purl.org/goodrelations/v1DeliveryChargeSpecification	8385	0.0001249782
http://dbpedia.org/ontology/Person	7548	0.0001125027
http://purl.org/ontology/mfo/	7290	0.0001086572
http://purl.org/ontology/mo/MusicGroup	7098	0.0001057955
http://rdf.data-vocabulary.org/offeraggregate	6851	0.0001021140
http://rdfs.org/sioc/typesBoardPost	6361	0.0000948105
http://dbpedia.org/class/yago/LivingPeople	6177	0.0000920680
http://lod.openlinksw.com/describe/?url+AD0-http+ACU-3A+ACU-2F+ACU-2Fyago-knowledge.org+ACU-2Fresource+ACU-2Fwordnet-person-100007846	6053	0.0000902198
http://schema.org/CreativeWork	5883	0.0000876859
http://dbpedia.org/ontology/Work	5882	0.0000876710
http://www.opengis.net/gml/-Feature	5848	0.0000871643
http://xmlns.com/foaf/0.1/OnlineAccount	5812	0.0000866277
http://dbpedia.org/ontology/Organisation	5682	0.0000846900
http://commontag.org/nsTag	4915	0.0000732579
http://rdf.data-vocabulary.org+ACU-20review	4833	0.0000720357
http://www.w3.org/2002/07/owlOntology	4741	0.0000706645
http://schema.org/Article	4542	0.0000676984
http://schema.org/Place	4380	0.0000652838
http://dbpedia.org/ontology/Place	4379	0.0000652689
http://rdf.data-vocabulary.org/recipe	4255	0.0000634206
http://rdf.data-vocabulary.org/Instructions	4211	0.0000627648
http://rdf.data-vocabulary.org/ingredient	4122	0.0000614383
http://rdf.data-vocabulary.org/review	4049	0.0000603502
http://rdfs.org/sioc/nsContainer	3845	0.0000573096
http://lod.openlinksw.com/describe/?url+AD0-http+ACU-3A+ACU-2F+ACU-2Fyago-knowledge.org+ACU-2Fresource+ACU-2Fwikicategory-Living-people	3827	0.0000570413
http://purl.oclc.org/argot/Job	3757	0.0000559980
http://www.w3.org/2006/vcard/nsVCard	3757	0.0000559980
http://search.yahoo.com/searchmonkey/media/Video	3676	0.0000547907
http://vocab.org/bio/0.1/Death	3632	0.0000541349
http://dbpedia.org/ontology/PopulatedPlace	3543	0.0000528083
http://schema.org/MusicGroup	3408	0.0000507961
http://schema.org/Review	3132	0.0000466824
http://dbpedia.org/ontology/Settlement	2932	0.0000437014
http://rdf.data-vocabulary.org/rating	2847	0.0000424345
http://rdf.data-vocabulary.org/breadcrumb	2805	0.0000418084
http://www.w3.org/2002/12/cal/glean-hcalVevent	2739	0.0000408247
http://rdf.data-vocabulary.org/Prayer	2690	0.0000400944
http://rdf.data-vocabulary.org/PrayerTimes	2689	0.0000400795
http://purl.org/ontology/po/Service	2510	0.0000374115
http://x.myspacecdn.com/modules/sitesearch/static/rdf/profileschema.rdfUserProfile	2485	0.0000370389
http://purl.org/ontology/po/Broadcast	2463	0.0000367109
http://dbpedia.org/ontology/Artist	2266	0.0000337747
http://rdfs.org/sioc/nsnum-views	2047	0.0000305105
http://purl.org/ontology/po/Episode	2033	0.0000303018
http:/rdf.data-vocabulary.orgReview-aggregate	2030	0.0000302571
http://www.gazettes-online.co.uk/ontologyEdition	2005	0.0000298845
http://dbpedia.org/ontology/Software	1944	0.0000289753
http://dbpedia.org/ontology/Band	1942	0.0000289455
http://dbpedia.org/ontology/Company	1922	0.0000286474
http://rdfs.org/sioc/nsForum	1808	0.0000269482
http://www.w3.org/2002/12/cal/icaltzdVevent	1746	0.0000260241
http://rdf.data-vocabulary.org/Pricerange	1739	0.0000259197
http://purl.org/ontology/po/Role	1691	0.0000252043
http://dbpedia.org/ontology/MusicalArtist	1466	0.0000218507
http://purl.org/ontology/mfo/Vinyl	1412	0.0000210458
http://purl.org/ontology/po/Brand	1411	0.0000210309
http://umbel.org/umbel/rc/Business	1390	0.0000207179
http://purl.org/goodrelations/v1Location	1376	0.0000205092
http://rdf.data-vocabulary.org/Person	1361	0.0000202857
http://dbpedia.org/ontology/Athlete	1331	0.0000198385
http://dbpedia.org/ontology/Film	1327	0.0000197789
http://schema.org/Movie	1327	0.0000197789
http://rdfs.org/sioc/typesPoll	1203	0.0000179307
http://schema.org/Event	1197	0.0000178412
http://umbel.org/umbel/rc/SoftwareObject	1163	0.0000173345
http://dbpedia.org/ontology/Broadcaster	1136	0.0000169320
http://sw.nokia.com/FN-1/Retired	1104	0.0000164551
http://dbpedia.org/class/yago/GeoclassPopulatedPlace	1099	0.0000163806
http://dbpedia.org/class/yago/Actor109765278	1035	0.0000154266
http://dbpedia.org/class/yago/YagoGeoEntity	1023	0.0000152478
http://umbel.org/umbel/rc/Band-MusicGroup	1005	0.0000149795
