http://www.w3.org/1999/02/22-rdf-syntax-nstype	28584798	0.30026593655
http://www.facebook.com/2008/fbmlapp-id	24162133	0.25380852768
http://opengraphprotocol.org/schema/image	21675625	0.22768927179
http://opengraphprotocol.org/schema/site-name	20097300	0.21110992657
http://opengraphprotocol.org/schema/title	18901419	0.19854792321
http://opengraphprotocol.org/schema/type	17233967	0.18103235299
http://opengraphprotocol.org/schema/url	17153823	0.18019048896
http://www.facebook.com/2008/fbmladmins	14719301	0.15461731443
http://rdf.data-vocabulary.org/url	14567302	0.15302065728
http://rdf.data-vocabulary.org/title	13209446	0.13875720495
http://ogp.me/nstitle	11947095	0.12549697462
http://ogp.me/nsimage	11565222	0.12148563076
http://ogp.me/nssite-name	11481364	0.12060475342
http://ogp.me/nsurl	11406657	0.11982000177
http://opengraphprotocol.org/schema/description	11399817	0.11974815173
http://ogp.me/nstype	11188397	0.11752731307
http://ogp.me/nsdescription	9164133	0.09626364958
http://www.facebook.com/2008/fbmlpage-id	6116361	0.06424865636
http://rdf.data-vocabulary.org/name	3275025	0.03440214791
http://rdf.data-vocabulary.org/rating	2940617	0.03088939504
http://rdf.data-vocabulary.org/locality	2895216	0.03041248512
http://rdf.data-vocabulary.org/itemreviewed	2704870	0.02841301603
http://rdf.data-vocabulary.org/street-address	2702847	0.02839176564
http://rdf.data-vocabulary.org/count	2400365	0.02521437600
http://rdf.data-vocabulary.org/address	2392607	0.02513288293
http://purl.org/dc/terms/title	2181720	0.02291764312
http://rdf.data-vocabulary.org/postal-code	2086849	0.02192108090
http://ogp.me/ns/fbapp-id	1937219	0.02034930865
http://ogp.me/nslocale	1766461	0.01855559961
http://rdf.data-vocabulary.org/region	1662823	0.01746694538
http://www.w3.org/2000/01/rdf-schemalabel	1623398	0.01705280971
http://rdf.data-vocabulary.org/country-name	1463927	0.01537766374
http://ogp.me/ns/fbadmins	1249972	0.01313019645
http://creativecommons.org/nsattributionName	1213405	0.01274608233
http://creativecommons.org/nsattributionURL	1164657	0.01223401421
http://purl.org/rss/1.0/modules/content/encoded	1111273	0.01167324772
http://opengraphprotocol.org/schema/locale	1019900	0.01071342987
http://purl.org/dc/elements/1.1/title	987236	0.01037031439
http://opengraphprotocol.org/schema/locality	943145	0.00990716523
http://opengraph.org/schema/site-name	941050	0.00988515852
http://opengraph.org/schema/title	888276	0.00933079972
http://purl.org/dc/elements/1.1/type	887047	0.00931788982
http://rdf.data-vocabulary.org/average	878754	0.00923077689
http://opengraphprotocol.org/schema/latitude	827692	0.00869440160
http://opengraphprotocol.org/schema/longitude	826916	0.00868625019
http://purl.org/dc/terms/date	819186	0.00860505124
http://opengraph.org/schema/url	807885	0.00848634110
http://opengraph.org/schema/image	806500	0.00847179252
http://opengraphprotocol.org/schema/street-address	798488	0.00838763133
http://rdf.data-vocabulary.org/nickname	791315	0.00831228332
http://opengraph.org/schema/type	788366	0.00828130587
http://opengraph.org/schema/description	784456	0.00824023369
http://opengraphprotocol.org/schema/postal-code	781316	0.00820724990
http://rdf.data-vocabulary.org/role	774697	0.00813772132
http://xmlns.com/foaf/0.1/name	762882	0.00801361193
http://rdf.data-vocabulary.org/best	720957	0.00757321527
http://purl.org/dc/terms/created	716251	0.00752378160
http://opengraphprotocol.org/schema/region	702101	0.00737514445
http://opengraphprotocol.org/schema/country-name	698069	0.00733279074
http://rdf.data-vocabulary.org/description	624049	0.00655525561
http://rdf.data-vocabulary.org/photo	621847	0.00653212494
http://rdf.data-vocabulary.org/summary	613514	0.00644459184
http://rdfs.org/sioc/nshas-creator	608283	0.00638964336
http://rdf.data-vocabulary.org/tel	573289	0.00602205265
http://www.w3.org/2004/02/skos/coreprefLabel	525277	0.00551771576
http://developers.facebook.com/schema/app-id	520546	0.00546801948
http://opengraphprotocol.org/schema/app-id	467611	0.00491196946
http://rdfs.org/sioc/nsnum-replies	434449	0.00456362280
http://rdfs.org/sioc/nsreply-of	398341	0.00418433020
http://rdf.data-vocabulary.org/dtreviewed	395375	0.00415317417
http://purl.org/ontology/mo/duration	378670	0.00397769829
http://developers.facebook.com/schema/admins	372799	0.00391602700
http://opengraphprotocol.org/schema/phone-number	368794	0.00387395691
http://rdf.data-vocabulary.org/votes	368203	0.00386774882
http://ogp.me/ns/fbpage-id	367069	0.00385583684
http://purl.org/ontology/mo/track-number	362165	0.00380432329
http://rdf.data-vocabulary.org/reviewer	358785	0.00376881845
http://ogp.me/nslocality	329055	0.00345652286
http://rdf.data-vocabulary.org/child	319808	0.00335938874
http://mixi-platform.com/nsdevice-mobile	300328	0.00315476318
http://www.facebook.com/2008/fbmladmin-id	291555	0.00306260814
http://rdf.data-vocabulary.org/price	289024	0.00303602153
http://ogp.me/nscountry-name	286423	0.00300869960
http://ogp.me/nsregion	283096	0.00297375149
http://rdf.data-vocabulary.org/category	273326	0.00287112357
http://ogp.me/nslatitude	271887	0.00285600775
http://ogp.me/nslongitude	271869	0.00285581867
http://purl.org/ontology/mo/publication-of	271079	0.00284752020
http://rdf.data-vocabulary.org/startDate	258300	0.00271328457
http://creativecommons.org/nsmorePermissions	256401	0.00269333673
http://purl.org/dc/elements/1.1/source	256309	0.00269237033
http://purl.org/dc/terms/type	255772	0.00268672947
http://ogp.me/nsstreet-address	244862	0.00257212655
http://opengraphprotocol.org/schema/email	244398	0.00256725251
http://ogp.me/nsemail	232960	0.00244710327
http://opengraphprotocol.org/schema/language	232187	0.00243898337
http://rdf.data-vocabulary.org/location	211471	0.00222137438
http://www.w3.org/2000/01/rdf-schemaseeAlso	201794	0.00211972337
http://xmlns.com/foaf/0.1/page	200509	0.00210622523
http://rdf.data-vocabulary.org/latitude	192190	0.00201883919
http://rdf.data-vocabulary.org/longitude	192149	0.00201840851
http://purl.org/dc/terms/isFormatOf	188095	0.00197582370
http://rdf.data-vocabulary.org/geo	185809	0.00195181066
http://dbpedia.org/ontology/wikiPageRedirects	184733	0.00194050793
http://mixi-platform.com/nstitle	181632	0.00190793381
http://ogp.me/nspostal-code	176805	0.00185722911
http://rdf.data-vocabulary.org/pricerange	175325	0.00184168261
http://xmlns.com/foaf/0.1/depiction	171088	0.00179717550
http://rdf.data-vocabulary.org/value	164061	0.00172336113
http://mixi-platform.com/nsdevice-smartphone	160057	0.00168130154
http://www.w3.org/2000/01/rdf-schemacomment	159830	0.00167891705
http://schema.org/name	159282	0.00167316064
http://ogp.me/nsauthor	159226	0.00167257239
http://rdf.data-vocabulary.org/image	156308	0.00164192058
http://purl.org/dc/terms/format	153380	0.00161116372
http://gree.jp/nsfeature-phone-url	153315	0.00161048093
http://xmlns.com/foaf/0.1/homepage	152656	0.00160355854
http://gree.jp/nssmart-phone-url	151356	0.00158990283
http://rdf.data-vocabulary.org/brand	150931	0.00158543846
http://purl.org/dc/terms/publisher	146950	0.00154362047
http://ogp.me/nsphone-number	143041	0.00150255880
http://schema.org/articleBody	139558	0.00146597200
http://purl.org/dc/terms/subject	138503	0.00145488987
http://purl.org/dc/terms/extent	137078	0.00143992111
http://xmlns.com/foaf/0.1/maker	121994	0.00128147285
http://www.w3.org/2006/vcard/nsadr	116111	0.00121967551
http://mixi-platform.com/nsdescription	111020	0.00116619765
http://rdf.data-vocabulary.org/amount	109166	0.00114672251
http://opengraphprotocol.org/schema/video	108351	0.00113816143
http://www.w3.org/2006/vcard/nsfn	107528	0.00112951631
http://rdf.data-vocabulary.org/street	96763	0.00101643653
http://developers.facebook.com/schema/page-id	96208	0.00101060659
http://www.w3.org/2006/vcard/nslocality	96045	0.00100889437
http://purl.org/goodrelations/v1hasUnitOfMeasurement	95643	0.00100467161
http://purl.org/dc/elements/1.1/description	95202	0.00100003917
http://purl.org/goodrelations/v1hasCurrency	94978	0.00099768619
http://purl.org/goodrelations/v1hasCurrencyValue	91775	0.00096404062
http://search.yahoo.com/searchmonkey/media/thumbnail	89614	0.00094134063
http://purl.org/goodrelations/v1name	89390	0.00093898764
http://search.yahoo.com/searchmonkey/media/image	88697	0.00093170810
http://opengraphprotocol.org/schema/img	88106	0.00092550000
http://opengraphprotocol.org/schema/fax-number	86164	0.00090510047
http://purl.org/dc/elements/1.1/creator	83869	0.00088099289
http://mixi-platform.com/nsdevice-docomo	83475	0.00087685416
http://mixi-platform.com/nsdevice-au	83460	0.00087669659
http://mixi-platform.com/nsdevice-softbank	83459	0.00087668609
http://ogp.me/nsurl	83001	0.00087187508
http://rdf.data-vocabulary.org/worst	82170	0.00086314593
http://ogp.me/nsimage	81453	0.00085561428
http://ogp.me/nsdescription	81392	0.00085497351
http://ogp.me/nssite-name	81370	0.00085474241
http://ogp.me/nstitle	81339	0.00085441678
http://purl.org/dc/terms/conformsTo	78827	0.00082802974
http://ogp.me/nslanguage	78338	0.00082289310
http://purl.org/dc/terms/rights	77586	0.00081499379
http://opengraphprotocol.org/schema/section	76659	0.00080525622
http://purl.org/goodrelations/v1hasPriceSpecification	76483	0.00080340745
http://purl.org/dc/terms/source	76467	0.00080323938
http://rdf.data-vocabulary.org/addr	74247	0.00077991963
http://rdf.data-vocabulary.org/directedBy	71253	0.00074846948
http://purl.org/goodrelations/v1hasBusinessFunction	70196	0.00073736633
http://dbpedia.org/ontology/birthPlace	69594	0.00073104269
http://rdf.data-vocabulary.org/genre	67349	0.00070746033
http://purl.org/goodrelations/v1description	66509	0.00069863664
http://ogp.me/nsfax-number	66367	0.00069714501
http://purl.org/dc/terms/creator	65907	0.00069231299
http://rdf.data-vocabulary.org/starring	65833	0.00069153567
http://opengraphprotocol.org/schema/author	65151	0.00068437167
http://www.w3.org/2006/vcard/nslongitude	64730	0.00067994932
http://www.w3.org/2006/vcard/nslatitude	64729	0.00067993882
http://www.w3.org/2006/vcard/nsgeo	63309	0.00066502258
http://purl.org/dc/terms/description	63072	0.00066253304
http://search.yahoo.com/searchmonkey/commerce/businessCategory	59597	0.00062603028
http://search.yahoo.com/searchmonkey/media/video	59146	0.00062129280
http://www.w3.org/2006/vcard/nstel	58633	0.00061590404
http://dbpedia.org/property/placeOfBirth	57943	0.00060865601
http://mixi-platform.com/nsimage	56281	0.00059119771
http://xmlns.com/foaf/0.1/isPrimaryTopicOf	55327	0.00058117652
http://www.w3.org/2006/vcard/nsstreet-address	54611	0.00057365538
http://purl.org/goodrelations/v1legalName	54168	0.00056900193
http://www.facebook.com/2008/fbml/app-id	54040	0.00056765737
http://xmlns.com/foaf/0.1/primarytopic	52899	0.00055567186
http://purl.org/ontology/mo/track	52746	0.00055406468
http://purl.org/goodrelations/v1hasStockKeepingUnit	52342	0.00054982091
http://www.facebook.com/2008/fbmlttl	52085	0.00054712128
http://search.yahoo.com/searchmonkey/product/salePrice	51747	0.00054357080
http://search.yahoo.co.jp/searchmonkey/shopping/point	51383	0.00053974720
http://purl.org/dc/terms/issued	51187	0.00053768834
http://purl.org/goodrelations/v1hasMinValue	51009	0.00053581855
http://purl.org/dc/terms/language	50978	0.00053549292
http://xmlns.com/foaf/0.1/primaryTopic	49904	0.00052421120
http://rdf.data-vocabulary.org/runtime	49854	0.00052368598
http://opengraphprotocol.org/schema/isbn	49713	0.00052220486
http://purl.org/goodrelations/v1validThrough	48737	0.00051195258
http://opengraphprotocol.org/schema/upc	47434	0.00049826535
http://www.w3.org/2006/vcard/nsregion	47427	0.00049819182
http://dbpedia.org/ontology/abstract	46490	0.00048834921
http://dbpedia.org/property/birthPlace	46045	0.00048367475
http://www.w3.org/2006/vcard/nsurl	45502	0.00047797087
http://purl.org/goodrelations/v1hasInventoryLevel	45495	0.00047789733
http://dbpedia.org/property/genre	45427	0.00047718304
http://purl.org/ontology/mo/release-event	45412	0.00047702547
http://xmlns.com/foaf/0.1/publications	43842	0.00046053357
http://rdf.data-vocabulary.org/Rating	43768	0.00045975625
http://ogp.me/ns/fbapp-id	43140	0.00045315949
http://dbpedia.org/ontology/genre	43031	0.00045201451
http:/purl.orgdcelements1.1type	41950	0.00044065926
http://purl.org/ontology/mo/publishing-location	41510	0.00043603733
http://www.w3.org/2006/vcard/nsphoto	40922	0.00042986075
http://search.yahoo.com/searchmonkey/media/title	39428	0.00041416719
http://search.yahoo.com/searchmonkey/media/width	38055	0.00039974466
http://purl.org/dc/elements/1.1/date	37388	0.00039273823
http:/purl.orgdcelements1.1title	37355	0.00039239158
http://search.yahoo.com/searchmonkey/media/height	37158	0.00039032221
http://opengraphprotocol.org/schemasite-name	37106	0.00038977599
http://opengraphprotocol.org/schematitle	37084	0.00038954489
http://opengraphprotocol.org/schemaurl	36928	0.00038790620
http://opengraphprotocol.org/schematype	36909	0.00038770662
http://purl.org/dc/elements/1.1/created	36803	0.00038659316
http://rdf.data-vocabulary.org/affiliation	36734	0.00038586835
http://commontag.org/nsmeans	36567	0.00038411412
http://opengraphprotocol.org/schemaimage	36046	0.00037864133
http://www.facebook.com/2008/fbmlappid	36030	0.00037847326
http://xmlns.com/foaf/0.1/depicts	35585	0.00037379881
http://purl.org/dc/terms/identifier	35429	0.00037216012
http://dbpedia.org/ontology/wikiPageExternalLink	34464	0.00036202338
http://rdf.data-vocabulary.org/eventType	34460	0.00036198136
http://ogp.me/nsupc	34379	0.00036113051
http://dbpedia.org/property/wikiPageUsesTemplate	34270	0.00035998553
http://www.facebook.com/2008/fbml/admins	33669	0.00035367239
http://www.w3.org/2006/vcard/nscountry-name	32304	0.00033933389
http://search.yahoo.com/searchmonkey/commerce/access	31716	0.00033315731
http://www.w3.org/2006/vcard/nspostal-code	30912	0.00032471178
http://purl.org/dc/elements/1.1/publisher	30787	0.00032339873
http://ogp.me/nscounty-name	30573	0.00032115079
http://www.w3.org/2002/12/cal/icaltzddtstart	29455	0.00030940688
http://commontag.org/nslabel	29373	0.00030854552
http://rdf.data-vocabulary.org/instructions	29172	0.00030643414
http://opengraphprotocol.org/schema/admins	28894	0.00030351392
http://www.w3.org/2002/12/cal/icaltzdsummary	28727	0.00030175968
http://www.w3.org/2002/12/cal/icaltzdlocation	28724	0.00030172817
http://opengraphprotocol.org/schemadescription	28572	0.00030013150
http://www.w3.org/2002/12/cal/icaltzddescription	28508	0.00029945922
http://purl.org/goodrelations/v1acceptedPaymentMethods	28412	0.00029845080
http://purl.org/vocab/frbr/coretranslationOf	28112	0.00029529948
http://search.yahoo.com/searchmonkey/commerce/ambience	28020	0.00029433308
http://rdf.data-vocabulary.org+ACU-20dtreviewed	27854	0.00029258935
http://rdf.data-vocabulary.org+ACU-20description	27850	0.00029254733
http://purl.org/ontology/mo/label	27837	0.00029241077
http://dbpedia.org/ontology/thumbnail	27511	0.00028898634
http://purl.org/goodrelations/v1eligibleRegions	27400	0.00028782035
http://purl.org/ontology/mo/catalogue-number	27232	0.00028605562
http://search.yahoo.com/searchmonkey/commerce/priceRangeDetail	27101	0.00028467954
http://rdf.data-vocabulary.org/currency	26706	0.00028053031
http://rdf.data-vocabulary.org/initialReleaseDate	26527	0.00027865002
http://purl.org/goodrelations/v1hasOpeningHoursDayOfWeek	25863	0.00027167510
http://purl.org/goodrelations/v1closes	25859	0.00027163308
http://purl.org/goodrelations/v1opens	25842	0.00027145451
http://dbpedia.org/property/name	25788	0.00027088727
http://opengraphprotocol.org/schema/country	25219	0.00026491027
http://search.yahoo.com/searchmonkey/media/presentation	24557	0.00025795637
http://rdfs.org/sioc/nshas-owner	24326	0.00025552985
http://rdf.data-vocabulary.org/offerDetails	24297	0.00025522522
http://purl.org/goodrelations/v1validFrom	23739	0.00024936377
http://search.yahoo.com/searchmonkey/commerce/features	23670	0.00024863897
http://dbpedia.org/ontology/location	23662	0.00024855493
http://creativecommons.org/nslicense	22982	0.00024141195
http://purl.org/goodrelations/v1valueAddedTaxIncluded	22605	0.00023745179
http://purl.org/dc/elements/1.1/identifier	22232	0.00023353365
http://ogp.me/nsadmins	21929	0.00023035082
http://dbpedia.org/property/location	21682	0.00022775624
http://rdf.data-vocabulary.org/totalTime	21568	0.00022655874
http://dbpedia.org/ontology/deathPlace	21443	0.00022524569
http://ogp.me/nsisbn	21089	0.00022152713
http://purl.org/goodrelations/v1hasPOS	20792	0.00021840733
http://ogp.me/nssitename	20700	0.00021744092
http://rdf.data-vocabulary.org/review	19983	0.00020990927
http://opengraphprotocol.org/schema/site-map	19836	0.00020836513
http://rdf.data-vocabulary.org/yield	19531	0.00020516129
http://mixi-platform.com/nscontent-rating	19394	0.00020372219
http://dbpedia.org/property/artist	19365	0.00020341756
http://opengraphprotocol.org/schema/country-name	19337	0.00020312344
http://purl.org/ontology/mo/record	19066	0.00020027675
http://rdf.data-vocabulary.org/ingredient	19062	0.00020023473
http://rdf.data-vocabulary.org/published	18616	0.00019554977
http://search.yahoo.com/searchmonkey/media/game	18413	0.00019341738
http://www.w3.org/1999/xhtmlapp-id	18075	0.00018986689
http://www.w3.org/1999/xhtmlsite-name	18075	0.00018986689
http://purl.org/dc/terms/hasFormat	17956	0.00018861687
http://ogp.me/nsupdated-time	17808	0.00018706222
http://www.facebook.com/2008/fbapp-id	17741	0.00018635843
http://rdf.data-vocabulary.org/movieRating	17545	0.00018429957
http://purl.org/goodrelations/v1includesObject	17514	0.00018397393
http://www.w3.org/1999/xhtmlimage	17256	0.00018126380
http://www.w3.org/1999/xhtmltitle	17255	0.00018125329
http://www.w3.org/1999/xhtmlisbn	17247	0.00018116926
http://www.w3.org/1999/xhtmltype	17190	0.00018057051
http://ogp.me/ns/bookauthor	17016	0.00017874274
http://ogp.me/ns/bookisbn	17016	0.00017874274
http://rdf.data-vocabulary.org/prepTime	16981	0.00017837509
http://purl.org/ontology/mo/published-as	16898	0.00017750322
http://purl.org/goodrelations/v1amountOfThisGood	16808	0.00017655783
http://purl.org/goodrelations/v1typeOfGood	16756	0.00017601160
http://vocab.org/bio/0.1/date	16737	0.00017581202
http://dbpedia.org/ontology/isPartOf	16731	0.00017574899
http://dbpedia.org/ontology/wikiPageDisambiguates	16647	0.00017486662
http://dbpedia.org/ontology/occupation	16553	0.00017387921
http://opengraphprotocol.org/schemaisbn	16511	0.00017343802
http://ogp.me/ns/fbappid	16496	0.00017328046
http://rdf.data-vocabulary.org/calories	16378	0.00017204094
http://dbpedia.org/ontology/type	16322	0.00017145269
http://dbpedia.org/ontology/recordLabel	16284	0.00017105353
http://dbpedia.org/property/placeOfDeath	16188	0.00017004511
http://dbpedia.org/property/subdivisionName	16131	0.00016944635
http://rdf.data-vocabulary.org/recipeType	15861	0.00016661017
http://purl.org/dc/terms/available	15817	0.00016614798
http://www.abmeta.org/nsisbn	15726	0.00016519208
http://www.abmeta.org/nsyear	15712	0.00016504501
http://www.w3.org/1999/02/22-rdf-syntax-nssubject	15635	0.00016423618
http://xmlns.com/foaf/0.1/made	15459	0.00016238740
http://dbpedia.org/ontology/country	15370	0.00016145251
http://ogp.me/nscount	15288	0.00016059115
http://ogp.me/ns/fbsite-name	15269	0.00016039157
http://ogp.me/ns/fbtype	15257	0.00016026552
http://ogp.mc/nsurl	15130	0.00015893146
http://ogp.mc/nstitle	15130	0.00015893146
http://ogp.mc/nsdescription	15130	0.00015893146
http://ogp.mc/nssite-name	15130	0.00015893146
http://ogp.mc/nsimage	15130	0.00015893146
http://ogp.mc/nstype	15127	0.00015889994
http://yago-knowledge.org/resource/hasPreferredName	14997	0.00015753437
http://dbpedia.org/property/deathPlace	14994	0.00015750286
http://yago-knowledge.org/resource/hasWikipediaUrl	14981	0.00015736630
http://yago-knowledge.org/resource/hasPreferredMeaning	14968	0.00015722975
http://purl.org/dc/terms/SizeOrDuration	14963	0.00015717722
http://dbpedia.org/property/label	14896	0.00015647343
http://purl.org/dc/elements/1.1/subject	14871	0.00015621082
http://opengraphprotocol.org/schema/price	14803	0.00015549652
http://opengraphprotocol.org/schema/medium	14680	0.00015420448
http://opengraphprotocol.org/schema/vertical-size	14642	0.00015380531
http://opengraphprotocol.org/schema/horizontal-size	14642	0.00015380531
http://purl.org/dc/terms/abstract	14634	0.00015372128
http://rdf.data-vocabulary.org/author	14566	0.00015300698
http://dbpedia.org/ontology/producer	14547	0.00015280740
http://opengraphprotocol.org/schema/count	14339	0.00015062248
http://search.yahoo.com/searchmonkey/media/type	14291	0.00015011827
http://rdf.data-vocabulary.org/Review	14202	0.00014918338
http://dbpedia.org/ontology/artist	14167	0.00014881573
http://rdf.data-vocabulary.org/datetime	14132	0.00014844807
http://search.yahoo.com/searchmonkey/product/listPrice	14036	0.00014743965
http://purl.org/stuff/revtotalRatings	13970	0.00014674636
http://rdf.data-vocabulary.org/endDate	13836	0.00014533877
http://dbpedia.org/ontology/team	13667	0.00014356353
http://www.w3.org/2002/07/owlsameAs	13596	0.00014281772
http://purl.org/goodrelations/v1hasBrand	13565	0.00014249208
http://rdf.data-vocabulary.org/nutrition	13487	0.00014167274
http://ogp.me/ns/fbdescription	13231	0.00013898362
http://dbpedia.org/property/wordnet-type	12982	0.00013636802
http://purl.org/goodrelations/v1includes	12657	0.00013295410
http://dbpedia.org/property/occupation	12646	0.00013283855
http://ogp.me/ns/fbtitle	12575	0.00013209274
http://purl.org/goodrelations/v1hasEAN-UCC-13	12564	0.00013197719
http://schema.org/url	12536	0.00013168306
http://purl.org/stuff/revhasReview	12439	0.00013066414
http://ogp.me/ns/fburl	12416	0.00013042254
http://purl.org/stuff/revrating	12414	0.00013040153
http://rdf.data-vocabulary.org/carbohydrates	12410	0.00013035951
http://purl.org/dc/elements/1.1/language	12379	0.00013003387
http://purl.org/dc/elements/1.1/rights	12334	0.00012956118
http://rdf.data-vocabulary.org/protein	12281	0.00012900444
http://rdf.data-vocabulary.org/fat	12263	0.00012881536
http://vocab.org/bio/0.1/event	12250	0.00012867881
http://xmlns.com/foaf/0.1/age	12202	0.00012817460
http://www.w3.org/2003/01/geo/wgs84-poslat	12201	0.00012816409
http://rdfs.org/sioc/nshas-container	12192	0.00012806955
http://rdf.data-vocabulary.org/cookTime	12151	0.00012763887
http://dbpedia.org/property/type	12044	0.00012651490
http://ogp.me/ns/fbimage	12020	0.00012626280
http://www.w3.org/2003/01/geo/wgs84-poslong	12016	0.00012622078
http://dbpedia.org/property/clubs	11840	0.00012437201
http://dbpedia.org/property/cityofbirth	11373	0.00011946646
http://rdf.data-vocabulary.org/instruction	11346	0.00011918284
http://dbpedia.org/ontology/starring	11305	0.00011875216
http://dbpedia.org/property/starring	10751	0.00011293272
http://purl.org/goodrelations/v1hasMPN	10701	0.00011240750
http://purl.org/dc/terms/modified	10595	0.00011129404
http://dbpedia.org/ontology/hometown	10443	0.00010969737
http://open.vocab.org/terms/sortLabel	10360	0.00010882551
http://www.abmeta.org/nsdescription	10200	0.00010714480
http://www.abmeta.org/nstags	10182	0.00010695572
http://www.abmeta.org/nslink	10171	0.00010684018
http://www.facebook.com/2008/fbml	10126	0.00010636748
http://purl.org/ontology/po/role	10113	0.00010623092
http://dbpedia.org/property/title	10060	0.00010567419
http://rdfs.org/sioc/nslast-activity-date	10059	0.00010566368
http://purl.org/stuff/revminRating	10053	0.00010560066
http://ogp.me/ns/fblocale	10030	0.00010535906
http://purl.org/stuff/revmaxRating	10026	0.00010531704
http://dbpedia.org/property/producer	10024	0.00010529603
http://dbpedia.org/property/origin	9982	0.00010485485
http://xmlns.com/foaf/0.1/givenName	9790	0.00010283800
http://purl.org/dc/terms/license	9722	0.00010212370
http://rdf.data-vocabulary.org/review-aggregate	9708	0.00010197664
http:/purl.orgdctermstitle	9455	0.00009931903
http://dbpedia.org/property/city	9375	0.00009847868
http://rdf.data-vocabulary.org/hasReview	9317	0.00009786942
http://xmlns.com/foaf/0.1/surname	9298	0.00009766984
http://www.w3.org/2000/01/rdf-schemasubClassOf	9266	0.00009733370
http://yago-knowledge.org/resource/isCalled	9241	0.00009707109
http://dbpedia.org/ontology/order	9167	0.00009629377
http://schema.org/articleSection	9062	0.00009519080
http://opengraphprotocol.org/schema/keywords	8989	0.00009442398
http://ogp.me/nsdate	8903	0.00009352061
http://ogp.me/nswp-id	8903	0.00009352061
http://dbpedia.org/property/publisher	8822	0.00009266975
http://purl.org/goodrelations/v1hasOpeningHoursSpecification	8798	0.00009241764
http://opengraphprotocol.org/schema/updated-time	8735	0.00009175587
http://dbpedia.org/property/format	8711	0.00009150376
http://rdf.data-vocabulary.org/cholesterol	8676	0.00009113611
http://dbpedia.org/ontology/city	8564	0.00008995962
http://purl.org/dc/terms/spatial	8558	0.00008989659
http://ogp.me/nsvideo	8528	0.00008958146
http://opengraphprotocol.org/schema/tags	8462	0.00008888817
http://xmlns.com/foaf/0.1/account	8457	0.00008883565
http://commontag.org/nstagged	8445	0.00008870959
http://www.facebook.com/2008/fbmlimage	8445	0.00008870959
http://rdf.data-vocabulary.org/name	8394	0.00008817387
http://dbpedia.org/property/dateOfBirth	8286	0.00008703940
http://search.yahoo.com/searchmonkey/product/currency	8262	0.00008678729
http://dbpedia.org/property/position	8179	0.00008591543
http://purl.org/goodrelations/v1availableAtOrFrom	8047	0.00008452885
http://dbpedia.org/property/caption	8005	0.00008408766
http://rdf.data-vocabulary.org/org	8003	0.00008406665
http://dbpedia.org/property/region	7903	0.00008301621
http://purl.org/dc/elements/1.1/format	7866	0.00008262755
http://rdf.data-vocabulary.org/availability	7818	0.00008212334
http://dbpedia.org/ontology/writer	7781	0.00008173468
http://rdf.data-vocabulary.org/condition	7719	0.00008108341
http://rdfs.org/sioc/nscontent	7715	0.00008104139
http://opengraphprotocol.org/schema/ccsprodid	7701	0.00008089433
http://opengraphprotocol.org/schema/postal-code	7545	0.00007925564
http://purl.org/dc/elements/1.1/abstract	7537	0.00007917161
http://dbpedia.org/ontology/associatedMusicalArtist	7531	0.00007910858
http://dbpedia.org/ontology/associatedBand	7531	0.00007910858
http://purl.org/ontology/mo/tgin	7447	0.00007822621
http://dbpedia.org/ontology/publisher	7429	0.00007803713
http://opengraph.org/schema/locality	7365	0.00007736485
http://opengraph.org/schema/postal-code	7364	0.00007735435
http://opengraph.org/schema/region	7364	0.00007735435
http://opengraph.org/schema/street-address	7360	0.00007731233
http://opengraph.org/schema/latitude	7353	0.00007723880
http://dbpedia.org/ontology/industry	7345	0.00007715476
http://purl.org/goodrelations/v1category	7329	0.00007698669
http://purl.org/goodrelations/v1hasManufacturer	7234	0.00007598878
http://www.loc.gov/loc.terms/relators/aut	7206	0.00007569465
http://purl.org/ontology/po/participant	7205	0.00007568415
http://dbpedia.org/property/writer	7160	0.00007521145
http://dbpedia.org/property/ordo	7031	0.00007385638
http://opengraphprotocol.org/schema/sitename	6994	0.00007346772
http:/purl.orgdctermstype	6992	0.00007344671
http://yago-knowledge.org/resource/hasGender	6933	0.00007282695
http://schema.org/keywords	6915	0.00007263787
http://dbpedia.org/ontology/birthDate	6895	0.00007242779
http://rdf.data-vocabulary.org/fiber	6865	0.00007211265
http://www.w3.org/1999/02/22-rdf-syntax-nsgeo	6850	0.00007195509
http://ogp.me/nsapp-id	6821	0.00007165046
http://dbpedia.org/property/language	6741	0.00007081011
http://dbpedia.org/ontology/recordedIn	6703	0.00007041094
http://yago-knowledge.org/resource/hasGivenName	6699	0.00007036893
http://yago-knowledge.org/resource/hasFamilyName	6682	0.00007019035
http://schema.org/headline	6663	0.00006999077
http://www.w3.org/2004/02/skos/corebroader	6654	0.00006989623
http://search.yahoo.com/searchmonkey/product/manufacturer	6641	0.00006975967
http://dbpedia.org/ontology/region	6633	0.00006967564
http://purl.org/goodrelations/v1availableDeliveryMethods	6616	0.00006949706
http://dbpedia.org/property/website	6608	0.00006941303
http://rdf.data-vocabulary.org/offerurl	6573	0.00006904537
http://purl.org/dc/terms/hasPart	6571	0.00006902436
http://purl.org/dc/elements/1.1/relation.isPartOf	6516	0.00006844662
http://dbpedia.org/property/industry	6413	0.00006736467
http://dbpedia.org/property/associatedActs	6393	0.00006715458
http://www.facebook.com/2008/fbmldescription	6374	0.00006695500
http://dbpedia.org/ontology/family	6298	0.00006615666
http://dbpedia.org/ontology/format	6214	0.00006527429
http://dbpedia.org/ontology/musicalBand	6110	0.00006418184
http://dbpedia.org/ontology/musicalArtist	6110	0.00006418184
http://dbpedia.org/ontology/computingPlatform	6073	0.00006379318
http://dbpedia.org/property/country	6043	0.00006347804
http://schema.org/author	5999	0.00006301585
http://opengraphprotocol.org/schema/created-time	5996	0.00006298434
http://search.yahoo.com/searchmonkey/media/document	5909	0.00006207046
http://dbpedia.org/ontology/language	5908	0.00006205995
http://yago-knowledge.org/resource/wasBornOnDate	5892	0.00006189188
http://www.facebook.com/2008/fbmadmins	5887	0.00006183936
http://schema.org/inLanguage	5852	0.00006147170
http://schema.org/publisher	5852	0.00006147170
http://www.georss.org/georss/point	5848	0.00006142969
http://schema.org/ArticleBody	5845	0.00006139817
http://dbpedia.org/property/developer	5822	0.00006115657
http://search.yahoo.com/searchmonkey/media/region	5822	0.00006115657
http://dbpedia.org/property/stadium	5760	0.00006050530
http://www.w3.org/2003/01/geo/wgs84-posgeometry	5743	0.00006032673
http://opengraphprotocol.org/schema/street-address	5738	0.00006027420
http://dbpedia.org/ontology/product	5703	0.00005990655
http://www.abmeta.org/nstitle	5669	0.00005954940
http://www.abmeta.org/nsauthor	5651	0.00005936032
http://rdf.data-vocabulary.org/priceValidUntil	5649	0.00005933931
http://xmlns.com/foaf/0.1/gender	5634	0.00005918175
http://ogp.me/ns/articlepublished-time	5590	0.00005871955
http://dbpedia.org/ontology/timeZone	5575	0.00005856199
http://dbpedia.org/property/birthDate	5555	0.00005835190
http://dbpedia.org/property/religion	5478	0.00005754306
http://opengraphprotocol.org/schema/desription	5474	0.00005750104
http://dbpedia.org/ontology/nationality	5451	0.00005725944
http://purl.org/dc/elements/1.1/relation	5443	0.00005717541
http://opengraphprotocol.org/schema/musician	5408	0.00005680775
http://likemastr.com/api/nscategories	5406	0.00005678675
http://www.facebook.com/2008/fmlapp-id	5367	0.00005637707
http://dbpedia.org/property/director	5353	0.00005623001
http://purl.org/goodrelations/v1condition	5332	0.00005600942
http://search.yahoo.com/searchmonkey/product/hascurrency	5320	0.00005588337
http://opengraphprotocol.org/schema/logo	5277	0.00005543168
http://xmlns.com/foaf/0.1/firstName	5265	0.00005530563
http://dbpedia.org/property/platforms	5229	0.00005492747
http://schema.org/datePublished	5200	0.00005462284
http://dbpedia.org/property/familia	5195	0.00005457032
http://dbpedia.org/property/network	5117	0.00005375098
http://purl.org/goodrelations/v1isListPrice	5097	0.00005354089
http://www.facebook.com/2008/fbmldapp-id	5058	0.00005313122
http://dbpedia.org/ontology/developer	5039	0.00005293163
http://dbpedia.org/property/distributor	5032	0.00005285810
http://dbpedia.org/ontology/distributor	5030	0.00005283709
http://ogp.me/nsband	5019	0.00005272155
http://rdf.data-vocabulary.org/trailerUrl	5008	0.00005260600
http://dbpedia.org/property/timezone	4847	0.00005091479
http://rdf.data-vocabulary.org+ACU-20itemreviewed	4833	0.00005076773
http://dbpedia.org/ontology/religion	4791	0.00005032654
http://rdf.data-vocabulary.org/title	4750	0.00004989586
http://www.facebook.com/2008/fbml+ACU-20xml:lang+AD0-app-id	4707	0.00004944418
http://gree.jp/nssmall-image-1	4696	0.00004932863
http://www.w3.org/2006/vcard/nsgiven-name	4686	0.00004922358
http://gree.jp/nsimage-1	4682	0.00004918157
http://purl.org/dc/elements/1.1/contributor	4675	0.00004910803
http://gree.jp/nssmall-image-2	4656	0.00004890845
http://dbpedia.org/property/nationality	4633	0.00004866685
http://rdf.data-vocabulary.org/identifier	4624	0.00004857231
http://dbpedia.org/ontology/director	4597	0.00004828869
http://www.w3.org/2006/vcard/nsfamily-name	4584	0.00004815214
http://search.yahoo.com/searchmonkey/product/identifier	4529	0.00004757439
http://www.facebook.com/2008/fbmlsite-name	4517	0.00004744834
http://dbpedia.org/ontology/field	4484	0.00004710170
http://xmlns.com/foaf/0.1/lastName	4451	0.00004675505
http://facebook.com/2008/fbmlapp-id	4447	0.00004671303
http://dbpedia.org/ontology/class	4407	0.00004629286
http://www.w3.org/2006/vcard/nsn	4385	0.00004606176
http://ogp.me/ns/fbhttps://www.facebook.com/2008/fbmladmins	4364	0.00004584117
http://ogp.me/ns/fbhttps://www.facebook.com/2008/fbmlapp-id	4364	0.00004584117
http://semsl.org/ontologyplaintag	4349	0.00004568360
http://purl.org/dc/terms/coverage	4323	0.00004541049
http://purl.org/dc/terms/valid	4318	0.00004535797
http://dbpedia.org/property/subdivisionType	4237	0.00004450711
http://dbpedia.org/ontology/activeYearsStartYear	4159	0.00004368777
http://dbpedia.org/ontology/instrument	4154	0.00004363525
http://dbpedia.org/property/after	4135	0.00004343566
http://dbpedia.org/ontology/foundationPlace	4077	0.00004282641
http://schema.org/description	4059	0.00004263733
http://dbpedia.org/ontology/literaryGenre	4055	0.00004259531
http://rdf.data-vocabulary.org/saturatedFat	4040	0.00004243775
http://rdf.data-vocabulary.org/Geo	4009	0.00004211211
http://dbpedia.org/property/products	4003	0.00004204908
http://rdf.data-vocabulary.org/price	4003	0.00004204908
http://dbpedia.org/ontology/network	3988	0.00004189152
http://www.w3.org/2006/vcard/nsemail	3939	0.00004137680
http://www.facebook.com/2008/fbmlid	3933	0.00004131378
http://dbpedia.org/property/before	3925	0.00004122974
http://rdf.data-vocabulary.org/url	3860	0.00004054695
http://purl.oclc.org/argot/requires	3842	0.00004035788
http://purl.oclc.org/argot/jobType	3842	0.00004035788
http://purl.oclc.org/argot/workingArrangements	3842	0.00004035788
http://purl.oclc.org/argot/employer	3842	0.00004035788
http://www.w3.org/2006/vcard/nsorg	3842	0.00004035788
http://www.w3.org/2006/vcard/nsorganization-name	3842	0.00004035788
http://dbpedia.org/property/owner	3841	0.00004034737
http://dbpedia.org/property/shortDescription	3835	0.00004028435
http://dbpedia.org/ontology/residence	3808	0.00004000073
http://dbpedia.org/property/headquarters	3802	0.00003993770
http://xmlns.com/foaf/0.1/Person	3794	0.00003985366
http://search.yahoo.com/searchmonkey/media/duration	3788	0.00003979064
http://www.w3.org/2006/vcard/nslogo	3784	0.00003974862
http://dbpedia.org/property/countryofbirth	3715	0.00003902382
http://dbpedia.org/ontology/state	3675	0.00003860364
http://dbpedia.org/property/music	3654	0.00003838305
http://dbpedia.org/ontology/programmeFormat	3639	0.00003822548
http://opengraphprotocol.org/schema/site-title	3596	0.00003777380
http://dbpedia.org/property/yearsActive	3567	0.00003746917
http://dbpedia.org/ontology/locatedInArea	3555	0.00003734312
http://dbpedia.org/ontology/headquarter	3555	0.00003734312
http://dbpedia.org/property/background	3554	0.00003733261
http://purl.org/dc/elements/1.1/editor	3498	0.00003674436
http://www.w3.org/2004/02/skos/coreinScheme	3460	0.00003634520
http://dbpedia.org/property/id	3443	0.00003616662
http://dbpedia.org/ontology/background	3394	0.00003565191
http://dbpedia.org/property/residence	3366	0.00003535779
http://www.facebook.com/2008/fbmlmoderator	3364	0.00003533678
http://dbpedia.org/property/released	3343	0.00003511618
http://dbpedia.org/property/field	3336	0.00003504265
http://www.w3.org/1999/02/22-rdf-syntax-nsobject	3250	0.00003413928
http://dbpedia.org/ontology/musicComposer	3218	0.00003380313
http://rdf.data-vocabulary.org/email	3215	0.00003377162
http://ogp.me/ns/articleurl	3211	0.00003372960
http://ogp.me/ns/articlesite-name	3211	0.00003372960
http://www.w3.org/2006/vcard/nscategory	3209	0.00003370860
http://rdf.data-vocabulary.org/offercount	3172	0.00003331993
http://plus.lefigaro.fr/fp/elements/1.0/app-id	3169	0.00003328842
http://plus.lefigaro.fr/fp/elements/1.0/remote-id	3169	0.00003328842
http://plus.lefigaro.fr/fp/elements/1.0/opencomment	3169	0.00003328842
http://rdf.data-vocabulary.org/fax	3141	0.00003299430
http://ogp.me/ns/articlelocale	3124	0.00003281572
http://purl.org/dc/elements/1.1/date.created	3101	0.00003257412
http://www.w3.org/2006/vcard/nsurl	3101	0.00003257412
http://schema.org/summary	3101	0.00003257412
http://rdf.data-vocabulary.org/sugar	3097	0.00003253210
https://opengraphprotocol.org/schema/image	3093	0.00003249009
http://rdf.data-vocabulary.org/brand	3090	0.00003245857
https://opengraphprotocol.org/schema/type	3079	0.00003234302
http://purl.org/ontology/po/actor	3065	0.00003219596
https://opengraphprotocol.org/schema/title	3052	0.00003205941
http://dbpedia.org/property/dateOfDeath	3051	0.00003204890
http://rdf.data-vocabulary.org/fn	3050	0.00003203840
http://dbpedia.org/property/instrument	3049	0.00003202789
http://dbpedia.org/ontology/owner	3047	0.00003200688
http://rdf.data-vocabulary.orgname	3038	0.00003191234
http://purl.org/ontology/po/episode	3033	0.00003185982
https://opengraphprotocol.org/schema/url	3031	0.00003183881
http://schema.org/dtreviewed	3027	0.00003179680
http://schema.org/reviewer	3027	0.00003179680
http://www.facebook.com/2011/fbmlapp-id	3007	0.00003158671
https://opengraphprotocol.org/schema/description	3005	0.00003156570
http://dbpedia.org/ontology/previousWork	3000	0.00003151318
http://dbpedia.org/ontology/district	3000	0.00003151318
http://yago-knowledge.org/resource/wasCreatedOnDate	2995	0.00003146066
http://dbpedia.org/ontology/subsequentWork	2980	0.00003130309
http://www.w3.org/2006/vcard/nsfax	2973	0.00003122956
http://www.renren.com/2009/xnmlpage-id	2963	0.00003112451
http://purl.org/dc/elements/1.1/date.modified	2921	0.00003068333
http://plus.lefigaro.fr/fp/elements/1.0/authors	2921	0.00003068333
http://plus.lefigaro.fr/fp/elements/1.0/type	2921	0.00003068333
http://rdf.data-vocabulary.org/quantity	2898	0.00003044173
http://opengraph.org/schema/email	2856	0.00003000054
http://rdf.data-vocabulary.org/thumbnail	2786	0.00002926524
http://dbpedia.org/ontology/locationCity	2781	0.00002921272
http://purl.org/goodrelations/v1offers	2776	0.00002916019
http://www.w3.org/2006/vcard/nsorganization-name	2772	0.00002911818
http://yago-knowledge.org/resource/diedOnDate	2764	0.00002903414
http://dbpedia.org/ontology/builder	2747	0.00002885557
http://search.yahoo.com/searchmonkey/media/url	2740	0.00002878204
http://dbpedia.org/ontology/releaseDate	2740	0.00002878204
http://dbpedia.org/ontology/creator	2699	0.00002835136
http://rdf.data-vocabulary.org/prayer	2699	0.00002835136
http://dbpedia.org/ontology/genus	2693	0.00002828833
http://pictopia.com/url	2688	0.00002823581
http://pictopia.com/type	2688	0.00002823581
http://pictopia.com/description	2688	0.00002823581
http://dbpedia.org/ontology/place	2688	0.00002823581
http://pictopia.com/image	2688	0.00002823581
http://pictopia.com/site-name	2688	0.00002823581
http://pictopia.com/title	2685	0.00002820429
http://dbpedia.org/ontology/award	2666	0.00002800471
http://x.myspacecdn.com/modules/sitesearch/static/rdf/profileschema.rdfsendMessage	2642	0.00002775260
http://x.myspacecdn.com/modules/sitesearch/static/rdf/profileschema.rdfphoto	2642	0.00002775260
http://x.myspacecdn.com/modules/sitesearch/static/rdf/profileschema.rdfaddToFriends	2642	0.00002775260
http://x.myspacecdn.com/modules/sitesearch/static/rdf/profileschema.rdfviewPictures	2641	0.00002774210
http://x.myspacecdn.com/modules/sitesearch/static/rdf/profileschema.rdfstatus	2635	0.00002767907
http://x.myspacecdn.com/modules/sitesearch/static/rdf/profileschema.rdfmood	2635	0.00002767907
http://x.myspacecdn.com/modules/sitesearch/static/rdf/profileschema.rdflastLogin	2633	0.00002765807
http://dbpedia.org/ontology/series	2629	0.00002761605
http://www.w3.org/2004/02/skos/corerelated	2624	0.00002756353
http://x.myspacecdn.com/modules/sitesearch/static/rdf/profileschema.rdffriendCount	2622	0.00002754252
http://dbpedia.org/property/born	2620	0.00002752151
https://opengraphprotocol.org/schema/site-name	2618	0.00002750050
http://rdf.data-vocabulary.org/calcMethod	2598	0.00002729041
http://rdf.data-vocabulary.org/tel	2595	0.00002725890
http://dbpedia.org/ontology/populationTotal	2594	0.00002724839
http://dbpedia.org/ontology/ground	2573	0.00002702780
http://rdf.data-vocabulary.org/pauseTime	2560	0.00002689124
http://dbpedia.org/property/years	2542	0.00002670217
http://dbpedia.org/ontology/deathDate	2541	0.00002669166
http://ogp.me/ns/fbadmins	2523	0.00002650258
http://dbpedia.org/ontology/author	2513	0.00002639754
http://purl.org/dc/terms/references	2506	0.00002632401
http://dbpedia.org/ontology/license	2504	0.00002630300
http://dbpedia.org/property/license	2488	0.00002613493
http://purl.org/dc/terms/contributor	2488	0.00002613493
http://purl.org/goodrelations/v1hasMinCurrencyValue	2471	0.00002595635
http://purl.oclc.org/argot/hours	2464	0.00002588282
http://dbpedia.org/ontology/runtime	2458	0.00002581980
http://dbpedia.org/property/timezoneDst	2450	0.00002573576
http://purl.org/dc/terms/isPartOf	2443	0.00002566223
http://dbpedia.org/property/author	2440	0.00002563072
http://dbpedia.org/property/operatingSystem	2423	0.00002545214
http://www.w3.org/2002/12/cal/icaldescription	2408	0.00002529458
http://dbpedia.org/property/settlementType	2402	0.00002523155
http://ogp.me/nsfb-admins	2398	0.00002518953
http://www.w3.org/2001/vcard-rdf/3.0locality	2377	0.00002496894
http://dbpedia.org/property/companyType	2372	0.00002491642
http://rdf.data-vocabulary.org/ticketAggregate	2364	0.00002483238
http://dbpedia.org/ontology/knownFor	2349	0.00002467482
http://rdf.data-vocabulary.org/ratings	2338	0.00002455927
http://xmlns.com/foaf/0.1/logo	2329	0.00002446473
http://purl.org/goodrelations/v1hasMaxCurrencyValue	2329	0.00002446473
http://www.w3.org/2006/timeinXSDDateTime	2320	0.00002437019
http://dbpedia.org/property/classis	2289	0.00002404455
http://dbpedia.org/property/manufacturer	2285	0.00002400254
http://dbpedia.org/property/foundation	2277	0.00002391850
http://dbpedia.org/ontology/keyPerson	2254	0.00002367690
http://ogp.me/nsphone	2229	0.00002341429
http://dbpedia.org/property/placeofbirth	2227	0.00002339328
http://dbpedia.org/ontology/Work/runtime	2222	0.00002334076
http://dbpedia.org/property/deathDate	2187	0.00002297311
http://dbpedia.org/ontology/broadcastArea	2181	0.00002291008
http://yuilibrary.com/rdf/1.0/yui.rdfdescription	2167	0.00002276302
http://dbpedia.org/property/locale	2157	0.00002265797
http://dbpedia.org/ontology/battle	2156	0.00002264747
http://dbpedia.org/property/locationCity	2149	0.00002257394
http://rdf.data-vocabulary.orgurl	2144	0.00002252142
http://yuilibrary.com/rdf/1.0/yui.rdfname	2135	0.00002242688
http://dbpedia.org/property/series	2123	0.00002230083
http://ogp.me/nssite-url	2117	0.00002223780
http://dbpedia.org/property/area	2107	0.00002213275
http://purl.org/goodrelations/v1priceType	2105	0.00002211175
http://search.yahoo.com/searchmonkey/mediaimage	2098	0.00002203822
http://purl.org/ontology/mo/isrc	2094	0.00002199620
http://dbpedia.org/property/successor	2090	0.00002195418
http://xmlns.com/foaf/0.1/img	2090	0.00002195418
http://www.w3.org/2005/02/xpath-functionstype	2089	0.00002194368
http://purl.org/goodrelations/v1identifier	2085	0.00002190166
http://www.w3.org/2005/02/xpath-functionsdistribution	2081	0.00002185964
http://dbpedia.org/property/birthName	2078	0.00002182813
http://dbpedia.org/ontology/almaMater	2072	0.00002176510
http://dbpedia.org/ontology/formerTeam	2042	0.00002144997
http://dbpedia.org/property/longd	2041	0.00002143947
http://dbpedia.org/property/latd	2039	0.00002141846
http://dbpedia.org/property/youthclubs	2036	0.00002138694
http://dbpedia.org/property/place	2022	0.00002123988
http://www.w3.org/2004/02/skos/corechangeNote	2017	0.00002118736
http://dbpedia.org/property/keyPeople	2015	0.00002116635
http://dbpedia.org/property/imageCaption	2011	0.00002112433
http://sw.nokia.com/MARS-3/title	2008	0.00002109282
http://dbpedia.org/ontology/profession	1999	0.00002099828
http://www.geonames.org/ontologynearby	1998	0.00002098778
http://xmlns.com/foaf/0.1/thumbnail	1997	0.00002097727
http://dbpedia.org/ontology/successor	1997	0.00002097727
http://dbpedia.org/property/currentMembers	1994	0.00002094576
http://www.w3.org/2002/12/cal/icalurl	1993	0.00002093525
http://www.facebook.com/2008/fbmladmin	1990	0.00002090374
http://sw.nokia.com/MARS-3/language	1990	0.00002090374
http://sw.nokia.com/MARS-3/description	1989	0.00002089324
http://dbpedia.org/ontology/postalCode	1976	0.00002075668
http://www.w3.org/2005/02/xpath-functionspublished	1975	0.00002074618
http://dbpedia.org/property/spouse	1975	0.00002074618
http://dbpedia.org/property/ground	1975	0.00002074618
http://dbpedia.org/property/cinematography	1971	0.00002070416
http://dbpedia.org/property/party	1966	0.00002065164
http://dbpedia.org/property/populationAsOf	1943	0.00002041003
http://dbpedia.org/ontology/computingMedia	1930	0.00002027348
http://dbpedia.org/property/battles	1928	0.00002025247
http://sw.nokia.com/Editor-1/description-modified	1923	0.00002019995
http://yago-knowledge.org/resource/created	1917	0.00002013692
http://dbpedia.org/property/profession	1917	0.00002013692
http://dbpedia.org/property/team	1910	0.00002006339
http://dbpedia.org/property/leaderTitle	1908	0.00002004238
http://dbpedia.org/property/currentclub	1891	0.00001986381
http://www.w3.org/2002/07/owlimports	1888	0.00001983229
http://ogp.me/ns/articleauthor	1886	0.00001981128
http://ogp.me/ns/articlesection	1886	0.00001981128
http://ogp.me/ns/articlepublished-time	1886	0.00001981128
http://dbpedia.org/property/sport	1877	0.00001971674
http://dbpedia.org/property/currentpositionplain	1869	0.00001963271
http://dbpedia.org/ontology/phylum	1852	0.00001945413
http://ogp.me/nscountry	1844	0.00001937010
http://dbpedia.org/ontology/influencedBy	1842	0.00001934909
http://dbpedia.org/ontology/birthYear	1839	0.00001931758
http://rdf.data-vocabulary.org/postcode	1839	0.00001931758
http://dbpedia.org/property/state	1836	0.00001928606
http://schema.org/image	1832	0.00001924405
http://dbpedia.org/property/studio	1824	0.00001916001
http://dbpedia.org/property/predecessor	1816	0.00001907598
http://dbpedia.org/property/rank	1816	0.00001907598
http://ogp.me/nslocation	1815	0.00001906547
http://dbpedia.org/property/shipBuilder	1801	0.00001891841
http://dbpedia.org/property/league	1791	0.00001881337
http://purl.org/ontology/po/broadcast	1784	0.00001873984
http://dbpedia.org/property/populationTotal	1773	0.00001862429
http://opengraphprotocol.org/schemacountry-name	1768	0.00001857177
http://dbpedia.org/ontology/areaTotal	1761	0.00001849824
http://dbpedia.org/property/homepage	1755	0.00001843521
http://www.getty.edu/CDWA/CDWALiteearliestDate	1754	0.00001842470
http://www.getty.edu/CDWA/CDWALitedisplayCreator	1754	0.00001842470
http://www.vraweb.org/vracore4.htmdate	1754	0.00001842470
http://www.getty.edu/CDWA/CDWALitetitle	1754	0.00001842470
http://www.getty.edu/CDWA/CDWALitedisplayCreationDate	1754	0.00001842470
http://www.getty.edu/CDWA/CDWALitedisplayMaterialsTech	1753	0.00001841420
http://www.vraweb.org/vracore4.htmagentSet	1753	0.00001841420
http://www.vraweb.org/vracore4.htmlocation	1753	0.00001841420
http://dbpedia.org/property/rev	1753	0.00001841420
http://www.getty.edu/CDWA/CDWALiteindexingCreatorWrap	1753	0.00001841420
http://www.getty.edu/CDWA/CDWALitelocationWrap	1753	0.00001841420
http://ogp.me/ns/fb+ACMAJQ-20xml:lang+AD0-admins	1748	0.00001836168
http://ogp.me/ns/fb+ACMAJQ-20xml:lang+AD0-app-id	1748	0.00001836168
http://dbpedia.org/property/shireCounty	1747	0.00001835117
http://www.getty.edu/CDWA/CDWALitelocationName	1744	0.00001831966
http://www.w3.org/1999/02/22-rdf-syntax-nsvalue	1742	0.00001829865
http://www.vraweb.org/vracore4.htmagent	1740	0.00001827764
http://www.getty.edu/CDWA/CDWALitenameCreatorSet	1740	0.00001827764
http://www.getty.edu/CDWA/CDWALiteindexingCreatorSet	1740	0.00001827764
http://dbpedia.org/property/almaMater	1739	0.00001826714
http://dbpedia.org/ontology/bandMember	1737	0.00001824613
http://dbpedia.org/property/date	1729	0.00001816209
http://www.vraweb.org/vracore4.htmrefid	1728	0.00001815159
http://www.getty.edu/CDWA/CDWALiteworkID	1728	0.00001815159
http://www.w3.org/2000/01/rdf-schemaisDefinedBy	1724	0.00001810957
http://purl.org/dc/elements/1.1title	1723	0.00001809907
http://dbpedia.org/property/longm	1722	0.00001808856
http://dbpedia.org/property/latm	1721	0.00001807806
http://dbpedia.org/ontology/channel	1717	0.00001803604
http://dbpedia.org/property/officialName	1717	0.00001803604
http://dbpedia.org/ontology/kingdom	1706	0.00001792049
http://purl.org/ontology/po/credit	1696	0.00001781545
http://dbpedia.org/property/awards	1694	0.00001779444
http://opengraphprotocol.org/schemaphone-number	1691	0.00001776293
http://purl.org/dc/elements/1.1date	1687	0.00001772091
http://dbpedia.org/property/channel	1681	0.00001765788
http://dbpedia.org/ontology/cinematography	1680	0.00001764738
http://dbpedia.org/ontology/PopulatedPlace/areaTotal	1680	0.00001764738
http://dbpedia.org/property/longew	1680	0.00001764738
http://dbpedia.org/ontology/formationYear	1680	0.00001764738
http://dbpedia.org/property/latns	1679	0.00001763687
http://ogp.me/nsplz	1677	0.00001761587
http://opengraphprotocol.org/schemaemail	1676	0.00001760536
http://sw.nokia.com/Editor-1/type	1674	0.00001758435
http://opengraphprotocol.org/schemalatitude	1672	0.00001756334
http://opengraphprotocol.org/schemalongitude	1671	0.00001755284
http://opengraphprotocol.org/schemalocality	1662	0.00001745830
http://opengraphprotocol.org/schemastreet-address	1660	0.00001743729
http://rdf.data-vocabulary.orgregion	1657	0.00001740578
http://www.w3.org/2004/02/skos/corealtLabel	1657	0.00001740578
http://www.w3.org/2004/08/Presentations.owlevent	1656	0.00001739527
http://dbpedia.org/ontology/party	1655	0.00001738477
http://rdf.data-vocabulary.orgaddress	1654	0.00001737427
http://opengraphprotocol.org/schemapostal-code	1654	0.00001737427
http://dbpedia.org/property/runtime	1653	0.00001736376
http://dbpedia.org/property/fam	1651	0.00001734275
http://usefulinc.com/ns/doapdescription	1651	0.00001734275
http://dbpedia.org/ontology/spokenIn	1646	0.00001729023
http://dbpedia.org/property/class	1643	0.00001725872
http://sw.nokia.com/NC-1/rights	1637	0.00001719569
http://dbpedia.org/ontology/locationCountry	1635	0.00001717468
http://dbpedia.org/property/media	1633	0.00001715367
http://purl.org/amicroformat/tag	1631	0.00001713266
http://dbpedia.org/ontology/manufacturer	1630	0.00001712216
http://rdf.data-vocabulary.orgtel	1621	0.00001702762
http://purl.org/ontology/mo/performer	1610	0.00001691207
http://dbpedia.org/ontology/activeYearsEndYear	1599	0.00001679652
http://tw.rpi.edu/proj/portal.wiki/index.php/Property:Modification-date	1591	0.00001671249
http://rdf.data-vocabulary.orgcountry-name	1589	0.00001669148
http://dbpedia.org/property/logo	1585	0.00001664946
http://search.yahoo.com/searchmonkey/product/category	1579	0.00001658644
http://dbpedia.org/property/subdivisionRanks	1575	0.00001654442
http://www.w3.org/2005/02/xpath-functionsaudience	1570	0.00001649190
http://dbpedia.org/property/ethnicity	1566	0.00001644988
http://search.yahoo.com/searchmonkey/reference/summary	1543	0.00001620828
http://sw.nokia.com/WebArch-1/resolvesAs	1541	0.00001618727
http://purl.org/dc/elements/1.1/spatial	1540	0.00001617676
http://opengraphprotocol.org/schemafax-number	1540	0.00001617676
http://purl.org/dc/terms/temporal	1539	0.00001616626
http://dbpedia.org/ontology/elevation	1537	0.00001614525
http://purl.org/goodrelations/v1eligibleCustomerTypes	1535	0.00001612424
http://www.w3.org/2005/02/xpath-functionsallowed-country-group	1535	0.00001612424
http://www.w3.org/2004/08/Presentations.owlpresenter	1519	0.00001595617
http://dbpedia.org/ontology/regionServed	1515	0.00001591415
http://vocab.org/bio/0.1/principle	1514	0.00001590365
http://purl.org/ontology/po/subtitle-type	1508	0.00001584062
http://www.facebook.com/2008/fbml+ACU-20	1506	0.00001581962
http://dbpedia.org/property/postalCode	1494	0.00001569356
http://purl.org/ontology/po/short-synopsis	1487	0.00001562003
http://dbpedia.org/property/district	1484	0.00001558852
http://usefulinc.com/ns/doapname	1482	0.00001556751
http://dbpedia.org/property/creator	1480	0.00001554650
http://www.w3.org/2005/02/xpath-functionsus-origin	1479	0.00001553600
http://rdf.data-vocabulary.org/seller	1478	0.00001552549
http://dbpedia.org/ontology/areaCode	1477	0.00001551499
http://activecommerce.net/ns/acavailable	1477	0.00001551499
http://dbpedia.org/ontology/operatingSystem	1476	0.00001550448
http://dbpedia.org/ontology/computingInput	1473	0.00001547297
http://vocab.org/bio/0.1/place	1472	0.00001546247
http://dbpedia.org/property/input	1462	0.00001535742
http://www.w3.org/2005/02/xpath-functionstopic	1456	0.00001529440
http://purl.org/dc/terms/subtitle	1443	0.00001515784
http://dbpedia.org/property/creators	1437	0.00001509481
http://dbpedia.org/property/regnum	1433	0.00001505279
http://ogp.me/nsstreet	1432	0.00001504229
http://ogp.me/nsmail	1427	0.00001498977
http://dbpedia.org/ontology/restingPlace	1425	0.00001496876
http://rdf.data-vocabulary.orgdescription	1425	0.00001496876
http://usefulinc.com/ns/doapcategory	1424	0.00001495825
http://dbpedia.org/property/imageSize	1423	0.00001494775
http://dbpedia.org/property/subject	1423	0.00001494775
http://rdf.data-vocabulary.orgbrand	1418	0.00001489523
http://dbpedia.org/property/status	1418	0.00001489523
http://rdf.data-vocabulary.orgcategory	1418	0.00001489523
http://dbpedia.org/ontology/alias	1417	0.00001488472
http://dbpedia.org/property/imagesize	1417	0.00001488472
http://www.w3.org/2005/02/xpath-functionsexport-control-commodity-number	1415	0.00001486372
http://dbpedia.org/property/managerclubs	1405	0.00001475867
http://dbpedia.org/property/pastMembers	1392	0.00001462211
http://sw.nokia.com/Editor-1/description-created	1387	0.00001456959
http://dbpedia.org/ontology/owningCompany	1386	0.00001455909
http://developers.facebook.com/schemaadmins	1383	0.00001452757
http://developers.facebook.com/schemaapp-id	1383	0.00001452757
http://dbpedia.org/ontology/militaryBranch	1381	0.00001450657
http://dbpedia.org/property/locationCountry	1381	0.00001450657
http://dbpedia.org/property/utcOffset	1380	0.00001449606
Http://www.facebook.com/2008/fbmlpage-id	1370	0.00001439102
Http://www.facebook.com/2008/fbmladmins	1370	0.00001439102
http://i.yimg.jp/images/auct/dev/rdf/auctionschema.rdfImagePath	1367	0.00001435950
http://opengraphprotocol.org/schema/+ACU-20site-name	1367	0.00001435950
http://opengraphprotocol.org/schema/+ACU-20url	1366	0.00001434900
http://opengraphprotocol.org/schema/+ACU-20title	1366	0.00001434900
http://opengraphprotocol.org/schema/+ACU-20type	1366	0.00001434900
http://purl.org/amicroformat/photo	1363	0.00001431749
http://dbpedia.org/ontology/languageFamily	1362	0.00001430698
http://dbpedia.org/property/province	1357	0.00001425446
http://dbpedia.org/property/editing	1354	0.00001422295
http://rdf.data-vocabulary.orglocality	1351	0.00001419143
http://dbpedia.org/property/areaTotalKm	1347	0.00001414942
http://rdf.data-vocabulary.org/address	1339	0.00001406538
http://dbpedia.org/property/branch	1338	0.00001405488
http://dbpedia.org/property/influences	1338	0.00001405488
http://rdf.data-vocabulary.org/street-address	1336	0.00001403387
http://rdf.data-vocabulary.org/locality	1335	0.00001402336
http://dbpedia.org/property/postalCodeType	1334	0.00001401286
http://rdf.data-vocabulary.org/region	1333	0.00001400236
http://rdf.data-vocabulary.org/postal-code	1333	0.00001400236
http://rdf.data-vocabulary.org/sku	1327	0.00001393933
http://dbpedia.org/ontology/binomialAuthority	1321	0.00001387630
http://dbpedia.org/property/companyName	1314	0.00001380277
http://rdf.data-vocabulary.org/description	1312	0.00001378176
http://semantictagging.org/nslabel	1311	0.00001377126
http://dbpedia.org/property/recorded	1311	0.00001377126
http://opg.me/nsdescription	1308	0.00001373975
http://opg.me/nsurl	1308	0.00001373975
http://opg.me/nsimage	1308	0.00001373975
http://dbpedia.org/property/siteCityst	1308	0.00001373975
http://opg.me/nstitle	1306	0.00001371874
http://www.w3.org/2002/07/owlversionInfo	1306	0.00001371874
http://dbpedia.org/ontology/parentCompany	1301	0.00001366621
http://dbpedia.org/ontology/stateOfOrigin	1298	0.00001363470
http://opengraphprotocol.org/schema/tag	1296	0.00001361369
http://dbpedia.org/ontology/spouse	1296	0.00001361369
http://yuilibrary.com/rdf/1.0/yui.rdftype	1295	0.00001360319
http://dbpedia.org/ontology/sisterStation	1293	0.00001358218
http://rdf.data-vocabulary.org/duration	1292	0.00001357168
http://dbpedia.org/ontology/utcOffset	1288	0.00001352966
http://opg.me/nstype	1277	0.00001341411
http://opg.me/nssite-name	1277	0.00001341411
http://dbpedia.org/property/affiliations	1273	0.00001337209
http://www.facebook.com/2008/fbmltype	1268	0.00001331957
http://www.facebook.com/2008/fbml+ACU-20dir+AD0-app-id	1267	0.00001330907
http://dbpedia.org/property/borough	1262	0.00001325654
http://ogp.me/ns/profilefirst-name	1260	0.00001323553
http://ogp.me/ns/profilelast-name	1260	0.00001323553
http://dbpedia.org/property/r1Surface	1253	0.00001316200
http://ogp.me/ns/profilegender	1253	0.00001316200
http://dbpedia.org/ontology/mediaType	1247	0.00001309898
http://sw.nokia.com/MARS-3/encoding	1241	0.00001303595
http://www.w3.org/2005/02/xpath-functionsfilename	1240	0.00001302545
http://purl.org/amicroformat/type	1239	0.00001301494
http://purl.org/amicroformat/value	1239	0.00001301494
http://www.holygoat.co.uk/owl/redwood/0.1/tags/name	1238	0.00001300444
http://sw.nokia.com/MARS-3/size	1237	0.00001299393
http://purl.org/dc/elements/1.1/issued	1237	0.00001299393
http://dbpedia.org/property/elevationM	1236	0.00001298343
http://dbpedia.org/property/category	1235	0.00001297292
http://ogp.me/nsstart-time	1226	0.00001287839
http://purl.org/amicroformat/nutrition	1224	0.00001285738
http://ogp.me/ns/articleauthor	1220	0.00001281536
http://ogp.me/ns/fbhttp://www.facebook.com/2008/fbmlapp-id	1210	0.00001271031
http://dbpedia.org/property/parent	1207	0.00001267880
http://dbpedia.org/property/coordinatesDisplay	1206	0.00001266830
http://semantictagging.org/nsmeans	1205	0.00001265779
http://dbpedia.org/property/source	1205	0.00001265779
http://dbpedia.org/ontology/origin	1204	0.00001264729
http://dbpedia.org/property/ideology	1199	0.00001259477
http://dbpedia.org/property/county	1196	0.00001256325
http://dbpedia.org/property/imageMap	1190	0.00001250023
http://dbpedia.org/property/leaderName	1187	0.00001246871
http://dbpedia.org/property/length	1186	0.00001245821
http://rdf.data-vocabulary.org/href	1184	0.00001243720
http://dbpedia.org/property/imageSkyline	1184	0.00001243720
http://dbpedia.org/ontology/county	1181	0.00001240569
http://search.yahoo.com/searchmonkey/product/weight	1181	0.00001240569
http://www.w3.org/2004/08/Presentations.owlbucketName	1174	0.00001233216
http://www.w3.org/2004/08/Presentations.owlw3cTechArea	1174	0.00001233216
http://dbpedia.org/ontology/guest	1171	0.00001230064
http://dbpedia.org/ontology/managerClub	1163	0.00001221661
http://dbpedia.org/property/latestReleaseVersion	1153	0.00001211156
http://dbpedia.org/property/populationDensityKm	1152	0.00001210106
http://purl.org/ontology/po/clip	1144	0.00001201702
http://dbpedia.org/property/cover	1141	0.00001198551
http://dbpedia.org/ontology/formerBandMember	1141	0.00001198551
http://dbpedia.org/ontology/position	1139	0.00001196450
http://dbpedia.org/property/office	1135	0.00001192249
http://dbpedia.org/property/related	1130	0.00001186996
http://www.w3.org/ns/dcatdistribution	1128	0.00001184895
http://www.w3.org/ns/dcataccessURL	1128	0.00001184895
http://dbpedia.org/property/coordinatesRegion	1128	0.00001184895
http://sw.nokia.com/MARS-3/edition	1120	0.00001176492
http://dbpedia.org/property/knownFor	1118	0.00001174391
http://sw.nokia.com/MARS-3/revision	1116	0.00001172290
http://yago-knowledge.org/resource/occursIn	1116	0.00001172290
http://dbpedia.org/ontology/commander	1113	0.00001169139
http://rdfs.org/sioc/nshas-reply	1111	0.00001167038
http://www.w3.org/2004/02/skos/corenarrower	1097	0.00001152332
http://www.w3.org/1999/02/22-rdf-syntax-nsfirst	1091	0.00001146029
http://www.w3.org/1999/02/22-rdf-syntax-nsrest	1091	0.00001146029
http://dbpedia.org/ontology/ceremonialCounty	1085	0.00001139727
http://rdf.data-vocabulary.org/Votes	1083	0.00001137626
http://dbpedia.org/ontology/latestReleaseVersion	1079	0.00001133424
http://www.w3.org/2003/01/geo/wgs84-poslat-long	1078	0.00001132374
http://dbpedia.org/ontology/broadcastNetwork	1075	0.00001129222
http://dbpedia.org/property/teams	1061	0.00001114516
http://dbpedia.org/property/phylum	1059	0.00001112415
http://purl.org/goodrelations/v1hasMakeAndModel	1058	0.00001111365
http://dbpedia.org/ontology/assembly	1057	0.00001110314
http://rdf.data-vocabulary.org/ratingSystem	1057	0.00001110314
http://dbpedia.org/ontology/province	1055	0.00001108213
http://dbpedia.org/property/companyLogo	1045	0.00001097709
http://purl.org/goodrelations/v1BusinessEntity	1038	0.00001090356
http://opengraphprotocol.org/schema/album	1037	0.00001089305
http://opg.me/ns/fb	1034	0.00001086154
http://dbpedia.org/property/mapCaption	1028	0.00001079852
http://dbpedia.org/property/areaServed	1027	0.00001078801
http://dbpedia.org/ontology/ethnicity	1016	0.00001067246
http://dbpedia.org/property/discipline	1015	0.00001066196
http://dbpedia.org/property/venue	1013	0.00001064095
http://dbpedia.org/property/mediaType	1011	0.00001061994
http://rdf.data-vocabulary.org/Title	1009	0.00001059893
http://dbpedia.org/ontology/campus	1008	0.00001058843
http://e-altsest.com/title	1004	0.00001054641
http://e-altsest.com/url	1004	0.00001054641
http://dbpedia.org/ontology/editing	1004	0.00001054641
http://dbpedia.org/property/alternativeNames	1000	0.00001050439
