http://www.facebook.com/2008/fbmlapp-id	26456546	0.39433403057791
http://opengraphprotocol.org/schema/image	22618275	0.33712471557963
http://opengraphprotocol.org/schema/site-name	20961666	0.31243300774817
http://opengraphprotocol.org/schema/title	19761221	0.29454041075773
http://opengraphprotocol.org/schema/type	18042075	0.26891659080285
http://opengraphprotocol.org/schema/url	17939042	0.26738088700491
http://www.facebook.com/2008/fbmladmins	15627738	0.23293096968726
http://ogp.me/nstitle	12526800	0.18671158110523
http://ogp.me/nsimage	12072041	0.17993341174739
http://ogp.me/nssite-name	12037596	0.17942001004774
http://opengraphprotocol.org/schema/description	11977567	0.17852527958967
http://ogp.me/nsurl	11975076	0.17848815130882
http://ogp.me/nstype	11724961	0.17476019467918
http://ogp.me/nsdescription	9573987	0.14269999123886
http://www.w3.org/1999/02/22-rdf-syntax-nstype	7717254	0.11502544114464
http://www.facebook.com/2008/fbmlpage-id	6350790	0.09465833590121
http://rdf.data-vocabulary.org/url	2950212	0.04397282203880
http://rdf.data-vocabulary.org/title	2866935	0.04273158083277
http://rdf.data-vocabulary.org/itemreviewed	2474526	0.03688273636891
http://rdf.data-vocabulary.org/name	2421976	0.03609948018320
http://rdf.data-vocabulary.org/rating	2393307	0.03567216959161
http://rdf.data-vocabulary.org/count	2190516	0.03264957577325
http://rdf.data-vocabulary.org/average	2006744	0.02991045958373
http://ogp.me/ns/fbapp-id	1976856	0.02946497983343
http://rdf.data-vocabulary.org/address	1835965	0.02736500367244
http://ogp.me/nslocale	1817942	0.02709637139394
http://rdf.data-vocabulary.org/street-address	1807425	0.02693961582201
http://rdf.data-vocabulary.org/locality	1789786	0.02667670705208
http://ogp.me/ns/fbadmins	1331058	0.01983937986739
http://rdf.data-vocabulary.org/postal-code	1316318	0.01961968060616
http://creativecommons.org/nsattributionName	1272065	0.01896009095848
http://purl.org/dc/terms/title	1257020	0.01873584568133
http://creativecommons.org/nsattributionURL	1226412	0.01827963435246
http://opengraphprotocol.org/schema/locale	1095133	0.01632292476534
http://opengraphprotocol.org/schema/locality	1053461	0.01570180484583
http://rdf.data-vocabulary.org/country-name	1018398	0.01517919187457
http://purl.org/dc/elements/1.1/title	1001607	0.01492892251940
http://opengraphprotocol.org/schema/latitude	946453	0.01410685379121
http://opengraph.org/schema/site-name	946248	0.01410379827232
http://opengraphprotocol.org/schema/longitude	945677	0.01409528753431
http://purl.org/dc/elements/1.1/type	916738	0.01366395260076
http://rdf.data-vocabulary.org/region	908679	0.01354383344566
http://opengraph.org/schema/title	892911	0.01330881187504
http://opengraphprotocol.org/schema/street-address	884160	0.01317837848054
http://opengraphprotocol.org/schema/postal-code	881295	0.01313567574082
http://opengraphprotocol.org/schema/country-name	829112	0.01235788967919
http://opengraph.org/schema/url	812729	0.01211370155188
http://opengraph.org/schema/image	811078	0.01208909344603
http://rdf.data-vocabulary.org/photo	802074	0.01195488909405
http://opengraph.org/schema/type	793402	0.01182563319220
http://opengraph.org/schema/description	787116	0.01173194054932
http://opengraphprotocol.org/schema/region	725887	0.01081932412697
http://purl.org/rss/1.0/modules/content/encoded	657947	0.00980668044939
http://www.w3.org/2000/01/rdf-schemalabel	585567	0.00872785870398
http://rdf.data-vocabulary.org/best	576890	0.00859852827728
http://developers.facebook.com/schema/app-id	534773	0.00797077564601
http://opengraphprotocol.org/schema/app-id	467984	0.00697528758916
http://rdfs.org/sioc/nsnum-replies	456150	0.00679890217144
http://xmlns.com/foaf/0.1/name	454516	0.00677454745008
http://rdf.data-vocabulary.org/description	411320	0.00613071235593
http://opengraphprotocol.org/schema/phone-number	396834	0.00591479895714
http://developers.facebook.com/schema/admins	393926	0.00587145530371
http://purl.org/dc/terms/date	388630	0.00579251858136
http://ogp.me/ns/fbpage-id	375615	0.00559853039378
http://mixi-platform.com/nsdevice-mobile	360961	0.00538011296000
http://rdf.data-vocabulary.org/tel	354950	0.00529051918393
http://ogp.me/nslocality	350975	0.00523127192726
http://www.w3.org/2004/02/skos/coreprefLabel	344991	0.00514208058539
http://ogp.me/nscountry-name	309046	0.00460632143039
http://rdf.data-vocabulary.org/votes	305364	0.00455144133000
http://ogp.me/nsregion	297316	0.00443148612957
http://www.facebook.com/2008/fbmladmin-id	291555	0.00434561859606
http://purl.org/dc/terms/created	289675	0.00431759725202
http://rdf.data-vocabulary.org/reviewer	289515	0.00431521245679
http://rdf.data-vocabulary.org/summary	288659	0.00430245380227
http://opengraphprotocol.org/schema/email	285458	0.00425474299255
http://ogp.me/nslongitude	279188	0.00416128882920
http://ogp.me/nslatitude	278958	0.00415786068605
http://creativecommons.org/nsmorePermissions	273430	0.00407546601060
http://ogp.me/nsstreet-address	263746	0.00393112627887
http://purl.org/dc/terms/type	261711	0.00390079466445
http://purl.org/dc/elements/1.1/source	260353	0.00388055371487
http://rdfs.org/sioc/nshas-creator	252535	0.00376402665760
http://ogp.me/nsemail	241869	0.00360505024510
http://rdf.data-vocabulary.org/dtreviewed	239112	0.00356395724217
http://rdf.data-vocabulary.org/category	233314	0.00347753822476
http://opengraphprotocol.org/schema/language	232478	0.00346507766965
http://ogp.me/nspostal-code	197057	0.00293712871905
http://www.w3.org/2000/01/rdf-schemaseeAlso	187701	0.00279767781756
http://mixi-platform.com/nstitle	181738	0.00270879948007
http://rdf.data-vocabulary.org/pricerange	172772	0.00257516151696
http://rdf.data-vocabulary.org/latitude	167787	0.00250086024036
http://rdf.data-vocabulary.org/longitude	167752	0.00250033856640
http://ogp.me/nsauthor	166580	0.00248286994129
http://xmlns.com/foaf/0.1/page	161522	0.00240748060185
http://rdf.data-vocabulary.org/geo	160697	0.00239518400141
http://mixi-platform.com/nsdevice-smartphone	160057	0.00238564482046
http://gree.jp/nsfeature-phone-url	153315	0.00228515551116
http://gree.jp/nssmart-phone-url	151356	0.00225595667447
http://ogp.me/nsphone-number	150731	0.00224664106808
http://purl.org/dc/terms/publisher	146941	0.00219015123090
http://mixi-platform.com/nsdevice-docomo	144110	0.00214795526017
http://rdf.data-vocabulary.org/price	142274	0.00212058973482
http://xmlns.com/foaf/0.1/depiction	137764	0.00205336831907
http://www.w3.org/2000/01/rdf-schemacomment	132041	0.00196806717444
http://rdf.data-vocabulary.org/value	130886	0.00195085193382
http://rdf.data-vocabulary.org/brand	125571	0.00187163201703
http://rdf.data-vocabulary.org/child	120560	0.00179694321120
http://purl.org/dc/terms/subject	115663	0.00172395357197
http://mixi-platform.com/nsdescription	111127	0.00165634462700
http://opengraphprotocol.org/schema/video	109413	0.00163079750802
http://opengraphprotocol.org/schema/fax-number	107962	0.00160917039621
http://www.w3.org/2006/vcard/nsfn	105342	0.00157011937420
http://rdf.data-vocabulary.org/role	104630	0.00155950703540
http://search.yahoo.com/searchmonkey/media/thumbnail	101467	0.00151236261455
http://rdf.data-vocabulary.org/nickname	100799	0.00150240609444
http://schema.org/name	99187	0.00147837928243
http://developers.facebook.com/schema/page-id	98560	0.00146903386609
http://purl.org/dc/elements/1.1/description	96145	0.00143303836298
http://rdf.data-vocabulary.org/image	95774	0.00142750861902
http://purl.org/dc/terms/description	94331	0.00140600074698
http://purl.org/dc/terms/conformsTo	94312	0.00140571755254
http://www.w3.org/2006/vcard/nsadr	93545	0.00139428544037
http://ogp.me/nslanguage	91394	0.00136222484941
http://www.w3.org/2006/vcard/nslocality	89674	0.00133658830061
http://opengraphprotocol.org/schema/img	88106	0.00131321730728
http://schema.org/articleBody	87599	0.00130566048737
http://ogp.me/nsurl	84232	0.00125547545260
http://mixi-platform.com/nsdevice-au	83460	0.00124396881558
http://mixi-platform.com/nsdevice-softbank	83459	0.00124395391061
http://ogp.me/nsimage	82890	0.00123547298255
http://ogp.me/nssite-name	82601	0.00123116544615
http://ogp.me/nstitle	82570	0.00123070339208
http://ogp.me/nsdescription	81393	0.00121316024211
http://search.yahoo.com/searchmonkey/media/image	80213	0.00119557237724
http://purl.org/dc/elements/1.1/creator	79858	0.00119028111281
http://purl.org/dc/terms/source	79451	0.00118421478992
http://purl.org/dc/terms/rights	78097	0.00116403346023
http://opengraphprotocol.org/schema/author	77857	0.00116045626737
http://opengraphprotocol.org/schema/section	76668	0.00114273425777
http://rdf.data-vocabulary.org/worst	75960	0.00113218153884
http://rdf.data-vocabulary.org/addr	74040	0.00110356399600
http://purl.org/goodrelations/v1hasPriceSpecification	73609	0.00109713995383
http://purl.org/goodrelations/v1hasCurrency	73599	0.00109699090412
http://search.yahoo.com/searchmonkey/media/title	73036	0.00108859940588
http://purl.org/goodrelations/v1hasCurrencyValue	72871	0.00108614008579
http://purl.org/goodrelations/v1offers	71626	0.00106758339785
http://xmlns.com/foaf/0.1/homepage	71595	0.00106712134378
http://ogp.me/nsfax-number	71516	0.00106594385113
http://rdf.data-vocabulary.org/directedBy	70968	0.00105777592744
http://purl.org/goodrelations/v1hasBusinessFunction	70728	0.00105419873459
http://search.yahoo.com/searchmonkey/media/width	70141	0.00104544951706
http://rdfs.org/sioc/nsreply-of	69515	0.00103611900569
http://search.yahoo.com/searchmonkey/media/height	69219	0.00103170713451
http://purl.org/dc/terms/creator	68735	0.00102449312891
http://rdf.data-vocabulary.org/genre	67129	0.00100055574672
http://purl.org/goodrelations/v1name	66394	0.00098960059360
http://rdf.data-vocabulary.org/starring	65492	0.00097615631045
http://search.yahoo.com/searchmonkey/media/video	60095	0.00089571418611
http://search.yahoo.com/searchmonkey/commerce/businessCategory	59389	0.00088519127712
http://purl.org/goodrelations/v1legalName	59275	0.00088349211052
http://xmlns.com/foaf/0.1/isPrimaryTopicOf	58568	0.00087295429656
http://purl.org/goodrelations/v1hasUnitOfMeasurement	57999	0.00086447336850
http://mixi-platform.com/nsimage	56463	0.00084157933422
http://www.w3.org/2006/vcard/nstel	55598	0.00082868653497
http://purl.org/goodrelations/v1description	55176	0.00082239663753
http://purl.org/dc/terms/identifier	54996	0.00081971374289
http://www.facebook.com/2008/fbml/app-id	54107	0.00080646322436
http://xmlns.com/foaf/0.1/primarytopic	52900	0.00078847292529
http://www.facebook.com/2008/fbmlttl	52085	0.00077632537455
http://purl.org/dc/terms/language	51293	0.00076452063812
http://opengraphprotocol.org/schema/isbn	50862	0.00075809659595
http://opengraphprotocol.org/schema/upc	49918	0.00074402630405
http://search.yahoo.com/searchmonkey/product/salePrice	49757	0.00074162660385
http://rdf.data-vocabulary.org/runtime	49706	0.00074086645036
http://search.yahoo.co.jp/searchmonkey/shopping/point	49392	0.00073618628971
http://www.w3.org/2006/vcard/nsphoto	49389	0.00073614157480
http://xmlns.com/foaf/0.1/primaryTopic	49357	0.00073566461575
http://www.w3.org/2006/vcard/nsstreet-address	49185	0.00073310096087
http://www.w3.org/2006/vcard/nsurl	48597	0.00072433683838
http:/purl.orgdcelements1.1type	47362	0.00070592920014
http://www.w3.org/2006/vcard/nsregion	47132	0.00070250105699
http://dbpedia.org/ontology/abstract	46493	0.00069297678101
http://search.yahoo.com/searchmonkey/media/type	46371	0.00069115837464
http:/purl.orgdcelements1.1title	44213	0.00065899344888
http://www.w3.org/2006/vcard/nslongitude	43746	0.00065203282778
http://www.w3.org/2006/vcard/nslatitude	43746	0.00065203282778
http://purl.org/goodrelations/v1hasStockKeepingUnit	43714	0.00065155586873
http://www.w3.org/2006/vcard/nsgeo	43711	0.00065151115382
http://rdf.data-vocabulary.org/Rating	43184	0.00064365623451
http://ogp.me/ns/fbapp-id	43140	0.00064300041582
http://xmlns.com/foaf/0.1/maker	42521	0.00063377423925
http://purl.org/dc/elements/1.1/identifier	41801	0.00062304266068
http://purl.org/dc/terms/issued	39728	0.00059214465739
http://purl.org/ontology/mo/track	39267	0.00058527346611
http://purl.org/ontology/mo/release-event	38998	0.00058126402912
http://purl.org/ontology/mo/duration	38973	0.00058089140486
http://purl.org/ontology/mo/track-number	38966	0.00058078707007
http://purl.org/goodrelations/v1hasInventoryLevel	38132	0.00056835632490
http://opengraphprotocol.org/schemasite-name	37466	0.00055842961472
http://opengraphprotocol.org/schematitle	37444	0.00055810170538
http://opengraphprotocol.org/schemaurl	37288	0.00055577653002
http://opengraphprotocol.org/schematype	37269	0.00055549333559
http://purl.org/goodrelations/v1hasMinValue	37257	0.00055531447594
http://dbpedia.org/ontology/wikiPageRedirects	36609	0.00054565605523
http://opengraphprotocol.org/schemaimage	36521	0.00054434441785
http://www.facebook.com/2008/fbmlappid	36031	0.00053704098244
http://purl.org/ontology/mo/publishing-location	35969	0.00053611687428
http://purl.org/dc/elements/1.1/date	35451	0.00052839609970
http://dbpedia.org/ontology/wikiPageExternalLink	34466	0.00051371470402
http://ogp.me/nsupc	34379	0.00051241797161
http://dbpedia.org/property/wikiPageUsesTemplate	33988	0.00050659012825
http://www.facebook.com/2008/fbml/admins	33736	0.00050283407575
http://purl.org/dc/terms/format	33729	0.00050272974096
http://purl.org/dc/elements/1.1/created	32796	0.00048882340374
http://purl.org/goodrelations/v1hasPOS	32600	0.00048590202957
http://search.yahoo.com/searchmonkey/commerce/access	31544	0.00047016238101
http://ogp.me/nscounty-name	30573	0.00045568965491
http://purl.org/dc/elements/1.1/publisher	30537	0.00045515307598
http://purl.org/goodrelations/v1acceptedPaymentMethods	29383	0.00043795274033
http://opengraphprotocol.org/schema/admins	29279	0.00043640262343
http://opengraphprotocol.org/schemadescription	28676	0.00042741492638
http://purl.org/goodrelations/v1validThrough	28331	0.00042227271165
http://rdf.data-vocabulary.org/instructions	28240	0.00042091635936
http://search.yahoo.com/searchmonkey/commerce/ambience	27850	0.00041510342097
http://www.w3.org/2006/vcard/nscountry-name	27577	0.00041103436409
http://dbpedia.org/ontology/thumbnail	27514	0.00041009535097
http://search.yahoo.com/searchmonkey/commerce/priceRangeDetail	26929	0.00040137594338
http://rdf.data-vocabulary.org/initialReleaseDate	26503	0.00039502642607
http://rdf.data-vocabulary.org/affiliation	26282	0.00039173242764
http://www.w3.org/2006/vcard/nspostal-code	25652	0.00038234229640
http://rdf.data-vocabulary.org/currency	25594	0.00038147780812
http://opengraphprotocol.org/schema/country	25231	0.00037606730393
http://purl.org/ontology/mo/label	24948	0.00037184919735
http://dbpedia.org/property/name	24571	0.00036623002358
http://search.yahoo.com/searchmonkey/media/presentation	24563	0.00036611078381
http://rdfs.org/sioc/nshas-owner	24518	0.00036544006015
http://ogp.me/nsadmins	24506	0.00036526120051
http://purl.org/ontology/mo/catalogue-number	24482	0.00036490348123
http://rdf.data-vocabulary.org/offerDetails	23983	0.00035746590108
http://search.yahoo.com/searchmonkey/commerce/features	23505	0.00035034132531
http://creativecommons.org/nslicense	23430	0.00034922345254
http://xmlns.com/foaf/0.1/publications	23226	0.00034618283861
http://purl.org/goodrelations/v1eligibleRegions	23000	0.00034281431534
http://ogp.me/nsisbn	21089	0.00031433091723
http://rdf.data-vocabulary.org/totalTime	20880	0.00031121577845
http://ogp.me/nssitename	20793	0.00030991904604
http://purl.org/vocab/frbr/coretranslationOf	20741	0.00030914398759
http://purl.org/vocab/frbr/coretranslation	20741	0.00030914398759
http://creativecommons.org/nspermits	20476	0.00030519417048
http://creativecommons.org/nsrequires	20415	0.00030428496729
http://purl.org/goodrelations/v1validFrom	19885	0.00029638533307
http://rdf.data-vocabulary.org/review	19870	0.00029616175851
http://opengraphprotocol.org/schema/site-map	19836	0.00029565498953
http://opengraphprotocol.org/schema/country-name	19666	0.00029312114459
http://purl.org/ontology/mo/published-as	19528	0.00029106425870
http://rdf.data-vocabulary.org/author	19462	0.00029008053066
http://purl.org/ontology/mo/publication-of	19437	0.00028970790640
http://purl.org/ontology/mo/record	19437	0.00028970790640
http://mixi-platform.com/nscontent-rating	19416	0.00028939490203
http://rdf.data-vocabulary.org/startDate	19248	0.00028689086703
http://rdf.data-vocabulary.org/yield	18987	0.00028300066980
http://rdf.data-vocabulary.org/ingredient	18813	0.00028040720498
http://purl.org/goodrelations/v1includesObject	18431	0.00027471350635
http://search.yahoo.com/searchmonkey/media/game	18413	0.00027444521689
http://rdf.data-vocabulary.org/published	18316	0.00027299943477
http://dbpedia.org/ontology/wikiPageDisambiguates	18267	0.00027226909123
http://www.w3.org/1999/xhtmlapp-id	18075	0.00026940733695
http://www.w3.org/1999/xhtmlsite-name	18075	0.00026940733695
http://purl.org/dc/terms/hasFormat	17960	0.00026769326537
http://purl.org/goodrelations/v1amountOfThisGood	17929	0.00026723121129
http://purl.org/dc/terms/isFormatOf	17882	0.00026653067769
http://purl.org/goodrelations/v1typeOfGood	17829	0.00026574071427
http://ogp.me/nsupdated-time	17808	0.00026542770990
http://www.facebook.com/2008/fbapp-id	17741	0.00026442907689
http://rdf.data-vocabulary.org/location	17729	0.00026425021725
http://rdf.data-vocabulary.org/movieRating	17545	0.00026150770272
http://purl.org/dc/terms/extent	17529	0.00026126922320
http://www.w3.org/1999/xhtmlimage	17256	0.00025720016633
http://www.w3.org/1999/xhtmltitle	17255	0.00025718526136
http://www.w3.org/1999/xhtmlisbn	17247	0.00025706602160
http://rdf.data-vocabulary.org/amount	17246	0.00025705111663
http://www.w3.org/1999/xhtmltype	17190	0.00025621643829
http://ogp.me/ns/bookauthor	17016	0.00025362297347
http://ogp.me/ns/bookisbn	17016	0.00025362297347
http://www.loc.gov/loc.terms/relators/aut	16857	0.00025125308320
http://xmlns.com/foaf/0.1/made	16738	0.00024947939175
http://opengraphprotocol.org/schemaisbn	16511	0.00024609596350
http://ogp.me/ns/fbappid	16496	0.00024587238895
http://rdf.data-vocabulary.org/prepTime	16295	0.00024287648993
http://rdf.data-vocabulary.org/recipeType	16187	0.00024126675315
http://purl.org/dc/terms/available	15853	0.00023628849309
http://xmlns.com/foaf/0.1/img	15832	0.00023597548872
http://rdf.data-vocabulary.org/calories	15813	0.00023569229428
http://www.abmeta.org/nsisbn	15717	0.00023426141714
http://www.abmeta.org/nsyear	15703	0.00023405274756
http://www.w3.org/1999/02/22-rdf-syntax-nssubject	15398	0.00022950673164
http://rdf.data-vocabulary.org/street	15293	0.00022794170976
http://ogp.me/nscount	15288	0.00022786718491
http://ogp.me/ns/fbsite-name	15286	0.00022783737497
http://ogp.me/ns/fbtype	15274	0.00022765851533
http://ogp.mc/nsurl	15130	0.00022551219961
http://ogp.mc/nstitle	15130	0.00022551219961
http://ogp.mc/nsdescription	15130	0.00022551219961
http://ogp.mc/nssite-name	15130	0.00022551219961
http://ogp.mc/nsimage	15130	0.00022551219961
http://ogp.mc/nstype	15127	0.00022546748470
http://yago-knowledge.org/resource/hasPreferredName	14997	0.00022352983857
http://yago-knowledge.org/resource/hasWikipediaUrl	14981	0.00022329135905
http://yago-knowledge.org/resource/hasPreferredMeaning	14968	0.00022309759444
http://purl.org/dc/terms/SizeOrDuration	14963	0.00022302306959
http://opengraphprotocol.org/schema/price	14803	0.00022063827435
http://purl.org/dc/elements/1.1/subject	14780	0.00022029546003
http://opengraphprotocol.org/schema/medium	14680	0.00021880496301
http://opengraphprotocol.org/schema/vertical-size	14642	0.00021823857414
http://opengraphprotocol.org/schema/horizontal-size	14642	0.00021823857414
http://opengraphprotocol.org/schema/count	14339	0.00021372236816
http://purl.org/goodrelations/v1valueAddedTaxIncluded	14125	0.00021053270453
http://search.yahoo.com/searchmonkey/product/listPrice	14029	0.00020910182739
http://rdf.data-vocabulary.org/Review	14018	0.00020893787272
http://purl.org/stuff/revtotalRatings	13458	0.00020059108939
http://ogp.me/ns/fbdescription	13231	0.00019720766114
http://vocab.org/bio/0.1/date	13094	0.00019516568022
http://dbpedia.org/property/wordnet-type	12982	0.00019349632355
http://www.w3.org/2002/07/owlsameAs	12961	0.00019318331918
http://rdf.data-vocabulary.org/nutrition	12862	0.00019170772713
http://purl.org/dc/elements/1.1/rights	12628	0.00018821996409
http://ogp.me/ns/fbtitle	12591	0.00018766848019
http://ogp.me/ns/fburl	12432	0.00018529858993
http://purl.org/dc/elements/1.1/language	12424	0.00018517935017
http://purl.org/goodrelations/v1includes	12370	0.00018437448177
http://vocab.org/bio/0.1/event	12306	0.00018342056368
http://xmlns.com/foaf/0.1/age	12257	0.00018269022014
http://www.w3.org/2003/01/geo/wgs84-poslat	12256	0.00018267531517
http://www.w3.org/2003/01/geo/wgs84-poslong	12252	0.00018261569529
http://ogp.me/ns/fbimage	12116	0.00018058861933
http://purl.org/dc/terms/license	12063	0.00017979865591
http://purl.org/stuff/revhasReview	11937	0.00017792062966
http://purl.org/stuff/revrating	11911	0.00017753310044
http://rdf.data-vocabulary.org/carbohydrates	11766	0.00017537187975
http://rdf.data-vocabulary.org/protein	11637	0.00017344913859
http://rdf.data-vocabulary.org/cookTime	11634	0.00017340442368
http://rdf.data-vocabulary.org/fat	11619	0.00017318084913
http://purl.org/goodrelations/v1availableAtOrFrom	11423	0.00017025947496
http://purl.org/goodrelations/v1hasOpeningHoursDayOfWeek	11326	0.00016881369285
http://purl.org/goodrelations/v1closes	11326	0.00016881369285
http://purl.org/goodrelations/v1opens	11326	0.00016881369285
http://ogp.me/nsapp-id	11232	0.00016741262565
http://purl.org/goodrelations/v1hasOpeningHoursSpecification	11116	0.00016568364910
http://rdf.data-vocabulary.org/instruction	11111	0.00016560912425
http://purl.org/goodrelations/v1hasEAN-UCC-13	10918	0.00016273246500
http://rdf.data-vocabulary.org/eventType	10820	0.00016127177791
http://www.facebook.com/2008/fbml	10429	0.00015544393455
http://creativecommons.org/nsprohibits	10418	0.00015527997988
http://open.vocab.org/terms/sortLabel	10408	0.00015513093018
http://www.abmeta.org/nsdescription	10193	0.00015192636158
http://www.abmeta.org/nstags	10175	0.00015165807211
http://www.abmeta.org/nslink	10164	0.00015149411744
http://ogp.me/ns/fblocale	10047	0.00014975023592
http://xmlns.com/foaf/0.1/account	10014	0.00014925837191
http://www.facebook.com/2008/fbmldescription	9958	0.00014842369357
http://purl.org/goodrelations/v1availableDeliveryMethods	9721	0.00014489121563
http:/purl.orgdctermstitle	9688	0.00014439935161
http://purl.org/stuff/revminRating	9552	0.00014237227566
http://purl.org/stuff/revmaxRating	9525	0.00014196984146
http://rdf.data-vocabulary.org/hasReview	9278	0.00013828831381
http://yago-knowledge.org/resource/isCalled	9241	0.00013773682992
http://xmlns.com/foaf/0.1/givenName	9213	0.00013731949075
http://xmlns.com/foaf/0.1/surname	9139	0.00013621652295
http://schema.org/articleSection	9022	0.00013447264144
http://opengraphprotocol.org/schema/keywords	8989	0.00013398077742
http://ogp.me/nsdate	8903	0.00013269894998
http://ogp.me/nswp-id	8903	0.00013269894998
http://ogp.me/nsvideo	8778	0.00013083582870
http://opengraphprotocol.org/schema/updated-time	8735	0.00013019491498
http://dbpedia.org/ontology/birthPlace	8699	0.00012965833605
http://rdf.data-vocabulary.org/cholesterol	8616	0.00012842122352
http://dbpedia.org/property/genre	8560	0.00012758654519
http://purl.org/dc/terms/spatial	8558	0.00012755673525
http://search.yahoo.com/searchmonkey/media/region	8501	0.00012670715194
http://opengraphprotocol.org/schema/tags	8471	0.00012626000284
http://www.facebook.com/2008/fbmlimage	8445	0.00012587247361
http://dbpedia.org/property/dateOfBirth	8264	0.00012317467400
http://search.yahoo.com/searchmonkey/product/currency	8257	0.00012307033921
http://dbpedia.org/property/placeOfBirth	8192	0.00012210151614
http://dbpedia.org/property/caption	7980	0.00011894166245
http://schema.org/url	7926	0.00011813679406
http://dbpedia.org/ontology/genre	7843	0.00011689968153
http://purl.org/dc/elements/1.1/format	7737	0.00011531975469
http://opengraphprotocol.org/schema/ccsprodid	7701	0.00011478317576
http://search.yahoo.com/searchmonkey/media/duration	7684	0.00011452979126
http://rdf.data-vocabulary.org/condition	7671	0.00011433602665
http://opengraphprotocol.org/schema/postal-code	7634	0.00011378454275
http://purl.org/goodrelations/v1hasManufacturer	7631	0.00011373982784
http://purl.org/ontology/mo/tgin	7605	0.00011335229862
http://purl.org/goodrelations/v1category	7454	0.00011110164811
http://dbpedia.org/property/birthPlace	7425	0.00011066940397
http://www.w3.org/2006/vcard/nsemail	7422	0.00011062468906
http://rdf.data-vocabulary.org/org	7417	0.00011055016421
http://opengraph.org/schema/locality	7365	0.00010977510576
http://opengraph.org/schema/postal-code	7364	0.00010976020079
http://opengraph.org/schema/region	7364	0.00010976020079
http://opengraph.org/schema/street-address	7360	0.00010970058091
http://opengraph.org/schema/latitude	7353	0.00010959624612
http:/purl.orgdctermstype	7226	0.00010770331490
http://opengraphprotocol.org/schema/sitename	6995	0.00010426026677
http://yago-knowledge.org/resource/hasGender	6933	0.00010333615862
http://dbpedia.org/ontology/birthDate	6895	0.00010276976975
http://rdf.data-vocabulary.org/availability	6849	0.00010208414112
http://www.w3.org/1999/02/22-rdf-syntax-nsgeo	6840	0.00010194999639
http://rdf.data-vocabulary.org/fiber	6823	0.00010169661189
http://schema.org/keywords	6815	0.00010157737213
http://purl.org/goodrelations/v1hasBrand	6784	0.00010111531806
http://yago-knowledge.org/resource/hasGivenName	6699	0.00009984839559
http://yago-knowledge.org/resource/hasFamilyName	6682	0.00009959501109
http://schema.org/headline	6660	0.00009926710175
http://search.yahoo.com/searchmonkey/product/manufacturer	6639	0.00009895409737
http://dbpedia.org/property/website	6607	0.00009847713832
http://rdf.data-vocabulary.org/offerurl	6573	0.00009797036934
http://dbpedia.org/property/title	6566	0.00009786603454
http://purl.org/dc/elements/1.1/relation.isPartOf	6516	0.00009712078603
http://purl.org/goodrelations/v1hasMPN	6458	0.00009625629776
http://commontag.org/nstagged	6339	0.00009448260630
http://www.w3.org/2006/vcard/nsorganization-name	6101	0.00009093522339
http://www.facebook.com/2008/fbmadmins	6000	0.00008942982139
http://search.yahoo.com/searchmonkey/media/document	5996	0.00008937020151
http://opengraphprotocol.org/schema/created-time	5996	0.00008937020151
http://schema.org/author	5928	0.00008835666354
http://yago-knowledge.org/resource/wasBornOnDate	5892	0.00008782008461
http://schema.org/inLanguage	5848	0.00008716426592
http://www.georss.org/georss/point	5848	0.00008716426592
http://schema.org/publisher	5848	0.00008716426592
http://schema.org/ArticleBody	5841	0.00008705993113
http://opengraphprotocol.org/schema/street-address	5827	0.00008685126154
http://xmlns.com/foaf/0.1/depicts	5780	0.00008615072794
http://www.w3.org/2003/01/geo/wgs84-posgeometry	5743	0.00008559924404
http://xmlns.com/foaf/0.1/gender	5677	0.00008461551601
http://www.abmeta.org/nstitle	5666	0.00008445156134
http://www.abmeta.org/nsauthor	5648	0.00008418327187
http://rdf.data-vocabulary.org/priceValidUntil	5644	0.00008412365199
http://rdfs.org/sioc/nshas-container	5628	0.00008388517247
http://ogp.me/ns/articlepublished-time	5590	0.00008331878360
http://purl.org/goodrelations/v1condition	5528	0.00008239467544
http://opengraphprotocol.org/schema/desription	5474	0.00008158980705
http://dbpedia.org/property/birthDate	5458	0.00008135132753
http://purl.org/dc/elements/1.1/relation	5452	0.00008126189771
http://dbpedia.org/ontology/country	5426	0.00008087436848
http://opengraphprotocol.org/schema/musician	5408	0.00008060607902
http://likemastr.com/api/nscategories	5406	0.00008057626908
http://www.facebook.com/2008/fmlapp-id	5367	0.00007999497524
http://search.yahoo.com/searchmonkey/product/hascurrency	5320	0.00007929444164
http://opengraphprotocol.org/schema/logo	5277	0.00007865352792
http://www.w3.org/2001/vcard-rdf/3.0Country	5171	0.00007707360107
http://schema.org/datePublished	5145	0.00007668607184
http://xmlns.com/foaf/0.1/firstName	5138	0.00007658173705
http://www.facebook.com/2008/fbmldapp-id	5058	0.00007538933943
http://ogp.me/nsband	5019	0.00007480804560
http://purl.org/goodrelations/v1isListPrice	5010	0.00007467390086
http://rdf.data-vocabulary.org/trailerUrl	5008	0.00007464409092
http://rdf.data-vocabulary.org/name	4893	0.00007293001935
http://purl.org/goodrelations/v1eligibleCustomerTypes	4890	0.00007288530444
http://rdf.data-vocabulary.org+ACU-20dtreviewed	4833	0.00007203572113
http://rdf.data-vocabulary.org+ACU-20itemreviewed	4833	0.00007203572113
http://rdf.data-vocabulary.org+ACU-20description	4833	0.00007203572113
http://www.facebook.com/2008/fbmlsite-name	4738	0.00007061974896
http://www.w3.org/2002/07/owlimports	4733	0.00007054522411
http://www.facebook.com/2008/fbml+ACU-20xml:lang+AD0-app-id	4707	0.00007015769488
http://gree.jp/nssmall-image-1	4696	0.00006999374021
http://www.w3.org/2000/01/rdf-schemaisDefinedBy	4687	0.00006985959548
http://gree.jp/nsimage-1	4682	0.00006978507063
http://gree.jp/nssmall-image-2	4656	0.00006939754140
http://www.w3.org/2006/vcard/nsn	4634	0.00006906963206
http://rdf.data-vocabulary.org/identifier	4597	0.00006851814816
http://dbpedia.org/property/label	4571	0.00006813061893
http://search.yahoo.com/searchmonkey/product/identifier	4539	0.00006765365988
http://www.w3.org/2006/vcard/nsgiven-name	4531	0.00006753442012
http://xmlns.com/foaf/0.1/lastName	4469	0.00006661031197
http://purl.org/dc/elements/1.1/contributor	4465	0.00006655069209
http://facebook.com/2008/fbmlapp-id	4447	0.00006628240262
http://ogp.me/nshttp://ogp.me/nslocale	4436	0.00006611844795
http://ogp.me/nshttp://ogp.me/nssite-name	4436	0.00006611844795
http://www.w3.org/2006/vcard/nsfamily-name	4434	0.00006608863801
http://ogp.me/nshttp://ogp.me/nstitle	4417	0.00006583525352
http://ogp.me/nshttp://ogp.me/nstype	4417	0.00006583525352
http://ogp.me/nshttp://ogp.me/nsdescription	4417	0.00006583525352
http://ogp.me/nshttp://ogp.me/nsurl	4417	0.00006583525352
http://commontag.org/nsmeans	4415	0.00006580544358
http://ogp.me/nshttp://ogp.me/nsimage	4410	0.00006573091872
http://ogp.me/ns/fbhttps://www.facebook.com/2008/fbmladmins	4364	0.00006504529009
http://ogp.me/ns/fbhttps://www.facebook.com/2008/fbmlapp-id	4364	0.00006504529009
http://dbpedia.org/property/location	4337	0.00006464285590
http://purl.org/dc/terms/valid	4269	0.00006362931792
http://dbpedia.org/property/type	4267	0.00006359950798
http://www.facebook.com/2008/fbmlid	4248	0.00006331631355
http://purl.org/dc/terms/coverage	4237	0.00006315235887
http://dbpedia.org/ontology/activeYearsStartYear	4160	0.00006200467617
http://purl.org/dc/terms/hasPart	4159	0.00006198977120
http://dbpedia.org/ontology/location	4123	0.00006145319227
http://dbpedia.org/ontology/recordLabel	4043	0.00006026079465
http://schema.org/description	4036	0.00006015645986
http://dbpedia.org/property/origin	4026	0.00006000741016
http://dbpedia.org/ontology/occupation	3990	0.00005947083123
http://rdf.data-vocabulary.org/saturatedFat	3981	0.00005933668649
http://dbpedia.org/property/occupation	3945	0.00005880010757
http://dbpedia.org/ontology/type	3892	0.00005801014414
http://schema.org/summary	3847	0.00005733942048
http://www.w3.org/2004/02/skos/corebroader	3832	0.00005711584593
http://dbpedia.org/ontology/producer	3829	0.00005707113102
http://xmlns.com/foaf/0.1/Person	3809	0.00005677303161
http://dbpedia.org/property/producer	3806	0.00005672831670
http://purl.oclc.org/argot/requires	3757	0.00005599797316
http://purl.oclc.org/argot/jobType	3757	0.00005599797316
http://purl.oclc.org/argot/workingArrangements	3757	0.00005599797316
http://purl.oclc.org/argot/employer	3757	0.00005599797316
http://www.w3.org/2006/vcard/nsorg	3757	0.00005599797316
http://www.w3.org/2006/vcard/nsorganization-name	3757	0.00005599797316
http://dbpedia.org/ontology/hometown	3741	0.00005575949364
http://www.w3.org/2006/vcard/nslogo	3699	0.00005513348489
http://search.yahoo.com/searchmonkey/media/url	3676	0.00005479067057
http://www.w3.org/2004/02/skos/coreinScheme	3635	0.00005417956679
http://purl.org/ontology/mo/isrc	3617	0.00005391127733
http://opengraphprotocol.org/schema/site-title	3596	0.00005359827296
http://ogp.me/nscontent	3570	0.00005321074373
http://dbpedia.org/property/yearsActive	3568	0.00005318093379
http://dbpedia.org/ontology/deathPlace	3557	0.00005301697912
http://dbpedia.org/property/background	3555	0.00005298716918
http://dbpedia.org/property/artist	3553	0.00005295735924
http://purl.org/dc/elements/1.1/editor	3498	0.00005213758587
http://dbpedia.org/property/id	3445	0.00005134762245
http://dbpedia.org/ontology/background	3395	0.00005060237394
http://dbpedia.org/ontology/starring	3380	0.00005037879938
http://xmlns.com/foaf/0.1/logo	3368	0.00005019993974
http://www.facebook.com/2008/fbmlmoderator	3365	0.00005015522483
http://dbpedia.org/property/placeOfDeath	3353	0.00004997636519
http://rdf.data-vocabulary.org/price	3333	0.00004967826578
http://purl.org/dc/terms/abstract	3332	0.00004966336081
http://dbpedia.org/property/starring	3330	0.00004963355087
http://dbpedia.org/property/released	3329	0.00004961864590
http://www.w3.org/2006/vcard/nsfax	3261	0.00004860510793
https://opengraphprotocol.org/schema/image	3246	0.00004838153337
http://dbpedia.org/property/country	3242	0.00004832191349
http://ogp.me/ns/articleurl	3227	0.00004809833894
http://ogp.me/ns/articlesite-name	3227	0.00004809833894
http://www.w3.org/2006/vcard/nscategory	3209	0.00004783004948
https://opengraphprotocol.org/schema/title	3206	0.00004778533456
http://opengraph.org/schema/email	3174	0.00004730837552
http://plus.lefigaro.fr/fp/elements/1.0/app-id	3169	0.00004723385067
http://plus.lefigaro.fr/fp/elements/1.0/remote-id	3169	0.00004723385067
http://plus.lefigaro.fr/fp/elements/1.0/opencomment	3169	0.00004723385067
http://dbpedia.org/property/deathPlace	3167	0.00004720404073
http://dbpedia.org/property/writer	3161	0.00004711461090
https://opengraphprotocol.org/schema/type	3129	0.00004663765186
http://ogp.me/ns/articlelocale	3124	0.00004656312701
https://opengraphprotocol.org/schema/description	3109	0.00004633955245
http://purl.org/dc/elements/1.1/date.created	3101	0.00004622031269
http://rdf.data-vocabulary.org/brand	3092	0.00004608616796
http://dbpedia.org/property/language	3089	0.00004604145305
https://opengraphprotocol.org/schema/url	3081	0.00004592221329
http://rdf.data-vocabulary.org/fn	3050	0.00004546015921
http://rdf.data-vocabulary.org/sugar	3043	0.00004535582442
http://www.w3.org/2006/vcard/nsurl	3041	0.00004532601448
http://dbpedia.org/property/dateOfDeath	3033	0.00004520677471
http://schema.org/dtreviewed	3027	0.00004511734489
http://schema.org/reviewer	3027	0.00004511734489
http://www.w3.org/1999/02/22-rdf-syntax-nsobject	3012	0.00004489377034
http://www.facebook.com/2011/fbmlapp-id	3007	0.00004481924549
http://yago-knowledge.org/resource/wasCreatedOnDate	2995	0.00004464038585
http://rdf.data-vocabulary.org/email	2982	0.00004444662123
http://dbpedia.org/ontology/artist	2974	0.00004432738147
http://www.renren.com/2009/xnmlpage-id	2963	0.00004416342680
http://purl.org/dc/elements/1.1/date.modified	2921	0.00004353741805
http://plus.lefigaro.fr/fp/elements/1.0/authors	2921	0.00004353741805
http://plus.lefigaro.fr/fp/elements/1.0/type	2921	0.00004353741805
http://rdf.data-vocabulary.org/quantity	2897	0.00004317969876
http://dbpedia.org/ontology/writer	2859	0.00004261330989
http://rdf.data-vocabulary.org/fax	2856	0.00004256859498
http://dbpedia.org/ontology/associatedMusicalArtist	2803	0.00004177863156
http://dbpedia.org/ontology/associatedBand	2803	0.00004177863156
http://purl.org/dc/terms/modified	2798	0.00004170410671
http://yago-knowledge.org/resource/diedOnDate	2764	0.00004119733772
http://www.w3.org/2004/02/skos/corerelated	2742	0.00004086942838
http://dbpedia.org/ontology/releaseDate	2740	0.00004083961844
http://www.w3.org/2002/12/cal/glean-hcaldtend	2739	0.00004082471347
http://www.w3.org/2002/12/cal/glean-hcalsummary	2739	0.00004082471347
http://www.w3.org/2002/12/cal/glean-hcallocation	2739	0.00004082471347
http://www.w3.org/2002/12/cal/glean-hcaldtstart	2739	0.00004082471347
http://rdf.data-vocabulary.org/datetime	2690	0.00004009436992
http://rdf.data-vocabulary.org/prayer	2690	0.00004009436992
http://pictopia.com/url	2688	0.00004006455998
http://pictopia.com/type	2688	0.00004006455998
http://pictopia.com/description	2688	0.00004006455998
http://pictopia.com/image	2688	0.00004006455998
http://pictopia.com/site-name	2688	0.00004006455998
http://purl.org/dc/terms/contributor	2686	0.00004003475004
http://pictopia.com/title	2685	0.00004001984507
http://dbpedia.org/property/associatedActs	2681	0.00003996022519
http://x.myspacecdn.com/modules/sitesearch/static/rdf/profileschema.rdfsendMessage	2642	0.00003937893135
http://x.myspacecdn.com/modules/sitesearch/static/rdf/profileschema.rdfphoto	2642	0.00003937893135
http://x.myspacecdn.com/modules/sitesearch/static/rdf/profileschema.rdfaddToFriends	2642	0.00003937893135
http://x.myspacecdn.com/modules/sitesearch/static/rdf/profileschema.rdfviewPictures	2641	0.00003936402638
http://x.myspacecdn.com/modules/sitesearch/static/rdf/profileschema.rdfstatus	2635	0.00003927459656
http://x.myspacecdn.com/modules/sitesearch/static/rdf/profileschema.rdfmood	2635	0.00003927459656
http://x.myspacecdn.com/modules/sitesearch/static/rdf/profileschema.rdflastLogin	2633	0.00003924478662
http://ogp.me/ns/fbadmins	2626	0.00003914045183
http://x.myspacecdn.com/modules/sitesearch/static/rdf/profileschema.rdffriendCount	2622	0.00003908083195
http://rdf.data-vocabulary.org/Geo	2600	0.00003875292260
http://dbpedia.org/ontology/populationTotal	2594	0.00003866349278
http://rdf.data-vocabulary.org/calcMethod	2589	0.00003858896793
http://dbpedia.org/ontology/deathDate	2541	0.00003787352936
http://dbpedia.org/property/years	2527	0.00003766485978
http://rdf.data-vocabulary.orgname	2521	0.00003757542996
http://www.w3.org/2002/12/cal/icaltzddtstart	2509	0.00003739657031
http://x.myspacecdn.com/modules/sitesearch/static/rdf/profileschema.rdfprofileType	2495	0.00003718790073
http://purl.oclc.org/argot/hours	2463	0.00003671094168
http://dbpedia.org/ontology/runtime	2458	0.00003663641683
http://dbpedia.org/property/developer	2452	0.00003654698701
http://purl.org/dc/terms/references	2442	0.00003639793731
http://dbpedia.org/property/director	2426	0.00003615945778
http://www.facebook.com/2008/fbmladmin	2418	0.00003604021802
http://ogp.me/nsfb-admins	2418	0.00003604021802
http://rdf.data-vocabulary.org/ratings	2338	0.00003484782040
http://dbpedia.org/property/owner	2320	0.00003457953094
http://dbpedia.org/ontology/city	2291	0.00003414728680
http://ogp.me/nslocation	2283	0.00003402804704
http://dbpedia.org/property/city	2234	0.00003329770350
http://ogp.me/nsphone	2229	0.00003322317865
http://dbpedia.org/ontology/Work/runtime	2222	0.00003311884386
https://ogp.me/nsimage	2220	0.00003308903392
http://dbpedia.org/property/shortDescription	2217	0.00003304431900
http://rdf.data-vocabulary.org/title	2199	0.00003277602954
http://www.w3.org/2005/02/xpath-functionstype	2197	0.00003274621960
http://purl.org/goodrelations/v1hasMinCurrencyValue	2195	0.00003271640966
http://www.w3.org/2005/02/xpath-functionsdistribution	2189	0.00003262697984
http://ogp.me/nstype	2179	0.00003247793014
http://dbpedia.org/property/deathDate	2166	0.00003228416552
http://ogp.me/nssite-url	2117	0.00003155382198
http://sw.nokia.com/MARS-3/language	2098	0.00003127062755
http://search.yahoo.com/searchmonkey/mediaimage	2094	0.00003121100767
http://purl.org/goodrelations/v1identifier	2085	0.00003107686293
http://dbpedia.org/property/birthName	2078	0.00003097252814
http://dbpedia.org/property/region	2069	0.00003083838341
http://commontag.org/nslabel	2068	0.00003082347844
http://dbpedia.org/ontology/director	2065	0.00003077876353
http://purl.org/dc/terms/image	2061	0.00003071914365
http://purl.org/goodrelations/v1hasMaxCurrencyValue	2052	0.00003058499892
http://dbpedia.org/property/longd	2041	0.00003042104424
http://dbpedia.org/property/latd	2039	0.00003039123430
http://opengraphprotocol.org/schema/tag	2034	0.00003031670945
http://sw.nokia.com/MARS-3/title	2033	0.00003030180448
http://dbpedia.org/ontology/isPartOf	2017	0.00003006332496
http://www.w3.org/2004/02/skos/corechangeNote	2017	0.00003006332496
http://sw.nokia.com/MARS-3/description	2013	0.00003000370508
http://dbpedia.org/property/subdivisionName	2003	0.00002985465538
http://xmlns.com/foaf/0.1/mbox	1996	0.00002975032058
http://dbpedia.org/property/imageCaption	1992	0.00002969070070
http://dbpedia.org/property/after	1987	0.00002961617585
http://dbpedia.org/ontology/postalCode	1976	0.00002945222118
http://www.w3.org/2005/02/xpath-functionspublished	1976	0.00002945222118
http://purl.org/goodrelations/v1priceType	1973	0.00002940750627
http://dbpedia.org/property/foundation	1973	0.00002940750627
http://dbpedia.org/property/currentMembers	1963	0.00002925845657
http://dbpedia.org/property/before	1959	0.00002919883668
http://rdf.data-vocabulary.org/pauseTime	1954	0.00002912431183
http://sw.nokia.com/Editor-1/description-modified	1945	0.00002899016710
http://dbpedia.org/property/populationAsOf	1945	0.00002899016710
https://ogp.me/nsurl	1933	0.00002881130746
http://dbpedia.org/property/industry	1926	0.00002870697267
http://ogp.me/nscountry	1926	0.00002870697267
http://yago-knowledge.org/resource/created	1917	0.00002857282794
http://rdf.data-vocabulary.org/endDate	1912	0.00002849830308
http://dbpedia.org/ontology/product	1903	0.00002836415835
http://dbpedia.org/property/publisher	1903	0.00002836415835
http://ogp.me/ns/articleauthor	1886	0.00002811077386
http://ogp.me/ns/articlesection	1886	0.00002811077386
http://ogp.me/ns/articlepublished-time	1886	0.00002811077386
http://www.facebook.com/2008/fbml+ACU-20	1876	0.00002796172416
http://search.yahoo.com/searchmonkey/media/views	1862	0.00002775305457
http://dbpedia.org/ontology/birthYear	1839	0.00002741024026
http://rdf.data-vocabulary.org/postcode	1808	0.00002694818618
http://rdfs.org/sioc/nscontent	1807	0.00002693328121
http://www.w3.org/2004/02/skos/corealtLabel	1802	0.00002685875636
http://dbpedia.org/property/format	1798	0.00002679913648
http://dbpedia.org/ontology/language	1794	0.00002673951660
http://dbpedia.org/ontology/industry	1786	0.00002662027683
http://purl.org/ontology/po/broadcast	1784	0.00002659046689
http://www.w3.org/2002/12/cal/icaltzdsummary	1781	0.00002654575198
http://www.w3.org/2002/12/cal/icaltzdlocation	1778	0.00002650103707
http://opengraphprotocol.org/schemaemail	1773	0.00002642651222
http://dbpedia.org/property/populationTotal	1773	0.00002642651222
http://dbpedia.org/property/products	1770	0.00002638179731
http://opengraphprotocol.org/schemacountry-name	1768	0.00002635198737
http://dbpedia.org/ontology/areaTotal	1761	0.00002624765258
http://dbpedia.org/property/homepage	1756	0.00002617312773
http://www.getty.edu/CDWA/CDWALiteearliestDate	1754	0.00002614331779
http://www.getty.edu/CDWA/CDWALitedisplayCreator	1754	0.00002614331779
http://www.vraweb.org/vracore4.htmdate	1754	0.00002614331779
http://www.getty.edu/CDWA/CDWALitetitle	1754	0.00002614331779
http://www.getty.edu/CDWA/CDWALitedisplayCreationDate	1754	0.00002614331779
http://www.getty.edu/CDWA/CDWALitedisplayMaterialsTech	1753	0.00002612841282
http://www.vraweb.org/vracore4.htmagentSet	1753	0.00002612841282
http://www.vraweb.org/vracore4.htmlocation	1753	0.00002612841282
http://www.getty.edu/CDWA/CDWALiteindexingCreatorWrap	1753	0.00002612841282
http://www.getty.edu/CDWA/CDWALitelocationWrap	1753	0.00002612841282
http://ogp.me/ns/fb+ACMAJQ-20xml:lang+AD0-admins	1748	0.00002605388797
http://ogp.me/ns/fb+ACMAJQ-20xml:lang+AD0-app-id	1748	0.00002605388797
http://purl.org/amicroformat/tag	1747	0.00002603898300
http://www.getty.edu/CDWA/CDWALitelocationName	1744	0.00002599426809
http://schema.org/image	1742	0.00002596445814
http://www.vraweb.org/vracore4.htmagent	1740	0.00002593464820
http://www.getty.edu/CDWA/CDWALitenameCreatorSet	1740	0.00002593464820
http://www.getty.edu/CDWA/CDWALiteindexingCreatorSet	1740	0.00002593464820
http://dbpedia.org/property/subdivisionType	1732	0.00002581540844
http://www.w3.org/2002/12/cal/icaltzddescription	1731	0.00002580050347
http://dbpedia.org/property/date	1729	0.00002577069353
http://www.vraweb.org/vracore4.htmrefid	1728	0.00002575578856
http://www.getty.edu/CDWA/CDWALiteworkID	1728	0.00002575578856
http://dbpedia.org/property/longm	1722	0.00002566635874
http://dbpedia.org/property/latm	1721	0.00002565145377
http://dbpedia.org/property/officialName	1714	0.00002554711898
http://opengraphprotocol.org/schemaphone-number	1706	0.00002542787922
http://dbpedia.org/property/born	1697	0.00002529373448
http://purl.org/ontology/po/credit	1696	0.00002527882951
http://purl.org/ontology/po/role	1696	0.00002527882951
http://purl.org/ontology/po/participant	1691	0.00002520430466
http://dbpedia.org/ontology/formationYear	1681	0.00002505525496
http://dbpedia.org/ontology/PopulatedPlace/areaTotal	1680	0.00002504034999
http://dbpedia.org/property/longew	1680	0.00002504034999
http://dbpedia.org/property/latns	1679	0.00002502544502
http://www.w3.org/2000/01/rdf-schemasubClassOf	1678	0.00002501054005
http://ogp.me/nsplz	1677	0.00002499563508
http://sw.nokia.com/Editor-1/type	1675	0.00002496582514
http://opengraphprotocol.org/schemalatitude	1672	0.00002492111023
http://dbpedia.org/ontology/subsequentWork	1672	0.00002492111023
http://opengraphprotocol.org/schemalongitude	1671	0.00002490620526
http://dbpedia.org/ontology/previousWork	1666	0.00002483168041
http://opengraphprotocol.org/schemalocality	1662	0.00002477206053
http://dbpedia.org/ontology/developer	1660	0.00002474225059
http://opengraphprotocol.org/schemastreet-address	1660	0.00002474225059
http://opengraphprotocol.org/schemapostal-code	1654	0.00002465282076
http://dbpedia.org/property/runtime	1653	0.00002463791579
http://tw.rpi.edu/proj/portal.wiki/index.php/Property:Modification-date	1647	0.00002454848597
http://sw.nokia.com/NC-1/rights	1639	0.00002442924621
http://dbpedia.org/property/spouse	1639	0.00002442924621
http://dbpedia.org/property/music	1603	0.00002389266728
http://dbpedia.org/ontology/activeYearsEndYear	1600	0.00002384795237
http://dbpedia.org/property/position	1589	0.00002368399770
http://search.yahoo.com/searchmonkey/product/category	1579	0.00002353494800
http://dbpedia.org/property/logo	1578	0.00002352004303
http://purl.org/dc/elements/1.1/abstract	1576	0.00002349023309
http://www.w3.org/2005/02/xpath-functionsaudience	1571	0.00002341570823
http://dbpedia.org/property/nationality	1555	0.00002317722871
http://opengraphprotocol.org/schemafax-number	1555	0.00002317722871
http://sw.nokia.com/WebArch-1/resolvesAs	1542	0.00002298346410
http://purl.org/dc/elements/1.1/spatial	1540	0.00002295365416
http://purl.org/dc/terms/temporal	1539	0.00002293874919
http://dbpedia.org/ontology/knownFor	1538	0.00002292384422
http://dbpedia.org/ontology/elevation	1537	0.00002290893925
http://www.w3.org/2005/02/xpath-functionsallowed-country-group	1536	0.00002289403428
http://dbpedia.org/ontology/bandMember	1508	0.00002247669511
http://dbpedia.org/property/cityofbirth	1507	0.00002246179014
http://dbpedia.org/ontology/publisher	1501	0.00002237236032
http://dbpedia.org/property/postalCode	1494	0.00002226802553
http://xmlns.com/foaf/0.1/thumbnail	1483	0.00002210407085
http://www.w3.org/2005/02/xpath-functionsus-origin	1480	0.00002205935594
http://dbpedia.org/ontology/areaCode	1477	0.00002201464103
http://dbpedia.org/property/keyPeople	1475	0.00002198483109
http://dbpedia.org/property/distributor	1473	0.00002195502115
http://dbpedia.org/ontology/owner	1463	0.00002180597145
http://www.w3.org/2005/02/xpath-functionstopic	1457	0.00002171654163
http://rdf.data-vocabulary.org/seller	1446	0.00002155258696
http://ogp.me/nsstreet	1432	0.00002134391737
http://ogp.me/nsmail	1427	0.00002126939252
http://rdf.data-vocabulary.orgdescription	1425	0.00002123958258
http://dbpedia.org/property/imageSize	1423	0.00002120977264
http://dbpedia.org/property/timezone	1421	0.00002117996270
http://rdf.data-vocabulary.orgbrand	1418	0.00002113524779
http://rdf.data-vocabulary.orgcategory	1418	0.00002113524779
http://dbpedia.org/ontology/alias	1417	0.00002112034282
http://dbpedia.org/property/imagesize	1417	0.00002112034282
http://www.w3.org/2005/02/xpath-functionsexport-control-commodity-number	1416	0.00002110543785
http://ogp.me/schema/site-name	1402	0.00002089676827
http://sw.nokia.com/Editor-1/description-created	1399	0.00002085205335
http://rdf.data-vocabulary.org/tel	1394	0.00002077752850
http://dbpedia.org/property/class	1388	0.00002068809868
http://developers.facebook.com/schemaadmins	1383	0.00002061357383
http://developers.facebook.com/schemaapp-id	1383	0.00002061357383
http://dbpedia.org/property/utcOffset	1380	0.00002056885892
http://dbpedia.org/property/pastMembers	1378	0.00002053904898
http://opengraphprotocol.org/schema/+ACU-20site-name	1367	0.00002037509431
http://opengraphprotocol.org/schema/+ACU-20url	1366	0.00002036018934
http://opengraphprotocol.org/schema/+ACU-20title	1366	0.00002036018934
http://opengraphprotocol.org/schema/+ACU-20type	1366	0.00002036018934
http://rdf.data-vocabulary.org/review-aggregate	1363	0.00002031547443
http://dbpedia.org/property/areaTotalKm	1347	0.00002007699490
http://ogp.me/ns+ACMAJQ-20	1346	0.00002006208993
http://dbpedia.org/property/license	1339	0.00001995775514
http://dbpedia.org/ontology/team	1337	0.00001992794520
http://purl.org/amicroformat/type	1324	0.00001973418059
http://purl.org/amicroformat/value	1324	0.00001973418059
http://dbpedia.org/ontology/timeZone	1322	0.00001970437065
http://dbpedia.org/property/companyName	1315	0.00001960003586
http://opg.me/nsdescription	1308	0.00001949570106
http://opg.me/nsurl	1308	0.00001949570106
http://opg.me/nsimage	1308	0.00001949570106
http://purl.org/amicroformat/nutrition	1307	0.00001948079609
http://opg.me/nstitle	1306	0.00001946589112
http://www.w3.org/2002/07/owlversionInfo	1305	0.00001945098615
http://www.w3.org/2004/02/skos/corenarrower	1295	0.00001930193645
http://dbpedia.org/ontology/utcOffset	1288	0.00001919760166
http://dbpedia.org/ontology/musicComposer	1282	0.00001910817184
http://opg.me/nstype	1277	0.00001903364699
http://opg.me/nssite-name	1277	0.00001903364699
http://ogp.me/schema/type	1277	0.00001903364699
http://dbpedia.org/ontology/distributor	1275	0.00001900383705
http://www.facebook.com/2008/fbmltype	1268	0.00001889950225
http://www.facebook.com/2008/fbml+ACU-20dir+AD0-app-id	1267	0.00001888459728
http://dbpedia.org/ontology/region	1261	0.00001879516746
http://ogp.me/ns/profilefirst-name	1260	0.00001878026249
http://ogp.me/ns/profilelast-name	1260	0.00001878026249
http://dbpedia.org/property/companyType	1257	0.00001873554758
http://dbpedia.org/ontology/musicalBand	1256	0.00001872064261
http://dbpedia.org/ontology/musicalArtist	1256	0.00001872064261
http://ogp.me/ns/profilegender	1253	0.00001867592770
http://www.loc.gov/loc.terms/relators/ill	1252	0.00001866102273
http://dbpedia.org/property/author	1250	0.00001863121279
http://ogp.me/nsstart-time	1245	0.00001855668794
http://rdf.data-vocabulary.org/duration	1244	0.00001854178297
http://sw.nokia.com/MARS-3/encoding	1242	0.00001851197303
http://www.w3.org/2005/02/xpath-functionsfilename	1241	0.00001849706806
http://purl.org/goodrelations/v1hasMakeAndModel	1238	0.00001845235315
http://sw.nokia.com/MARS-3/size	1238	0.00001845235315
http://dbpedia.org/property/elevationM	1236	0.00001842254321
http://dbpedia.org/property/operatingSystem	1231	0.00001834801836
http://ogp.me/ns/fbhttp://www.facebook.com/2008/fbmlapp-id	1220	0.00001818406368
http://ogp.me/ns/articleauthor	1220	0.00001818406368
http://search.yahoo.com/searchmonkey/product/weight	1206	0.00001797539410
http://dbpedia.org/property/coordinatesDisplay	1206	0.00001797539410
http://dbpedia.org/ontology/nationality	1203	0.00001793067919
http://dbpedia.org/property/imageMap	1190	0.00001773691458
http://dbpedia.org/property/length	1186	0.00001767729470
http://dbpedia.org/property/imageSkyline	1184	0.00001764748475
http://dbpedia.org/ontology/instrument	1181	0.00001760276984
http://purl.org/dc/terms/isPartOf	1174	0.00001749843505
http://dbpedia.org/property/settlementType	1168	0.00001740900523
http://purl.org/dc/elements/1.1/issued	1165	0.00001736429032
http://dbpedia.org/ontology/computingPlatform	1163	0.00001733448038
http://dbpedia.org/property/area	1159	0.00001727486050
http://www.w3.org/1999/02/22-rdf-syntax-nsvalue	1154	0.00001720033565
http://purl.org/ontology/po/clip	1152	0.00001717052571
http://dbpedia.org/property/populationDensityKm	1152	0.00001717052571
http://dbpedia.org/property/latestReleaseVersion	1152	0.00001717052571
http://dbpedia.org/ontology/author	1146	0.00001708109589
http://dbpedia.org/property/cover	1141	0.00001700657103
http://dbpedia.org/ontology/position	1139	0.00001697676109
http://dbpedia.org/ontology/keyPerson	1138	0.00001696185612
http://dbpedia.org/property/residence	1135	0.00001691714121
http://dbpedia.org/property/coordinatesRegion	1128	0.00001681280642
http://sw.nokia.com/MARS-3/edition	1121	0.00001670847163
http://sw.nokia.com/MARS-3/revision	1117	0.00001664885175
http://yago-knowledge.org/resource/occursIn	1116	0.00001663394678
http://dbpedia.org/property/headquarters	1112	0.00001657432690
http://dbpedia.org/ontology/license	1108	0.00001651470702
http://dbpedia.org/ontology/residence	1106	0.00001648489708
http://rdfs.org/sioc/nstopic	1091	0.00001626132252
http://dbpedia.org/property/leaderName	1085	0.00001617189270
http://rdf.data-vocabulary.org/Votes	1083	0.00001614208276
http://www.w3.org/2003/01/geo/wgs84-poslat-long	1079	0.00001608246288
http://dbpedia.org/ontology/latestReleaseVersion	1079	0.00001608246288
http://dbpedia.org/ontology/formerBandMember	1078	0.00001606755791
http://dbpedia.org/ontology/ground	1071	0.00001596322312
http://dbpedia.org/ontology/locationCity	1070	0.00001594831815
http://dbpedia.org/property/successor	1067	0.00001590360324
http://rdf.data-vocabulary.org/url	1062	0.00001582907839
http://rdf.data-vocabulary.org/ratingSystem	1057	0.00001575455354
http://dbpedia.org/property/leaderTitle	1053	0.00001569493365
http://www.loc.gov/loc.terms/relators/edt	1048	0.00001562040880
http://dbpedia.org/property/status	1046	0.00001559059886
http://dbpedia.org/property/cinematography	1046	0.00001559059886
http://dbpedia.org/property/companyLogo	1045	0.00001557569389
http://opengraphprotocol.org/schema/album	1037	0.00001545645413
http://opg.me/ns/fb	1034	0.00001541173922
http://dbpedia.org/property/predecessor	1031	0.00001536702431
http://tw.rpi.edu/proj/portal.wiki/index.php/Property:Tag	1028	0.00001532230940
http://www.loc.gov/loc.terms/relators/trl	1018	0.00001517325970
http://dbpedia.org/property/instrument	1013	0.00001509873485
http://dbpedia.org/property/recorded	1007	0.00001500930502
http://dbpedia.org/property/mapCaption	1007	0.00001500930502
http://dbpedia.org/property/alternativeNames	1000	0.00001490497023
